
****** Vitis HLS - High-Level Synthesis from C, C++ and OpenCL v2022.1 (64-bit)
  **** SW Build 3526262 on Mon Apr 18 15:47:01 MDT 2022
  **** IP Build 3524634 on Mon Apr 18 20:55:01 MDT 2022
    ** Copyright 1986-2022 Xilinx, Inc. All Rights Reserved.

source /data/home/songqiangxu/Xilinx/2022.1/Vitis_HLS/2022.1/scripts/vitis_hls/hls.tcl -notrace
INFO: [HLS 200-10] Running '/data/home/songqiangxu/Xilinx/2022.1/Vitis_HLS/2022.1/bin/unwrapped/lnx64.o/vitis_hls'
INFO: [HLS 200-10] For user 'songqiangxu' on host 'dell-Precision-7920-Tower' (Linux_x86_64 version 5.15.0-139-generic) on Tue May 05 21:52:59 CST 2026
INFO: [HLS 200-10] On os Ubuntu 20.04.6 LTS
INFO: [HLS 200-10] In directory '/data/home/songqiangxu/project/CNN/instances_tp8_syn_kv260/proj_CONV_BR'
WARNING: [HLS 200-40] Environment variable 'CPLUS_INCLUDE_PATH' is set to /data/home/songqiangxu/project/CNN.
Sourcing Tcl script 'run.tcl'
INFO: [HLS 200-1510] Running: open_project work 
INFO: [HLS 200-10] Creating and opening project '/data/home/songqiangxu/project/CNN/instances_tp8_syn_kv260/proj_CONV_BR/work'.
INFO: [HLS 200-1510] Running: add_files case/CONV_BR.cpp 
INFO: [HLS 200-10] Adding design file 'case/CONV_BR.cpp' to the project
INFO: [HLS 200-1510] Running: add_files -tb case/CONV_BR.cpp 
INFO: [HLS 200-10] Adding test bench file 'case/CONV_BR.cpp' to the project
INFO: [HLS 200-1510] Running: open_solution solution 
INFO: [HLS 200-10] Creating and opening solution '/data/home/songqiangxu/project/CNN/instances_tp8_syn_kv260/proj_CONV_BR/work/solution'.
INFO: [HLS 200-1505] Using default flow_target 'vivado'
Resolution: For help on HLS 200-1505 see www.xilinx.com/cgi-bin/docs/rdoc?v=2022.1;t=hls+guidance;d=200-1505.html
INFO: [HLS 200-435] Setting 'open_solution -flow_target vivado' configuration: config_interface -m_axi_latency=0
INFO: [HLS 200-1510] Running: set_part xc7k325tffg900-2 
INFO: [HLS 200-1611] Setting target device to 'xc7k325t-ffg900-2'
INFO: [HLS 200-1510] Running: set_top top 
INFO: [HLS 200-1510] Running: create_clock -period 2.5 
INFO: [SYN 201-201] Setting up clock 'default' with a period of 2.5ns.
INFO: [HLS 200-1510] Running: config_export -format ip_catalog -rtl verilog -vivado_clock 2.5 -vivado_phys_opt none 
INFO: [HLS 200-1510] Running: config_compile -pipeline_style flp 
INFO: [HLS 200-1510] Running: csynth_design 
INFO: [HLS 200-111] Finished File checks and directory preparation: CPU user time: 0.01 seconds. CPU system time: 0 seconds. Elapsed time: 0.01 seconds; current allocated memory: 1.459 GB.
INFO: [HLS 200-10] Analyzing design file 'case/CONV_BR.cpp' ... 
INFO: [HLS 200-111] Finished Source Code Analysis and Preprocessing: CPU user time: 78.44 seconds. CPU system time: 4.09 seconds. Elapsed time: 81.49 seconds; current allocated memory: 461.445 MB.
INFO: [HLS 200-777] Using interface defaults for 'Vivado' flow target.
INFO: [HLS 214-131] Inlining function 'hls::vector<ap_uint<8>, 15ul>::pragma() const' into 'hls::vector<ap_uint<8>, 15ul>::operator[](unsigned long)' (/data/home/songqiangxu/Xilinx/2022.1/Vitis_HLS/2022.1/common/technology/autopilot/hls_vector.h:142:5)
INFO: [HLS 214-131] Inlining function 'hls::vector<ap_uint<8>, 195ul>::pragma() const' into 'hls::vector<ap_uint<8>, 195ul>::operator[](unsigned long)' (/data/home/songqiangxu/Xilinx/2022.1/Vitis_HLS/2022.1/common/technology/autopilot/hls_vector.h:142:5)
INFO: [HLS 214-131] Inlining function 'hls::vector<ap_uint<8>, 195ul>::operator[](unsigned long)' into 'ConvBrBranch<0>::do_conv_br(hls::stream<hls::vector<ap_uint<8>, 15ul>, 0>&, hls::stream<hls::vector<ap_uint<8>, 195ul>, 0>&)' (/data/home/songqiangxu/project/CNN/src/conv_br.h:85:33)
INFO: [HLS 214-131] Inlining function 'hls::vector<ap_uint<8>, 15ul>::operator[](unsigned long)' into 'ConvBrBranch<0>::do_conv_br(hls::stream<hls::vector<ap_uint<8>, 15ul>, 0>&, hls::stream<hls::vector<ap_uint<8>, 195ul>, 0>&)' (/data/home/songqiangxu/project/CNN/src/conv_br.h:48:56)
INFO: [HLS 214-131] Inlining function 'hls::vector<ap_uint<8>, 195ul>::operator[](unsigned long)' into 'ConvBrBranch<1>::do_conv_br(hls::stream<hls::vector<ap_uint<8>, 15ul>, 0>&, hls::stream<hls::vector<ap_uint<8>, 195ul>, 0>&)' (/data/home/songqiangxu/project/CNN/src/conv_br.h:87:33)
INFO: [HLS 214-131] Inlining function 'hls::vector<ap_uint<8>, 15ul>::operator[](unsigned long)' into 'ConvBrBranch<1>::do_conv_br(hls::stream<hls::vector<ap_uint<8>, 15ul>, 0>&, hls::stream<hls::vector<ap_uint<8>, 195ul>, 0>&)' (/data/home/songqiangxu/project/CNN/src/conv_br.h:48:56)
INFO: [HLS 214-131] Inlining function 'hls::vector<ap_uint<8>, 210ul>::pragma() const' into 'hls::vector<ap_uint<8>, 210ul>::operator[](unsigned long)' (/data/home/songqiangxu/Xilinx/2022.1/Vitis_HLS/2022.1/common/technology/autopilot/hls_vector.h:142:5)
INFO: [HLS 214-131] Inlining function 'hls::vector<ap_uint<8>, 210ul>::operator[](unsigned long)' into 'ConvBrBranch<2>::do_conv_br(hls::stream<hls::vector<ap_uint<8>, 15ul>, 0>&, hls::stream<hls::vector<ap_uint<8>, 210ul>, 0>&)' (/data/home/songqiangxu/project/CNN/src/conv_br.h:89:33)
INFO: [HLS 214-131] Inlining function 'hls::vector<ap_uint<8>, 15ul>::operator[](unsigned long)' into 'ConvBrBranch<2>::do_conv_br(hls::stream<hls::vector<ap_uint<8>, 15ul>, 0>&, hls::stream<hls::vector<ap_uint<8>, 210ul>, 0>&)' (/data/home/songqiangxu/project/CNN/src/conv_br.h:48:56)
INFO: [HLS 214-291] Loop 'anonymous' is marked as complete unroll implied by the pipeline pragma (/data/home/songqiangxu/project/CNN/src/conv_br.h:44:17)
INFO: [HLS 214-291] Loop 'anonymous' is marked as complete unroll implied by the pipeline pragma (/data/home/songqiangxu/project/CNN/src/conv_br.h:46:2)
INFO: [HLS 214-291] Loop 'anonymous' is marked as complete unroll implied by the pipeline pragma (/data/home/songqiangxu/project/CNN/src/conv_br.h:54:21)
INFO: [HLS 214-291] Loop 'anonymous' is marked as complete unroll implied by the pipeline pragma (/data/home/songqiangxu/project/CNN/src/conv_br.h:56:25)
INFO: [HLS 214-291] Loop 'anonymous' is marked as complete unroll implied by the pipeline pragma (/data/home/songqiangxu/project/CNN/src/conv_br.h:59:29)
INFO: [HLS 214-186] Unrolling loop 'anonymous' (/data/home/songqiangxu/project/CNN/src/conv_br.h:32:17) in function 'ConvBrBranch<2>::do_conv_br' completely with a factor of 64 (/data/home/songqiangxu/project/CNN/src/conv_br.h:26:0)
INFO: [HLS 214-186] Unrolling loop 'anonymous' (/data/home/songqiangxu/project/CNN/src/conv_br.h:44:17) in function 'ConvBrBranch<2>::do_conv_br' completely with a factor of 15 (/data/home/songqiangxu/project/CNN/src/conv_br.h:26:0)
INFO: [HLS 214-186] Unrolling loop 'anonymous' (/data/home/songqiangxu/project/CNN/src/conv_br.h:46:2) in function 'ConvBrBranch<2>::do_conv_br' completely with a factor of 63 (/data/home/songqiangxu/project/CNN/src/conv_br.h:26:0)
INFO: [HLS 214-186] Unrolling loop 'anonymous' (/data/home/songqiangxu/project/CNN/src/conv_br.h:54:21) in function 'ConvBrBranch<2>::do_conv_br' completely with a factor of 14 (/data/home/songqiangxu/project/CNN/src/conv_br.h:26:0)
INFO: [HLS 214-186] Unrolling loop 'anonymous' (/data/home/songqiangxu/project/CNN/src/conv_br.h:56:25) in function 'ConvBrBranch<2>::do_conv_br' completely with a factor of 15 (/data/home/songqiangxu/project/CNN/src/conv_br.h:26:0)
INFO: [HLS 214-186] Unrolling loop 'anonymous' (/data/home/songqiangxu/project/CNN/src/conv_br.h:59:29) in function 'ConvBrBranch<2>::do_conv_br' completely with a factor of 64 (/data/home/songqiangxu/project/CNN/src/conv_br.h:26:0)
INFO: [HLS 214-186] Unrolling loop 'anonymous' (/data/home/songqiangxu/project/CNN/src/conv_br.h:32:17) in function 'ConvBrBranch<1>::do_conv_br' completely with a factor of 32 (/data/home/songqiangxu/project/CNN/src/conv_br.h:26:0)
INFO: [HLS 214-186] Unrolling loop 'anonymous' (/data/home/songqiangxu/project/CNN/src/conv_br.h:44:17) in function 'ConvBrBranch<1>::do_conv_br' completely with a factor of 15 (/data/home/songqiangxu/project/CNN/src/conv_br.h:26:0)
INFO: [HLS 214-186] Unrolling loop 'anonymous' (/data/home/songqiangxu/project/CNN/src/conv_br.h:46:2) in function 'ConvBrBranch<1>::do_conv_br' completely with a factor of 31 (/data/home/songqiangxu/project/CNN/src/conv_br.h:26:0)
INFO: [HLS 214-186] Unrolling loop 'anonymous' (/data/home/songqiangxu/project/CNN/src/conv_br.h:54:21) in function 'ConvBrBranch<1>::do_conv_br' completely with a factor of 13 (/data/home/songqiangxu/project/CNN/src/conv_br.h:26:0)
INFO: [HLS 214-186] Unrolling loop 'anonymous' (/data/home/songqiangxu/project/CNN/src/conv_br.h:56:25) in function 'ConvBrBranch<1>::do_conv_br' completely with a factor of 15 (/data/home/songqiangxu/project/CNN/src/conv_br.h:26:0)
INFO: [HLS 214-186] Unrolling loop 'anonymous' (/data/home/songqiangxu/project/CNN/src/conv_br.h:59:29) in function 'ConvBrBranch<1>::do_conv_br' completely with a factor of 32 (/data/home/songqiangxu/project/CNN/src/conv_br.h:26:0)
INFO: [HLS 214-186] Unrolling loop 'anonymous' (/data/home/songqiangxu/project/CNN/src/conv_br.h:32:17) in function 'ConvBrBranch<0>::do_conv_br' completely with a factor of 16 (/data/home/songqiangxu/project/CNN/src/conv_br.h:26:0)
INFO: [HLS 214-186] Unrolling loop 'anonymous' (/data/home/songqiangxu/project/CNN/src/conv_br.h:44:17) in function 'ConvBrBranch<0>::do_conv_br' completely with a factor of 15 (/data/home/songqiangxu/project/CNN/src/conv_br.h:26:0)
INFO: [HLS 214-186] Unrolling loop 'anonymous' (/data/home/songqiangxu/project/CNN/src/conv_br.h:46:2) in function 'ConvBrBranch<0>::do_conv_br' completely with a factor of 15 (/data/home/songqiangxu/project/CNN/src/conv_br.h:26:0)
INFO: [HLS 214-186] Unrolling loop 'anonymous' (/data/home/songqiangxu/project/CNN/src/conv_br.h:54:21) in function 'ConvBrBranch<0>::do_conv_br' completely with a factor of 13 (/data/home/songqiangxu/project/CNN/src/conv_br.h:26:0)
INFO: [HLS 214-186] Unrolling loop 'anonymous' (/data/home/songqiangxu/project/CNN/src/conv_br.h:56:25) in function 'ConvBrBranch<0>::do_conv_br' completely with a factor of 15 (/data/home/songqiangxu/project/CNN/src/conv_br.h:26:0)
INFO: [HLS 214-186] Unrolling loop 'anonymous' (/data/home/songqiangxu/project/CNN/src/conv_br.h:59:29) in function 'ConvBrBranch<0>::do_conv_br' completely with a factor of 16 (/data/home/songqiangxu/project/CNN/src/conv_br.h:26:0)
INFO: [HLS 214-178] Inlining function 'std::__array_traits<ap_uint<8>, 15ul>::_S_ref(ap_uint<8> const (&) [15], unsigned long)' into 'std::array<ap_uint<8>, 15ul>::operator[](unsigned long)' (/data/home/songqiangxu/Xilinx/2022.1/Vitis_HLS/2022.1/tps/lnx64/gcc-8.3.0/lib/gcc/x86_64-pc-linux-gnu/8.3.0/../../../../include/c++/8.3.0/array:186:0)
INFO: [HLS 214-178] Inlining function 'fp_struct<float>::fp_struct(float)' into 'int generic_cast_IEEE754<int, (ap_q_mode)6, float>(float, bool, hls::enable_if<std::numeric_limits<int>::is_signed, bool>::type)' (/wrk/ci/prod/2022.1/rdi_builds/continuous/2022_04_18_3526262/src/shared/hls/clib/hlsmath/include/FloatingPoint/hls_case_IEEE754.h:12:0)
INFO: [HLS 214-178] Inlining function 'fp_struct<float>::mantissa() const' into 'int generic_cast_IEEE754<int, (ap_q_mode)6, float>(float, bool, hls::enable_if<std::numeric_limits<int>::is_signed, bool>::type)' (/wrk/ci/prod/2022.1/rdi_builds/continuous/2022_04_18_3526262/src/shared/hls/clib/hlsmath/include/FloatingPoint/hls_case_IEEE754.h:12:0)
INFO: [HLS 214-178] Inlining function 'fp_struct<float>::expv() const' into 'int generic_cast_IEEE754<int, (ap_q_mode)6, float>(float, bool, hls::enable_if<std::numeric_limits<int>::is_signed, bool>::type)' (/wrk/ci/prod/2022.1/rdi_builds/continuous/2022_04_18_3526262/src/shared/hls/clib/hlsmath/include/FloatingPoint/hls_case_IEEE754.h:12:0)
INFO: [HLS 214-178] Inlining function 'fp_struct<float>::__signbit() const' into 'int generic_cast_IEEE754<int, (ap_q_mode)6, float>(float, bool, hls::enable_if<std::numeric_limits<int>::is_signed, bool>::type)' (/wrk/ci/prod/2022.1/rdi_builds/continuous/2022_04_18_3526262/src/shared/hls/clib/hlsmath/include/FloatingPoint/hls_case_IEEE754.h:12:0)
INFO: [HLS 214-178] Inlining function 'int generic_cast_IEEE754<int, (ap_q_mode)6, float>(float, bool, hls::enable_if<std::numeric_limits<int>::is_signed, bool>::type)' into 'int generic_cast_IEEE754<int, float>(float, bool)' (/wrk/ci/prod/2022.1/rdi_builds/continuous/2022_04_18_3526262/src/shared/hls/clib/hlsmath/include/FloatingPoint/hls_case_IEEE754.h:116:0)
INFO: [HLS 214-178] Inlining function 'int generic_cast_IEEE754<int, float>(float, bool)' into '__hls_fptosi_float_i32' (/wrk/ci/prod/2022.1/rdi_builds/continuous/2022_04_18_3526262/src/shared/hls/clib/hlsmath/src/lib_floatconversion.cpp:51:0)
INFO: [HLS 214-178] Inlining function 'std::__array_traits<ap_uint<8>, 195ul>::_S_ref(ap_uint<8> const (&) [195], unsigned long)' into 'std::array<ap_uint<8>, 195ul>::operator[](unsigned long)' (/data/home/songqiangxu/Xilinx/2022.1/Vitis_HLS/2022.1/tps/lnx64/gcc-8.3.0/lib/gcc/x86_64-pc-linux-gnu/8.3.0/../../../../include/c++/8.3.0/array:186:0)
INFO: [HLS 214-178] Inlining function 'std::array<ap_uint<8>, 15ul>::operator[](unsigned long)' into 'ConvBrBranch<0>::do_conv_br(hls::stream<hls::vector<ap_uint<8>, 15ul>, 0>&, hls::stream<hls::vector<ap_uint<8>, 195ul>, 0>&)' (/data/home/songqiangxu/project/CNN/src/conv_br.h:26:0)
INFO: [HLS 214-178] Inlining function 'std::array<ap_uint<8>, 195ul>::operator[](unsigned long)' into 'ConvBrBranch<0>::do_conv_br(hls::stream<hls::vector<ap_uint<8>, 15ul>, 0>&, hls::stream<hls::vector<ap_uint<8>, 195ul>, 0>&)' (/data/home/songqiangxu/project/CNN/src/conv_br.h:26:0)
INFO: [HLS 214-178] Inlining function 'std::array<ap_uint<8>, 15ul>::operator[](unsigned long)' into 'ConvBrBranch<1>::do_conv_br(hls::stream<hls::vector<ap_uint<8>, 15ul>, 0>&, hls::stream<hls::vector<ap_uint<8>, 195ul>, 0>&)' (/data/home/songqiangxu/project/CNN/src/conv_br.h:26:0)
INFO: [HLS 214-178] Inlining function 'std::array<ap_uint<8>, 195ul>::operator[](unsigned long)' into 'ConvBrBranch<1>::do_conv_br(hls::stream<hls::vector<ap_uint<8>, 15ul>, 0>&, hls::stream<hls::vector<ap_uint<8>, 195ul>, 0>&)' (/data/home/songqiangxu/project/CNN/src/conv_br.h:26:0)
INFO: [HLS 214-178] Inlining function 'std::__array_traits<ap_uint<8>, 210ul>::_S_ref(ap_uint<8> const (&) [210], unsigned long)' into 'std::array<ap_uint<8>, 210ul>::operator[](unsigned long)' (/data/home/songqiangxu/Xilinx/2022.1/Vitis_HLS/2022.1/tps/lnx64/gcc-8.3.0/lib/gcc/x86_64-pc-linux-gnu/8.3.0/../../../../include/c++/8.3.0/array:186:0)
INFO: [HLS 214-178] Inlining function 'std::array<ap_uint<8>, 15ul>::operator[](unsigned long)' into 'ConvBrBranch<2>::do_conv_br(hls::stream<hls::vector<ap_uint<8>, 15ul>, 0>&, hls::stream<hls::vector<ap_uint<8>, 210ul>, 0>&)' (/data/home/songqiangxu/project/CNN/src/conv_br.h:26:0)
INFO: [HLS 214-178] Inlining function 'std::array<ap_uint<8>, 210ul>::operator[](unsigned long)' into 'ConvBrBranch<2>::do_conv_br(hls::stream<hls::vector<ap_uint<8>, 15ul>, 0>&, hls::stream<hls::vector<ap_uint<8>, 210ul>, 0>&)' (/data/home/songqiangxu/project/CNN/src/conv_br.h:26:0)
INFO: [HLS 214-241] Aggregating axis (hls::stream) variable 'i_stream_0' with compact=bit mode in 120-bits (case/CONV_BR.cpp:125:0)
INFO: [HLS 214-241] Aggregating axis (hls::stream) variable 'i_stream_1' with compact=bit mode in 120-bits (case/CONV_BR.cpp:125:0)
INFO: [HLS 214-241] Aggregating axis (hls::stream) variable 'i_stream_2' with compact=bit mode in 120-bits (case/CONV_BR.cpp:125:0)
INFO: [HLS 214-241] Aggregating axis (hls::stream) variable 'o_stream_0' with compact=bit mode in 1560-bits (case/CONV_BR.cpp:125:0)
INFO: [HLS 214-241] Aggregating axis (hls::stream) variable 'o_stream_1' with compact=bit mode in 1560-bits (case/CONV_BR.cpp:125:0)
INFO: [HLS 214-241] Aggregating axis (hls::stream) variable 'o_stream_2' with compact=bit mode in 1680-bits (case/CONV_BR.cpp:125:0)
INFO: [HLS 214-241] Aggregating scalar variable 'new_data' with compact=bit mode in 120-bits (/data/home/songqiangxu/project/CNN/src/conv_br.h:41:25)
INFO: [HLS 214-241] Aggregating scalar variable 'o_vec' with compact=bit mode in 1680-bits (/data/home/songqiangxu/project/CNN/src/conv_br.h:52:53)
INFO: [HLS 214-241] Aggregating scalar variable 'o_vec' with compact=bit mode in 1560-bits (/data/home/songqiangxu/project/CNN/src/conv_br.h:52:53)
INFO: [HLS 214-131] Inlining function '_llvm.fpga.pack.none.i120.a15s_struct.ap_uint<8>s' into '_llvm.fpga.unpack.bits.s_class.hls::vector<ap_uint<8>, 15>s.i120.1'
INFO: [HLS 214-131] Inlining function '_llvm.fpga.unpack.bits.s_class.hls::vector<ap_uint<8>, 15>s.i120.1' into 'ConvBrBranch<0>::do_conv_br(hls::stream<hls::vector<ap_uint<8>, 15ul>, 0>&, hls::stream<hls::vector<ap_uint<8>, 195ul>, 0>&) (.1)' (/data/home/songqiangxu/Xilinx/2022.1/Vitis_HLS/2022.1/common/technology/autopilot/hls_stream_39.h:145:9)
INFO: [HLS 214-131] Inlining function '_llvm.fpga.pack.bits.i1560.s_class.hls::vector<ap_uint<8>, 195>s.1' into 'ConvBrBranch<0>::do_conv_br(hls::stream<hls::vector<ap_uint<8>, 15ul>, 0>&, hls::stream<hls::vector<ap_uint<8>, 195ul>, 0>&) (.1)' (/data/home/songqiangxu/Xilinx/2022.1/Vitis_HLS/2022.1/common/technology/autopilot/hls_stream_39.h:174:9)
INFO: [HLS 214-131] Inlining function '_llvm.fpga.pack.none.i1560.s_class.hls::vector<ap_uint<8>, 195>s' into 'ConvBrBranch<0>::do_conv_br(hls::stream<hls::vector<ap_uint<8>, 15ul>, 0>&, hls::stream<hls::vector<ap_uint<8>, 195ul>, 0>&) (.1)' (/data/home/songqiangxu/Xilinx/2022.1/Vitis_HLS/2022.1/common/technology/autopilot/hls_stream_39.h:174:9)
INFO: [HLS 214-131] Inlining function '_llvm.fpga.unpack.bits.s_class.hls::vector<ap_uint<8>, 15>s.i120.1' into 'ConvBrBranch<1>::do_conv_br(hls::stream<hls::vector<ap_uint<8>, 15ul>, 0>&, hls::stream<hls::vector<ap_uint<8>, 195ul>, 0>&) (.1)' (/data/home/songqiangxu/Xilinx/2022.1/Vitis_HLS/2022.1/common/technology/autopilot/hls_stream_39.h:145:9)
INFO: [HLS 214-131] Inlining function '_llvm.fpga.pack.bits.i1560.s_class.hls::vector<ap_uint<8>, 195>s.1' into 'ConvBrBranch<1>::do_conv_br(hls::stream<hls::vector<ap_uint<8>, 15ul>, 0>&, hls::stream<hls::vector<ap_uint<8>, 195ul>, 0>&) (.1)' (/data/home/songqiangxu/Xilinx/2022.1/Vitis_HLS/2022.1/common/technology/autopilot/hls_stream_39.h:174:9)
INFO: [HLS 214-131] Inlining function '_llvm.fpga.pack.none.i1560.s_class.hls::vector<ap_uint<8>, 195>s' into 'ConvBrBranch<1>::do_conv_br(hls::stream<hls::vector<ap_uint<8>, 15ul>, 0>&, hls::stream<hls::vector<ap_uint<8>, 195ul>, 0>&) (.1)' (/data/home/songqiangxu/Xilinx/2022.1/Vitis_HLS/2022.1/common/technology/autopilot/hls_stream_39.h:174:9)
INFO: [HLS 214-131] Inlining function '_llvm.fpga.unpack.bits.s_class.hls::vector<ap_uint<8>, 15>s.i120.1' into 'ConvBrBranch<2>::do_conv_br(hls::stream<hls::vector<ap_uint<8>, 15ul>, 0>&, hls::stream<hls::vector<ap_uint<8>, 210ul>, 0>&) (.1)' (/data/home/songqiangxu/Xilinx/2022.1/Vitis_HLS/2022.1/common/technology/autopilot/hls_stream_39.h:145:9)
INFO: [HLS 214-131] Inlining function '_llvm.fpga.pack.bits.i1680.s_class.hls::vector<ap_uint<8>, 210>s.1' into 'ConvBrBranch<2>::do_conv_br(hls::stream<hls::vector<ap_uint<8>, 15ul>, 0>&, hls::stream<hls::vector<ap_uint<8>, 210ul>, 0>&) (.1)' (/data/home/songqiangxu/Xilinx/2022.1/Vitis_HLS/2022.1/common/technology/autopilot/hls_stream_39.h:174:9)
INFO: [HLS 214-131] Inlining function '_llvm.fpga.pack.none.i1680.s_class.hls::vector<ap_uint<8>, 210>s' into 'ConvBrBranch<2>::do_conv_br(hls::stream<hls::vector<ap_uint<8>, 15ul>, 0>&, hls::stream<hls::vector<ap_uint<8>, 210ul>, 0>&) (.1)' (/data/home/songqiangxu/Xilinx/2022.1/Vitis_HLS/2022.1/common/technology/autopilot/hls_stream_39.h:174:9)
INFO: [HLS 200-111] Finished Compiling Optimization and Transform: CPU user time: 141.99 seconds. CPU system time: 2.06 seconds. Elapsed time: 144.06 seconds; current allocated memory: 469.969 MB.
INFO: [HLS 200-111] Finished Checking Pragmas: CPU user time: 0 seconds. CPU system time: 0 seconds. Elapsed time: 0 seconds; current allocated memory: 469.969 MB.
INFO: [HLS 200-10] Starting code transformations ...
INFO: [HLS 200-111] Finished Standard Transforms: CPU user time: 41.76 seconds. CPU system time: 0.1 seconds. Elapsed time: 41.88 seconds; current allocated memory: 606.152 MB.
INFO: [HLS 200-10] Checking synthesizability ...
INFO: [HLS 200-111] Finished Checking Synthesizability: CPU user time: 150.04 seconds. CPU system time: 0.04 seconds. Elapsed time: 150.09 seconds; current allocated memory: 627.277 MB.
INFO: [XFORM 203-510] Pipelining loop 'Loop-2' (/data/home/songqiangxu/project/CNN/src/conv_br.h:31) in function 'ConvBrBranch<1>::do_conv_br' automatically.
INFO: [XFORM 203-510] Pipelining loop 'Loop-2' (/data/home/songqiangxu/project/CNN/src/conv_br.h:31) in function 'ConvBrBranch<0>::do_conv_br' automatically.
INFO: [XFORM 203-102] Partitioning array 'line_buf.V' (/data/home/songqiangxu/project/CNN/src/conv_br.h:27) in dimension 2 automatically.
INFO: [XFORM 203-102] Partitioning array 'line_buf.V' (/data/home/songqiangxu/project/CNN/src/conv_br.h:27) in dimension 2 automatically.
INFO: [XFORM 203-712] Applying dataflow to function 'top' (case/CONV_BR.cpp:119:1), detected/extracted 3 process function(s): 
	 'ConvBrBranch<0>::do_conv_br'
	 'ConvBrBranch<1>::do_conv_br'
	 'ConvBrBranch<2>::do_conv_br'.
INFO: [XFORM 203-401] Performing if-conversion on hyperblock from (/data/home/songqiangxu/project/CNN/src/utils.h:42:13) to (/data/home/songqiangxu/project/CNN/src/utils.h:45:1) in function 'clamp<int, int>'... converting 3 basic blocks.
INFO: [XFORM 203-11] Balancing expressions in function 'ConvBrBranch<2>::do_conv_br' (/data/home/songqiangxu/project/CNN/src/conv_br.h:38:13)...6750 expression(s) balanced.
INFO: [XFORM 203-11] Balancing expressions in function 'ConvBrBranch<1>::do_conv_br' (/data/home/songqiangxu/project/CNN/src/conv_br.h:27:13)...3690 expression(s) balanced.
INFO: [XFORM 203-11] Balancing expressions in function 'ConvBrBranch<0>::do_conv_br' (/data/home/songqiangxu/project/CNN/src/conv_br.h:27:13)...2040 expression(s) balanced.
INFO: [HLS 200-111] Finished Loop, function and other optimizations: CPU user time: 164.52 seconds. CPU system time: 0.21 seconds. Elapsed time: 164.77 seconds; current allocated memory: 831.801 MB.
INFO: [HLS 200-111] Finished Architecture Synthesis: CPU user time: 22.52 seconds. CPU system time: 0.24 seconds. Elapsed time: 22.76 seconds; current allocated memory: 1.288 GB.
INFO: [HLS 200-10] Starting hardware synthesis ...
INFO: [HLS 200-10] Synthesizing 'top' ...
WARNING: [SYN 201-103] Legalizing function name '__hls_fptosi_float_i32' to 'p_hls_fptosi_float_i32'.
WARNING: [SYN 201-103] Legalizing function name 'clamp<int, int>' to 'clamp_int_int_s'.
WARNING: [SYN 201-103] Legalizing function name 'do_conv_br.2_Pipeline_2' to 'do_conv_br_2_Pipeline_2'.
WARNING: [SYN 201-103] Legalizing function name 'do_conv_br.2' to 'do_conv_br_2'.
WARNING: [SYN 201-103] Legalizing function name 'do_conv_br.1_Pipeline_2' to 'do_conv_br_1_Pipeline_2'.
WARNING: [SYN 201-103] Legalizing function name 'do_conv_br.1' to 'do_conv_br_1'.
WARNING: [HLS 200-1842] Loop 'Loop 1' cannot be implemented as Flushable(/Unaligned) Pipeline as it did not meet the structural requirements. Changing pipeline style specification to 'style=stp'.
WARNING: [HLS 200-1842] Loop 'Loop 1' cannot be implemented as Flushable(/Unaligned) Pipeline as it did not meet the structural requirements. Changing pipeline style specification to 'style=stp'.
WARNING: [HLS 200-1842] Loop 'Loop 1' cannot be implemented as Flushable(/Unaligned) Pipeline as it did not meet the structural requirements. Changing pipeline style specification to 'style=stp'.
INFO: [HLS 200-10] ----------------------------------------------------------------
INFO: [HLS 200-42] -- Implementing module 'p_hls_fptosi_float_i32' 
INFO: [HLS 200-10] ----------------------------------------------------------------
INFO: [SCHED 204-11] Starting scheduling ...
INFO: [SCHED 204-61] Pipelining function '__hls_fptosi_float_i32'.
INFO: [HLS 200-1470] Pipelining result : Target II = NA, Final II = 1, Depth = 8, function '__hls_fptosi_float_i32'
INFO: [SCHED 204-11] Finished scheduling.
INFO: [HLS 200-111] Finished Scheduling: CPU user time: 3.47 seconds. CPU system time: 0.12 seconds. Elapsed time: 3.59 seconds; current allocated memory: 1.307 GB.
INFO: [BIND 205-100] Starting micro-architecture generation ...
INFO: [BIND 205-101] Performing variable lifetime analysis.
INFO: [BIND 205-101] Exploring resource sharing.
INFO: [BIND 205-101] Binding ...
INFO: [BIND 205-100] Finished micro-architecture generation.
INFO: [HLS 200-111] Finished Binding: CPU user time: 0.05 seconds. CPU system time: 0.01 seconds. Elapsed time: 0.05 seconds; current allocated memory: 1.307 GB.
INFO: [HLS 200-10] ----------------------------------------------------------------
INFO: [HLS 200-42] -- Implementing module 'clamp_int_int_s' 
INFO: [HLS 200-10] ----------------------------------------------------------------
INFO: [SCHED 204-11] Starting scheduling ...
INFO: [SCHED 204-61] Pipelining function 'clamp<int, int>'.
INFO: [HLS 200-1470] Pipelining result : Target II = NA, Final II = 1, Depth = 1, function 'clamp<int, int>'
INFO: [SCHED 204-11] Finished scheduling.
INFO: [HLS 200-111] Finished Scheduling: CPU user time: 0.05 seconds. CPU system time: 0 seconds. Elapsed time: 0.04 seconds; current allocated memory: 1.307 GB.
INFO: [BIND 205-100] Starting micro-architecture generation ...
INFO: [BIND 205-101] Performing variable lifetime analysis.
INFO: [BIND 205-101] Exploring resource sharing.
INFO: [BIND 205-101] Binding ...
INFO: [BIND 205-100] Finished micro-architecture generation.
INFO: [HLS 200-111] Finished Binding: CPU user time: 0.02 seconds. CPU system time: 0 seconds. Elapsed time: 0.02 seconds; current allocated memory: 1.307 GB.
INFO: [HLS 200-10] ----------------------------------------------------------------
INFO: [HLS 200-42] -- Implementing module 'do_conv_br_2_Pipeline_2' 
INFO: [HLS 200-10] ----------------------------------------------------------------
INFO: [SCHED 204-11] Starting scheduling ...
INFO: [HLS 200-486] Changing DSP latency (root=mul_ln65_687) to 3 in order to utilize available DSP registers.
INFO: [HLS 200-486] Changing DSP latency (root=tmp927) to 3 in order to utilize available DSP registers.
INFO: [HLS 200-486] Changing DSP latency (root=mul_ln65_4482) to 3 in order to utilize available DSP registers.
INFO: [HLS 200-486] Changing DSP latency (root=mul_ln58_343) to 3 in order to utilize available DSP registers.
INFO: [HLS 200-486] Changing DSP latency (root=mul_ln58_344) to 3 in order to utilize available DSP registers.
INFO: [HLS 200-486] Changing DSP latency (root=mul_ln65_684) to 3 in order to utilize available DSP registers.
INFO: [HLS 200-486] Changing DSP latency (root=tmp924) to 3 in order to utilize available DSP registers.
INFO: [HLS 200-486] Changing DSP latency (root=mul_ln65_4477) to 3 in order to utilize available DSP registers.
INFO: [HLS 200-486] Changing DSP latency (root=mul_ln58_340) to 3 in order to utilize available DSP registers.
INFO: [HLS 200-486] Changing DSP latency (root=mul_ln58_341) to 3 in order to utilize available DSP registers.
INFO: [HLS 200-486] Changing DSP latency (root=mul_ln65_681) to 3 in order to utilize available DSP registers.
INFO: [HLS 200-486] Changing DSP latency (root=tmp921) to 3 in order to utilize available DSP registers.
INFO: [HLS 200-486] Changing DSP latency (root=mul_ln65_4472) to 3 in order to utilize available DSP registers.
INFO: [HLS 200-486] Changing DSP latency (root=mul_ln58_337) to 3 in order to utilize available DSP registers.
INFO: [HLS 200-486] Changing DSP latency (root=mul_ln58_338) to 3 in order to utilize available DSP registers.
INFO: [HLS 200-486] Changing DSP latency (root=mul_ln65_678) to 3 in order to utilize available DSP registers.
INFO: [HLS 200-486] Changing DSP latency (root=tmp918) to 3 in order to utilize available DSP registers.
INFO: [HLS 200-486] Changing DSP latency (root=mul_ln65_4467) to 3 in order to utilize available DSP registers.
INFO: [HLS 200-486] Changing DSP latency (root=mul_ln58_334) to 3 in order to utilize available DSP registers.
INFO: [HLS 200-486] Changing DSP latency (root=mul_ln58_335) to 3 in order to utilize available DSP registers.
INFO: [HLS 200-486] Changing DSP latency (root=mul_ln65_675) to 3 in order to utilize available DSP registers.
INFO: [HLS 200-486] Changing DSP latency (root=tmp915) to 3 in order to utilize available DSP registers.
INFO: [HLS 200-486] Changing DSP latency (root=mul_ln65_4462) to 3 in order to utilize available DSP registers.
INFO: [HLS 200-486] Changing DSP latency (root=mul_ln58_331) to 3 in order to utilize available DSP registers.
INFO: [HLS 200-486] Changing DSP latency (root=mul_ln58_332) to 3 in order to utilize available DSP registers.
INFO: [HLS 200-486] Changing DSP latency (root=mul_ln65_672) to 3 in order to utilize available DSP registers.
INFO: [HLS 200-486] Changing DSP latency (root=tmp912) to 3 in order to utilize available DSP registers.
INFO: [HLS 200-486] Changing DSP latency (root=mul_ln65_4457) to 3 in order to utilize available DSP registers.
INFO: [HLS 200-486] Changing DSP latency (root=mul_ln58_328) to 3 in order to utilize available DSP registers.
INFO: [HLS 200-486] Changing DSP latency (root=mul_ln58_329) to 3 in order to utilize available DSP registers.
INFO: [HLS 200-486] Changing DSP latency (root=mul_ln65_669) to 3 in order to utilize available DSP registers.
INFO: [HLS 200-486] Changing DSP latency (root=tmp909) to 3 in order to utilize available DSP registers.
INFO: [HLS 200-486] Changing DSP latency (root=mul_ln65_4452) to 3 in order to utilize available DSP registers.
INFO: [HLS 200-486] Changing DSP latency (root=mul_ln58_325) to 3 in order to utilize available DSP registers.
INFO: [HLS 200-486] Changing DSP latency (root=mul_ln58_326) to 3 in order to utilize available DSP registers.
INFO: [HLS 200-486] Changing DSP latency (root=mul_ln65_666) to 3 in order to utilize available DSP registers.
INFO: [HLS 200-486] Changing DSP latency (root=tmp906) to 3 in order to utilize available DSP registers.
INFO: [HLS 200-486] Changing DSP latency (root=mul_ln65_4447) to 3 in order to utilize available DSP registers.
INFO: [HLS 200-486] Changing DSP latency (root=mul_ln58_322) to 3 in order to utilize available DSP registers.
INFO: [HLS 200-486] Changing DSP latency (root=mul_ln58_323) to 3 in order to utilize available DSP registers.
INFO: [HLS 200-486] Changing DSP latency (root=mul_ln65_663) to 3 in order to utilize available DSP registers.
INFO: [HLS 200-486] Changing DSP latency (root=tmp903) to 3 in order to utilize available DSP registers.
INFO: [HLS 200-486] Changing DSP latency (root=mul_ln65_4442) to 3 in order to utilize available DSP registers.
INFO: [HLS 200-486] Changing DSP latency (root=mul_ln58_319) to 3 in order to utilize available DSP registers.
INFO: [HLS 200-486] Changing DSP latency (root=mul_ln58_320) to 3 in order to utilize available DSP registers.
INFO: [HLS 200-486] Changing DSP latency (root=mul_ln65_660) to 3 in order to utilize available DSP registers.
INFO: [HLS 200-486] Changing DSP latency (root=tmp900) to 3 in order to utilize available DSP registers.
INFO: [HLS 200-486] Changing DSP latency (root=mul_ln65_4437) to 3 in order to utilize available DSP registers.
INFO: [HLS 200-486] Changing DSP latency (root=mul_ln58_316) to 3 in order to utilize available DSP registers.
INFO: [HLS 200-486] Changing DSP latency (root=mul_ln58_317) to 3 in order to utilize available DSP registers.
INFO: [HLS 200-486] Changing DSP latency (root=mul_ln65_657) to 3 in order to utilize available DSP registers.
INFO: [HLS 200-486] Changing DSP latency (root=tmp897) to 3 in order to utilize available DSP registers.
INFO: [HLS 200-486] Changing DSP latency (root=mul_ln65_4432) to 3 in order to utilize available DSP registers.
INFO: [HLS 200-486] Changing DSP latency (root=mul_ln58_313) to 3 in order to utilize available DSP registers.
INFO: [HLS 200-486] Changing DSP latency (root=mul_ln58_314) to 3 in order to utilize available DSP registers.
INFO: [HLS 200-486] Changing DSP latency (root=mul_ln65_654) to 3 in order to utilize available DSP registers.
INFO: [HLS 200-486] Changing DSP latency (root=tmp894) to 3 in order to utilize available DSP registers.
INFO: [HLS 200-486] Changing DSP latency (root=mul_ln65_4427) to 3 in order to utilize available DSP registers.
INFO: [HLS 200-486] Changing DSP latency (root=mul_ln58_310) to 3 in order to utilize available DSP registers.
INFO: [HLS 200-486] Changing DSP latency (root=mul_ln58_311) to 3 in order to utilize available DSP registers.
INFO: [HLS 200-486] Changing DSP latency (root=mul_ln65_651) to 3 in order to utilize available DSP registers.
INFO: [HLS 200-486] Changing DSP latency (root=tmp891) to 3 in order to utilize available DSP registers.
INFO: [HLS 200-486] Changing DSP latency (root=mul_ln65_4422) to 3 in order to utilize available DSP registers.
INFO: [HLS 200-486] Changing DSP latency (root=mul_ln58_307) to 3 in order to utilize available DSP registers.
INFO: [HLS 200-486] Changing DSP latency (root=mul_ln58_308) to 3 in order to utilize available DSP registers.
INFO: [HLS 200-486] Changing DSP latency (root=mul_ln65_648) to 3 in order to utilize available DSP registers.
INFO: [HLS 200-486] Changing DSP latency (root=tmp888) to 3 in order to utilize available DSP registers.
INFO: [HLS 200-486] Changing DSP latency (root=mul_ln65_4417) to 3 in order to utilize available DSP registers.
INFO: [HLS 200-486] Changing DSP latency (root=mul_ln58_304) to 3 in order to utilize available DSP registers.
INFO: [HLS 200-486] Changing DSP latency (root=mul_ln58_305) to 3 in order to utilize available DSP registers.
INFO: [HLS 200-486] Changing DSP latency (root=mul_ln65_645) to 3 in order to utilize available DSP registers.
INFO: [HLS 200-486] Changing DSP latency (root=tmp885) to 3 in order to utilize available DSP registers.
INFO: [HLS 200-486] Changing DSP latency (root=mul_ln65_4412) to 3 in order to utilize available DSP registers.
INFO: [HLS 200-486] Changing DSP latency (root=mul_ln58_301) to 3 in order to utilize available DSP registers.
INFO: [HLS 200-486] Changing DSP latency (root=mul_ln58_302) to 3 in order to utilize available DSP registers.
INFO: [HLS 200-486] Changing DSP latency (root=tmp879) to 3 in order to utilize available DSP registers.
INFO: [HLS 200-486] Changing DSP latency (root=mul_ln65_642) to 3 in order to utilize available DSP registers.
INFO: [HLS 200-486] Changing DSP latency (root=mul_ln65_641) to 3 in order to utilize available DSP registers.
INFO: [HLS 200-486] Changing DSP latency (root=mul_ln65_643) to 3 in order to utilize available DSP registers.
INFO: [HLS 200-486] Changing DSP latency (root=mul_ln58_299) to 3 in order to utilize available DSP registers.
INFO: [HLS 200-486] Changing DSP latency (root=mul_ln65_644) to 3 in order to utilize available DSP registers.
INFO: [HLS 200-486] Changing DSP latency (root=tmp873) to 3 in order to utilize available DSP registers.
INFO: [HLS 200-486] Changing DSP latency (root=mul_ln65_638) to 3 in order to utilize available DSP registers.
INFO: [HLS 200-486] Changing DSP latency (root=mul_ln65_637) to 3 in order to utilize available DSP registers.
INFO: [HLS 200-486] Changing DSP latency (root=mul_ln65_639) to 3 in order to utilize available DSP registers.
INFO: [HLS 200-486] Changing DSP latency (root=mul_ln58_298) to 3 in order to utilize available DSP registers.
INFO: [HLS 200-486] Changing DSP latency (root=mul_ln65_640) to 3 in order to utilize available DSP registers.
INFO: [HLS 200-486] Changing DSP latency (root=tmp867) to 3 in order to utilize available DSP registers.
INFO: [HLS 200-486] Changing DSP latency (root=mul_ln65_634) to 3 in order to utilize available DSP registers.
INFO: [HLS 200-486] Changing DSP latency (root=mul_ln65_633) to 3 in order to utilize available DSP registers.
INFO: [HLS 200-486] Changing DSP latency (root=mul_ln65_635) to 3 in order to utilize available DSP registers.
INFO: [HLS 200-486] Changing DSP latency (root=mul_ln58_297) to 3 in order to utilize available DSP registers.
INFO: [HLS 200-486] Changing DSP latency (root=mul_ln65_636) to 3 in order to utilize available DSP registers.
INFO: [HLS 200-486] Changing DSP latency (root=tmp861) to 3 in order to utilize available DSP registers.
INFO: [HLS 200-486] Changing DSP latency (root=mul_ln65_630) to 3 in order to utilize available DSP registers.
INFO: [HLS 200-486] Changing DSP latency (root=mul_ln65_629) to 3 in order to utilize available DSP registers.
INFO: [HLS 200-486] Changing DSP latency (root=mul_ln65_631) to 3 in order to utilize available DSP registers.
INFO: [HLS 200-486] Changing DSP latency (root=mul_ln58_296) to 3 in order to utilize available DSP registers.
INFO: [HLS 200-486] Changing DSP latency (root=mul_ln65_632) to 3 in order to utilize available DSP registers.
INFO: [HLS 200-486] Changing DSP latency (root=tmp855) to 3 in order to utilize available DSP registers.
INFO: [HLS 200-486] Changing DSP latency (root=mul_ln65_626) to 3 in order to utilize available DSP registers.
INFO: [HLS 200-486] Changing DSP latency (root=mul_ln65_625) to 3 in order to utilize available DSP registers.
INFO: [HLS 200-486] Changing DSP latency (root=mul_ln65_627) to 3 in order to utilize available DSP registers.
INFO: [HLS 200-486] Changing DSP latency (root=mul_ln58_295) to 3 in order to utilize available DSP registers.
INFO: [HLS 200-486] Changing DSP latency (root=mul_ln65_628) to 3 in order to utilize available DSP registers.
INFO: [HLS 200-486] Changing DSP latency (root=tmp849) to 3 in order to utilize available DSP registers.
INFO: [HLS 200-486] Changing DSP latency (root=mul_ln65_622) to 3 in order to utilize available DSP registers.
INFO: [HLS 200-486] Changing DSP latency (root=mul_ln65_621) to 3 in order to utilize available DSP registers.
INFO: [HLS 200-486] Changing DSP latency (root=mul_ln65_623) to 3 in order to utilize available DSP registers.
INFO: [HLS 200-486] Changing DSP latency (root=mul_ln58_294) to 3 in order to utilize available DSP registers.
INFO: [HLS 200-486] Changing DSP latency (root=mul_ln65_624) to 3 in order to utilize available DSP registers.
INFO: [HLS 200-486] Changing DSP latency (root=tmp843) to 3 in order to utilize available DSP registers.
INFO: [HLS 200-486] Changing DSP latency (root=mul_ln65_618) to 3 in order to utilize available DSP registers.
INFO: [HLS 200-486] Changing DSP latency (root=mul_ln65_617) to 3 in order to utilize available DSP registers.
INFO: [HLS 200-486] Changing DSP latency (root=mul_ln65_619) to 3 in order to utilize available DSP registers.
INFO: [HLS 200-486] Changing DSP latency (root=mul_ln58_293) to 3 in order to utilize available DSP registers.
INFO: [HLS 200-486] Changing DSP latency (root=mul_ln65_620) to 3 in order to utilize available DSP registers.
INFO: [HLS 200-486] Changing DSP latency (root=tmp837) to 3 in order to utilize available DSP registers.
INFO: [HLS 200-486] Changing DSP latency (root=mul_ln65_614) to 3 in order to utilize available DSP registers.
INFO: [HLS 200-486] Changing DSP latency (root=mul_ln65_613) to 3 in order to utilize available DSP registers.
INFO: [HLS 200-486] Changing DSP latency (root=mul_ln65_615) to 3 in order to utilize available DSP registers.
INFO: [HLS 200-486] Changing DSP latency (root=mul_ln58_292) to 3 in order to utilize available DSP registers.
INFO: [HLS 200-486] Changing DSP latency (root=mul_ln65_616) to 3 in order to utilize available DSP registers.
INFO: [HLS 200-486] Changing DSP latency (root=tmp831) to 3 in order to utilize available DSP registers.
INFO: [HLS 200-486] Changing DSP latency (root=mul_ln65_610) to 3 in order to utilize available DSP registers.
INFO: [HLS 200-486] Changing DSP latency (root=mul_ln65_609) to 3 in order to utilize available DSP registers.
INFO: [HLS 200-486] Changing DSP latency (root=mul_ln65_611) to 3 in order to utilize available DSP registers.
INFO: [HLS 200-486] Changing DSP latency (root=mul_ln58_291) to 3 in order to utilize available DSP registers.
INFO: [HLS 200-486] Changing DSP latency (root=mul_ln65_612) to 3 in order to utilize available DSP registers.
INFO: [HLS 200-486] Changing DSP latency (root=tmp825) to 3 in order to utilize available DSP registers.
INFO: [HLS 200-486] Changing DSP latency (root=mul_ln65_606) to 3 in order to utilize available DSP registers.
INFO: [HLS 200-486] Changing DSP latency (root=mul_ln65_605) to 3 in order to utilize available DSP registers.
INFO: [HLS 200-486] Changing DSP latency (root=mul_ln65_607) to 3 in order to utilize available DSP registers.
INFO: [HLS 200-486] Changing DSP latency (root=mul_ln58_290) to 3 in order to utilize available DSP registers.
INFO: [HLS 200-486] Changing DSP latency (root=mul_ln65_608) to 3 in order to utilize available DSP registers.
INFO: [HLS 200-486] Changing DSP latency (root=tmp819) to 3 in order to utilize available DSP registers.
INFO: [HLS 200-486] Changing DSP latency (root=mul_ln65_602) to 3 in order to utilize available DSP registers.
INFO: [HLS 200-486] Changing DSP latency (root=mul_ln65_601) to 3 in order to utilize available DSP registers.
INFO: [HLS 200-486] Changing DSP latency (root=mul_ln65_603) to 3 in order to utilize available DSP registers.
INFO: [HLS 200-486] Changing DSP latency (root=mul_ln58_289) to 3 in order to utilize available DSP registers.
INFO: [HLS 200-486] Changing DSP latency (root=mul_ln65_604) to 3 in order to utilize available DSP registers.
INFO: [HLS 200-486] Changing DSP latency (root=tmp813) to 3 in order to utilize available DSP registers.
INFO: [HLS 200-486] Changing DSP latency (root=mul_ln65_598) to 3 in order to utilize available DSP registers.
INFO: [HLS 200-486] Changing DSP latency (root=mul_ln65_597) to 3 in order to utilize available DSP registers.
INFO: [HLS 200-486] Changing DSP latency (root=mul_ln65_599) to 3 in order to utilize available DSP registers.
INFO: [HLS 200-486] Changing DSP latency (root=mul_ln58_288) to 3 in order to utilize available DSP registers.
INFO: [HLS 200-486] Changing DSP latency (root=mul_ln65_600) to 3 in order to utilize available DSP registers.
INFO: [HLS 200-486] Changing DSP latency (root=tmp807) to 3 in order to utilize available DSP registers.
INFO: [HLS 200-486] Changing DSP latency (root=mul_ln65_594) to 3 in order to utilize available DSP registers.
INFO: [HLS 200-486] Changing DSP latency (root=mul_ln65_593) to 3 in order to utilize available DSP registers.
INFO: [HLS 200-486] Changing DSP latency (root=mul_ln65_595) to 3 in order to utilize available DSP registers.
INFO: [HLS 200-486] Changing DSP latency (root=mul_ln58_287) to 3 in order to utilize available DSP registers.
INFO: [HLS 200-486] Changing DSP latency (root=mul_ln65_596) to 3 in order to utilize available DSP registers.
INFO: [HLS 200-486] Changing DSP latency (root=tmp801) to 3 in order to utilize available DSP registers.
INFO: [HLS 200-486] Changing DSP latency (root=mul_ln65_590) to 3 in order to utilize available DSP registers.
INFO: [HLS 200-486] Changing DSP latency (root=mul_ln65_589) to 3 in order to utilize available DSP registers.
INFO: [HLS 200-486] Changing DSP latency (root=mul_ln65_591) to 3 in order to utilize available DSP registers.
INFO: [HLS 200-486] Changing DSP latency (root=mul_ln58_286) to 3 in order to utilize available DSP registers.
INFO: [HLS 200-486] Changing DSP latency (root=mul_ln65_592) to 3 in order to utilize available DSP registers.
INFO: [HLS 200-486] Changing DSP latency (root=tmp795) to 3 in order to utilize available DSP registers.
INFO: [HLS 200-486] Changing DSP latency (root=mul_ln65_586) to 3 in order to utilize available DSP registers.
INFO: [HLS 200-486] Changing DSP latency (root=mul_ln65_585) to 3 in order to utilize available DSP registers.
INFO: [HLS 200-486] Changing DSP latency (root=mul_ln65_587) to 3 in order to utilize available DSP registers.
INFO: [HLS 200-486] Changing DSP latency (root=mul_ln58_285) to 3 in order to utilize available DSP registers.
INFO: [HLS 200-486] Changing DSP latency (root=mul_ln65_588) to 3 in order to utilize available DSP registers.
INFO: [HLS 200-486] Changing DSP latency (root=mul_ln65_583) to 3 in order to utilize available DSP registers.
INFO: [HLS 200-486] Changing DSP latency (root=mul_ln65_584) to 3 in order to utilize available DSP registers.
INFO: [HLS 200-486] Changing DSP latency (root=mul_ln65_581) to 3 in order to utilize available DSP registers.
INFO: [HLS 200-486] Changing DSP latency (root=mul_ln65_582) to 3 in order to utilize available DSP registers.
INFO: [HLS 200-486] Changing DSP latency (root=mul_ln65_579) to 3 in order to utilize available DSP registers.
INFO: [HLS 200-486] Changing DSP latency (root=mul_ln65_580) to 3 in order to utilize available DSP registers.
INFO: [HLS 200-486] Changing DSP latency (root=mul_ln65_577) to 3 in order to utilize available DSP registers.
INFO: [HLS 200-486] Changing DSP latency (root=mul_ln65_578) to 3 in order to utilize available DSP registers.
INFO: [HLS 200-486] Changing DSP latency (root=mul_ln65_575) to 3 in order to utilize available DSP registers.
INFO: [HLS 200-486] Changing DSP latency (root=mul_ln65_576) to 3 in order to utilize available DSP registers.
INFO: [HLS 200-486] Changing DSP latency (root=mul_ln65_573) to 3 in order to utilize available DSP registers.
INFO: [HLS 200-486] Changing DSP latency (root=mul_ln65_574) to 3 in order to utilize available DSP registers.
INFO: [HLS 200-486] Changing DSP latency (root=mul_ln65_571) to 3 in order to utilize available DSP registers.
INFO: [HLS 200-486] Changing DSP latency (root=mul_ln65_572) to 3 in order to utilize available DSP registers.
INFO: [HLS 200-486] Changing DSP latency (root=mul_ln65_569) to 3 in order to utilize available DSP registers.
INFO: [HLS 200-486] Changing DSP latency (root=mul_ln65_570) to 3 in order to utilize available DSP registers.
INFO: [HLS 200-486] Changing DSP latency (root=mul_ln65_567) to 3 in order to utilize available DSP registers.
INFO: [HLS 200-486] Changing DSP latency (root=mul_ln65_568) to 3 in order to utilize available DSP registers.
INFO: [HLS 200-486] Changing DSP latency (root=mul_ln65_565) to 3 in order to utilize available DSP registers.
INFO: [HLS 200-486] Changing DSP latency (root=mul_ln65_566) to 3 in order to utilize available DSP registers.
INFO: [HLS 200-486] Changing DSP latency (root=mul_ln65_563) to 3 in order to utilize available DSP registers.
INFO: [HLS 200-486] Changing DSP latency (root=mul_ln65_564) to 3 in order to utilize available DSP registers.
INFO: [HLS 200-486] Changing DSP latency (root=mul_ln65_561) to 3 in order to utilize available DSP registers.
INFO: [HLS 200-486] Changing DSP latency (root=mul_ln65_562) to 3 in order to utilize available DSP registers.
INFO: [HLS 200-486] Changing DSP latency (root=mul_ln65_559) to 3 in order to utilize available DSP registers.
INFO: [HLS 200-486] Changing DSP latency (root=mul_ln65_560) to 3 in order to utilize available DSP registers.
INFO: [HLS 200-486] Changing DSP latency (root=mul_ln65_557) to 3 in order to utilize available DSP registers.
INFO: [HLS 200-486] Changing DSP latency (root=mul_ln65_558) to 3 in order to utilize available DSP registers.
INFO: [HLS 200-486] Changing DSP latency (root=mul_ln65_555) to 3 in order to utilize available DSP registers.
INFO: [HLS 200-486] Changing DSP latency (root=mul_ln65_556) to 3 in order to utilize available DSP registers.
INFO: [HLS 200-486] Changing DSP latency (root=mul_ln65_550) to 3 in order to utilize available DSP registers.
INFO: [HLS 200-486] Changing DSP latency (root=mul_ln65_551) to 3 in order to utilize available DSP registers.
INFO: [HLS 200-486] Changing DSP latency (root=mul_ln65_554) to 3 in order to utilize available DSP registers.
INFO: [HLS 200-486] Changing DSP latency (root=mul_ln65_552) to 3 in order to utilize available DSP registers.
INFO: [HLS 200-486] Changing DSP latency (root=mul_ln65_545) to 3 in order to utilize available DSP registers.
INFO: [HLS 200-486] Changing DSP latency (root=mul_ln65_546) to 3 in order to utilize available DSP registers.
INFO: [HLS 200-486] Changing DSP latency (root=mul_ln65_549) to 3 in order to utilize available DSP registers.
INFO: [HLS 200-486] Changing DSP latency (root=mul_ln65_547) to 3 in order to utilize available DSP registers.
INFO: [HLS 200-486] Changing DSP latency (root=mul_ln65_540) to 3 in order to utilize available DSP registers.
INFO: [HLS 200-486] Changing DSP latency (root=mul_ln65_541) to 3 in order to utilize available DSP registers.
INFO: [HLS 200-486] Changing DSP latency (root=mul_ln65_544) to 3 in order to utilize available DSP registers.
INFO: [HLS 200-486] Changing DSP latency (root=mul_ln65_542) to 3 in order to utilize available DSP registers.
INFO: [HLS 200-486] Changing DSP latency (root=mul_ln65_535) to 3 in order to utilize available DSP registers.
INFO: [HLS 200-486] Changing DSP latency (root=mul_ln65_536) to 3 in order to utilize available DSP registers.
INFO: [HLS 200-486] Changing DSP latency (root=mul_ln65_539) to 3 in order to utilize available DSP registers.
INFO: [HLS 200-486] Changing DSP latency (root=mul_ln65_537) to 3 in order to utilize available DSP registers.
INFO: [HLS 200-486] Changing DSP latency (root=mul_ln65_530) to 3 in order to utilize available DSP registers.
INFO: [HLS 200-486] Changing DSP latency (root=mul_ln65_531) to 3 in order to utilize available DSP registers.
INFO: [HLS 200-486] Changing DSP latency (root=mul_ln65_534) to 3 in order to utilize available DSP registers.
INFO: [HLS 200-486] Changing DSP latency (root=mul_ln65_532) to 3 in order to utilize available DSP registers.
INFO: [HLS 200-486] Changing DSP latency (root=mul_ln65_525) to 3 in order to utilize available DSP registers.
INFO: [HLS 200-486] Changing DSP latency (root=mul_ln65_526) to 3 in order to utilize available DSP registers.
INFO: [HLS 200-486] Changing DSP latency (root=mul_ln65_529) to 3 in order to utilize available DSP registers.
INFO: [HLS 200-486] Changing DSP latency (root=mul_ln65_527) to 3 in order to utilize available DSP registers.
INFO: [HLS 200-486] Changing DSP latency (root=mul_ln65_520) to 3 in order to utilize available DSP registers.
INFO: [HLS 200-486] Changing DSP latency (root=mul_ln65_521) to 3 in order to utilize available DSP registers.
INFO: [HLS 200-486] Changing DSP latency (root=mul_ln65_524) to 3 in order to utilize available DSP registers.
INFO: [HLS 200-486] Changing DSP latency (root=mul_ln65_522) to 3 in order to utilize available DSP registers.
INFO: [HLS 200-486] Changing DSP latency (root=mul_ln65_515) to 3 in order to utilize available DSP registers.
INFO: [HLS 200-486] Changing DSP latency (root=mul_ln65_516) to 3 in order to utilize available DSP registers.
INFO: [HLS 200-486] Changing DSP latency (root=mul_ln65_519) to 3 in order to utilize available DSP registers.
INFO: [HLS 200-486] Changing DSP latency (root=mul_ln65_517) to 3 in order to utilize available DSP registers.
INFO: [HLS 200-486] Changing DSP latency (root=mul_ln65_510) to 3 in order to utilize available DSP registers.
INFO: [HLS 200-486] Changing DSP latency (root=mul_ln65_511) to 3 in order to utilize available DSP registers.
INFO: [HLS 200-486] Changing DSP latency (root=mul_ln65_514) to 3 in order to utilize available DSP registers.
INFO: [HLS 200-486] Changing DSP latency (root=mul_ln65_512) to 3 in order to utilize available DSP registers.
INFO: [HLS 200-486] Changing DSP latency (root=mul_ln65_505) to 3 in order to utilize available DSP registers.
INFO: [HLS 200-486] Changing DSP latency (root=mul_ln65_506) to 3 in order to utilize available DSP registers.
INFO: [HLS 200-486] Changing DSP latency (root=mul_ln65_509) to 3 in order to utilize available DSP registers.
INFO: [HLS 200-486] Changing DSP latency (root=mul_ln65_507) to 3 in order to utilize available DSP registers.
INFO: [HLS 200-486] Changing DSP latency (root=mul_ln65_500) to 3 in order to utilize available DSP registers.
INFO: [HLS 200-486] Changing DSP latency (root=mul_ln65_501) to 3 in order to utilize available DSP registers.
INFO: [HLS 200-486] Changing DSP latency (root=mul_ln65_504) to 3 in order to utilize available DSP registers.
INFO: [HLS 200-486] Changing DSP latency (root=mul_ln65_502) to 3 in order to utilize available DSP registers.
INFO: [HLS 200-486] Changing DSP latency (root=mul_ln65_495) to 3 in order to utilize available DSP registers.
INFO: [HLS 200-486] Changing DSP latency (root=mul_ln65_496) to 3 in order to utilize available DSP registers.
INFO: [HLS 200-486] Changing DSP latency (root=mul_ln65_499) to 3 in order to utilize available DSP registers.
INFO: [HLS 200-486] Changing DSP latency (root=mul_ln65_497) to 3 in order to utilize available DSP registers.
INFO: [HLS 200-486] Changing DSP latency (root=mul_ln65_490) to 3 in order to utilize available DSP registers.
INFO: [HLS 200-486] Changing DSP latency (root=mul_ln65_491) to 3 in order to utilize available DSP registers.
INFO: [HLS 200-486] Changing DSP latency (root=mul_ln65_494) to 3 in order to utilize available DSP registers.
INFO: [HLS 200-486] Changing DSP latency (root=mul_ln65_492) to 3 in order to utilize available DSP registers.
INFO: [HLS 200-486] Changing DSP latency (root=mul_ln65_485) to 3 in order to utilize available DSP registers.
INFO: [HLS 200-486] Changing DSP latency (root=mul_ln65_486) to 3 in order to utilize available DSP registers.
INFO: [HLS 200-486] Changing DSP latency (root=mul_ln65_489) to 3 in order to utilize available DSP registers.
INFO: [HLS 200-486] Changing DSP latency (root=mul_ln65_487) to 3 in order to utilize available DSP registers.
INFO: [HLS 200-486] Changing DSP latency (root=mul_ln65_480) to 3 in order to utilize available DSP registers.
INFO: [HLS 200-486] Changing DSP latency (root=mul_ln65_481) to 3 in order to utilize available DSP registers.
INFO: [HLS 200-486] Changing DSP latency (root=mul_ln65_484) to 3 in order to utilize available DSP registers.
INFO: [HLS 200-486] Changing DSP latency (root=mul_ln65_482) to 3 in order to utilize available DSP registers.
INFO: [HLS 200-486] Changing DSP latency (root=mul_ln65_477) to 3 in order to utilize available DSP registers.
INFO: [HLS 200-486] Changing DSP latency (root=mul_ln65_478) to 3 in order to utilize available DSP registers.
INFO: [HLS 200-486] Changing DSP latency (root=mul_ln58_284) to 3 in order to utilize available DSP registers.
INFO: [HLS 200-486] Changing DSP latency (root=mul_ln65_474) to 3 in order to utilize available DSP registers.
INFO: [HLS 200-486] Changing DSP latency (root=mul_ln65_475) to 3 in order to utilize available DSP registers.
INFO: [HLS 200-486] Changing DSP latency (root=mul_ln58_283) to 3 in order to utilize available DSP registers.
INFO: [HLS 200-486] Changing DSP latency (root=mul_ln65_471) to 3 in order to utilize available DSP registers.
INFO: [HLS 200-486] Changing DSP latency (root=mul_ln65_472) to 3 in order to utilize available DSP registers.
INFO: [HLS 200-486] Changing DSP latency (root=mul_ln58_282) to 3 in order to utilize available DSP registers.
INFO: [HLS 200-486] Changing DSP latency (root=mul_ln65_468) to 3 in order to utilize available DSP registers.
INFO: [HLS 200-486] Changing DSP latency (root=mul_ln65_469) to 3 in order to utilize available DSP registers.
INFO: [HLS 200-486] Changing DSP latency (root=mul_ln58_281) to 3 in order to utilize available DSP registers.
INFO: [HLS 200-486] Changing DSP latency (root=mul_ln65_465) to 3 in order to utilize available DSP registers.
INFO: [HLS 200-486] Changing DSP latency (root=mul_ln65_466) to 3 in order to utilize available DSP registers.
INFO: [HLS 200-486] Changing DSP latency (root=mul_ln58_280) to 3 in order to utilize available DSP registers.
INFO: [HLS 200-486] Changing DSP latency (root=mul_ln65_462) to 3 in order to utilize available DSP registers.
INFO: [HLS 200-486] Changing DSP latency (root=mul_ln65_463) to 3 in order to utilize available DSP registers.
INFO: [HLS 200-486] Changing DSP latency (root=mul_ln58_279) to 3 in order to utilize available DSP registers.
INFO: [HLS 200-486] Changing DSP latency (root=mul_ln65_459) to 3 in order to utilize available DSP registers.
INFO: [HLS 200-486] Changing DSP latency (root=mul_ln65_460) to 3 in order to utilize available DSP registers.
INFO: [HLS 200-486] Changing DSP latency (root=mul_ln58_278) to 3 in order to utilize available DSP registers.
INFO: [HLS 200-486] Changing DSP latency (root=mul_ln65_456) to 3 in order to utilize available DSP registers.
INFO: [HLS 200-486] Changing DSP latency (root=mul_ln65_457) to 3 in order to utilize available DSP registers.
INFO: [HLS 200-486] Changing DSP latency (root=mul_ln58_277) to 3 in order to utilize available DSP registers.
INFO: [HLS 200-486] Changing DSP latency (root=mul_ln65_453) to 3 in order to utilize available DSP registers.
INFO: [HLS 200-486] Changing DSP latency (root=mul_ln65_454) to 3 in order to utilize available DSP registers.
INFO: [HLS 200-486] Changing DSP latency (root=mul_ln58_276) to 3 in order to utilize available DSP registers.
INFO: [HLS 200-486] Changing DSP latency (root=mul_ln65_450) to 3 in order to utilize available DSP registers.
INFO: [HLS 200-486] Changing DSP latency (root=mul_ln65_451) to 3 in order to utilize available DSP registers.
INFO: [HLS 200-486] Changing DSP latency (root=mul_ln58_275) to 3 in order to utilize available DSP registers.
INFO: [HLS 200-486] Changing DSP latency (root=mul_ln65_447) to 3 in order to utilize available DSP registers.
INFO: [HLS 200-486] Changing DSP latency (root=mul_ln65_448) to 3 in order to utilize available DSP registers.
INFO: [HLS 200-486] Changing DSP latency (root=mul_ln58_274) to 3 in order to utilize available DSP registers.
INFO: [HLS 200-486] Changing DSP latency (root=mul_ln65_444) to 3 in order to utilize available DSP registers.
INFO: [HLS 200-486] Changing DSP latency (root=mul_ln65_445) to 3 in order to utilize available DSP registers.
INFO: [HLS 200-486] Changing DSP latency (root=mul_ln58_273) to 3 in order to utilize available DSP registers.
INFO: [HLS 200-486] Changing DSP latency (root=mul_ln65_441) to 3 in order to utilize available DSP registers.
INFO: [HLS 200-486] Changing DSP latency (root=mul_ln65_442) to 3 in order to utilize available DSP registers.
INFO: [HLS 200-486] Changing DSP latency (root=mul_ln58_272) to 3 in order to utilize available DSP registers.
INFO: [HLS 200-486] Changing DSP latency (root=mul_ln65_438) to 3 in order to utilize available DSP registers.
INFO: [HLS 200-486] Changing DSP latency (root=mul_ln65_439) to 3 in order to utilize available DSP registers.
INFO: [HLS 200-486] Changing DSP latency (root=mul_ln58_271) to 3 in order to utilize available DSP registers.
INFO: [HLS 200-486] Changing DSP latency (root=mul_ln65_435) to 3 in order to utilize available DSP registers.
INFO: [HLS 200-486] Changing DSP latency (root=mul_ln65_436) to 3 in order to utilize available DSP registers.
INFO: [HLS 200-486] Changing DSP latency (root=mul_ln58_270) to 3 in order to utilize available DSP registers.
INFO: [HLS 200-486] Changing DSP latency (root=mul_ln65_434) to 3 in order to utilize available DSP registers.
INFO: [HLS 200-486] Changing DSP latency (root=mul_ln58_268) to 3 in order to utilize available DSP registers.
INFO: [HLS 200-486] Changing DSP latency (root=mul_ln65_432) to 3 in order to utilize available DSP registers.
INFO: [HLS 200-486] Changing DSP latency (root=mul_ln65_433) to 3 in order to utilize available DSP registers.
INFO: [HLS 200-486] Changing DSP latency (root=mul_ln58_269) to 3 in order to utilize available DSP registers.
INFO: [HLS 200-486] Changing DSP latency (root=mul_ln65_430) to 3 in order to utilize available DSP registers.
INFO: [HLS 200-486] Changing DSP latency (root=mul_ln58_264) to 3 in order to utilize available DSP registers.
INFO: [HLS 200-486] Changing DSP latency (root=mul_ln65_428) to 3 in order to utilize available DSP registers.
INFO: [HLS 200-486] Changing DSP latency (root=mul_ln65_429) to 3 in order to utilize available DSP registers.
INFO: [HLS 200-486] Changing DSP latency (root=mul_ln58_265) to 3 in order to utilize available DSP registers.
INFO: [HLS 200-486] Changing DSP latency (root=mul_ln65_426) to 3 in order to utilize available DSP registers.
INFO: [HLS 200-486] Changing DSP latency (root=mul_ln58_260) to 3 in order to utilize available DSP registers.
INFO: [HLS 200-486] Changing DSP latency (root=mul_ln65_424) to 3 in order to utilize available DSP registers.
INFO: [HLS 200-486] Changing DSP latency (root=mul_ln65_425) to 3 in order to utilize available DSP registers.
INFO: [HLS 200-486] Changing DSP latency (root=mul_ln58_261) to 3 in order to utilize available DSP registers.
INFO: [HLS 200-486] Changing DSP latency (root=mul_ln65_422) to 3 in order to utilize available DSP registers.
INFO: [HLS 200-486] Changing DSP latency (root=mul_ln58_256) to 3 in order to utilize available DSP registers.
INFO: [HLS 200-486] Changing DSP latency (root=mul_ln65_420) to 3 in order to utilize available DSP registers.
INFO: [HLS 200-486] Changing DSP latency (root=mul_ln65_421) to 3 in order to utilize available DSP registers.
INFO: [HLS 200-486] Changing DSP latency (root=mul_ln58_257) to 3 in order to utilize available DSP registers.
INFO: [HLS 200-486] Changing DSP latency (root=mul_ln65_418) to 3 in order to utilize available DSP registers.
INFO: [HLS 200-486] Changing DSP latency (root=mul_ln58_252) to 3 in order to utilize available DSP registers.
INFO: [HLS 200-486] Changing DSP latency (root=mul_ln65_416) to 3 in order to utilize available DSP registers.
INFO: [HLS 200-486] Changing DSP latency (root=mul_ln65_417) to 3 in order to utilize available DSP registers.
INFO: [HLS 200-486] Changing DSP latency (root=mul_ln58_253) to 3 in order to utilize available DSP registers.
INFO: [HLS 200-486] Changing DSP latency (root=mul_ln65_414) to 3 in order to utilize available DSP registers.
INFO: [HLS 200-486] Changing DSP latency (root=mul_ln58_248) to 3 in order to utilize available DSP registers.
INFO: [HLS 200-486] Changing DSP latency (root=mul_ln65_412) to 3 in order to utilize available DSP registers.
INFO: [HLS 200-486] Changing DSP latency (root=mul_ln65_413) to 3 in order to utilize available DSP registers.
INFO: [HLS 200-486] Changing DSP latency (root=mul_ln58_249) to 3 in order to utilize available DSP registers.
INFO: [HLS 200-486] Changing DSP latency (root=mul_ln65_410) to 3 in order to utilize available DSP registers.
INFO: [HLS 200-486] Changing DSP latency (root=mul_ln58_244) to 3 in order to utilize available DSP registers.
INFO: [HLS 200-486] Changing DSP latency (root=mul_ln65_408) to 3 in order to utilize available DSP registers.
INFO: [HLS 200-486] Changing DSP latency (root=mul_ln65_409) to 3 in order to utilize available DSP registers.
INFO: [HLS 200-486] Changing DSP latency (root=mul_ln58_245) to 3 in order to utilize available DSP registers.
INFO: [HLS 200-486] Changing DSP latency (root=mul_ln65_406) to 3 in order to utilize available DSP registers.
INFO: [HLS 200-486] Changing DSP latency (root=mul_ln58_240) to 3 in order to utilize available DSP registers.
INFO: [HLS 200-486] Changing DSP latency (root=mul_ln65_404) to 3 in order to utilize available DSP registers.
INFO: [HLS 200-486] Changing DSP latency (root=mul_ln65_405) to 3 in order to utilize available DSP registers.
INFO: [HLS 200-486] Changing DSP latency (root=mul_ln58_241) to 3 in order to utilize available DSP registers.
INFO: [HLS 200-486] Changing DSP latency (root=mul_ln65_402) to 3 in order to utilize available DSP registers.
INFO: [HLS 200-486] Changing DSP latency (root=mul_ln58_236) to 3 in order to utilize available DSP registers.
INFO: [HLS 200-486] Changing DSP latency (root=mul_ln65_400) to 3 in order to utilize available DSP registers.
INFO: [HLS 200-486] Changing DSP latency (root=mul_ln65_401) to 3 in order to utilize available DSP registers.
INFO: [HLS 200-486] Changing DSP latency (root=mul_ln58_237) to 3 in order to utilize available DSP registers.
INFO: [HLS 200-486] Changing DSP latency (root=mul_ln65_398) to 3 in order to utilize available DSP registers.
INFO: [HLS 200-486] Changing DSP latency (root=mul_ln58_232) to 3 in order to utilize available DSP registers.
INFO: [HLS 200-486] Changing DSP latency (root=mul_ln65_396) to 3 in order to utilize available DSP registers.
INFO: [HLS 200-486] Changing DSP latency (root=mul_ln65_397) to 3 in order to utilize available DSP registers.
INFO: [HLS 200-486] Changing DSP latency (root=mul_ln58_233) to 3 in order to utilize available DSP registers.
INFO: [HLS 200-486] Changing DSP latency (root=mul_ln65_394) to 3 in order to utilize available DSP registers.
INFO: [HLS 200-486] Changing DSP latency (root=mul_ln58_228) to 3 in order to utilize available DSP registers.
INFO: [HLS 200-486] Changing DSP latency (root=mul_ln65_392) to 3 in order to utilize available DSP registers.
INFO: [HLS 200-486] Changing DSP latency (root=mul_ln65_393) to 3 in order to utilize available DSP registers.
INFO: [HLS 200-486] Changing DSP latency (root=mul_ln58_229) to 3 in order to utilize available DSP registers.
INFO: [HLS 200-486] Changing DSP latency (root=mul_ln65_390) to 3 in order to utilize available DSP registers.
INFO: [HLS 200-486] Changing DSP latency (root=mul_ln58_224) to 3 in order to utilize available DSP registers.
INFO: [HLS 200-486] Changing DSP latency (root=mul_ln65_388) to 3 in order to utilize available DSP registers.
INFO: [HLS 200-486] Changing DSP latency (root=mul_ln65_389) to 3 in order to utilize available DSP registers.
INFO: [HLS 200-486] Changing DSP latency (root=mul_ln58_225) to 3 in order to utilize available DSP registers.
INFO: [HLS 200-486] Changing DSP latency (root=mul_ln65_386) to 3 in order to utilize available DSP registers.
INFO: [HLS 200-486] Changing DSP latency (root=mul_ln58_220) to 3 in order to utilize available DSP registers.
INFO: [HLS 200-486] Changing DSP latency (root=mul_ln65_384) to 3 in order to utilize available DSP registers.
INFO: [HLS 200-486] Changing DSP latency (root=mul_ln65_385) to 3 in order to utilize available DSP registers.
INFO: [HLS 200-486] Changing DSP latency (root=mul_ln58_221) to 3 in order to utilize available DSP registers.
INFO: [HLS 200-486] Changing DSP latency (root=mul_ln65_382) to 3 in order to utilize available DSP registers.
INFO: [HLS 200-486] Changing DSP latency (root=mul_ln58_216) to 3 in order to utilize available DSP registers.
INFO: [HLS 200-486] Changing DSP latency (root=mul_ln65_380) to 3 in order to utilize available DSP registers.
INFO: [HLS 200-486] Changing DSP latency (root=mul_ln65_381) to 3 in order to utilize available DSP registers.
INFO: [HLS 200-486] Changing DSP latency (root=mul_ln58_217) to 3 in order to utilize available DSP registers.
INFO: [HLS 200-486] Changing DSP latency (root=mul_ln65_378) to 3 in order to utilize available DSP registers.
INFO: [HLS 200-486] Changing DSP latency (root=mul_ln58_212) to 3 in order to utilize available DSP registers.
INFO: [HLS 200-486] Changing DSP latency (root=mul_ln65_376) to 3 in order to utilize available DSP registers.
INFO: [HLS 200-486] Changing DSP latency (root=mul_ln65_377) to 3 in order to utilize available DSP registers.
INFO: [HLS 200-486] Changing DSP latency (root=mul_ln58_213) to 3 in order to utilize available DSP registers.
INFO: [HLS 200-486] Changing DSP latency (root=mul_ln58_208) to 3 in order to utilize available DSP registers.
INFO: [HLS 200-486] Changing DSP latency (root=mul_ln65_373) to 3 in order to utilize available DSP registers.
INFO: [HLS 200-486] Changing DSP latency (root=mul_ln65_374) to 3 in order to utilize available DSP registers.
INFO: [HLS 200-486] Changing DSP latency (root=mul_ln58_209) to 3 in order to utilize available DSP registers.
INFO: [HLS 200-486] Changing DSP latency (root=mul_ln58_206) to 3 in order to utilize available DSP registers.
INFO: [HLS 200-486] Changing DSP latency (root=mul_ln65_371) to 3 in order to utilize available DSP registers.
INFO: [HLS 200-486] Changing DSP latency (root=mul_ln65_372) to 3 in order to utilize available DSP registers.
INFO: [HLS 200-486] Changing DSP latency (root=mul_ln58_207) to 3 in order to utilize available DSP registers.
INFO: [HLS 200-486] Changing DSP latency (root=mul_ln58_204) to 3 in order to utilize available DSP registers.
INFO: [HLS 200-486] Changing DSP latency (root=mul_ln65_369) to 3 in order to utilize available DSP registers.
INFO: [HLS 200-486] Changing DSP latency (root=mul_ln65_370) to 3 in order to utilize available DSP registers.
INFO: [HLS 200-486] Changing DSP latency (root=mul_ln58_205) to 3 in order to utilize available DSP registers.
INFO: [HLS 200-486] Changing DSP latency (root=mul_ln58_202) to 3 in order to utilize available DSP registers.
INFO: [HLS 200-486] Changing DSP latency (root=mul_ln65_367) to 3 in order to utilize available DSP registers.
INFO: [HLS 200-486] Changing DSP latency (root=mul_ln65_368) to 3 in order to utilize available DSP registers.
INFO: [HLS 200-486] Changing DSP latency (root=mul_ln58_203) to 3 in order to utilize available DSP registers.
INFO: [HLS 200-486] Changing DSP latency (root=mul_ln58_200) to 3 in order to utilize available DSP registers.
INFO: [HLS 200-486] Changing DSP latency (root=mul_ln65_365) to 3 in order to utilize available DSP registers.
INFO: [HLS 200-486] Changing DSP latency (root=mul_ln65_366) to 3 in order to utilize available DSP registers.
INFO: [HLS 200-486] Changing DSP latency (root=mul_ln58_201) to 3 in order to utilize available DSP registers.
INFO: [HLS 200-486] Changing DSP latency (root=mul_ln58_198) to 3 in order to utilize available DSP registers.
INFO: [HLS 200-486] Changing DSP latency (root=mul_ln65_363) to 3 in order to utilize available DSP registers.
INFO: [HLS 200-486] Changing DSP latency (root=mul_ln65_364) to 3 in order to utilize available DSP registers.
INFO: [HLS 200-486] Changing DSP latency (root=mul_ln58_199) to 3 in order to utilize available DSP registers.
INFO: [HLS 200-486] Changing DSP latency (root=mul_ln58_196) to 3 in order to utilize available DSP registers.
INFO: [HLS 200-486] Changing DSP latency (root=mul_ln65_361) to 3 in order to utilize available DSP registers.
INFO: [HLS 200-486] Changing DSP latency (root=mul_ln65_362) to 3 in order to utilize available DSP registers.
INFO: [HLS 200-486] Changing DSP latency (root=mul_ln58_197) to 3 in order to utilize available DSP registers.
INFO: [HLS 200-486] Changing DSP latency (root=mul_ln58_194) to 3 in order to utilize available DSP registers.
INFO: [HLS 200-486] Changing DSP latency (root=mul_ln65_359) to 3 in order to utilize available DSP registers.
INFO: [HLS 200-486] Changing DSP latency (root=mul_ln65_360) to 3 in order to utilize available DSP registers.
INFO: [HLS 200-486] Changing DSP latency (root=mul_ln58_195) to 3 in order to utilize available DSP registers.
INFO: [HLS 200-486] Changing DSP latency (root=mul_ln58_192) to 3 in order to utilize available DSP registers.
INFO: [HLS 200-486] Changing DSP latency (root=mul_ln65_357) to 3 in order to utilize available DSP registers.
INFO: [HLS 200-486] Changing DSP latency (root=mul_ln65_358) to 3 in order to utilize available DSP registers.
INFO: [HLS 200-486] Changing DSP latency (root=mul_ln58_193) to 3 in order to utilize available DSP registers.
INFO: [HLS 200-486] Changing DSP latency (root=mul_ln58_190) to 3 in order to utilize available DSP registers.
INFO: [HLS 200-486] Changing DSP latency (root=mul_ln65_355) to 3 in order to utilize available DSP registers.
INFO: [HLS 200-486] Changing DSP latency (root=mul_ln65_356) to 3 in order to utilize available DSP registers.
INFO: [HLS 200-486] Changing DSP latency (root=mul_ln58_191) to 3 in order to utilize available DSP registers.
INFO: [HLS 200-486] Changing DSP latency (root=mul_ln58_188) to 3 in order to utilize available DSP registers.
INFO: [HLS 200-486] Changing DSP latency (root=mul_ln65_353) to 3 in order to utilize available DSP registers.
INFO: [HLS 200-486] Changing DSP latency (root=mul_ln65_354) to 3 in order to utilize available DSP registers.
INFO: [HLS 200-486] Changing DSP latency (root=mul_ln58_189) to 3 in order to utilize available DSP registers.
INFO: [HLS 200-486] Changing DSP latency (root=mul_ln58_186) to 3 in order to utilize available DSP registers.
INFO: [HLS 200-486] Changing DSP latency (root=mul_ln65_351) to 3 in order to utilize available DSP registers.
INFO: [HLS 200-486] Changing DSP latency (root=mul_ln65_352) to 3 in order to utilize available DSP registers.
INFO: [HLS 200-486] Changing DSP latency (root=mul_ln58_187) to 3 in order to utilize available DSP registers.
INFO: [HLS 200-486] Changing DSP latency (root=mul_ln58_184) to 3 in order to utilize available DSP registers.
INFO: [HLS 200-486] Changing DSP latency (root=mul_ln65_349) to 3 in order to utilize available DSP registers.
INFO: [HLS 200-486] Changing DSP latency (root=mul_ln65_350) to 3 in order to utilize available DSP registers.
INFO: [HLS 200-486] Changing DSP latency (root=mul_ln58_185) to 3 in order to utilize available DSP registers.
INFO: [HLS 200-486] Changing DSP latency (root=mul_ln58_182) to 3 in order to utilize available DSP registers.
INFO: [HLS 200-486] Changing DSP latency (root=mul_ln65_347) to 3 in order to utilize available DSP registers.
INFO: [HLS 200-486] Changing DSP latency (root=mul_ln65_348) to 3 in order to utilize available DSP registers.
INFO: [HLS 200-486] Changing DSP latency (root=mul_ln58_183) to 3 in order to utilize available DSP registers.
INFO: [HLS 200-486] Changing DSP latency (root=mul_ln58_180) to 3 in order to utilize available DSP registers.
INFO: [HLS 200-486] Changing DSP latency (root=mul_ln65_345) to 3 in order to utilize available DSP registers.
INFO: [HLS 200-486] Changing DSP latency (root=mul_ln65_346) to 3 in order to utilize available DSP registers.
INFO: [HLS 200-486] Changing DSP latency (root=mul_ln58_181) to 3 in order to utilize available DSP registers.
INFO: [HLS 200-486] Changing DSP latency (root=mul_ln65_342) to 3 in order to utilize available DSP registers.
INFO: [HLS 200-486] Changing DSP latency (root=mul_ln65_343) to 3 in order to utilize available DSP registers.
INFO: [HLS 200-486] Changing DSP latency (root=mul_ln65_344) to 3 in order to utilize available DSP registers.
INFO: [HLS 200-486] Changing DSP latency (root=mul_ln58_178) to 3 in order to utilize available DSP registers.
INFO: [HLS 200-486] Changing DSP latency (root=mul_ln58_179) to 3 in order to utilize available DSP registers.
INFO: [HLS 200-486] Changing DSP latency (root=mul_ln65_339) to 3 in order to utilize available DSP registers.
INFO: [HLS 200-486] Changing DSP latency (root=mul_ln65_340) to 3 in order to utilize available DSP registers.
INFO: [HLS 200-486] Changing DSP latency (root=mul_ln65_341) to 3 in order to utilize available DSP registers.
INFO: [HLS 200-486] Changing DSP latency (root=mul_ln58_176) to 3 in order to utilize available DSP registers.
INFO: [HLS 200-486] Changing DSP latency (root=mul_ln58_177) to 3 in order to utilize available DSP registers.
INFO: [HLS 200-486] Changing DSP latency (root=mul_ln65_336) to 3 in order to utilize available DSP registers.
INFO: [HLS 200-486] Changing DSP latency (root=mul_ln65_337) to 3 in order to utilize available DSP registers.
INFO: [HLS 200-486] Changing DSP latency (root=mul_ln65_338) to 3 in order to utilize available DSP registers.
INFO: [HLS 200-486] Changing DSP latency (root=mul_ln58_174) to 3 in order to utilize available DSP registers.
INFO: [HLS 200-486] Changing DSP latency (root=mul_ln58_175) to 3 in order to utilize available DSP registers.
INFO: [HLS 200-486] Changing DSP latency (root=mul_ln65_333) to 3 in order to utilize available DSP registers.
INFO: [HLS 200-486] Changing DSP latency (root=mul_ln65_334) to 3 in order to utilize available DSP registers.
INFO: [HLS 200-486] Changing DSP latency (root=mul_ln65_335) to 3 in order to utilize available DSP registers.
INFO: [HLS 200-486] Changing DSP latency (root=mul_ln58_172) to 3 in order to utilize available DSP registers.
INFO: [HLS 200-486] Changing DSP latency (root=mul_ln58_173) to 3 in order to utilize available DSP registers.
INFO: [HLS 200-486] Changing DSP latency (root=mul_ln65_330) to 3 in order to utilize available DSP registers.
INFO: [HLS 200-486] Changing DSP latency (root=mul_ln65_331) to 3 in order to utilize available DSP registers.
INFO: [HLS 200-486] Changing DSP latency (root=mul_ln65_332) to 3 in order to utilize available DSP registers.
INFO: [HLS 200-486] Changing DSP latency (root=mul_ln58_170) to 3 in order to utilize available DSP registers.
INFO: [HLS 200-486] Changing DSP latency (root=mul_ln58_171) to 3 in order to utilize available DSP registers.
INFO: [HLS 200-486] Changing DSP latency (root=mul_ln65_327) to 3 in order to utilize available DSP registers.
INFO: [HLS 200-486] Changing DSP latency (root=mul_ln65_328) to 3 in order to utilize available DSP registers.
INFO: [HLS 200-486] Changing DSP latency (root=mul_ln65_329) to 3 in order to utilize available DSP registers.
INFO: [HLS 200-486] Changing DSP latency (root=mul_ln58_168) to 3 in order to utilize available DSP registers.
INFO: [HLS 200-486] Changing DSP latency (root=mul_ln58_169) to 3 in order to utilize available DSP registers.
INFO: [HLS 200-486] Changing DSP latency (root=mul_ln65_324) to 3 in order to utilize available DSP registers.
INFO: [HLS 200-486] Changing DSP latency (root=mul_ln65_325) to 3 in order to utilize available DSP registers.
INFO: [HLS 200-486] Changing DSP latency (root=mul_ln65_326) to 3 in order to utilize available DSP registers.
INFO: [HLS 200-486] Changing DSP latency (root=mul_ln58_166) to 3 in order to utilize available DSP registers.
INFO: [HLS 200-486] Changing DSP latency (root=mul_ln58_167) to 3 in order to utilize available DSP registers.
INFO: [HLS 200-486] Changing DSP latency (root=mul_ln65_321) to 3 in order to utilize available DSP registers.
INFO: [HLS 200-486] Changing DSP latency (root=mul_ln65_322) to 3 in order to utilize available DSP registers.
INFO: [HLS 200-486] Changing DSP latency (root=mul_ln65_323) to 3 in order to utilize available DSP registers.
INFO: [HLS 200-486] Changing DSP latency (root=mul_ln58_164) to 3 in order to utilize available DSP registers.
INFO: [HLS 200-486] Changing DSP latency (root=mul_ln58_165) to 3 in order to utilize available DSP registers.
INFO: [HLS 200-486] Changing DSP latency (root=mul_ln65_318) to 3 in order to utilize available DSP registers.
INFO: [HLS 200-486] Changing DSP latency (root=mul_ln65_319) to 3 in order to utilize available DSP registers.
INFO: [HLS 200-486] Changing DSP latency (root=mul_ln65_320) to 3 in order to utilize available DSP registers.
INFO: [HLS 200-486] Changing DSP latency (root=mul_ln58_162) to 3 in order to utilize available DSP registers.
INFO: [HLS 200-486] Changing DSP latency (root=mul_ln58_163) to 3 in order to utilize available DSP registers.
INFO: [HLS 200-486] Changing DSP latency (root=mul_ln65_315) to 3 in order to utilize available DSP registers.
INFO: [HLS 200-486] Changing DSP latency (root=mul_ln65_316) to 3 in order to utilize available DSP registers.
INFO: [HLS 200-486] Changing DSP latency (root=mul_ln65_317) to 3 in order to utilize available DSP registers.
INFO: [HLS 200-486] Changing DSP latency (root=mul_ln58_160) to 3 in order to utilize available DSP registers.
INFO: [HLS 200-486] Changing DSP latency (root=mul_ln58_161) to 3 in order to utilize available DSP registers.
INFO: [HLS 200-486] Changing DSP latency (root=mul_ln65_312) to 3 in order to utilize available DSP registers.
INFO: [HLS 200-486] Changing DSP latency (root=mul_ln65_313) to 3 in order to utilize available DSP registers.
INFO: [HLS 200-486] Changing DSP latency (root=mul_ln65_314) to 3 in order to utilize available DSP registers.
INFO: [HLS 200-486] Changing DSP latency (root=mul_ln58_158) to 3 in order to utilize available DSP registers.
INFO: [HLS 200-486] Changing DSP latency (root=mul_ln58_159) to 3 in order to utilize available DSP registers.
INFO: [HLS 200-486] Changing DSP latency (root=mul_ln65_309) to 3 in order to utilize available DSP registers.
INFO: [HLS 200-486] Changing DSP latency (root=mul_ln65_310) to 3 in order to utilize available DSP registers.
INFO: [HLS 200-486] Changing DSP latency (root=mul_ln65_311) to 3 in order to utilize available DSP registers.
INFO: [HLS 200-486] Changing DSP latency (root=mul_ln58_156) to 3 in order to utilize available DSP registers.
INFO: [HLS 200-486] Changing DSP latency (root=mul_ln58_157) to 3 in order to utilize available DSP registers.
INFO: [HLS 200-486] Changing DSP latency (root=mul_ln65_306) to 3 in order to utilize available DSP registers.
INFO: [HLS 200-486] Changing DSP latency (root=mul_ln65_307) to 3 in order to utilize available DSP registers.
INFO: [HLS 200-486] Changing DSP latency (root=mul_ln65_308) to 3 in order to utilize available DSP registers.
INFO: [HLS 200-486] Changing DSP latency (root=mul_ln58_154) to 3 in order to utilize available DSP registers.
INFO: [HLS 200-486] Changing DSP latency (root=mul_ln58_155) to 3 in order to utilize available DSP registers.
INFO: [HLS 200-486] Changing DSP latency (root=mul_ln65_303) to 3 in order to utilize available DSP registers.
INFO: [HLS 200-486] Changing DSP latency (root=mul_ln65_304) to 3 in order to utilize available DSP registers.
INFO: [HLS 200-486] Changing DSP latency (root=mul_ln65_305) to 3 in order to utilize available DSP registers.
INFO: [HLS 200-486] Changing DSP latency (root=mul_ln58_152) to 3 in order to utilize available DSP registers.
INFO: [HLS 200-486] Changing DSP latency (root=mul_ln58_153) to 3 in order to utilize available DSP registers.
INFO: [HLS 200-486] Changing DSP latency (root=mul_ln65_300) to 3 in order to utilize available DSP registers.
INFO: [HLS 200-486] Changing DSP latency (root=mul_ln65_301) to 3 in order to utilize available DSP registers.
INFO: [HLS 200-486] Changing DSP latency (root=mul_ln65_302) to 3 in order to utilize available DSP registers.
INFO: [HLS 200-486] Changing DSP latency (root=mul_ln58_150) to 3 in order to utilize available DSP registers.
INFO: [HLS 200-486] Changing DSP latency (root=mul_ln58_151) to 3 in order to utilize available DSP registers.
INFO: [HLS 200-486] Changing DSP latency (root=mul_ln65_295) to 3 in order to utilize available DSP registers.
INFO: [HLS 200-486] Changing DSP latency (root=acc_461) to 3 in order to utilize available DSP registers.
INFO: [HLS 200-486] Changing DSP latency (root=tmp327) to 3 in order to utilize available DSP registers.
INFO: [HLS 200-486] Changing DSP latency (root=mul_ln65_296) to 3 in order to utilize available DSP registers.
INFO: [HLS 200-486] Changing DSP latency (root=mul_ln58_149) to 3 in order to utilize available DSP registers.
INFO: [HLS 200-486] Changing DSP latency (root=mul_ln65_289) to 3 in order to utilize available DSP registers.
INFO: [HLS 200-486] Changing DSP latency (root=acc_457) to 3 in order to utilize available DSP registers.
INFO: [HLS 200-486] Changing DSP latency (root=tmp324) to 3 in order to utilize available DSP registers.
INFO: [HLS 200-486] Changing DSP latency (root=mul_ln65_290) to 3 in order to utilize available DSP registers.
INFO: [HLS 200-486] Changing DSP latency (root=mul_ln58_148) to 3 in order to utilize available DSP registers.
INFO: [HLS 200-486] Changing DSP latency (root=mul_ln65_283) to 3 in order to utilize available DSP registers.
INFO: [HLS 200-486] Changing DSP latency (root=acc_453) to 3 in order to utilize available DSP registers.
INFO: [HLS 200-486] Changing DSP latency (root=tmp321) to 3 in order to utilize available DSP registers.
INFO: [HLS 200-486] Changing DSP latency (root=mul_ln65_284) to 3 in order to utilize available DSP registers.
INFO: [HLS 200-486] Changing DSP latency (root=mul_ln58_147) to 3 in order to utilize available DSP registers.
INFO: [HLS 200-486] Changing DSP latency (root=mul_ln65_277) to 3 in order to utilize available DSP registers.
INFO: [HLS 200-486] Changing DSP latency (root=acc_449) to 3 in order to utilize available DSP registers.
INFO: [HLS 200-486] Changing DSP latency (root=tmp318) to 3 in order to utilize available DSP registers.
INFO: [HLS 200-486] Changing DSP latency (root=mul_ln65_278) to 3 in order to utilize available DSP registers.
INFO: [HLS 200-486] Changing DSP latency (root=mul_ln58_146) to 3 in order to utilize available DSP registers.
INFO: [HLS 200-486] Changing DSP latency (root=mul_ln65_271) to 3 in order to utilize available DSP registers.
INFO: [HLS 200-486] Changing DSP latency (root=acc_445) to 3 in order to utilize available DSP registers.
INFO: [HLS 200-486] Changing DSP latency (root=tmp315) to 3 in order to utilize available DSP registers.
INFO: [HLS 200-486] Changing DSP latency (root=mul_ln65_272) to 3 in order to utilize available DSP registers.
INFO: [HLS 200-486] Changing DSP latency (root=mul_ln58_145) to 3 in order to utilize available DSP registers.
INFO: [HLS 200-486] Changing DSP latency (root=mul_ln65_265) to 3 in order to utilize available DSP registers.
INFO: [HLS 200-486] Changing DSP latency (root=acc_441) to 3 in order to utilize available DSP registers.
INFO: [HLS 200-486] Changing DSP latency (root=tmp312) to 3 in order to utilize available DSP registers.
INFO: [HLS 200-486] Changing DSP latency (root=mul_ln65_266) to 3 in order to utilize available DSP registers.
INFO: [HLS 200-486] Changing DSP latency (root=mul_ln58_144) to 3 in order to utilize available DSP registers.
INFO: [HLS 200-486] Changing DSP latency (root=mul_ln65_259) to 3 in order to utilize available DSP registers.
INFO: [HLS 200-486] Changing DSP latency (root=acc_437) to 3 in order to utilize available DSP registers.
INFO: [HLS 200-486] Changing DSP latency (root=tmp309) to 3 in order to utilize available DSP registers.
INFO: [HLS 200-486] Changing DSP latency (root=mul_ln65_260) to 3 in order to utilize available DSP registers.
INFO: [HLS 200-486] Changing DSP latency (root=mul_ln58_143) to 3 in order to utilize available DSP registers.
INFO: [HLS 200-486] Changing DSP latency (root=mul_ln65_253) to 3 in order to utilize available DSP registers.
INFO: [HLS 200-486] Changing DSP latency (root=acc_433) to 3 in order to utilize available DSP registers.
INFO: [HLS 200-486] Changing DSP latency (root=tmp306) to 3 in order to utilize available DSP registers.
INFO: [HLS 200-486] Changing DSP latency (root=mul_ln65_254) to 3 in order to utilize available DSP registers.
INFO: [HLS 200-486] Changing DSP latency (root=mul_ln58_142) to 3 in order to utilize available DSP registers.
INFO: [HLS 200-486] Changing DSP latency (root=mul_ln65_247) to 3 in order to utilize available DSP registers.
INFO: [HLS 200-486] Changing DSP latency (root=acc_429) to 3 in order to utilize available DSP registers.
INFO: [HLS 200-486] Changing DSP latency (root=tmp303) to 3 in order to utilize available DSP registers.
INFO: [HLS 200-486] Changing DSP latency (root=mul_ln65_248) to 3 in order to utilize available DSP registers.
INFO: [HLS 200-486] Changing DSP latency (root=mul_ln58_141) to 3 in order to utilize available DSP registers.
INFO: [HLS 200-486] Changing DSP latency (root=mul_ln65_241) to 3 in order to utilize available DSP registers.
INFO: [HLS 200-486] Changing DSP latency (root=acc_425) to 3 in order to utilize available DSP registers.
INFO: [HLS 200-486] Changing DSP latency (root=tmp300) to 3 in order to utilize available DSP registers.
INFO: [HLS 200-486] Changing DSP latency (root=mul_ln65_242) to 3 in order to utilize available DSP registers.
INFO: [HLS 200-486] Changing DSP latency (root=mul_ln58_140) to 3 in order to utilize available DSP registers.
INFO: [HLS 200-486] Changing DSP latency (root=mul_ln65_235) to 3 in order to utilize available DSP registers.
INFO: [HLS 200-486] Changing DSP latency (root=acc_421) to 3 in order to utilize available DSP registers.
INFO: [HLS 200-486] Changing DSP latency (root=tmp297) to 3 in order to utilize available DSP registers.
INFO: [HLS 200-486] Changing DSP latency (root=mul_ln65_236) to 3 in order to utilize available DSP registers.
INFO: [HLS 200-486] Changing DSP latency (root=mul_ln58_139) to 3 in order to utilize available DSP registers.
INFO: [HLS 200-486] Changing DSP latency (root=mul_ln65_229) to 3 in order to utilize available DSP registers.
INFO: [HLS 200-486] Changing DSP latency (root=acc_417) to 3 in order to utilize available DSP registers.
INFO: [HLS 200-486] Changing DSP latency (root=tmp294) to 3 in order to utilize available DSP registers.
INFO: [HLS 200-486] Changing DSP latency (root=mul_ln65_230) to 3 in order to utilize available DSP registers.
INFO: [HLS 200-486] Changing DSP latency (root=mul_ln58_138) to 3 in order to utilize available DSP registers.
INFO: [HLS 200-486] Changing DSP latency (root=mul_ln65_223) to 3 in order to utilize available DSP registers.
INFO: [HLS 200-486] Changing DSP latency (root=acc_413) to 3 in order to utilize available DSP registers.
INFO: [HLS 200-486] Changing DSP latency (root=tmp291) to 3 in order to utilize available DSP registers.
INFO: [HLS 200-486] Changing DSP latency (root=mul_ln65_224) to 3 in order to utilize available DSP registers.
INFO: [HLS 200-486] Changing DSP latency (root=mul_ln58_137) to 3 in order to utilize available DSP registers.
INFO: [HLS 200-486] Changing DSP latency (root=mul_ln65_217) to 3 in order to utilize available DSP registers.
INFO: [HLS 200-486] Changing DSP latency (root=acc_409) to 3 in order to utilize available DSP registers.
INFO: [HLS 200-486] Changing DSP latency (root=tmp288) to 3 in order to utilize available DSP registers.
INFO: [HLS 200-486] Changing DSP latency (root=mul_ln65_218) to 3 in order to utilize available DSP registers.
INFO: [HLS 200-486] Changing DSP latency (root=mul_ln58_136) to 3 in order to utilize available DSP registers.
INFO: [HLS 200-486] Changing DSP latency (root=mul_ln65_211) to 3 in order to utilize available DSP registers.
INFO: [HLS 200-486] Changing DSP latency (root=acc_405) to 3 in order to utilize available DSP registers.
INFO: [HLS 200-486] Changing DSP latency (root=tmp285) to 3 in order to utilize available DSP registers.
INFO: [HLS 200-486] Changing DSP latency (root=mul_ln65_212) to 3 in order to utilize available DSP registers.
INFO: [HLS 200-486] Changing DSP latency (root=mul_ln58_135) to 3 in order to utilize available DSP registers.
INFO: [HLS 200-486] Changing DSP latency (root=mul_ln65_206) to 3 in order to utilize available DSP registers.
INFO: [HLS 200-486] Changing DSP latency (root=mul_ln65_204) to 3 in order to utilize available DSP registers.
INFO: [HLS 200-486] Changing DSP latency (root=mul_ln65_205) to 3 in order to utilize available DSP registers.
INFO: [HLS 200-486] Changing DSP latency (root=mul_ln65_209) to 3 in order to utilize available DSP registers.
INFO: [HLS 200-486] Changing DSP latency (root=mul_ln58_134) to 3 in order to utilize available DSP registers.
INFO: [HLS 200-486] Changing DSP latency (root=mul_ln65_200) to 3 in order to utilize available DSP registers.
INFO: [HLS 200-486] Changing DSP latency (root=mul_ln65_198) to 3 in order to utilize available DSP registers.
INFO: [HLS 200-486] Changing DSP latency (root=mul_ln65_199) to 3 in order to utilize available DSP registers.
INFO: [HLS 200-486] Changing DSP latency (root=mul_ln65_203) to 3 in order to utilize available DSP registers.
INFO: [HLS 200-486] Changing DSP latency (root=mul_ln58_131) to 3 in order to utilize available DSP registers.
INFO: [HLS 200-486] Changing DSP latency (root=mul_ln65_194) to 3 in order to utilize available DSP registers.
INFO: [HLS 200-486] Changing DSP latency (root=mul_ln65_192) to 3 in order to utilize available DSP registers.
INFO: [HLS 200-486] Changing DSP latency (root=mul_ln65_193) to 3 in order to utilize available DSP registers.
INFO: [HLS 200-486] Changing DSP latency (root=mul_ln65_197) to 3 in order to utilize available DSP registers.
INFO: [HLS 200-486] Changing DSP latency (root=mul_ln58_128) to 3 in order to utilize available DSP registers.
INFO: [HLS 200-486] Changing DSP latency (root=mul_ln65_188) to 3 in order to utilize available DSP registers.
INFO: [HLS 200-486] Changing DSP latency (root=mul_ln65_186) to 3 in order to utilize available DSP registers.
INFO: [HLS 200-486] Changing DSP latency (root=mul_ln65_187) to 3 in order to utilize available DSP registers.
INFO: [HLS 200-486] Changing DSP latency (root=mul_ln65_191) to 3 in order to utilize available DSP registers.
INFO: [HLS 200-486] Changing DSP latency (root=mul_ln58_125) to 3 in order to utilize available DSP registers.
INFO: [HLS 200-486] Changing DSP latency (root=mul_ln65_182) to 3 in order to utilize available DSP registers.
INFO: [HLS 200-486] Changing DSP latency (root=mul_ln65_180) to 3 in order to utilize available DSP registers.
INFO: [HLS 200-486] Changing DSP latency (root=mul_ln65_181) to 3 in order to utilize available DSP registers.
INFO: [HLS 200-486] Changing DSP latency (root=mul_ln65_185) to 3 in order to utilize available DSP registers.
INFO: [HLS 200-486] Changing DSP latency (root=mul_ln58_122) to 3 in order to utilize available DSP registers.
INFO: [HLS 200-486] Changing DSP latency (root=mul_ln65_176) to 3 in order to utilize available DSP registers.
INFO: [HLS 200-486] Changing DSP latency (root=mul_ln65_174) to 3 in order to utilize available DSP registers.
INFO: [HLS 200-486] Changing DSP latency (root=mul_ln65_175) to 3 in order to utilize available DSP registers.
INFO: [HLS 200-486] Changing DSP latency (root=mul_ln65_179) to 3 in order to utilize available DSP registers.
INFO: [HLS 200-486] Changing DSP latency (root=mul_ln58_119) to 3 in order to utilize available DSP registers.
INFO: [HLS 200-486] Changing DSP latency (root=mul_ln65_170) to 3 in order to utilize available DSP registers.
INFO: [HLS 200-486] Changing DSP latency (root=mul_ln65_168) to 3 in order to utilize available DSP registers.
INFO: [HLS 200-486] Changing DSP latency (root=mul_ln65_169) to 3 in order to utilize available DSP registers.
INFO: [HLS 200-486] Changing DSP latency (root=mul_ln65_173) to 3 in order to utilize available DSP registers.
INFO: [HLS 200-486] Changing DSP latency (root=mul_ln58_116) to 3 in order to utilize available DSP registers.
INFO: [HLS 200-486] Changing DSP latency (root=mul_ln65_164) to 3 in order to utilize available DSP registers.
INFO: [HLS 200-486] Changing DSP latency (root=mul_ln65_162) to 3 in order to utilize available DSP registers.
INFO: [HLS 200-486] Changing DSP latency (root=mul_ln65_163) to 3 in order to utilize available DSP registers.
INFO: [HLS 200-486] Changing DSP latency (root=mul_ln65_167) to 3 in order to utilize available DSP registers.
INFO: [HLS 200-486] Changing DSP latency (root=mul_ln58_113) to 3 in order to utilize available DSP registers.
INFO: [HLS 200-486] Changing DSP latency (root=mul_ln65_158) to 3 in order to utilize available DSP registers.
INFO: [HLS 200-486] Changing DSP latency (root=mul_ln65_156) to 3 in order to utilize available DSP registers.
INFO: [HLS 200-486] Changing DSP latency (root=mul_ln65_157) to 3 in order to utilize available DSP registers.
INFO: [HLS 200-486] Changing DSP latency (root=mul_ln65_161) to 3 in order to utilize available DSP registers.
INFO: [HLS 200-486] Changing DSP latency (root=mul_ln58_110) to 3 in order to utilize available DSP registers.
INFO: [HLS 200-486] Changing DSP latency (root=mul_ln65_152) to 3 in order to utilize available DSP registers.
INFO: [HLS 200-486] Changing DSP latency (root=mul_ln65_150) to 3 in order to utilize available DSP registers.
INFO: [HLS 200-486] Changing DSP latency (root=mul_ln65_151) to 3 in order to utilize available DSP registers.
INFO: [HLS 200-486] Changing DSP latency (root=mul_ln65_155) to 3 in order to utilize available DSP registers.
INFO: [HLS 200-486] Changing DSP latency (root=mul_ln58_107) to 3 in order to utilize available DSP registers.
INFO: [HLS 200-486] Changing DSP latency (root=mul_ln65_146) to 3 in order to utilize available DSP registers.
INFO: [HLS 200-486] Changing DSP latency (root=mul_ln65_144) to 3 in order to utilize available DSP registers.
INFO: [HLS 200-486] Changing DSP latency (root=mul_ln65_145) to 3 in order to utilize available DSP registers.
INFO: [HLS 200-486] Changing DSP latency (root=mul_ln65_149) to 3 in order to utilize available DSP registers.
INFO: [HLS 200-486] Changing DSP latency (root=mul_ln58_104) to 3 in order to utilize available DSP registers.
INFO: [HLS 200-486] Changing DSP latency (root=mul_ln65_140) to 3 in order to utilize available DSP registers.
INFO: [HLS 200-486] Changing DSP latency (root=mul_ln65_138) to 3 in order to utilize available DSP registers.
INFO: [HLS 200-486] Changing DSP latency (root=mul_ln65_139) to 3 in order to utilize available DSP registers.
INFO: [HLS 200-486] Changing DSP latency (root=mul_ln65_143) to 3 in order to utilize available DSP registers.
INFO: [HLS 200-486] Changing DSP latency (root=mul_ln58_101) to 3 in order to utilize available DSP registers.
INFO: [HLS 200-486] Changing DSP latency (root=mul_ln65_134) to 3 in order to utilize available DSP registers.
INFO: [HLS 200-486] Changing DSP latency (root=mul_ln65_132) to 3 in order to utilize available DSP registers.
INFO: [HLS 200-486] Changing DSP latency (root=mul_ln65_133) to 3 in order to utilize available DSP registers.
INFO: [HLS 200-486] Changing DSP latency (root=mul_ln65_137) to 3 in order to utilize available DSP registers.
INFO: [HLS 200-486] Changing DSP latency (root=mul_ln58_98) to 3 in order to utilize available DSP registers.
INFO: [HLS 200-486] Changing DSP latency (root=mul_ln65_128) to 3 in order to utilize available DSP registers.
INFO: [HLS 200-486] Changing DSP latency (root=mul_ln65_126) to 3 in order to utilize available DSP registers.
INFO: [HLS 200-486] Changing DSP latency (root=mul_ln65_127) to 3 in order to utilize available DSP registers.
INFO: [HLS 200-486] Changing DSP latency (root=mul_ln65_131) to 3 in order to utilize available DSP registers.
INFO: [HLS 200-486] Changing DSP latency (root=mul_ln58_95) to 3 in order to utilize available DSP registers.
INFO: [HLS 200-486] Changing DSP latency (root=mul_ln65_122) to 3 in order to utilize available DSP registers.
INFO: [HLS 200-486] Changing DSP latency (root=mul_ln65_120) to 3 in order to utilize available DSP registers.
INFO: [HLS 200-486] Changing DSP latency (root=mul_ln65_121) to 3 in order to utilize available DSP registers.
INFO: [HLS 200-486] Changing DSP latency (root=mul_ln65_125) to 3 in order to utilize available DSP registers.
INFO: [HLS 200-486] Changing DSP latency (root=mul_ln58_92) to 3 in order to utilize available DSP registers.
INFO: [HLS 200-486] Changing DSP latency (root=mul_ln58_87) to 3 in order to utilize available DSP registers.
INFO: [HLS 200-486] Changing DSP latency (root=mul_ln65_118) to 3 in order to utilize available DSP registers.
INFO: [HLS 200-486] Changing DSP latency (root=mul_ln58_89) to 3 in order to utilize available DSP registers.
INFO: [HLS 200-486] Changing DSP latency (root=mul_ln58_84) to 3 in order to utilize available DSP registers.
INFO: [HLS 200-486] Changing DSP latency (root=mul_ln65_116) to 3 in order to utilize available DSP registers.
INFO: [HLS 200-486] Changing DSP latency (root=mul_ln58_86) to 3 in order to utilize available DSP registers.
INFO: [HLS 200-486] Changing DSP latency (root=mul_ln58_81) to 3 in order to utilize available DSP registers.
INFO: [HLS 200-486] Changing DSP latency (root=mul_ln65_114) to 3 in order to utilize available DSP registers.
INFO: [HLS 200-486] Changing DSP latency (root=mul_ln58_83) to 3 in order to utilize available DSP registers.
INFO: [HLS 200-486] Changing DSP latency (root=mul_ln58_78) to 3 in order to utilize available DSP registers.
INFO: [HLS 200-486] Changing DSP latency (root=mul_ln65_112) to 3 in order to utilize available DSP registers.
INFO: [HLS 200-486] Changing DSP latency (root=mul_ln58_80) to 3 in order to utilize available DSP registers.
INFO: [HLS 200-486] Changing DSP latency (root=mul_ln58_75) to 3 in order to utilize available DSP registers.
INFO: [HLS 200-486] Changing DSP latency (root=mul_ln65_110) to 3 in order to utilize available DSP registers.
INFO: [HLS 200-486] Changing DSP latency (root=mul_ln58_77) to 3 in order to utilize available DSP registers.
INFO: [HLS 200-486] Changing DSP latency (root=mul_ln58_72) to 3 in order to utilize available DSP registers.
INFO: [HLS 200-486] Changing DSP latency (root=mul_ln65_108) to 3 in order to utilize available DSP registers.
INFO: [HLS 200-486] Changing DSP latency (root=mul_ln58_74) to 3 in order to utilize available DSP registers.
INFO: [HLS 200-486] Changing DSP latency (root=mul_ln58_69) to 3 in order to utilize available DSP registers.
INFO: [HLS 200-486] Changing DSP latency (root=mul_ln65_106) to 3 in order to utilize available DSP registers.
INFO: [HLS 200-486] Changing DSP latency (root=mul_ln58_71) to 3 in order to utilize available DSP registers.
INFO: [HLS 200-486] Changing DSP latency (root=mul_ln58_66) to 3 in order to utilize available DSP registers.
INFO: [HLS 200-486] Changing DSP latency (root=mul_ln65_104) to 3 in order to utilize available DSP registers.
INFO: [HLS 200-486] Changing DSP latency (root=mul_ln58_68) to 3 in order to utilize available DSP registers.
INFO: [HLS 200-486] Changing DSP latency (root=mul_ln58_63) to 3 in order to utilize available DSP registers.
INFO: [HLS 200-486] Changing DSP latency (root=mul_ln65_102) to 3 in order to utilize available DSP registers.
INFO: [HLS 200-486] Changing DSP latency (root=mul_ln58_65) to 3 in order to utilize available DSP registers.
INFO: [HLS 200-486] Changing DSP latency (root=mul_ln58_60) to 3 in order to utilize available DSP registers.
INFO: [HLS 200-486] Changing DSP latency (root=mul_ln65_100) to 3 in order to utilize available DSP registers.
INFO: [HLS 200-486] Changing DSP latency (root=mul_ln58_62) to 3 in order to utilize available DSP registers.
INFO: [HLS 200-486] Changing DSP latency (root=mul_ln58_57) to 3 in order to utilize available DSP registers.
INFO: [HLS 200-486] Changing DSP latency (root=mul_ln65_98) to 3 in order to utilize available DSP registers.
INFO: [HLS 200-486] Changing DSP latency (root=mul_ln58_59) to 3 in order to utilize available DSP registers.
INFO: [HLS 200-486] Changing DSP latency (root=mul_ln58_54) to 3 in order to utilize available DSP registers.
INFO: [HLS 200-486] Changing DSP latency (root=mul_ln65_96) to 3 in order to utilize available DSP registers.
INFO: [HLS 200-486] Changing DSP latency (root=mul_ln58_56) to 3 in order to utilize available DSP registers.
INFO: [HLS 200-486] Changing DSP latency (root=mul_ln58_51) to 3 in order to utilize available DSP registers.
INFO: [HLS 200-486] Changing DSP latency (root=mul_ln65_94) to 3 in order to utilize available DSP registers.
INFO: [HLS 200-486] Changing DSP latency (root=mul_ln58_53) to 3 in order to utilize available DSP registers.
INFO: [HLS 200-486] Changing DSP latency (root=mul_ln58_48) to 3 in order to utilize available DSP registers.
INFO: [HLS 200-486] Changing DSP latency (root=mul_ln65_92) to 3 in order to utilize available DSP registers.
INFO: [HLS 200-486] Changing DSP latency (root=mul_ln58_50) to 3 in order to utilize available DSP registers.
INFO: [HLS 200-486] Changing DSP latency (root=mul_ln58_45) to 3 in order to utilize available DSP registers.
INFO: [HLS 200-486] Changing DSP latency (root=mul_ln65_90) to 3 in order to utilize available DSP registers.
INFO: [HLS 200-486] Changing DSP latency (root=mul_ln58_47) to 3 in order to utilize available DSP registers.
INFO: [HLS 200-486] Changing DSP latency (root=mul_ln65_87) to 3 in order to utilize available DSP registers.
INFO: [HLS 200-486] Changing DSP latency (root=mul_ln65_89) to 3 in order to utilize available DSP registers.
INFO: [HLS 200-486] Changing DSP latency (root=mul_ln65_88) to 3 in order to utilize available DSP registers.
INFO: [HLS 200-486] Changing DSP latency (root=mul_ln58_44) to 3 in order to utilize available DSP registers.
INFO: [HLS 200-486] Changing DSP latency (root=mul_ln65_84) to 3 in order to utilize available DSP registers.
INFO: [HLS 200-486] Changing DSP latency (root=mul_ln65_86) to 3 in order to utilize available DSP registers.
INFO: [HLS 200-486] Changing DSP latency (root=mul_ln65_85) to 3 in order to utilize available DSP registers.
INFO: [HLS 200-486] Changing DSP latency (root=mul_ln58_43) to 3 in order to utilize available DSP registers.
INFO: [HLS 200-486] Changing DSP latency (root=mul_ln65_81) to 3 in order to utilize available DSP registers.
INFO: [HLS 200-486] Changing DSP latency (root=mul_ln65_83) to 3 in order to utilize available DSP registers.
INFO: [HLS 200-486] Changing DSP latency (root=mul_ln65_82) to 3 in order to utilize available DSP registers.
INFO: [HLS 200-486] Changing DSP latency (root=mul_ln58_42) to 3 in order to utilize available DSP registers.
INFO: [HLS 200-486] Changing DSP latency (root=mul_ln65_78) to 3 in order to utilize available DSP registers.
INFO: [HLS 200-486] Changing DSP latency (root=mul_ln65_80) to 3 in order to utilize available DSP registers.
INFO: [HLS 200-486] Changing DSP latency (root=mul_ln65_79) to 3 in order to utilize available DSP registers.
INFO: [HLS 200-486] Changing DSP latency (root=mul_ln58_41) to 3 in order to utilize available DSP registers.
INFO: [HLS 200-486] Changing DSP latency (root=mul_ln65_75) to 3 in order to utilize available DSP registers.
INFO: [HLS 200-486] Changing DSP latency (root=mul_ln65_77) to 3 in order to utilize available DSP registers.
INFO: [HLS 200-486] Changing DSP latency (root=mul_ln65_76) to 3 in order to utilize available DSP registers.
INFO: [HLS 200-486] Changing DSP latency (root=mul_ln58_40) to 3 in order to utilize available DSP registers.
INFO: [HLS 200-486] Changing DSP latency (root=mul_ln65_72) to 3 in order to utilize available DSP registers.
INFO: [HLS 200-486] Changing DSP latency (root=mul_ln65_74) to 3 in order to utilize available DSP registers.
INFO: [HLS 200-486] Changing DSP latency (root=mul_ln65_73) to 3 in order to utilize available DSP registers.
INFO: [HLS 200-486] Changing DSP latency (root=mul_ln58_39) to 3 in order to utilize available DSP registers.
INFO: [HLS 200-486] Changing DSP latency (root=mul_ln65_69) to 3 in order to utilize available DSP registers.
INFO: [HLS 200-486] Changing DSP latency (root=mul_ln65_71) to 3 in order to utilize available DSP registers.
INFO: [HLS 200-486] Changing DSP latency (root=mul_ln65_70) to 3 in order to utilize available DSP registers.
INFO: [HLS 200-486] Changing DSP latency (root=mul_ln58_38) to 3 in order to utilize available DSP registers.
INFO: [HLS 200-486] Changing DSP latency (root=mul_ln65_66) to 3 in order to utilize available DSP registers.
INFO: [HLS 200-486] Changing DSP latency (root=mul_ln65_68) to 3 in order to utilize available DSP registers.
INFO: [HLS 200-486] Changing DSP latency (root=mul_ln65_67) to 3 in order to utilize available DSP registers.
INFO: [HLS 200-486] Changing DSP latency (root=mul_ln58_37) to 3 in order to utilize available DSP registers.
INFO: [HLS 200-486] Changing DSP latency (root=mul_ln65_63) to 3 in order to utilize available DSP registers.
INFO: [HLS 200-486] Changing DSP latency (root=mul_ln65_65) to 3 in order to utilize available DSP registers.
INFO: [HLS 200-486] Changing DSP latency (root=mul_ln65_64) to 3 in order to utilize available DSP registers.
INFO: [HLS 200-486] Changing DSP latency (root=mul_ln58_36) to 3 in order to utilize available DSP registers.
INFO: [HLS 200-486] Changing DSP latency (root=mul_ln65_60) to 3 in order to utilize available DSP registers.
INFO: [HLS 200-486] Changing DSP latency (root=mul_ln65_62) to 3 in order to utilize available DSP registers.
INFO: [HLS 200-486] Changing DSP latency (root=mul_ln65_61) to 3 in order to utilize available DSP registers.
INFO: [HLS 200-486] Changing DSP latency (root=mul_ln58_35) to 3 in order to utilize available DSP registers.
INFO: [HLS 200-486] Changing DSP latency (root=mul_ln65_57) to 3 in order to utilize available DSP registers.
INFO: [HLS 200-486] Changing DSP latency (root=mul_ln65_59) to 3 in order to utilize available DSP registers.
INFO: [HLS 200-486] Changing DSP latency (root=mul_ln65_58) to 3 in order to utilize available DSP registers.
INFO: [HLS 200-486] Changing DSP latency (root=mul_ln58_34) to 3 in order to utilize available DSP registers.
INFO: [HLS 200-486] Changing DSP latency (root=mul_ln65_54) to 3 in order to utilize available DSP registers.
INFO: [HLS 200-486] Changing DSP latency (root=mul_ln65_56) to 3 in order to utilize available DSP registers.
INFO: [HLS 200-486] Changing DSP latency (root=mul_ln65_55) to 3 in order to utilize available DSP registers.
INFO: [HLS 200-486] Changing DSP latency (root=mul_ln58_33) to 3 in order to utilize available DSP registers.
INFO: [HLS 200-486] Changing DSP latency (root=mul_ln65_51) to 3 in order to utilize available DSP registers.
INFO: [HLS 200-486] Changing DSP latency (root=mul_ln65_53) to 3 in order to utilize available DSP registers.
INFO: [HLS 200-486] Changing DSP latency (root=mul_ln65_52) to 3 in order to utilize available DSP registers.
INFO: [HLS 200-486] Changing DSP latency (root=mul_ln58_32) to 3 in order to utilize available DSP registers.
INFO: [HLS 200-486] Changing DSP latency (root=mul_ln65_48) to 3 in order to utilize available DSP registers.
INFO: [HLS 200-486] Changing DSP latency (root=mul_ln65_50) to 3 in order to utilize available DSP registers.
INFO: [HLS 200-486] Changing DSP latency (root=mul_ln65_49) to 3 in order to utilize available DSP registers.
INFO: [HLS 200-486] Changing DSP latency (root=mul_ln58_31) to 3 in order to utilize available DSP registers.
INFO: [HLS 200-486] Changing DSP latency (root=mul_ln65_45) to 3 in order to utilize available DSP registers.
INFO: [HLS 200-486] Changing DSP latency (root=mul_ln65_47) to 3 in order to utilize available DSP registers.
INFO: [HLS 200-486] Changing DSP latency (root=mul_ln65_46) to 3 in order to utilize available DSP registers.
INFO: [HLS 200-486] Changing DSP latency (root=mul_ln58_30) to 3 in order to utilize available DSP registers.
INFO: [HLS 200-486] Changing DSP latency (root=mul_ln65_42) to 3 in order to utilize available DSP registers.
INFO: [HLS 200-486] Changing DSP latency (root=mul_ln65_43) to 3 in order to utilize available DSP registers.
INFO: [HLS 200-486] Changing DSP latency (root=mul_ln65_44) to 3 in order to utilize available DSP registers.
INFO: [HLS 200-486] Changing DSP latency (root=mul_ln58_29) to 3 in order to utilize available DSP registers.
INFO: [HLS 200-486] Changing DSP latency (root=mul_ln65_39) to 3 in order to utilize available DSP registers.
INFO: [HLS 200-486] Changing DSP latency (root=mul_ln65_40) to 3 in order to utilize available DSP registers.
INFO: [HLS 200-486] Changing DSP latency (root=mul_ln65_41) to 3 in order to utilize available DSP registers.
INFO: [HLS 200-486] Changing DSP latency (root=mul_ln58_27) to 3 in order to utilize available DSP registers.
INFO: [HLS 200-486] Changing DSP latency (root=mul_ln65_36) to 3 in order to utilize available DSP registers.
INFO: [HLS 200-486] Changing DSP latency (root=mul_ln65_37) to 3 in order to utilize available DSP registers.
INFO: [HLS 200-486] Changing DSP latency (root=mul_ln65_38) to 3 in order to utilize available DSP registers.
INFO: [HLS 200-486] Changing DSP latency (root=mul_ln58_25) to 3 in order to utilize available DSP registers.
INFO: [HLS 200-486] Changing DSP latency (root=mul_ln65_33) to 3 in order to utilize available DSP registers.
INFO: [HLS 200-486] Changing DSP latency (root=mul_ln65_34) to 3 in order to utilize available DSP registers.
INFO: [HLS 200-486] Changing DSP latency (root=mul_ln65_35) to 3 in order to utilize available DSP registers.
INFO: [HLS 200-486] Changing DSP latency (root=mul_ln58_23) to 3 in order to utilize available DSP registers.
INFO: [HLS 200-486] Changing DSP latency (root=mul_ln65_30) to 3 in order to utilize available DSP registers.
INFO: [HLS 200-486] Changing DSP latency (root=mul_ln65_31) to 3 in order to utilize available DSP registers.
INFO: [HLS 200-486] Changing DSP latency (root=mul_ln65_32) to 3 in order to utilize available DSP registers.
INFO: [HLS 200-486] Changing DSP latency (root=mul_ln58_21) to 3 in order to utilize available DSP registers.
INFO: [HLS 200-486] Changing DSP latency (root=mul_ln65_27) to 3 in order to utilize available DSP registers.
INFO: [HLS 200-486] Changing DSP latency (root=mul_ln65_28) to 3 in order to utilize available DSP registers.
INFO: [HLS 200-486] Changing DSP latency (root=mul_ln65_29) to 3 in order to utilize available DSP registers.
INFO: [HLS 200-486] Changing DSP latency (root=mul_ln58_19) to 3 in order to utilize available DSP registers.
INFO: [HLS 200-486] Changing DSP latency (root=mul_ln65_24) to 3 in order to utilize available DSP registers.
INFO: [HLS 200-486] Changing DSP latency (root=mul_ln65_25) to 3 in order to utilize available DSP registers.
INFO: [HLS 200-486] Changing DSP latency (root=mul_ln65_26) to 3 in order to utilize available DSP registers.
INFO: [HLS 200-486] Changing DSP latency (root=mul_ln58_17) to 3 in order to utilize available DSP registers.
INFO: [HLS 200-486] Changing DSP latency (root=mul_ln65_21) to 3 in order to utilize available DSP registers.
INFO: [HLS 200-486] Changing DSP latency (root=mul_ln65_22) to 3 in order to utilize available DSP registers.
INFO: [HLS 200-486] Changing DSP latency (root=mul_ln65_23) to 3 in order to utilize available DSP registers.
INFO: [HLS 200-486] Changing DSP latency (root=mul_ln58_15) to 3 in order to utilize available DSP registers.
INFO: [HLS 200-486] Changing DSP latency (root=mul_ln65_18) to 3 in order to utilize available DSP registers.
INFO: [HLS 200-486] Changing DSP latency (root=mul_ln65_19) to 3 in order to utilize available DSP registers.
INFO: [HLS 200-486] Changing DSP latency (root=mul_ln65_20) to 3 in order to utilize available DSP registers.
INFO: [HLS 200-486] Changing DSP latency (root=mul_ln58_13) to 3 in order to utilize available DSP registers.
INFO: [HLS 200-486] Changing DSP latency (root=mul_ln65_15) to 3 in order to utilize available DSP registers.
INFO: [HLS 200-486] Changing DSP latency (root=mul_ln65_16) to 3 in order to utilize available DSP registers.
INFO: [HLS 200-486] Changing DSP latency (root=mul_ln65_17) to 3 in order to utilize available DSP registers.
INFO: [HLS 200-486] Changing DSP latency (root=mul_ln58_11) to 3 in order to utilize available DSP registers.
INFO: [HLS 200-486] Changing DSP latency (root=mul_ln65_12) to 3 in order to utilize available DSP registers.
INFO: [HLS 200-486] Changing DSP latency (root=mul_ln65_13) to 3 in order to utilize available DSP registers.
INFO: [HLS 200-486] Changing DSP latency (root=mul_ln65_14) to 3 in order to utilize available DSP registers.
INFO: [HLS 200-486] Changing DSP latency (root=mul_ln58_9) to 3 in order to utilize available DSP registers.
INFO: [HLS 200-486] Changing DSP latency (root=mul_ln65_9) to 3 in order to utilize available DSP registers.
INFO: [HLS 200-486] Changing DSP latency (root=mul_ln65_10) to 3 in order to utilize available DSP registers.
INFO: [HLS 200-486] Changing DSP latency (root=mul_ln65_11) to 3 in order to utilize available DSP registers.
INFO: [HLS 200-486] Changing DSP latency (root=mul_ln58_7) to 3 in order to utilize available DSP registers.
INFO: [HLS 200-486] Changing DSP latency (root=mul_ln65_6) to 3 in order to utilize available DSP registers.
INFO: [HLS 200-486] Changing DSP latency (root=mul_ln65_7) to 3 in order to utilize available DSP registers.
INFO: [HLS 200-486] Changing DSP latency (root=mul_ln65_8) to 3 in order to utilize available DSP registers.
INFO: [HLS 200-486] Changing DSP latency (root=mul_ln58_5) to 3 in order to utilize available DSP registers.
INFO: [HLS 200-486] Changing DSP latency (root=mul_ln65_3) to 3 in order to utilize available DSP registers.
INFO: [HLS 200-486] Changing DSP latency (root=mul_ln65_4) to 3 in order to utilize available DSP registers.
INFO: [HLS 200-486] Changing DSP latency (root=mul_ln65_5) to 3 in order to utilize available DSP registers.
INFO: [HLS 200-486] Changing DSP latency (root=mul_ln58_3) to 3 in order to utilize available DSP registers.
INFO: [HLS 200-486] Changing DSP latency (root=mul_ln65) to 3 in order to utilize available DSP registers.
INFO: [HLS 200-486] Changing DSP latency (root=mul_ln65_1) to 3 in order to utilize available DSP registers.
INFO: [HLS 200-486] Changing DSP latency (root=mul_ln65_2) to 3 in order to utilize available DSP registers.
INFO: [HLS 200-486] Changing DSP latency (root=mul_ln58_1) to 3 in order to utilize available DSP registers.
WARNING: [HLS 200-1015] Estimated delay Estimated delay (3.24ns)  of 'sitofp' operation ('conv', /data/home/songqiangxu/project/CNN/src/conv_br.h:80) exceeds the target cycle time (target cycle time: 2.5ns, clock uncertainty: 0.675ns, effective cycle time: 1.83ns).

Resolution: For help on HLS 200-1015 see www.xilinx.com/cgi-bin/docs/rdoc?v=2022.1;t=hls+guidance;d=200-1015.html
INFO: [SCHED 204-61] Pipelining loop 'Loop 1'.
INFO: [HLS 200-1470] Pipelining result : Target II = NA, Final II = 1, Depth = 73, loop 'Loop 1'
WARNING: [HLS 200-871] Estimated clock period (3.239ns) exceeds the target (target clock period: 2.5ns, clock uncertainty: 0.675ns, effective delay budget: 1.825ns).
Resolution: For help on HLS 200-871 see www.xilinx.com/cgi-bin/docs/rdoc?v=2022.1;t=hls+guidance;d=200-871.html
WARNING: [HLS 200-1016] The critical path in module 'do_conv_br_2_Pipeline_2' consists of the following:	'sitofp' operation ('conv98_2', /data/home/songqiangxu/project/CNN/src/conv_br.h:80) [4688]  (3.24 ns)

Resolution: For help on HLS 200-1016 see www.xilinx.com/cgi-bin/docs/rdoc?v=2022.1;t=hls+guidance;d=200-1016.html
INFO: [SCHED 204-11] Finished scheduling.
INFO: [HLS 200-111] Finished Scheduling: CPU user time: 19.57 seconds. CPU system time: 0.31 seconds. Elapsed time: 19.89 seconds; current allocated memory: 1.467 GB.
INFO: [BIND 205-100] Starting micro-architecture generation ...
INFO: [BIND 205-101] Performing variable lifetime analysis.
INFO: [BIND 205-101] Exploring resource sharing.
INFO: [BIND 205-101] Binding ...
INFO: [BIND 205-100] Finished micro-architecture generation.
INFO: [HLS 200-111] Finished Binding: CPU user time: 38.34 seconds. CPU system time: 0.1 seconds. Elapsed time: 38.45 seconds; current allocated memory: 1.467 GB.
INFO: [HLS 200-10] ----------------------------------------------------------------
INFO: [HLS 200-42] -- Implementing module 'do_conv_br_2' 
INFO: [HLS 200-10] ----------------------------------------------------------------
INFO: [SCHED 204-11] Starting scheduling ...
INFO: [SCHED 204-11] Finished scheduling.
INFO: [HLS 200-111] Finished Scheduling: CPU user time: 30.18 seconds. CPU system time: 0.17 seconds. Elapsed time: 30.36 seconds; current allocated memory: 1.467 GB.
INFO: [BIND 205-100] Starting micro-architecture generation ...
INFO: [BIND 205-101] Performing variable lifetime analysis.
INFO: [BIND 205-101] Exploring resource sharing.
INFO: [BIND 205-101] Binding ...
INFO: [BIND 205-100] Finished micro-architecture generation.
INFO: [HLS 200-111] Finished Binding: CPU user time: 7.03 seconds. CPU system time: 0.02 seconds. Elapsed time: 7.05 seconds; current allocated memory: 1.467 GB.
INFO: [HLS 200-10] ----------------------------------------------------------------
INFO: [HLS 200-42] -- Implementing module 'do_conv_br_1_Pipeline_2' 
INFO: [HLS 200-10] ----------------------------------------------------------------
INFO: [SCHED 204-11] Starting scheduling ...
INFO: [HLS 200-486] Changing DSP latency (root=mul_ln58_629) to 3 in order to utilize available DSP registers.
INFO: [HLS 200-486] Changing DSP latency (root=tmp3384) to 3 in order to utilize available DSP registers.
INFO: [HLS 200-486] Changing DSP latency (root=mul_ln58_628) to 3 in order to utilize available DSP registers.
INFO: [HLS 200-486] Changing DSP latency (root=tmp3360) to 3 in order to utilize available DSP registers.
INFO: [HLS 200-486] Changing DSP latency (root=mul_ln58_627) to 3 in order to utilize available DSP registers.
INFO: [HLS 200-486] Changing DSP latency (root=tmp3336) to 3 in order to utilize available DSP registers.
INFO: [HLS 200-486] Changing DSP latency (root=mul_ln58_626) to 3 in order to utilize available DSP registers.
INFO: [HLS 200-486] Changing DSP latency (root=tmp3312) to 3 in order to utilize available DSP registers.
INFO: [HLS 200-486] Changing DSP latency (root=mul_ln58_625) to 3 in order to utilize available DSP registers.
INFO: [HLS 200-486] Changing DSP latency (root=tmp3288) to 3 in order to utilize available DSP registers.
INFO: [HLS 200-486] Changing DSP latency (root=mul_ln58_624) to 3 in order to utilize available DSP registers.
INFO: [HLS 200-486] Changing DSP latency (root=tmp3264) to 3 in order to utilize available DSP registers.
INFO: [HLS 200-486] Changing DSP latency (root=mul_ln58_623) to 3 in order to utilize available DSP registers.
INFO: [HLS 200-486] Changing DSP latency (root=tmp3240) to 3 in order to utilize available DSP registers.
INFO: [HLS 200-486] Changing DSP latency (root=mul_ln58_622) to 3 in order to utilize available DSP registers.
INFO: [HLS 200-486] Changing DSP latency (root=tmp3216) to 3 in order to utilize available DSP registers.
INFO: [HLS 200-486] Changing DSP latency (root=mul_ln58_621) to 3 in order to utilize available DSP registers.
INFO: [HLS 200-486] Changing DSP latency (root=tmp3192) to 3 in order to utilize available DSP registers.
INFO: [HLS 200-486] Changing DSP latency (root=mul_ln58_620) to 3 in order to utilize available DSP registers.
INFO: [HLS 200-486] Changing DSP latency (root=tmp3168) to 3 in order to utilize available DSP registers.
INFO: [HLS 200-486] Changing DSP latency (root=mul_ln58_619) to 3 in order to utilize available DSP registers.
INFO: [HLS 200-486] Changing DSP latency (root=tmp3144) to 3 in order to utilize available DSP registers.
INFO: [HLS 200-486] Changing DSP latency (root=mul_ln58_618) to 3 in order to utilize available DSP registers.
INFO: [HLS 200-486] Changing DSP latency (root=tmp3120) to 3 in order to utilize available DSP registers.
INFO: [HLS 200-486] Changing DSP latency (root=mul_ln58_617) to 3 in order to utilize available DSP registers.
INFO: [HLS 200-486] Changing DSP latency (root=tmp3096) to 3 in order to utilize available DSP registers.
INFO: [HLS 200-486] Changing DSP latency (root=mul_ln58_616) to 3 in order to utilize available DSP registers.
INFO: [HLS 200-486] Changing DSP latency (root=tmp3072) to 3 in order to utilize available DSP registers.
INFO: [HLS 200-486] Changing DSP latency (root=mul_ln58_615) to 3 in order to utilize available DSP registers.
INFO: [HLS 200-486] Changing DSP latency (root=tmp3048) to 3 in order to utilize available DSP registers.
INFO: [HLS 200-486] Changing DSP latency (root=tmp3015) to 3 in order to utilize available DSP registers.
INFO: [HLS 200-486] Changing DSP latency (root=mul_ln65_1841) to 3 in order to utilize available DSP registers.
INFO: [HLS 200-486] Changing DSP latency (root=mul_ln65_1840) to 3 in order to utilize available DSP registers.
INFO: [HLS 200-486] Changing DSP latency (root=acc_3532) to 3 in order to utilize available DSP registers.
INFO: [HLS 200-486] Changing DSP latency (root=mul_ln65_1843) to 3 in order to utilize available DSP registers.
INFO: [HLS 200-486] Changing DSP latency (root=tmp3017) to 3 in order to utilize available DSP registers.
INFO: [HLS 200-486] Changing DSP latency (root=tmp2998) to 3 in order to utilize available DSP registers.
INFO: [HLS 200-486] Changing DSP latency (root=mul_ln65_1836) to 3 in order to utilize available DSP registers.
INFO: [HLS 200-486] Changing DSP latency (root=mul_ln65_1835) to 3 in order to utilize available DSP registers.
INFO: [HLS 200-486] Changing DSP latency (root=acc_3525) to 3 in order to utilize available DSP registers.
INFO: [HLS 200-486] Changing DSP latency (root=mul_ln65_1838) to 3 in order to utilize available DSP registers.
INFO: [HLS 200-486] Changing DSP latency (root=tmp3000) to 3 in order to utilize available DSP registers.
INFO: [HLS 200-486] Changing DSP latency (root=tmp2981) to 3 in order to utilize available DSP registers.
INFO: [HLS 200-486] Changing DSP latency (root=mul_ln65_1831) to 3 in order to utilize available DSP registers.
INFO: [HLS 200-486] Changing DSP latency (root=mul_ln65_1830) to 3 in order to utilize available DSP registers.
INFO: [HLS 200-486] Changing DSP latency (root=acc_3518) to 3 in order to utilize available DSP registers.
INFO: [HLS 200-486] Changing DSP latency (root=mul_ln65_1833) to 3 in order to utilize available DSP registers.
INFO: [HLS 200-486] Changing DSP latency (root=tmp2983) to 3 in order to utilize available DSP registers.
INFO: [HLS 200-486] Changing DSP latency (root=tmp2964) to 3 in order to utilize available DSP registers.
INFO: [HLS 200-486] Changing DSP latency (root=mul_ln65_1826) to 3 in order to utilize available DSP registers.
INFO: [HLS 200-486] Changing DSP latency (root=mul_ln65_1825) to 3 in order to utilize available DSP registers.
INFO: [HLS 200-486] Changing DSP latency (root=acc_3511) to 3 in order to utilize available DSP registers.
INFO: [HLS 200-486] Changing DSP latency (root=mul_ln65_1828) to 3 in order to utilize available DSP registers.
INFO: [HLS 200-486] Changing DSP latency (root=tmp2966) to 3 in order to utilize available DSP registers.
INFO: [HLS 200-486] Changing DSP latency (root=tmp2947) to 3 in order to utilize available DSP registers.
INFO: [HLS 200-486] Changing DSP latency (root=mul_ln65_1821) to 3 in order to utilize available DSP registers.
INFO: [HLS 200-486] Changing DSP latency (root=mul_ln65_1820) to 3 in order to utilize available DSP registers.
INFO: [HLS 200-486] Changing DSP latency (root=acc_3504) to 3 in order to utilize available DSP registers.
INFO: [HLS 200-486] Changing DSP latency (root=mul_ln65_1823) to 3 in order to utilize available DSP registers.
INFO: [HLS 200-486] Changing DSP latency (root=tmp2949) to 3 in order to utilize available DSP registers.
INFO: [HLS 200-486] Changing DSP latency (root=tmp2930) to 3 in order to utilize available DSP registers.
INFO: [HLS 200-486] Changing DSP latency (root=mul_ln65_1816) to 3 in order to utilize available DSP registers.
INFO: [HLS 200-486] Changing DSP latency (root=mul_ln65_1815) to 3 in order to utilize available DSP registers.
INFO: [HLS 200-486] Changing DSP latency (root=acc_3497) to 3 in order to utilize available DSP registers.
INFO: [HLS 200-486] Changing DSP latency (root=mul_ln65_1818) to 3 in order to utilize available DSP registers.
INFO: [HLS 200-486] Changing DSP latency (root=tmp2932) to 3 in order to utilize available DSP registers.
INFO: [HLS 200-486] Changing DSP latency (root=tmp2913) to 3 in order to utilize available DSP registers.
INFO: [HLS 200-486] Changing DSP latency (root=mul_ln65_1811) to 3 in order to utilize available DSP registers.
INFO: [HLS 200-486] Changing DSP latency (root=mul_ln65_1810) to 3 in order to utilize available DSP registers.
INFO: [HLS 200-486] Changing DSP latency (root=acc_3490) to 3 in order to utilize available DSP registers.
INFO: [HLS 200-486] Changing DSP latency (root=mul_ln65_1813) to 3 in order to utilize available DSP registers.
INFO: [HLS 200-486] Changing DSP latency (root=tmp2915) to 3 in order to utilize available DSP registers.
INFO: [HLS 200-486] Changing DSP latency (root=tmp2896) to 3 in order to utilize available DSP registers.
INFO: [HLS 200-486] Changing DSP latency (root=mul_ln65_1806) to 3 in order to utilize available DSP registers.
INFO: [HLS 200-486] Changing DSP latency (root=mul_ln65_1805) to 3 in order to utilize available DSP registers.
INFO: [HLS 200-486] Changing DSP latency (root=acc_3483) to 3 in order to utilize available DSP registers.
INFO: [HLS 200-486] Changing DSP latency (root=mul_ln65_1808) to 3 in order to utilize available DSP registers.
INFO: [HLS 200-486] Changing DSP latency (root=tmp2898) to 3 in order to utilize available DSP registers.
INFO: [HLS 200-486] Changing DSP latency (root=tmp2879) to 3 in order to utilize available DSP registers.
INFO: [HLS 200-486] Changing DSP latency (root=mul_ln65_1801) to 3 in order to utilize available DSP registers.
INFO: [HLS 200-486] Changing DSP latency (root=mul_ln65_1800) to 3 in order to utilize available DSP registers.
INFO: [HLS 200-486] Changing DSP latency (root=acc_3476) to 3 in order to utilize available DSP registers.
INFO: [HLS 200-486] Changing DSP latency (root=mul_ln65_1803) to 3 in order to utilize available DSP registers.
INFO: [HLS 200-486] Changing DSP latency (root=tmp2881) to 3 in order to utilize available DSP registers.
INFO: [HLS 200-486] Changing DSP latency (root=tmp2862) to 3 in order to utilize available DSP registers.
INFO: [HLS 200-486] Changing DSP latency (root=mul_ln65_1796) to 3 in order to utilize available DSP registers.
INFO: [HLS 200-486] Changing DSP latency (root=mul_ln65_1795) to 3 in order to utilize available DSP registers.
INFO: [HLS 200-486] Changing DSP latency (root=acc_3469) to 3 in order to utilize available DSP registers.
INFO: [HLS 200-486] Changing DSP latency (root=mul_ln65_1798) to 3 in order to utilize available DSP registers.
INFO: [HLS 200-486] Changing DSP latency (root=tmp2864) to 3 in order to utilize available DSP registers.
INFO: [HLS 200-486] Changing DSP latency (root=tmp2845) to 3 in order to utilize available DSP registers.
INFO: [HLS 200-486] Changing DSP latency (root=mul_ln65_1791) to 3 in order to utilize available DSP registers.
INFO: [HLS 200-486] Changing DSP latency (root=mul_ln65_1790) to 3 in order to utilize available DSP registers.
INFO: [HLS 200-486] Changing DSP latency (root=acc_3462) to 3 in order to utilize available DSP registers.
INFO: [HLS 200-486] Changing DSP latency (root=mul_ln65_1793) to 3 in order to utilize available DSP registers.
INFO: [HLS 200-486] Changing DSP latency (root=tmp2847) to 3 in order to utilize available DSP registers.
INFO: [HLS 200-486] Changing DSP latency (root=tmp2828) to 3 in order to utilize available DSP registers.
INFO: [HLS 200-486] Changing DSP latency (root=mul_ln65_1786) to 3 in order to utilize available DSP registers.
INFO: [HLS 200-486] Changing DSP latency (root=mul_ln65_1785) to 3 in order to utilize available DSP registers.
INFO: [HLS 200-486] Changing DSP latency (root=acc_3455) to 3 in order to utilize available DSP registers.
INFO: [HLS 200-486] Changing DSP latency (root=mul_ln65_1788) to 3 in order to utilize available DSP registers.
INFO: [HLS 200-486] Changing DSP latency (root=tmp2830) to 3 in order to utilize available DSP registers.
INFO: [HLS 200-486] Changing DSP latency (root=tmp2811) to 3 in order to utilize available DSP registers.
INFO: [HLS 200-486] Changing DSP latency (root=mul_ln65_1781) to 3 in order to utilize available DSP registers.
INFO: [HLS 200-486] Changing DSP latency (root=mul_ln65_1780) to 3 in order to utilize available DSP registers.
INFO: [HLS 200-486] Changing DSP latency (root=acc_3448) to 3 in order to utilize available DSP registers.
INFO: [HLS 200-486] Changing DSP latency (root=mul_ln65_1783) to 3 in order to utilize available DSP registers.
INFO: [HLS 200-486] Changing DSP latency (root=tmp2813) to 3 in order to utilize available DSP registers.
INFO: [HLS 200-486] Changing DSP latency (root=tmp2794) to 3 in order to utilize available DSP registers.
INFO: [HLS 200-486] Changing DSP latency (root=mul_ln65_1776) to 3 in order to utilize available DSP registers.
INFO: [HLS 200-486] Changing DSP latency (root=mul_ln65_1775) to 3 in order to utilize available DSP registers.
INFO: [HLS 200-486] Changing DSP latency (root=acc_3441) to 3 in order to utilize available DSP registers.
INFO: [HLS 200-486] Changing DSP latency (root=mul_ln65_1778) to 3 in order to utilize available DSP registers.
INFO: [HLS 200-486] Changing DSP latency (root=tmp2796) to 3 in order to utilize available DSP registers.
INFO: [HLS 200-486] Changing DSP latency (root=tmp2777) to 3 in order to utilize available DSP registers.
INFO: [HLS 200-486] Changing DSP latency (root=mul_ln65_1771) to 3 in order to utilize available DSP registers.
INFO: [HLS 200-486] Changing DSP latency (root=mul_ln65_1770) to 3 in order to utilize available DSP registers.
INFO: [HLS 200-486] Changing DSP latency (root=acc_3434) to 3 in order to utilize available DSP registers.
INFO: [HLS 200-486] Changing DSP latency (root=mul_ln65_1773) to 3 in order to utilize available DSP registers.
INFO: [HLS 200-486] Changing DSP latency (root=tmp2779) to 3 in order to utilize available DSP registers.
INFO: [HLS 200-486] Changing DSP latency (root=mul_ln58_598) to 3 in order to utilize available DSP registers.
INFO: [HLS 200-486] Changing DSP latency (root=tmp2769) to 3 in order to utilize available DSP registers.
INFO: [HLS 200-486] Changing DSP latency (root=tmp2764) to 3 in order to utilize available DSP registers.
INFO: [HLS 200-486] Changing DSP latency (root=tmp2766) to 3 in order to utilize available DSP registers.
INFO: [HLS 200-486] Changing DSP latency (root=mul_ln65_1767) to 3 in order to utilize available DSP registers.
INFO: [HLS 200-486] Changing DSP latency (root=tmp2772) to 3 in order to utilize available DSP registers.
INFO: [HLS 200-486] Changing DSP latency (root=mul_ln65_1768) to 3 in order to utilize available DSP registers.
INFO: [HLS 200-486] Changing DSP latency (root=mul_ln58_596) to 3 in order to utilize available DSP registers.
INFO: [HLS 200-486] Changing DSP latency (root=tmp2750) to 3 in order to utilize available DSP registers.
INFO: [HLS 200-486] Changing DSP latency (root=tmp2745) to 3 in order to utilize available DSP registers.
INFO: [HLS 200-486] Changing DSP latency (root=tmp2747) to 3 in order to utilize available DSP registers.
INFO: [HLS 200-486] Changing DSP latency (root=mul_ln65_1762) to 3 in order to utilize available DSP registers.
INFO: [HLS 200-486] Changing DSP latency (root=tmp2753) to 3 in order to utilize available DSP registers.
INFO: [HLS 200-486] Changing DSP latency (root=mul_ln65_1763) to 3 in order to utilize available DSP registers.
INFO: [HLS 200-486] Changing DSP latency (root=mul_ln58_594) to 3 in order to utilize available DSP registers.
INFO: [HLS 200-486] Changing DSP latency (root=tmp2731) to 3 in order to utilize available DSP registers.
INFO: [HLS 200-486] Changing DSP latency (root=tmp2726) to 3 in order to utilize available DSP registers.
INFO: [HLS 200-486] Changing DSP latency (root=tmp2728) to 3 in order to utilize available DSP registers.
INFO: [HLS 200-486] Changing DSP latency (root=mul_ln65_1757) to 3 in order to utilize available DSP registers.
INFO: [HLS 200-486] Changing DSP latency (root=tmp2734) to 3 in order to utilize available DSP registers.
INFO: [HLS 200-486] Changing DSP latency (root=mul_ln65_1758) to 3 in order to utilize available DSP registers.
INFO: [HLS 200-486] Changing DSP latency (root=mul_ln58_592) to 3 in order to utilize available DSP registers.
INFO: [HLS 200-486] Changing DSP latency (root=tmp2712) to 3 in order to utilize available DSP registers.
INFO: [HLS 200-486] Changing DSP latency (root=tmp2707) to 3 in order to utilize available DSP registers.
INFO: [HLS 200-486] Changing DSP latency (root=tmp2709) to 3 in order to utilize available DSP registers.
INFO: [HLS 200-486] Changing DSP latency (root=mul_ln65_1752) to 3 in order to utilize available DSP registers.
INFO: [HLS 200-486] Changing DSP latency (root=tmp2715) to 3 in order to utilize available DSP registers.
INFO: [HLS 200-486] Changing DSP latency (root=mul_ln65_1753) to 3 in order to utilize available DSP registers.
INFO: [HLS 200-486] Changing DSP latency (root=mul_ln58_590) to 3 in order to utilize available DSP registers.
INFO: [HLS 200-486] Changing DSP latency (root=tmp2693) to 3 in order to utilize available DSP registers.
INFO: [HLS 200-486] Changing DSP latency (root=tmp2688) to 3 in order to utilize available DSP registers.
INFO: [HLS 200-486] Changing DSP latency (root=tmp2690) to 3 in order to utilize available DSP registers.
INFO: [HLS 200-486] Changing DSP latency (root=mul_ln65_1747) to 3 in order to utilize available DSP registers.
INFO: [HLS 200-486] Changing DSP latency (root=tmp2696) to 3 in order to utilize available DSP registers.
INFO: [HLS 200-486] Changing DSP latency (root=mul_ln65_1748) to 3 in order to utilize available DSP registers.
INFO: [HLS 200-486] Changing DSP latency (root=mul_ln58_588) to 3 in order to utilize available DSP registers.
INFO: [HLS 200-486] Changing DSP latency (root=tmp2674) to 3 in order to utilize available DSP registers.
INFO: [HLS 200-486] Changing DSP latency (root=tmp2669) to 3 in order to utilize available DSP registers.
INFO: [HLS 200-486] Changing DSP latency (root=tmp2671) to 3 in order to utilize available DSP registers.
INFO: [HLS 200-486] Changing DSP latency (root=mul_ln65_1742) to 3 in order to utilize available DSP registers.
INFO: [HLS 200-486] Changing DSP latency (root=tmp2677) to 3 in order to utilize available DSP registers.
INFO: [HLS 200-486] Changing DSP latency (root=mul_ln65_1743) to 3 in order to utilize available DSP registers.
INFO: [HLS 200-486] Changing DSP latency (root=mul_ln58_586) to 3 in order to utilize available DSP registers.
INFO: [HLS 200-486] Changing DSP latency (root=tmp2655) to 3 in order to utilize available DSP registers.
INFO: [HLS 200-486] Changing DSP latency (root=tmp2650) to 3 in order to utilize available DSP registers.
INFO: [HLS 200-486] Changing DSP latency (root=tmp2652) to 3 in order to utilize available DSP registers.
INFO: [HLS 200-486] Changing DSP latency (root=mul_ln65_1737) to 3 in order to utilize available DSP registers.
INFO: [HLS 200-486] Changing DSP latency (root=tmp2658) to 3 in order to utilize available DSP registers.
INFO: [HLS 200-486] Changing DSP latency (root=mul_ln65_1738) to 3 in order to utilize available DSP registers.
INFO: [HLS 200-486] Changing DSP latency (root=mul_ln58_584) to 3 in order to utilize available DSP registers.
INFO: [HLS 200-486] Changing DSP latency (root=tmp2636) to 3 in order to utilize available DSP registers.
INFO: [HLS 200-486] Changing DSP latency (root=tmp2631) to 3 in order to utilize available DSP registers.
INFO: [HLS 200-486] Changing DSP latency (root=tmp2633) to 3 in order to utilize available DSP registers.
INFO: [HLS 200-486] Changing DSP latency (root=mul_ln65_1732) to 3 in order to utilize available DSP registers.
INFO: [HLS 200-486] Changing DSP latency (root=tmp2639) to 3 in order to utilize available DSP registers.
INFO: [HLS 200-486] Changing DSP latency (root=mul_ln65_1733) to 3 in order to utilize available DSP registers.
INFO: [HLS 200-486] Changing DSP latency (root=mul_ln58_582) to 3 in order to utilize available DSP registers.
INFO: [HLS 200-486] Changing DSP latency (root=tmp2617) to 3 in order to utilize available DSP registers.
INFO: [HLS 200-486] Changing DSP latency (root=tmp2612) to 3 in order to utilize available DSP registers.
INFO: [HLS 200-486] Changing DSP latency (root=tmp2614) to 3 in order to utilize available DSP registers.
INFO: [HLS 200-486] Changing DSP latency (root=mul_ln65_1727) to 3 in order to utilize available DSP registers.
INFO: [HLS 200-486] Changing DSP latency (root=tmp2620) to 3 in order to utilize available DSP registers.
INFO: [HLS 200-486] Changing DSP latency (root=mul_ln65_1728) to 3 in order to utilize available DSP registers.
INFO: [HLS 200-486] Changing DSP latency (root=mul_ln58_580) to 3 in order to utilize available DSP registers.
INFO: [HLS 200-486] Changing DSP latency (root=tmp2598) to 3 in order to utilize available DSP registers.
INFO: [HLS 200-486] Changing DSP latency (root=tmp2593) to 3 in order to utilize available DSP registers.
INFO: [HLS 200-486] Changing DSP latency (root=tmp2595) to 3 in order to utilize available DSP registers.
INFO: [HLS 200-486] Changing DSP latency (root=mul_ln65_1722) to 3 in order to utilize available DSP registers.
INFO: [HLS 200-486] Changing DSP latency (root=tmp2601) to 3 in order to utilize available DSP registers.
INFO: [HLS 200-486] Changing DSP latency (root=mul_ln65_1723) to 3 in order to utilize available DSP registers.
INFO: [HLS 200-486] Changing DSP latency (root=mul_ln58_578) to 3 in order to utilize available DSP registers.
INFO: [HLS 200-486] Changing DSP latency (root=tmp2579) to 3 in order to utilize available DSP registers.
INFO: [HLS 200-486] Changing DSP latency (root=tmp2574) to 3 in order to utilize available DSP registers.
INFO: [HLS 200-486] Changing DSP latency (root=tmp2576) to 3 in order to utilize available DSP registers.
INFO: [HLS 200-486] Changing DSP latency (root=mul_ln65_1717) to 3 in order to utilize available DSP registers.
INFO: [HLS 200-486] Changing DSP latency (root=tmp2582) to 3 in order to utilize available DSP registers.
INFO: [HLS 200-486] Changing DSP latency (root=mul_ln65_1718) to 3 in order to utilize available DSP registers.
INFO: [HLS 200-486] Changing DSP latency (root=mul_ln58_576) to 3 in order to utilize available DSP registers.
INFO: [HLS 200-486] Changing DSP latency (root=tmp2560) to 3 in order to utilize available DSP registers.
INFO: [HLS 200-486] Changing DSP latency (root=tmp2555) to 3 in order to utilize available DSP registers.
INFO: [HLS 200-486] Changing DSP latency (root=tmp2557) to 3 in order to utilize available DSP registers.
INFO: [HLS 200-486] Changing DSP latency (root=mul_ln65_1712) to 3 in order to utilize available DSP registers.
INFO: [HLS 200-486] Changing DSP latency (root=tmp2563) to 3 in order to utilize available DSP registers.
INFO: [HLS 200-486] Changing DSP latency (root=mul_ln65_1713) to 3 in order to utilize available DSP registers.
INFO: [HLS 200-486] Changing DSP latency (root=mul_ln58_574) to 3 in order to utilize available DSP registers.
INFO: [HLS 200-486] Changing DSP latency (root=tmp2541) to 3 in order to utilize available DSP registers.
INFO: [HLS 200-486] Changing DSP latency (root=tmp2536) to 3 in order to utilize available DSP registers.
INFO: [HLS 200-486] Changing DSP latency (root=tmp2538) to 3 in order to utilize available DSP registers.
INFO: [HLS 200-486] Changing DSP latency (root=mul_ln65_1707) to 3 in order to utilize available DSP registers.
INFO: [HLS 200-486] Changing DSP latency (root=tmp2544) to 3 in order to utilize available DSP registers.
INFO: [HLS 200-486] Changing DSP latency (root=mul_ln65_1708) to 3 in order to utilize available DSP registers.
INFO: [HLS 200-486] Changing DSP latency (root=mul_ln58_572) to 3 in order to utilize available DSP registers.
INFO: [HLS 200-486] Changing DSP latency (root=tmp2522) to 3 in order to utilize available DSP registers.
INFO: [HLS 200-486] Changing DSP latency (root=tmp2517) to 3 in order to utilize available DSP registers.
INFO: [HLS 200-486] Changing DSP latency (root=tmp2519) to 3 in order to utilize available DSP registers.
INFO: [HLS 200-486] Changing DSP latency (root=mul_ln65_1702) to 3 in order to utilize available DSP registers.
INFO: [HLS 200-486] Changing DSP latency (root=tmp2525) to 3 in order to utilize available DSP registers.
INFO: [HLS 200-486] Changing DSP latency (root=mul_ln65_1703) to 3 in order to utilize available DSP registers.
INFO: [HLS 200-486] Changing DSP latency (root=mul_ln58_570) to 3 in order to utilize available DSP registers.
INFO: [HLS 200-486] Changing DSP latency (root=tmp2503) to 3 in order to utilize available DSP registers.
INFO: [HLS 200-486] Changing DSP latency (root=tmp2498) to 3 in order to utilize available DSP registers.
INFO: [HLS 200-486] Changing DSP latency (root=tmp2500) to 3 in order to utilize available DSP registers.
INFO: [HLS 200-486] Changing DSP latency (root=mul_ln65_1697) to 3 in order to utilize available DSP registers.
INFO: [HLS 200-486] Changing DSP latency (root=tmp2506) to 3 in order to utilize available DSP registers.
INFO: [HLS 200-486] Changing DSP latency (root=mul_ln65_1698) to 3 in order to utilize available DSP registers.
INFO: [HLS 200-486] Changing DSP latency (root=mul_ln65_1687) to 3 in order to utilize available DSP registers.
INFO: [HLS 200-486] Changing DSP latency (root=mul_ln65_1685) to 3 in order to utilize available DSP registers.
INFO: [HLS 200-486] Changing DSP latency (root=tmp2479) to 3 in order to utilize available DSP registers.
INFO: [HLS 200-486] Changing DSP latency (root=mul_ln65_1690) to 3 in order to utilize available DSP registers.
INFO: [HLS 200-486] Changing DSP latency (root=mul_ln65_1689) to 3 in order to utilize available DSP registers.
INFO: [HLS 200-486] Changing DSP latency (root=mul_ln65_1693) to 3 in order to utilize available DSP registers.
INFO: [HLS 200-486] Changing DSP latency (root=mul_ln65_1692) to 3 in order to utilize available DSP registers.
INFO: [HLS 200-486] Changing DSP latency (root=mul_ln65_1691) to 3 in order to utilize available DSP registers.
INFO: [HLS 200-486] Changing DSP latency (root=mul_ln65_1678) to 3 in order to utilize available DSP registers.
INFO: [HLS 200-486] Changing DSP latency (root=mul_ln65_1676) to 3 in order to utilize available DSP registers.
INFO: [HLS 200-486] Changing DSP latency (root=tmp2469) to 3 in order to utilize available DSP registers.
INFO: [HLS 200-486] Changing DSP latency (root=mul_ln65_1681) to 3 in order to utilize available DSP registers.
INFO: [HLS 200-486] Changing DSP latency (root=mul_ln65_1680) to 3 in order to utilize available DSP registers.
INFO: [HLS 200-486] Changing DSP latency (root=mul_ln65_1684) to 3 in order to utilize available DSP registers.
INFO: [HLS 200-486] Changing DSP latency (root=mul_ln65_1683) to 3 in order to utilize available DSP registers.
INFO: [HLS 200-486] Changing DSP latency (root=mul_ln65_1682) to 3 in order to utilize available DSP registers.
INFO: [HLS 200-486] Changing DSP latency (root=mul_ln65_1669) to 3 in order to utilize available DSP registers.
INFO: [HLS 200-486] Changing DSP latency (root=mul_ln65_1667) to 3 in order to utilize available DSP registers.
INFO: [HLS 200-486] Changing DSP latency (root=tmp2459) to 3 in order to utilize available DSP registers.
INFO: [HLS 200-486] Changing DSP latency (root=mul_ln65_1672) to 3 in order to utilize available DSP registers.
INFO: [HLS 200-486] Changing DSP latency (root=mul_ln65_1671) to 3 in order to utilize available DSP registers.
INFO: [HLS 200-486] Changing DSP latency (root=mul_ln65_1675) to 3 in order to utilize available DSP registers.
INFO: [HLS 200-486] Changing DSP latency (root=mul_ln65_1674) to 3 in order to utilize available DSP registers.
INFO: [HLS 200-486] Changing DSP latency (root=mul_ln65_1673) to 3 in order to utilize available DSP registers.
INFO: [HLS 200-486] Changing DSP latency (root=mul_ln65_1660) to 3 in order to utilize available DSP registers.
INFO: [HLS 200-486] Changing DSP latency (root=mul_ln65_1658) to 3 in order to utilize available DSP registers.
INFO: [HLS 200-486] Changing DSP latency (root=tmp2449) to 3 in order to utilize available DSP registers.
INFO: [HLS 200-486] Changing DSP latency (root=mul_ln65_1663) to 3 in order to utilize available DSP registers.
INFO: [HLS 200-486] Changing DSP latency (root=mul_ln65_1662) to 3 in order to utilize available DSP registers.
INFO: [HLS 200-486] Changing DSP latency (root=mul_ln65_1666) to 3 in order to utilize available DSP registers.
INFO: [HLS 200-486] Changing DSP latency (root=mul_ln65_1665) to 3 in order to utilize available DSP registers.
INFO: [HLS 200-486] Changing DSP latency (root=mul_ln65_1664) to 3 in order to utilize available DSP registers.
INFO: [HLS 200-486] Changing DSP latency (root=mul_ln65_1651) to 3 in order to utilize available DSP registers.
INFO: [HLS 200-486] Changing DSP latency (root=mul_ln65_1649) to 3 in order to utilize available DSP registers.
INFO: [HLS 200-486] Changing DSP latency (root=tmp2439) to 3 in order to utilize available DSP registers.
INFO: [HLS 200-486] Changing DSP latency (root=mul_ln65_1654) to 3 in order to utilize available DSP registers.
INFO: [HLS 200-486] Changing DSP latency (root=mul_ln65_1653) to 3 in order to utilize available DSP registers.
INFO: [HLS 200-486] Changing DSP latency (root=mul_ln65_1657) to 3 in order to utilize available DSP registers.
INFO: [HLS 200-486] Changing DSP latency (root=mul_ln65_1656) to 3 in order to utilize available DSP registers.
INFO: [HLS 200-486] Changing DSP latency (root=mul_ln65_1655) to 3 in order to utilize available DSP registers.
INFO: [HLS 200-486] Changing DSP latency (root=mul_ln65_1642) to 3 in order to utilize available DSP registers.
INFO: [HLS 200-486] Changing DSP latency (root=mul_ln65_1640) to 3 in order to utilize available DSP registers.
INFO: [HLS 200-486] Changing DSP latency (root=tmp2429) to 3 in order to utilize available DSP registers.
INFO: [HLS 200-486] Changing DSP latency (root=mul_ln65_1645) to 3 in order to utilize available DSP registers.
INFO: [HLS 200-486] Changing DSP latency (root=mul_ln65_1644) to 3 in order to utilize available DSP registers.
INFO: [HLS 200-486] Changing DSP latency (root=mul_ln65_1648) to 3 in order to utilize available DSP registers.
INFO: [HLS 200-486] Changing DSP latency (root=mul_ln65_1647) to 3 in order to utilize available DSP registers.
INFO: [HLS 200-486] Changing DSP latency (root=mul_ln65_1646) to 3 in order to utilize available DSP registers.
INFO: [HLS 200-486] Changing DSP latency (root=mul_ln65_1633) to 3 in order to utilize available DSP registers.
INFO: [HLS 200-486] Changing DSP latency (root=mul_ln65_1631) to 3 in order to utilize available DSP registers.
INFO: [HLS 200-486] Changing DSP latency (root=tmp2419) to 3 in order to utilize available DSP registers.
INFO: [HLS 200-486] Changing DSP latency (root=mul_ln65_1636) to 3 in order to utilize available DSP registers.
INFO: [HLS 200-486] Changing DSP latency (root=mul_ln65_1635) to 3 in order to utilize available DSP registers.
INFO: [HLS 200-486] Changing DSP latency (root=mul_ln65_1639) to 3 in order to utilize available DSP registers.
INFO: [HLS 200-486] Changing DSP latency (root=mul_ln65_1638) to 3 in order to utilize available DSP registers.
INFO: [HLS 200-486] Changing DSP latency (root=mul_ln65_1637) to 3 in order to utilize available DSP registers.
INFO: [HLS 200-486] Changing DSP latency (root=mul_ln65_1624) to 3 in order to utilize available DSP registers.
INFO: [HLS 200-486] Changing DSP latency (root=mul_ln65_1622) to 3 in order to utilize available DSP registers.
INFO: [HLS 200-486] Changing DSP latency (root=tmp2409) to 3 in order to utilize available DSP registers.
INFO: [HLS 200-486] Changing DSP latency (root=mul_ln65_1627) to 3 in order to utilize available DSP registers.
INFO: [HLS 200-486] Changing DSP latency (root=mul_ln65_1626) to 3 in order to utilize available DSP registers.
INFO: [HLS 200-486] Changing DSP latency (root=mul_ln65_1630) to 3 in order to utilize available DSP registers.
INFO: [HLS 200-486] Changing DSP latency (root=mul_ln65_1629) to 3 in order to utilize available DSP registers.
INFO: [HLS 200-486] Changing DSP latency (root=mul_ln65_1628) to 3 in order to utilize available DSP registers.
INFO: [HLS 200-486] Changing DSP latency (root=mul_ln65_1615) to 3 in order to utilize available DSP registers.
INFO: [HLS 200-486] Changing DSP latency (root=mul_ln65_1613) to 3 in order to utilize available DSP registers.
INFO: [HLS 200-486] Changing DSP latency (root=tmp2399) to 3 in order to utilize available DSP registers.
INFO: [HLS 200-486] Changing DSP latency (root=mul_ln65_1618) to 3 in order to utilize available DSP registers.
INFO: [HLS 200-486] Changing DSP latency (root=mul_ln65_1617) to 3 in order to utilize available DSP registers.
INFO: [HLS 200-486] Changing DSP latency (root=mul_ln65_1621) to 3 in order to utilize available DSP registers.
INFO: [HLS 200-486] Changing DSP latency (root=mul_ln65_1620) to 3 in order to utilize available DSP registers.
INFO: [HLS 200-486] Changing DSP latency (root=mul_ln65_1619) to 3 in order to utilize available DSP registers.
INFO: [HLS 200-486] Changing DSP latency (root=mul_ln65_1606) to 3 in order to utilize available DSP registers.
INFO: [HLS 200-486] Changing DSP latency (root=mul_ln65_1604) to 3 in order to utilize available DSP registers.
INFO: [HLS 200-486] Changing DSP latency (root=tmp2389) to 3 in order to utilize available DSP registers.
INFO: [HLS 200-486] Changing DSP latency (root=mul_ln65_1609) to 3 in order to utilize available DSP registers.
INFO: [HLS 200-486] Changing DSP latency (root=mul_ln65_1608) to 3 in order to utilize available DSP registers.
INFO: [HLS 200-486] Changing DSP latency (root=mul_ln65_1612) to 3 in order to utilize available DSP registers.
INFO: [HLS 200-486] Changing DSP latency (root=mul_ln65_1611) to 3 in order to utilize available DSP registers.
INFO: [HLS 200-486] Changing DSP latency (root=mul_ln65_1610) to 3 in order to utilize available DSP registers.
INFO: [HLS 200-486] Changing DSP latency (root=mul_ln65_1597) to 3 in order to utilize available DSP registers.
INFO: [HLS 200-486] Changing DSP latency (root=mul_ln65_1595) to 3 in order to utilize available DSP registers.
INFO: [HLS 200-486] Changing DSP latency (root=tmp2379) to 3 in order to utilize available DSP registers.
INFO: [HLS 200-486] Changing DSP latency (root=mul_ln65_1600) to 3 in order to utilize available DSP registers.
INFO: [HLS 200-486] Changing DSP latency (root=mul_ln65_1599) to 3 in order to utilize available DSP registers.
INFO: [HLS 200-486] Changing DSP latency (root=mul_ln65_1603) to 3 in order to utilize available DSP registers.
INFO: [HLS 200-486] Changing DSP latency (root=mul_ln65_1602) to 3 in order to utilize available DSP registers.
INFO: [HLS 200-486] Changing DSP latency (root=mul_ln65_1601) to 3 in order to utilize available DSP registers.
INFO: [HLS 200-486] Changing DSP latency (root=mul_ln65_1588) to 3 in order to utilize available DSP registers.
INFO: [HLS 200-486] Changing DSP latency (root=mul_ln65_1586) to 3 in order to utilize available DSP registers.
INFO: [HLS 200-486] Changing DSP latency (root=tmp2369) to 3 in order to utilize available DSP registers.
INFO: [HLS 200-486] Changing DSP latency (root=mul_ln65_1591) to 3 in order to utilize available DSP registers.
INFO: [HLS 200-486] Changing DSP latency (root=mul_ln65_1590) to 3 in order to utilize available DSP registers.
INFO: [HLS 200-486] Changing DSP latency (root=mul_ln65_1594) to 3 in order to utilize available DSP registers.
INFO: [HLS 200-486] Changing DSP latency (root=mul_ln65_1593) to 3 in order to utilize available DSP registers.
INFO: [HLS 200-486] Changing DSP latency (root=mul_ln65_1592) to 3 in order to utilize available DSP registers.
INFO: [HLS 200-486] Changing DSP latency (root=mul_ln65_1579) to 3 in order to utilize available DSP registers.
INFO: [HLS 200-486] Changing DSP latency (root=mul_ln65_1577) to 3 in order to utilize available DSP registers.
INFO: [HLS 200-486] Changing DSP latency (root=tmp2359) to 3 in order to utilize available DSP registers.
INFO: [HLS 200-486] Changing DSP latency (root=mul_ln65_1582) to 3 in order to utilize available DSP registers.
INFO: [HLS 200-486] Changing DSP latency (root=mul_ln65_1581) to 3 in order to utilize available DSP registers.
INFO: [HLS 200-486] Changing DSP latency (root=mul_ln65_1585) to 3 in order to utilize available DSP registers.
INFO: [HLS 200-486] Changing DSP latency (root=mul_ln65_1584) to 3 in order to utilize available DSP registers.
INFO: [HLS 200-486] Changing DSP latency (root=mul_ln65_1583) to 3 in order to utilize available DSP registers.
INFO: [HLS 200-486] Changing DSP latency (root=mul_ln65_1570) to 3 in order to utilize available DSP registers.
INFO: [HLS 200-486] Changing DSP latency (root=mul_ln65_1568) to 3 in order to utilize available DSP registers.
INFO: [HLS 200-486] Changing DSP latency (root=tmp2349) to 3 in order to utilize available DSP registers.
INFO: [HLS 200-486] Changing DSP latency (root=mul_ln65_1573) to 3 in order to utilize available DSP registers.
INFO: [HLS 200-486] Changing DSP latency (root=mul_ln65_1572) to 3 in order to utilize available DSP registers.
INFO: [HLS 200-486] Changing DSP latency (root=mul_ln65_1576) to 3 in order to utilize available DSP registers.
INFO: [HLS 200-486] Changing DSP latency (root=mul_ln65_1575) to 3 in order to utilize available DSP registers.
INFO: [HLS 200-486] Changing DSP latency (root=mul_ln65_1574) to 3 in order to utilize available DSP registers.
INFO: [HLS 200-486] Changing DSP latency (root=mul_ln65_1561) to 3 in order to utilize available DSP registers.
INFO: [HLS 200-486] Changing DSP latency (root=mul_ln65_1559) to 3 in order to utilize available DSP registers.
INFO: [HLS 200-486] Changing DSP latency (root=tmp2339) to 3 in order to utilize available DSP registers.
INFO: [HLS 200-486] Changing DSP latency (root=mul_ln65_1564) to 3 in order to utilize available DSP registers.
INFO: [HLS 200-486] Changing DSP latency (root=mul_ln65_1563) to 3 in order to utilize available DSP registers.
INFO: [HLS 200-486] Changing DSP latency (root=mul_ln65_1567) to 3 in order to utilize available DSP registers.
INFO: [HLS 200-486] Changing DSP latency (root=mul_ln65_1566) to 3 in order to utilize available DSP registers.
INFO: [HLS 200-486] Changing DSP latency (root=mul_ln65_1565) to 3 in order to utilize available DSP registers.
INFO: [HLS 200-486] Changing DSP latency (root=mul_ln65_1558) to 3 in order to utilize available DSP registers.
INFO: [HLS 200-486] Changing DSP latency (root=mul_ln65_1551) to 3 in order to utilize available DSP registers.
INFO: [HLS 200-486] Changing DSP latency (root=mul_ln65_1552) to 3 in order to utilize available DSP registers.
INFO: [HLS 200-486] Changing DSP latency (root=mul_ln65_1553) to 3 in order to utilize available DSP registers.
INFO: [HLS 200-486] Changing DSP latency (root=mul_ln65_1554) to 3 in order to utilize available DSP registers.
INFO: [HLS 200-486] Changing DSP latency (root=mul_ln65_1556) to 3 in order to utilize available DSP registers.
INFO: [HLS 200-486] Changing DSP latency (root=mul_ln65_1557) to 3 in order to utilize available DSP registers.
INFO: [HLS 200-486] Changing DSP latency (root=mul_ln65_1555) to 3 in order to utilize available DSP registers.
INFO: [HLS 200-486] Changing DSP latency (root=mul_ln65_1550) to 3 in order to utilize available DSP registers.
INFO: [HLS 200-486] Changing DSP latency (root=mul_ln65_1543) to 3 in order to utilize available DSP registers.
INFO: [HLS 200-486] Changing DSP latency (root=mul_ln65_1544) to 3 in order to utilize available DSP registers.
INFO: [HLS 200-486] Changing DSP latency (root=mul_ln65_1545) to 3 in order to utilize available DSP registers.
INFO: [HLS 200-486] Changing DSP latency (root=mul_ln65_1546) to 3 in order to utilize available DSP registers.
INFO: [HLS 200-486] Changing DSP latency (root=mul_ln65_1548) to 3 in order to utilize available DSP registers.
INFO: [HLS 200-486] Changing DSP latency (root=mul_ln65_1549) to 3 in order to utilize available DSP registers.
INFO: [HLS 200-486] Changing DSP latency (root=mul_ln65_1547) to 3 in order to utilize available DSP registers.
INFO: [HLS 200-486] Changing DSP latency (root=mul_ln65_1542) to 3 in order to utilize available DSP registers.
INFO: [HLS 200-486] Changing DSP latency (root=mul_ln65_1535) to 3 in order to utilize available DSP registers.
INFO: [HLS 200-486] Changing DSP latency (root=mul_ln65_1536) to 3 in order to utilize available DSP registers.
INFO: [HLS 200-486] Changing DSP latency (root=mul_ln65_1537) to 3 in order to utilize available DSP registers.
INFO: [HLS 200-486] Changing DSP latency (root=mul_ln65_1538) to 3 in order to utilize available DSP registers.
INFO: [HLS 200-486] Changing DSP latency (root=mul_ln65_1540) to 3 in order to utilize available DSP registers.
INFO: [HLS 200-486] Changing DSP latency (root=mul_ln65_1541) to 3 in order to utilize available DSP registers.
INFO: [HLS 200-486] Changing DSP latency (root=mul_ln65_1539) to 3 in order to utilize available DSP registers.
INFO: [HLS 200-486] Changing DSP latency (root=mul_ln65_1534) to 3 in order to utilize available DSP registers.
INFO: [HLS 200-486] Changing DSP latency (root=mul_ln65_1527) to 3 in order to utilize available DSP registers.
INFO: [HLS 200-486] Changing DSP latency (root=mul_ln65_1528) to 3 in order to utilize available DSP registers.
INFO: [HLS 200-486] Changing DSP latency (root=mul_ln65_1529) to 3 in order to utilize available DSP registers.
INFO: [HLS 200-486] Changing DSP latency (root=mul_ln65_1530) to 3 in order to utilize available DSP registers.
INFO: [HLS 200-486] Changing DSP latency (root=mul_ln65_1532) to 3 in order to utilize available DSP registers.
INFO: [HLS 200-486] Changing DSP latency (root=mul_ln65_1533) to 3 in order to utilize available DSP registers.
INFO: [HLS 200-486] Changing DSP latency (root=mul_ln65_1531) to 3 in order to utilize available DSP registers.
INFO: [HLS 200-486] Changing DSP latency (root=mul_ln65_1526) to 3 in order to utilize available DSP registers.
INFO: [HLS 200-486] Changing DSP latency (root=mul_ln65_1519) to 3 in order to utilize available DSP registers.
INFO: [HLS 200-486] Changing DSP latency (root=mul_ln65_1520) to 3 in order to utilize available DSP registers.
INFO: [HLS 200-486] Changing DSP latency (root=mul_ln65_1521) to 3 in order to utilize available DSP registers.
INFO: [HLS 200-486] Changing DSP latency (root=mul_ln65_1522) to 3 in order to utilize available DSP registers.
INFO: [HLS 200-486] Changing DSP latency (root=mul_ln65_1524) to 3 in order to utilize available DSP registers.
INFO: [HLS 200-486] Changing DSP latency (root=mul_ln65_1525) to 3 in order to utilize available DSP registers.
INFO: [HLS 200-486] Changing DSP latency (root=mul_ln65_1523) to 3 in order to utilize available DSP registers.
INFO: [HLS 200-486] Changing DSP latency (root=mul_ln65_1518) to 3 in order to utilize available DSP registers.
INFO: [HLS 200-486] Changing DSP latency (root=mul_ln65_1511) to 3 in order to utilize available DSP registers.
INFO: [HLS 200-486] Changing DSP latency (root=mul_ln65_1512) to 3 in order to utilize available DSP registers.
INFO: [HLS 200-486] Changing DSP latency (root=mul_ln65_1513) to 3 in order to utilize available DSP registers.
INFO: [HLS 200-486] Changing DSP latency (root=mul_ln65_1514) to 3 in order to utilize available DSP registers.
INFO: [HLS 200-486] Changing DSP latency (root=mul_ln65_1516) to 3 in order to utilize available DSP registers.
INFO: [HLS 200-486] Changing DSP latency (root=mul_ln65_1517) to 3 in order to utilize available DSP registers.
INFO: [HLS 200-486] Changing DSP latency (root=mul_ln65_1515) to 3 in order to utilize available DSP registers.
INFO: [HLS 200-486] Changing DSP latency (root=mul_ln65_1510) to 3 in order to utilize available DSP registers.
INFO: [HLS 200-486] Changing DSP latency (root=mul_ln65_1503) to 3 in order to utilize available DSP registers.
INFO: [HLS 200-486] Changing DSP latency (root=mul_ln65_1504) to 3 in order to utilize available DSP registers.
INFO: [HLS 200-486] Changing DSP latency (root=mul_ln65_1505) to 3 in order to utilize available DSP registers.
INFO: [HLS 200-486] Changing DSP latency (root=mul_ln65_1506) to 3 in order to utilize available DSP registers.
INFO: [HLS 200-486] Changing DSP latency (root=mul_ln65_1508) to 3 in order to utilize available DSP registers.
INFO: [HLS 200-486] Changing DSP latency (root=mul_ln65_1509) to 3 in order to utilize available DSP registers.
INFO: [HLS 200-486] Changing DSP latency (root=mul_ln65_1507) to 3 in order to utilize available DSP registers.
INFO: [HLS 200-486] Changing DSP latency (root=mul_ln65_1502) to 3 in order to utilize available DSP registers.
INFO: [HLS 200-486] Changing DSP latency (root=mul_ln65_1495) to 3 in order to utilize available DSP registers.
INFO: [HLS 200-486] Changing DSP latency (root=mul_ln65_1496) to 3 in order to utilize available DSP registers.
INFO: [HLS 200-486] Changing DSP latency (root=mul_ln65_1497) to 3 in order to utilize available DSP registers.
INFO: [HLS 200-486] Changing DSP latency (root=mul_ln65_1498) to 3 in order to utilize available DSP registers.
INFO: [HLS 200-486] Changing DSP latency (root=mul_ln65_1500) to 3 in order to utilize available DSP registers.
INFO: [HLS 200-486] Changing DSP latency (root=mul_ln65_1501) to 3 in order to utilize available DSP registers.
INFO: [HLS 200-486] Changing DSP latency (root=mul_ln65_1499) to 3 in order to utilize available DSP registers.
INFO: [HLS 200-486] Changing DSP latency (root=mul_ln65_1494) to 3 in order to utilize available DSP registers.
INFO: [HLS 200-486] Changing DSP latency (root=mul_ln65_1487) to 3 in order to utilize available DSP registers.
INFO: [HLS 200-486] Changing DSP latency (root=mul_ln65_1488) to 3 in order to utilize available DSP registers.
INFO: [HLS 200-486] Changing DSP latency (root=mul_ln65_1489) to 3 in order to utilize available DSP registers.
INFO: [HLS 200-486] Changing DSP latency (root=mul_ln65_1490) to 3 in order to utilize available DSP registers.
INFO: [HLS 200-486] Changing DSP latency (root=mul_ln65_1492) to 3 in order to utilize available DSP registers.
INFO: [HLS 200-486] Changing DSP latency (root=mul_ln65_1493) to 3 in order to utilize available DSP registers.
INFO: [HLS 200-486] Changing DSP latency (root=mul_ln65_1491) to 3 in order to utilize available DSP registers.
INFO: [HLS 200-486] Changing DSP latency (root=mul_ln65_1486) to 3 in order to utilize available DSP registers.
INFO: [HLS 200-486] Changing DSP latency (root=mul_ln65_1479) to 3 in order to utilize available DSP registers.
INFO: [HLS 200-486] Changing DSP latency (root=mul_ln65_1480) to 3 in order to utilize available DSP registers.
INFO: [HLS 200-486] Changing DSP latency (root=mul_ln65_1481) to 3 in order to utilize available DSP registers.
INFO: [HLS 200-486] Changing DSP latency (root=mul_ln65_1482) to 3 in order to utilize available DSP registers.
INFO: [HLS 200-486] Changing DSP latency (root=mul_ln65_1484) to 3 in order to utilize available DSP registers.
INFO: [HLS 200-486] Changing DSP latency (root=mul_ln65_1485) to 3 in order to utilize available DSP registers.
INFO: [HLS 200-486] Changing DSP latency (root=mul_ln65_1483) to 3 in order to utilize available DSP registers.
INFO: [HLS 200-486] Changing DSP latency (root=mul_ln65_1478) to 3 in order to utilize available DSP registers.
INFO: [HLS 200-486] Changing DSP latency (root=mul_ln65_1471) to 3 in order to utilize available DSP registers.
INFO: [HLS 200-486] Changing DSP latency (root=mul_ln65_1472) to 3 in order to utilize available DSP registers.
INFO: [HLS 200-486] Changing DSP latency (root=mul_ln65_1473) to 3 in order to utilize available DSP registers.
INFO: [HLS 200-486] Changing DSP latency (root=mul_ln65_1474) to 3 in order to utilize available DSP registers.
INFO: [HLS 200-486] Changing DSP latency (root=mul_ln65_1476) to 3 in order to utilize available DSP registers.
INFO: [HLS 200-486] Changing DSP latency (root=mul_ln65_1477) to 3 in order to utilize available DSP registers.
INFO: [HLS 200-486] Changing DSP latency (root=mul_ln65_1475) to 3 in order to utilize available DSP registers.
INFO: [HLS 200-486] Changing DSP latency (root=mul_ln65_1470) to 3 in order to utilize available DSP registers.
INFO: [HLS 200-486] Changing DSP latency (root=mul_ln65_1463) to 3 in order to utilize available DSP registers.
INFO: [HLS 200-486] Changing DSP latency (root=mul_ln65_1464) to 3 in order to utilize available DSP registers.
INFO: [HLS 200-486] Changing DSP latency (root=mul_ln65_1465) to 3 in order to utilize available DSP registers.
INFO: [HLS 200-486] Changing DSP latency (root=mul_ln65_1466) to 3 in order to utilize available DSP registers.
INFO: [HLS 200-486] Changing DSP latency (root=mul_ln65_1468) to 3 in order to utilize available DSP registers.
INFO: [HLS 200-486] Changing DSP latency (root=mul_ln65_1469) to 3 in order to utilize available DSP registers.
INFO: [HLS 200-486] Changing DSP latency (root=mul_ln65_1467) to 3 in order to utilize available DSP registers.
INFO: [HLS 200-486] Changing DSP latency (root=mul_ln65_1462) to 3 in order to utilize available DSP registers.
INFO: [HLS 200-486] Changing DSP latency (root=mul_ln65_1455) to 3 in order to utilize available DSP registers.
INFO: [HLS 200-486] Changing DSP latency (root=mul_ln65_1456) to 3 in order to utilize available DSP registers.
INFO: [HLS 200-486] Changing DSP latency (root=mul_ln65_1457) to 3 in order to utilize available DSP registers.
INFO: [HLS 200-486] Changing DSP latency (root=mul_ln65_1458) to 3 in order to utilize available DSP registers.
INFO: [HLS 200-486] Changing DSP latency (root=mul_ln65_1460) to 3 in order to utilize available DSP registers.
INFO: [HLS 200-486] Changing DSP latency (root=mul_ln65_1461) to 3 in order to utilize available DSP registers.
INFO: [HLS 200-486] Changing DSP latency (root=mul_ln65_1459) to 3 in order to utilize available DSP registers.
INFO: [HLS 200-486] Changing DSP latency (root=mul_ln65_1454) to 3 in order to utilize available DSP registers.
INFO: [HLS 200-486] Changing DSP latency (root=mul_ln65_1447) to 3 in order to utilize available DSP registers.
INFO: [HLS 200-486] Changing DSP latency (root=mul_ln65_1448) to 3 in order to utilize available DSP registers.
INFO: [HLS 200-486] Changing DSP latency (root=mul_ln65_1449) to 3 in order to utilize available DSP registers.
INFO: [HLS 200-486] Changing DSP latency (root=mul_ln65_1450) to 3 in order to utilize available DSP registers.
INFO: [HLS 200-486] Changing DSP latency (root=mul_ln65_1452) to 3 in order to utilize available DSP registers.
INFO: [HLS 200-486] Changing DSP latency (root=mul_ln65_1453) to 3 in order to utilize available DSP registers.
INFO: [HLS 200-486] Changing DSP latency (root=mul_ln65_1451) to 3 in order to utilize available DSP registers.
INFO: [HLS 200-486] Changing DSP latency (root=mul_ln65_1446) to 3 in order to utilize available DSP registers.
INFO: [HLS 200-486] Changing DSP latency (root=mul_ln65_1439) to 3 in order to utilize available DSP registers.
INFO: [HLS 200-486] Changing DSP latency (root=mul_ln65_1440) to 3 in order to utilize available DSP registers.
INFO: [HLS 200-486] Changing DSP latency (root=mul_ln65_1441) to 3 in order to utilize available DSP registers.
INFO: [HLS 200-486] Changing DSP latency (root=mul_ln65_1442) to 3 in order to utilize available DSP registers.
INFO: [HLS 200-486] Changing DSP latency (root=mul_ln65_1444) to 3 in order to utilize available DSP registers.
INFO: [HLS 200-486] Changing DSP latency (root=mul_ln65_1445) to 3 in order to utilize available DSP registers.
INFO: [HLS 200-486] Changing DSP latency (root=mul_ln65_1443) to 3 in order to utilize available DSP registers.
INFO: [HLS 200-486] Changing DSP latency (root=mul_ln58_523) to 3 in order to utilize available DSP registers.
INFO: [HLS 200-486] Changing DSP latency (root=tmp2212) to 3 in order to utilize available DSP registers.
INFO: [HLS 200-486] Changing DSP latency (root=mul_ln65_1435) to 3 in order to utilize available DSP registers.
INFO: [HLS 200-486] Changing DSP latency (root=mul_ln65_1437) to 3 in order to utilize available DSP registers.
INFO: [HLS 200-486] Changing DSP latency (root=mul_ln65_1438) to 3 in order to utilize available DSP registers.
INFO: [HLS 200-486] Changing DSP latency (root=mul_ln58_388) to 3 in order to utilize available DSP registers.
INFO: [HLS 200-486] Changing DSP latency (root=mul_ln58_521) to 3 in order to utilize available DSP registers.
INFO: [HLS 200-486] Changing DSP latency (root=tmp2201) to 3 in order to utilize available DSP registers.
INFO: [HLS 200-486] Changing DSP latency (root=mul_ln65_1430) to 3 in order to utilize available DSP registers.
INFO: [HLS 200-486] Changing DSP latency (root=mul_ln65_1432) to 3 in order to utilize available DSP registers.
INFO: [HLS 200-486] Changing DSP latency (root=mul_ln65_1433) to 3 in order to utilize available DSP registers.
INFO: [HLS 200-486] Changing DSP latency (root=mul_ln58_387) to 3 in order to utilize available DSP registers.
INFO: [HLS 200-486] Changing DSP latency (root=mul_ln58_519) to 3 in order to utilize available DSP registers.
INFO: [HLS 200-486] Changing DSP latency (root=tmp2190) to 3 in order to utilize available DSP registers.
INFO: [HLS 200-486] Changing DSP latency (root=mul_ln65_1425) to 3 in order to utilize available DSP registers.
INFO: [HLS 200-486] Changing DSP latency (root=mul_ln65_1427) to 3 in order to utilize available DSP registers.
INFO: [HLS 200-486] Changing DSP latency (root=mul_ln65_1428) to 3 in order to utilize available DSP registers.
INFO: [HLS 200-486] Changing DSP latency (root=mul_ln58_386) to 3 in order to utilize available DSP registers.
INFO: [HLS 200-486] Changing DSP latency (root=mul_ln58_517) to 3 in order to utilize available DSP registers.
INFO: [HLS 200-486] Changing DSP latency (root=tmp2179) to 3 in order to utilize available DSP registers.
INFO: [HLS 200-486] Changing DSP latency (root=mul_ln65_1420) to 3 in order to utilize available DSP registers.
INFO: [HLS 200-486] Changing DSP latency (root=mul_ln65_1422) to 3 in order to utilize available DSP registers.
INFO: [HLS 200-486] Changing DSP latency (root=mul_ln65_1423) to 3 in order to utilize available DSP registers.
INFO: [HLS 200-486] Changing DSP latency (root=mul_ln58_385) to 3 in order to utilize available DSP registers.
INFO: [HLS 200-486] Changing DSP latency (root=mul_ln58_515) to 3 in order to utilize available DSP registers.
INFO: [HLS 200-486] Changing DSP latency (root=tmp2168) to 3 in order to utilize available DSP registers.
INFO: [HLS 200-486] Changing DSP latency (root=mul_ln65_1415) to 3 in order to utilize available DSP registers.
INFO: [HLS 200-486] Changing DSP latency (root=mul_ln65_1417) to 3 in order to utilize available DSP registers.
INFO: [HLS 200-486] Changing DSP latency (root=mul_ln65_1418) to 3 in order to utilize available DSP registers.
INFO: [HLS 200-486] Changing DSP latency (root=mul_ln58_384) to 3 in order to utilize available DSP registers.
INFO: [HLS 200-486] Changing DSP latency (root=mul_ln58_513) to 3 in order to utilize available DSP registers.
INFO: [HLS 200-486] Changing DSP latency (root=tmp2157) to 3 in order to utilize available DSP registers.
INFO: [HLS 200-486] Changing DSP latency (root=mul_ln65_1410) to 3 in order to utilize available DSP registers.
INFO: [HLS 200-486] Changing DSP latency (root=mul_ln65_1412) to 3 in order to utilize available DSP registers.
INFO: [HLS 200-486] Changing DSP latency (root=mul_ln65_1413) to 3 in order to utilize available DSP registers.
INFO: [HLS 200-486] Changing DSP latency (root=mul_ln58_383) to 3 in order to utilize available DSP registers.
INFO: [HLS 200-486] Changing DSP latency (root=mul_ln58_511) to 3 in order to utilize available DSP registers.
INFO: [HLS 200-486] Changing DSP latency (root=tmp2146) to 3 in order to utilize available DSP registers.
INFO: [HLS 200-486] Changing DSP latency (root=mul_ln65_1405) to 3 in order to utilize available DSP registers.
INFO: [HLS 200-486] Changing DSP latency (root=mul_ln65_1407) to 3 in order to utilize available DSP registers.
INFO: [HLS 200-486] Changing DSP latency (root=mul_ln65_1408) to 3 in order to utilize available DSP registers.
INFO: [HLS 200-486] Changing DSP latency (root=mul_ln58_382) to 3 in order to utilize available DSP registers.
INFO: [HLS 200-486] Changing DSP latency (root=mul_ln58_509) to 3 in order to utilize available DSP registers.
INFO: [HLS 200-486] Changing DSP latency (root=tmp2135) to 3 in order to utilize available DSP registers.
INFO: [HLS 200-486] Changing DSP latency (root=mul_ln65_1400) to 3 in order to utilize available DSP registers.
INFO: [HLS 200-486] Changing DSP latency (root=mul_ln65_1402) to 3 in order to utilize available DSP registers.
INFO: [HLS 200-486] Changing DSP latency (root=mul_ln65_1403) to 3 in order to utilize available DSP registers.
INFO: [HLS 200-486] Changing DSP latency (root=mul_ln58_381) to 3 in order to utilize available DSP registers.
INFO: [HLS 200-486] Changing DSP latency (root=mul_ln58_507) to 3 in order to utilize available DSP registers.
INFO: [HLS 200-486] Changing DSP latency (root=tmp2124) to 3 in order to utilize available DSP registers.
INFO: [HLS 200-486] Changing DSP latency (root=mul_ln65_1395) to 3 in order to utilize available DSP registers.
INFO: [HLS 200-486] Changing DSP latency (root=mul_ln65_1397) to 3 in order to utilize available DSP registers.
INFO: [HLS 200-486] Changing DSP latency (root=mul_ln65_1398) to 3 in order to utilize available DSP registers.
INFO: [HLS 200-486] Changing DSP latency (root=mul_ln58_380) to 3 in order to utilize available DSP registers.
INFO: [HLS 200-486] Changing DSP latency (root=mul_ln58_505) to 3 in order to utilize available DSP registers.
INFO: [HLS 200-486] Changing DSP latency (root=tmp2113) to 3 in order to utilize available DSP registers.
INFO: [HLS 200-486] Changing DSP latency (root=mul_ln65_1390) to 3 in order to utilize available DSP registers.
INFO: [HLS 200-486] Changing DSP latency (root=mul_ln65_1392) to 3 in order to utilize available DSP registers.
INFO: [HLS 200-486] Changing DSP latency (root=mul_ln65_1393) to 3 in order to utilize available DSP registers.
INFO: [HLS 200-486] Changing DSP latency (root=mul_ln58_379) to 3 in order to utilize available DSP registers.
INFO: [HLS 200-486] Changing DSP latency (root=mul_ln58_503) to 3 in order to utilize available DSP registers.
INFO: [HLS 200-486] Changing DSP latency (root=tmp2102) to 3 in order to utilize available DSP registers.
INFO: [HLS 200-486] Changing DSP latency (root=mul_ln65_1385) to 3 in order to utilize available DSP registers.
INFO: [HLS 200-486] Changing DSP latency (root=mul_ln65_1387) to 3 in order to utilize available DSP registers.
INFO: [HLS 200-486] Changing DSP latency (root=mul_ln65_1388) to 3 in order to utilize available DSP registers.
INFO: [HLS 200-486] Changing DSP latency (root=mul_ln58_378) to 3 in order to utilize available DSP registers.
INFO: [HLS 200-486] Changing DSP latency (root=mul_ln58_501) to 3 in order to utilize available DSP registers.
INFO: [HLS 200-486] Changing DSP latency (root=tmp2091) to 3 in order to utilize available DSP registers.
INFO: [HLS 200-486] Changing DSP latency (root=mul_ln65_1380) to 3 in order to utilize available DSP registers.
INFO: [HLS 200-486] Changing DSP latency (root=mul_ln65_1382) to 3 in order to utilize available DSP registers.
INFO: [HLS 200-486] Changing DSP latency (root=mul_ln65_1383) to 3 in order to utilize available DSP registers.
INFO: [HLS 200-486] Changing DSP latency (root=mul_ln58_377) to 3 in order to utilize available DSP registers.
INFO: [HLS 200-486] Changing DSP latency (root=mul_ln58_499) to 3 in order to utilize available DSP registers.
INFO: [HLS 200-486] Changing DSP latency (root=tmp2080) to 3 in order to utilize available DSP registers.
INFO: [HLS 200-486] Changing DSP latency (root=mul_ln65_1375) to 3 in order to utilize available DSP registers.
INFO: [HLS 200-486] Changing DSP latency (root=mul_ln65_1377) to 3 in order to utilize available DSP registers.
INFO: [HLS 200-486] Changing DSP latency (root=mul_ln65_1378) to 3 in order to utilize available DSP registers.
INFO: [HLS 200-486] Changing DSP latency (root=mul_ln58_376) to 3 in order to utilize available DSP registers.
INFO: [HLS 200-486] Changing DSP latency (root=mul_ln58_497) to 3 in order to utilize available DSP registers.
INFO: [HLS 200-486] Changing DSP latency (root=tmp2069) to 3 in order to utilize available DSP registers.
INFO: [HLS 200-486] Changing DSP latency (root=mul_ln65_1370) to 3 in order to utilize available DSP registers.
INFO: [HLS 200-486] Changing DSP latency (root=mul_ln65_1372) to 3 in order to utilize available DSP registers.
INFO: [HLS 200-486] Changing DSP latency (root=mul_ln65_1373) to 3 in order to utilize available DSP registers.
INFO: [HLS 200-486] Changing DSP latency (root=mul_ln58_375) to 3 in order to utilize available DSP registers.
INFO: [HLS 200-486] Changing DSP latency (root=mul_ln58_495) to 3 in order to utilize available DSP registers.
INFO: [HLS 200-486] Changing DSP latency (root=tmp2058) to 3 in order to utilize available DSP registers.
INFO: [HLS 200-486] Changing DSP latency (root=mul_ln65_1365) to 3 in order to utilize available DSP registers.
INFO: [HLS 200-486] Changing DSP latency (root=mul_ln65_1367) to 3 in order to utilize available DSP registers.
INFO: [HLS 200-486] Changing DSP latency (root=mul_ln65_1368) to 3 in order to utilize available DSP registers.
INFO: [HLS 200-486] Changing DSP latency (root=mul_ln58_374) to 3 in order to utilize available DSP registers.
INFO: [HLS 200-486] Changing DSP latency (root=mul_ln65_1363) to 3 in order to utilize available DSP registers.
INFO: [HLS 200-486] Changing DSP latency (root=mul_ln65_1356) to 3 in order to utilize available DSP registers.
INFO: [HLS 200-486] Changing DSP latency (root=mul_ln65_1359) to 3 in order to utilize available DSP registers.
INFO: [HLS 200-486] Changing DSP latency (root=tmp2049) to 3 in order to utilize available DSP registers.
INFO: [HLS 200-486] Changing DSP latency (root=tmp2052) to 3 in order to utilize available DSP registers.
INFO: [HLS 200-486] Changing DSP latency (root=mul_ln65_1360) to 3 in order to utilize available DSP registers.
INFO: [HLS 200-486] Changing DSP latency (root=mul_ln65_1361) to 3 in order to utilize available DSP registers.
INFO: [HLS 200-486] Changing DSP latency (root=mul_ln65_1362) to 3 in order to utilize available DSP registers.
INFO: [HLS 200-486] Changing DSP latency (root=mul_ln58_373) to 3 in order to utilize available DSP registers.
INFO: [HLS 200-486] Changing DSP latency (root=mul_ln65_1352) to 3 in order to utilize available DSP registers.
INFO: [HLS 200-486] Changing DSP latency (root=mul_ln65_1345) to 3 in order to utilize available DSP registers.
INFO: [HLS 200-486] Changing DSP latency (root=mul_ln65_1348) to 3 in order to utilize available DSP registers.
INFO: [HLS 200-486] Changing DSP latency (root=tmp2041) to 3 in order to utilize available DSP registers.
INFO: [HLS 200-486] Changing DSP latency (root=tmp2044) to 3 in order to utilize available DSP registers.
INFO: [HLS 200-486] Changing DSP latency (root=mul_ln65_1349) to 3 in order to utilize available DSP registers.
INFO: [HLS 200-486] Changing DSP latency (root=mul_ln65_1350) to 3 in order to utilize available DSP registers.
INFO: [HLS 200-486] Changing DSP latency (root=mul_ln65_1351) to 3 in order to utilize available DSP registers.
INFO: [HLS 200-486] Changing DSP latency (root=mul_ln58_372) to 3 in order to utilize available DSP registers.
INFO: [HLS 200-486] Changing DSP latency (root=mul_ln65_1341) to 3 in order to utilize available DSP registers.
INFO: [HLS 200-486] Changing DSP latency (root=mul_ln65_1334) to 3 in order to utilize available DSP registers.
INFO: [HLS 200-486] Changing DSP latency (root=mul_ln65_1337) to 3 in order to utilize available DSP registers.
INFO: [HLS 200-486] Changing DSP latency (root=tmp2033) to 3 in order to utilize available DSP registers.
INFO: [HLS 200-486] Changing DSP latency (root=tmp2036) to 3 in order to utilize available DSP registers.
INFO: [HLS 200-486] Changing DSP latency (root=mul_ln65_1338) to 3 in order to utilize available DSP registers.
INFO: [HLS 200-486] Changing DSP latency (root=mul_ln65_1339) to 3 in order to utilize available DSP registers.
INFO: [HLS 200-486] Changing DSP latency (root=mul_ln65_1340) to 3 in order to utilize available DSP registers.
INFO: [HLS 200-486] Changing DSP latency (root=mul_ln58_371) to 3 in order to utilize available DSP registers.
INFO: [HLS 200-486] Changing DSP latency (root=mul_ln65_1330) to 3 in order to utilize available DSP registers.
INFO: [HLS 200-486] Changing DSP latency (root=mul_ln65_1323) to 3 in order to utilize available DSP registers.
INFO: [HLS 200-486] Changing DSP latency (root=mul_ln65_1326) to 3 in order to utilize available DSP registers.
INFO: [HLS 200-486] Changing DSP latency (root=tmp2025) to 3 in order to utilize available DSP registers.
INFO: [HLS 200-486] Changing DSP latency (root=tmp2028) to 3 in order to utilize available DSP registers.
INFO: [HLS 200-486] Changing DSP latency (root=mul_ln65_1327) to 3 in order to utilize available DSP registers.
INFO: [HLS 200-486] Changing DSP latency (root=mul_ln65_1328) to 3 in order to utilize available DSP registers.
INFO: [HLS 200-486] Changing DSP latency (root=mul_ln65_1329) to 3 in order to utilize available DSP registers.
INFO: [HLS 200-486] Changing DSP latency (root=mul_ln58_370) to 3 in order to utilize available DSP registers.
INFO: [HLS 200-486] Changing DSP latency (root=mul_ln65_1319) to 3 in order to utilize available DSP registers.
INFO: [HLS 200-486] Changing DSP latency (root=mul_ln65_1312) to 3 in order to utilize available DSP registers.
INFO: [HLS 200-486] Changing DSP latency (root=mul_ln65_1315) to 3 in order to utilize available DSP registers.
INFO: [HLS 200-486] Changing DSP latency (root=tmp2017) to 3 in order to utilize available DSP registers.
INFO: [HLS 200-486] Changing DSP latency (root=tmp2020) to 3 in order to utilize available DSP registers.
INFO: [HLS 200-486] Changing DSP latency (root=mul_ln65_1316) to 3 in order to utilize available DSP registers.
INFO: [HLS 200-486] Changing DSP latency (root=mul_ln65_1317) to 3 in order to utilize available DSP registers.
INFO: [HLS 200-486] Changing DSP latency (root=mul_ln65_1318) to 3 in order to utilize available DSP registers.
INFO: [HLS 200-486] Changing DSP latency (root=mul_ln58_369) to 3 in order to utilize available DSP registers.
INFO: [HLS 200-486] Changing DSP latency (root=mul_ln65_1308) to 3 in order to utilize available DSP registers.
INFO: [HLS 200-486] Changing DSP latency (root=mul_ln65_1301) to 3 in order to utilize available DSP registers.
INFO: [HLS 200-486] Changing DSP latency (root=mul_ln65_1304) to 3 in order to utilize available DSP registers.
INFO: [HLS 200-486] Changing DSP latency (root=tmp2009) to 3 in order to utilize available DSP registers.
INFO: [HLS 200-486] Changing DSP latency (root=tmp2012) to 3 in order to utilize available DSP registers.
INFO: [HLS 200-486] Changing DSP latency (root=mul_ln65_1305) to 3 in order to utilize available DSP registers.
INFO: [HLS 200-486] Changing DSP latency (root=mul_ln65_1306) to 3 in order to utilize available DSP registers.
INFO: [HLS 200-486] Changing DSP latency (root=mul_ln65_1307) to 3 in order to utilize available DSP registers.
INFO: [HLS 200-486] Changing DSP latency (root=mul_ln58_368) to 3 in order to utilize available DSP registers.
INFO: [HLS 200-486] Changing DSP latency (root=mul_ln65_1297) to 3 in order to utilize available DSP registers.
INFO: [HLS 200-486] Changing DSP latency (root=mul_ln65_1290) to 3 in order to utilize available DSP registers.
INFO: [HLS 200-486] Changing DSP latency (root=mul_ln65_1293) to 3 in order to utilize available DSP registers.
INFO: [HLS 200-486] Changing DSP latency (root=tmp2001) to 3 in order to utilize available DSP registers.
INFO: [HLS 200-486] Changing DSP latency (root=tmp2004) to 3 in order to utilize available DSP registers.
INFO: [HLS 200-486] Changing DSP latency (root=mul_ln65_1294) to 3 in order to utilize available DSP registers.
INFO: [HLS 200-486] Changing DSP latency (root=mul_ln65_1295) to 3 in order to utilize available DSP registers.
INFO: [HLS 200-486] Changing DSP latency (root=mul_ln65_1296) to 3 in order to utilize available DSP registers.
INFO: [HLS 200-486] Changing DSP latency (root=mul_ln58_367) to 3 in order to utilize available DSP registers.
INFO: [HLS 200-486] Changing DSP latency (root=mul_ln65_1286) to 3 in order to utilize available DSP registers.
INFO: [HLS 200-486] Changing DSP latency (root=mul_ln65_1279) to 3 in order to utilize available DSP registers.
INFO: [HLS 200-486] Changing DSP latency (root=mul_ln65_1282) to 3 in order to utilize available DSP registers.
INFO: [HLS 200-486] Changing DSP latency (root=tmp1993) to 3 in order to utilize available DSP registers.
INFO: [HLS 200-486] Changing DSP latency (root=tmp1996) to 3 in order to utilize available DSP registers.
INFO: [HLS 200-486] Changing DSP latency (root=mul_ln65_1283) to 3 in order to utilize available DSP registers.
INFO: [HLS 200-486] Changing DSP latency (root=mul_ln65_1284) to 3 in order to utilize available DSP registers.
INFO: [HLS 200-486] Changing DSP latency (root=mul_ln65_1285) to 3 in order to utilize available DSP registers.
INFO: [HLS 200-486] Changing DSP latency (root=mul_ln58_366) to 3 in order to utilize available DSP registers.
INFO: [HLS 200-486] Changing DSP latency (root=mul_ln65_1275) to 3 in order to utilize available DSP registers.
INFO: [HLS 200-486] Changing DSP latency (root=mul_ln65_1268) to 3 in order to utilize available DSP registers.
INFO: [HLS 200-486] Changing DSP latency (root=mul_ln65_1271) to 3 in order to utilize available DSP registers.
INFO: [HLS 200-486] Changing DSP latency (root=tmp1985) to 3 in order to utilize available DSP registers.
INFO: [HLS 200-486] Changing DSP latency (root=tmp1988) to 3 in order to utilize available DSP registers.
INFO: [HLS 200-486] Changing DSP latency (root=mul_ln65_1272) to 3 in order to utilize available DSP registers.
INFO: [HLS 200-486] Changing DSP latency (root=mul_ln65_1273) to 3 in order to utilize available DSP registers.
INFO: [HLS 200-486] Changing DSP latency (root=mul_ln65_1274) to 3 in order to utilize available DSP registers.
INFO: [HLS 200-486] Changing DSP latency (root=mul_ln58_365) to 3 in order to utilize available DSP registers.
INFO: [HLS 200-486] Changing DSP latency (root=mul_ln65_1264) to 3 in order to utilize available DSP registers.
INFO: [HLS 200-486] Changing DSP latency (root=mul_ln65_1257) to 3 in order to utilize available DSP registers.
INFO: [HLS 200-486] Changing DSP latency (root=mul_ln65_1260) to 3 in order to utilize available DSP registers.
INFO: [HLS 200-486] Changing DSP latency (root=tmp1977) to 3 in order to utilize available DSP registers.
INFO: [HLS 200-486] Changing DSP latency (root=tmp1980) to 3 in order to utilize available DSP registers.
INFO: [HLS 200-486] Changing DSP latency (root=mul_ln65_1261) to 3 in order to utilize available DSP registers.
INFO: [HLS 200-486] Changing DSP latency (root=mul_ln65_1262) to 3 in order to utilize available DSP registers.
INFO: [HLS 200-486] Changing DSP latency (root=mul_ln65_1263) to 3 in order to utilize available DSP registers.
INFO: [HLS 200-486] Changing DSP latency (root=mul_ln58_364) to 3 in order to utilize available DSP registers.
INFO: [HLS 200-486] Changing DSP latency (root=mul_ln65_1253) to 3 in order to utilize available DSP registers.
INFO: [HLS 200-486] Changing DSP latency (root=mul_ln65_1246) to 3 in order to utilize available DSP registers.
INFO: [HLS 200-486] Changing DSP latency (root=mul_ln65_1249) to 3 in order to utilize available DSP registers.
INFO: [HLS 200-486] Changing DSP latency (root=tmp1969) to 3 in order to utilize available DSP registers.
INFO: [HLS 200-486] Changing DSP latency (root=tmp1972) to 3 in order to utilize available DSP registers.
INFO: [HLS 200-486] Changing DSP latency (root=mul_ln65_1250) to 3 in order to utilize available DSP registers.
INFO: [HLS 200-486] Changing DSP latency (root=mul_ln65_1251) to 3 in order to utilize available DSP registers.
INFO: [HLS 200-486] Changing DSP latency (root=mul_ln65_1252) to 3 in order to utilize available DSP registers.
INFO: [HLS 200-486] Changing DSP latency (root=mul_ln58_363) to 3 in order to utilize available DSP registers.
INFO: [HLS 200-486] Changing DSP latency (root=mul_ln65_1242) to 3 in order to utilize available DSP registers.
INFO: [HLS 200-486] Changing DSP latency (root=mul_ln65_1235) to 3 in order to utilize available DSP registers.
INFO: [HLS 200-486] Changing DSP latency (root=mul_ln65_1238) to 3 in order to utilize available DSP registers.
INFO: [HLS 200-486] Changing DSP latency (root=tmp1961) to 3 in order to utilize available DSP registers.
INFO: [HLS 200-486] Changing DSP latency (root=tmp1964) to 3 in order to utilize available DSP registers.
INFO: [HLS 200-486] Changing DSP latency (root=mul_ln65_1239) to 3 in order to utilize available DSP registers.
INFO: [HLS 200-486] Changing DSP latency (root=mul_ln65_1240) to 3 in order to utilize available DSP registers.
INFO: [HLS 200-486] Changing DSP latency (root=mul_ln65_1241) to 3 in order to utilize available DSP registers.
INFO: [HLS 200-486] Changing DSP latency (root=mul_ln58_362) to 3 in order to utilize available DSP registers.
INFO: [HLS 200-486] Changing DSP latency (root=mul_ln65_1231) to 3 in order to utilize available DSP registers.
INFO: [HLS 200-486] Changing DSP latency (root=mul_ln65_1224) to 3 in order to utilize available DSP registers.
INFO: [HLS 200-486] Changing DSP latency (root=mul_ln65_1227) to 3 in order to utilize available DSP registers.
INFO: [HLS 200-486] Changing DSP latency (root=tmp1953) to 3 in order to utilize available DSP registers.
INFO: [HLS 200-486] Changing DSP latency (root=tmp1956) to 3 in order to utilize available DSP registers.
INFO: [HLS 200-486] Changing DSP latency (root=mul_ln65_1228) to 3 in order to utilize available DSP registers.
INFO: [HLS 200-486] Changing DSP latency (root=mul_ln65_1229) to 3 in order to utilize available DSP registers.
INFO: [HLS 200-486] Changing DSP latency (root=mul_ln65_1230) to 3 in order to utilize available DSP registers.
INFO: [HLS 200-486] Changing DSP latency (root=mul_ln58_361) to 3 in order to utilize available DSP registers.
INFO: [HLS 200-486] Changing DSP latency (root=mul_ln65_1220) to 3 in order to utilize available DSP registers.
INFO: [HLS 200-486] Changing DSP latency (root=mul_ln65_1213) to 3 in order to utilize available DSP registers.
INFO: [HLS 200-486] Changing DSP latency (root=mul_ln65_1216) to 3 in order to utilize available DSP registers.
INFO: [HLS 200-486] Changing DSP latency (root=tmp1945) to 3 in order to utilize available DSP registers.
INFO: [HLS 200-486] Changing DSP latency (root=tmp1948) to 3 in order to utilize available DSP registers.
INFO: [HLS 200-486] Changing DSP latency (root=mul_ln65_1217) to 3 in order to utilize available DSP registers.
INFO: [HLS 200-486] Changing DSP latency (root=mul_ln65_1218) to 3 in order to utilize available DSP registers.
INFO: [HLS 200-486] Changing DSP latency (root=mul_ln65_1219) to 3 in order to utilize available DSP registers.
INFO: [HLS 200-486] Changing DSP latency (root=mul_ln58_360) to 3 in order to utilize available DSP registers.
INFO: [HLS 200-486] Changing DSP latency (root=mul_ln65_1209) to 3 in order to utilize available DSP registers.
INFO: [HLS 200-486] Changing DSP latency (root=mul_ln65_1202) to 3 in order to utilize available DSP registers.
INFO: [HLS 200-486] Changing DSP latency (root=mul_ln65_1205) to 3 in order to utilize available DSP registers.
INFO: [HLS 200-486] Changing DSP latency (root=tmp1937) to 3 in order to utilize available DSP registers.
INFO: [HLS 200-486] Changing DSP latency (root=tmp1940) to 3 in order to utilize available DSP registers.
INFO: [HLS 200-486] Changing DSP latency (root=mul_ln65_1206) to 3 in order to utilize available DSP registers.
INFO: [HLS 200-486] Changing DSP latency (root=mul_ln65_1207) to 3 in order to utilize available DSP registers.
INFO: [HLS 200-486] Changing DSP latency (root=mul_ln65_1208) to 3 in order to utilize available DSP registers.
INFO: [HLS 200-486] Changing DSP latency (root=mul_ln58_359) to 3 in order to utilize available DSP registers.
INFO: [HLS 200-486] Changing DSP latency (root=mul_ln65_1193) to 3 in order to utilize available DSP registers.
INFO: [HLS 200-486] Changing DSP latency (root=tmp1927) to 3 in order to utilize available DSP registers.
INFO: [HLS 200-486] Changing DSP latency (root=tmp1930) to 3 in order to utilize available DSP registers.
INFO: [HLS 200-486] Changing DSP latency (root=mul_ln65_1195) to 3 in order to utilize available DSP registers.
INFO: [HLS 200-486] Changing DSP latency (root=mul_ln65_1197) to 3 in order to utilize available DSP registers.
INFO: [HLS 200-486] Changing DSP latency (root=mul_ln65_1198) to 3 in order to utilize available DSP registers.
INFO: [HLS 200-486] Changing DSP latency (root=mul_ln65_1187) to 3 in order to utilize available DSP registers.
INFO: [HLS 200-486] Changing DSP latency (root=tmp1914) to 3 in order to utilize available DSP registers.
INFO: [HLS 200-486] Changing DSP latency (root=tmp1917) to 3 in order to utilize available DSP registers.
INFO: [HLS 200-486] Changing DSP latency (root=mul_ln65_1189) to 3 in order to utilize available DSP registers.
INFO: [HLS 200-486] Changing DSP latency (root=mul_ln65_1191) to 3 in order to utilize available DSP registers.
INFO: [HLS 200-486] Changing DSP latency (root=mul_ln65_1192) to 3 in order to utilize available DSP registers.
INFO: [HLS 200-486] Changing DSP latency (root=mul_ln65_1181) to 3 in order to utilize available DSP registers.
INFO: [HLS 200-486] Changing DSP latency (root=tmp1901) to 3 in order to utilize available DSP registers.
INFO: [HLS 200-486] Changing DSP latency (root=tmp1904) to 3 in order to utilize available DSP registers.
INFO: [HLS 200-486] Changing DSP latency (root=mul_ln65_1183) to 3 in order to utilize available DSP registers.
INFO: [HLS 200-486] Changing DSP latency (root=mul_ln65_1185) to 3 in order to utilize available DSP registers.
INFO: [HLS 200-486] Changing DSP latency (root=mul_ln65_1186) to 3 in order to utilize available DSP registers.
INFO: [HLS 200-486] Changing DSP latency (root=mul_ln65_1175) to 3 in order to utilize available DSP registers.
INFO: [HLS 200-486] Changing DSP latency (root=tmp1888) to 3 in order to utilize available DSP registers.
INFO: [HLS 200-486] Changing DSP latency (root=tmp1891) to 3 in order to utilize available DSP registers.
INFO: [HLS 200-486] Changing DSP latency (root=mul_ln65_1177) to 3 in order to utilize available DSP registers.
INFO: [HLS 200-486] Changing DSP latency (root=mul_ln65_1179) to 3 in order to utilize available DSP registers.
INFO: [HLS 200-486] Changing DSP latency (root=mul_ln65_1180) to 3 in order to utilize available DSP registers.
INFO: [HLS 200-486] Changing DSP latency (root=mul_ln65_1169) to 3 in order to utilize available DSP registers.
INFO: [HLS 200-486] Changing DSP latency (root=tmp1875) to 3 in order to utilize available DSP registers.
INFO: [HLS 200-486] Changing DSP latency (root=tmp1878) to 3 in order to utilize available DSP registers.
INFO: [HLS 200-486] Changing DSP latency (root=mul_ln65_1171) to 3 in order to utilize available DSP registers.
INFO: [HLS 200-486] Changing DSP latency (root=mul_ln65_1173) to 3 in order to utilize available DSP registers.
INFO: [HLS 200-486] Changing DSP latency (root=mul_ln65_1174) to 3 in order to utilize available DSP registers.
INFO: [HLS 200-486] Changing DSP latency (root=mul_ln65_1163) to 3 in order to utilize available DSP registers.
INFO: [HLS 200-486] Changing DSP latency (root=tmp1862) to 3 in order to utilize available DSP registers.
INFO: [HLS 200-486] Changing DSP latency (root=tmp1865) to 3 in order to utilize available DSP registers.
INFO: [HLS 200-486] Changing DSP latency (root=mul_ln65_1165) to 3 in order to utilize available DSP registers.
INFO: [HLS 200-486] Changing DSP latency (root=mul_ln65_1167) to 3 in order to utilize available DSP registers.
INFO: [HLS 200-486] Changing DSP latency (root=mul_ln65_1168) to 3 in order to utilize available DSP registers.
INFO: [HLS 200-486] Changing DSP latency (root=mul_ln65_1157) to 3 in order to utilize available DSP registers.
INFO: [HLS 200-486] Changing DSP latency (root=tmp1849) to 3 in order to utilize available DSP registers.
INFO: [HLS 200-486] Changing DSP latency (root=tmp1852) to 3 in order to utilize available DSP registers.
INFO: [HLS 200-486] Changing DSP latency (root=mul_ln65_1159) to 3 in order to utilize available DSP registers.
INFO: [HLS 200-486] Changing DSP latency (root=mul_ln65_1161) to 3 in order to utilize available DSP registers.
INFO: [HLS 200-486] Changing DSP latency (root=mul_ln65_1162) to 3 in order to utilize available DSP registers.
INFO: [HLS 200-486] Changing DSP latency (root=mul_ln65_1151) to 3 in order to utilize available DSP registers.
INFO: [HLS 200-486] Changing DSP latency (root=tmp1836) to 3 in order to utilize available DSP registers.
INFO: [HLS 200-486] Changing DSP latency (root=tmp1839) to 3 in order to utilize available DSP registers.
INFO: [HLS 200-486] Changing DSP latency (root=mul_ln65_1153) to 3 in order to utilize available DSP registers.
INFO: [HLS 200-486] Changing DSP latency (root=mul_ln65_1155) to 3 in order to utilize available DSP registers.
INFO: [HLS 200-486] Changing DSP latency (root=mul_ln65_1156) to 3 in order to utilize available DSP registers.
INFO: [HLS 200-486] Changing DSP latency (root=mul_ln65_1145) to 3 in order to utilize available DSP registers.
INFO: [HLS 200-486] Changing DSP latency (root=tmp1823) to 3 in order to utilize available DSP registers.
INFO: [HLS 200-486] Changing DSP latency (root=tmp1826) to 3 in order to utilize available DSP registers.
INFO: [HLS 200-486] Changing DSP latency (root=mul_ln65_1147) to 3 in order to utilize available DSP registers.
INFO: [HLS 200-486] Changing DSP latency (root=mul_ln65_1149) to 3 in order to utilize available DSP registers.
INFO: [HLS 200-486] Changing DSP latency (root=mul_ln65_1150) to 3 in order to utilize available DSP registers.
INFO: [HLS 200-486] Changing DSP latency (root=mul_ln65_1139) to 3 in order to utilize available DSP registers.
INFO: [HLS 200-486] Changing DSP latency (root=tmp1810) to 3 in order to utilize available DSP registers.
INFO: [HLS 200-486] Changing DSP latency (root=tmp1813) to 3 in order to utilize available DSP registers.
INFO: [HLS 200-486] Changing DSP latency (root=mul_ln65_1141) to 3 in order to utilize available DSP registers.
INFO: [HLS 200-486] Changing DSP latency (root=mul_ln65_1143) to 3 in order to utilize available DSP registers.
INFO: [HLS 200-486] Changing DSP latency (root=mul_ln65_1144) to 3 in order to utilize available DSP registers.
INFO: [HLS 200-486] Changing DSP latency (root=mul_ln65_1133) to 3 in order to utilize available DSP registers.
INFO: [HLS 200-486] Changing DSP latency (root=tmp1797) to 3 in order to utilize available DSP registers.
INFO: [HLS 200-486] Changing DSP latency (root=tmp1800) to 3 in order to utilize available DSP registers.
INFO: [HLS 200-486] Changing DSP latency (root=mul_ln65_1135) to 3 in order to utilize available DSP registers.
INFO: [HLS 200-486] Changing DSP latency (root=mul_ln65_1137) to 3 in order to utilize available DSP registers.
INFO: [HLS 200-486] Changing DSP latency (root=mul_ln65_1138) to 3 in order to utilize available DSP registers.
INFO: [HLS 200-486] Changing DSP latency (root=mul_ln65_1127) to 3 in order to utilize available DSP registers.
INFO: [HLS 200-486] Changing DSP latency (root=tmp1784) to 3 in order to utilize available DSP registers.
INFO: [HLS 200-486] Changing DSP latency (root=tmp1787) to 3 in order to utilize available DSP registers.
INFO: [HLS 200-486] Changing DSP latency (root=mul_ln65_1129) to 3 in order to utilize available DSP registers.
INFO: [HLS 200-486] Changing DSP latency (root=mul_ln65_1131) to 3 in order to utilize available DSP registers.
INFO: [HLS 200-486] Changing DSP latency (root=mul_ln65_1132) to 3 in order to utilize available DSP registers.
INFO: [HLS 200-486] Changing DSP latency (root=mul_ln65_1121) to 3 in order to utilize available DSP registers.
INFO: [HLS 200-486] Changing DSP latency (root=tmp1771) to 3 in order to utilize available DSP registers.
INFO: [HLS 200-486] Changing DSP latency (root=tmp1774) to 3 in order to utilize available DSP registers.
INFO: [HLS 200-486] Changing DSP latency (root=mul_ln65_1123) to 3 in order to utilize available DSP registers.
INFO: [HLS 200-486] Changing DSP latency (root=mul_ln65_1125) to 3 in order to utilize available DSP registers.
INFO: [HLS 200-486] Changing DSP latency (root=mul_ln65_1126) to 3 in order to utilize available DSP registers.
INFO: [HLS 200-486] Changing DSP latency (root=mul_ln65_1115) to 3 in order to utilize available DSP registers.
INFO: [HLS 200-486] Changing DSP latency (root=tmp1758) to 3 in order to utilize available DSP registers.
INFO: [HLS 200-486] Changing DSP latency (root=tmp1761) to 3 in order to utilize available DSP registers.
INFO: [HLS 200-486] Changing DSP latency (root=mul_ln65_1117) to 3 in order to utilize available DSP registers.
INFO: [HLS 200-486] Changing DSP latency (root=mul_ln65_1119) to 3 in order to utilize available DSP registers.
INFO: [HLS 200-486] Changing DSP latency (root=mul_ln65_1120) to 3 in order to utilize available DSP registers.
INFO: [HLS 200-486] Changing DSP latency (root=mul_ln65_1109) to 3 in order to utilize available DSP registers.
INFO: [HLS 200-486] Changing DSP latency (root=tmp1745) to 3 in order to utilize available DSP registers.
INFO: [HLS 200-486] Changing DSP latency (root=tmp1748) to 3 in order to utilize available DSP registers.
INFO: [HLS 200-486] Changing DSP latency (root=mul_ln65_1111) to 3 in order to utilize available DSP registers.
INFO: [HLS 200-486] Changing DSP latency (root=mul_ln65_1113) to 3 in order to utilize available DSP registers.
INFO: [HLS 200-486] Changing DSP latency (root=mul_ln65_1114) to 3 in order to utilize available DSP registers.
INFO: [HLS 200-486] Changing DSP latency (root=tmp1731) to 3 in order to utilize available DSP registers.
INFO: [HLS 200-486] Changing DSP latency (root=mul_ln65_1106) to 3 in order to utilize available DSP registers.
INFO: [HLS 200-486] Changing DSP latency (root=mul_ln65_1105) to 3 in order to utilize available DSP registers.
INFO: [HLS 200-486] Changing DSP latency (root=mul_ln65_1107) to 3 in order to utilize available DSP registers.
INFO: [HLS 200-486] Changing DSP latency (root=mul_ln58_343) to 3 in order to utilize available DSP registers.
INFO: [HLS 200-486] Changing DSP latency (root=mul_ln65_1108) to 3 in order to utilize available DSP registers.
INFO: [HLS 200-486] Changing DSP latency (root=tmp1710) to 3 in order to utilize available DSP registers.
INFO: [HLS 200-486] Changing DSP latency (root=mul_ln65_1101) to 3 in order to utilize available DSP registers.
INFO: [HLS 200-486] Changing DSP latency (root=mul_ln65_1100) to 3 in order to utilize available DSP registers.
INFO: [HLS 200-486] Changing DSP latency (root=mul_ln65_1102) to 3 in order to utilize available DSP registers.
INFO: [HLS 200-486] Changing DSP latency (root=mul_ln58_342) to 3 in order to utilize available DSP registers.
INFO: [HLS 200-486] Changing DSP latency (root=mul_ln65_1103) to 3 in order to utilize available DSP registers.
INFO: [HLS 200-486] Changing DSP latency (root=tmp1689) to 3 in order to utilize available DSP registers.
INFO: [HLS 200-486] Changing DSP latency (root=mul_ln65_1096) to 3 in order to utilize available DSP registers.
INFO: [HLS 200-486] Changing DSP latency (root=mul_ln65_1095) to 3 in order to utilize available DSP registers.
INFO: [HLS 200-486] Changing DSP latency (root=mul_ln65_1097) to 3 in order to utilize available DSP registers.
INFO: [HLS 200-486] Changing DSP latency (root=mul_ln58_341) to 3 in order to utilize available DSP registers.
INFO: [HLS 200-486] Changing DSP latency (root=mul_ln65_1098) to 3 in order to utilize available DSP registers.
INFO: [HLS 200-486] Changing DSP latency (root=tmp1668) to 3 in order to utilize available DSP registers.
INFO: [HLS 200-486] Changing DSP latency (root=mul_ln65_1091) to 3 in order to utilize available DSP registers.
INFO: [HLS 200-486] Changing DSP latency (root=mul_ln65_1090) to 3 in order to utilize available DSP registers.
INFO: [HLS 200-486] Changing DSP latency (root=mul_ln65_1092) to 3 in order to utilize available DSP registers.
INFO: [HLS 200-486] Changing DSP latency (root=mul_ln58_340) to 3 in order to utilize available DSP registers.
INFO: [HLS 200-486] Changing DSP latency (root=mul_ln65_1093) to 3 in order to utilize available DSP registers.
INFO: [HLS 200-486] Changing DSP latency (root=tmp1647) to 3 in order to utilize available DSP registers.
INFO: [HLS 200-486] Changing DSP latency (root=mul_ln65_1086) to 3 in order to utilize available DSP registers.
INFO: [HLS 200-486] Changing DSP latency (root=mul_ln65_1085) to 3 in order to utilize available DSP registers.
INFO: [HLS 200-486] Changing DSP latency (root=mul_ln65_1087) to 3 in order to utilize available DSP registers.
INFO: [HLS 200-486] Changing DSP latency (root=mul_ln58_339) to 3 in order to utilize available DSP registers.
INFO: [HLS 200-486] Changing DSP latency (root=mul_ln65_1088) to 3 in order to utilize available DSP registers.
INFO: [HLS 200-486] Changing DSP latency (root=tmp1626) to 3 in order to utilize available DSP registers.
INFO: [HLS 200-486] Changing DSP latency (root=mul_ln65_1081) to 3 in order to utilize available DSP registers.
INFO: [HLS 200-486] Changing DSP latency (root=mul_ln65_1080) to 3 in order to utilize available DSP registers.
INFO: [HLS 200-486] Changing DSP latency (root=mul_ln65_1082) to 3 in order to utilize available DSP registers.
INFO: [HLS 200-486] Changing DSP latency (root=mul_ln58_338) to 3 in order to utilize available DSP registers.
INFO: [HLS 200-486] Changing DSP latency (root=mul_ln65_1083) to 3 in order to utilize available DSP registers.
INFO: [HLS 200-486] Changing DSP latency (root=tmp1605) to 3 in order to utilize available DSP registers.
INFO: [HLS 200-486] Changing DSP latency (root=mul_ln65_1076) to 3 in order to utilize available DSP registers.
INFO: [HLS 200-486] Changing DSP latency (root=mul_ln65_1075) to 3 in order to utilize available DSP registers.
INFO: [HLS 200-486] Changing DSP latency (root=mul_ln65_1077) to 3 in order to utilize available DSP registers.
INFO: [HLS 200-486] Changing DSP latency (root=mul_ln58_337) to 3 in order to utilize available DSP registers.
INFO: [HLS 200-486] Changing DSP latency (root=mul_ln65_1078) to 3 in order to utilize available DSP registers.
INFO: [HLS 200-486] Changing DSP latency (root=tmp1584) to 3 in order to utilize available DSP registers.
INFO: [HLS 200-486] Changing DSP latency (root=mul_ln65_1071) to 3 in order to utilize available DSP registers.
INFO: [HLS 200-486] Changing DSP latency (root=mul_ln65_1070) to 3 in order to utilize available DSP registers.
INFO: [HLS 200-486] Changing DSP latency (root=mul_ln65_1072) to 3 in order to utilize available DSP registers.
INFO: [HLS 200-486] Changing DSP latency (root=mul_ln58_336) to 3 in order to utilize available DSP registers.
INFO: [HLS 200-486] Changing DSP latency (root=mul_ln65_1073) to 3 in order to utilize available DSP registers.
INFO: [HLS 200-486] Changing DSP latency (root=tmp1563) to 3 in order to utilize available DSP registers.
INFO: [HLS 200-486] Changing DSP latency (root=mul_ln65_1066) to 3 in order to utilize available DSP registers.
INFO: [HLS 200-486] Changing DSP latency (root=mul_ln65_1065) to 3 in order to utilize available DSP registers.
INFO: [HLS 200-486] Changing DSP latency (root=mul_ln65_1067) to 3 in order to utilize available DSP registers.
INFO: [HLS 200-486] Changing DSP latency (root=mul_ln58_335) to 3 in order to utilize available DSP registers.
INFO: [HLS 200-486] Changing DSP latency (root=mul_ln65_1068) to 3 in order to utilize available DSP registers.
INFO: [HLS 200-486] Changing DSP latency (root=tmp1542) to 3 in order to utilize available DSP registers.
INFO: [HLS 200-486] Changing DSP latency (root=mul_ln65_1061) to 3 in order to utilize available DSP registers.
INFO: [HLS 200-486] Changing DSP latency (root=mul_ln65_1060) to 3 in order to utilize available DSP registers.
INFO: [HLS 200-486] Changing DSP latency (root=mul_ln65_1062) to 3 in order to utilize available DSP registers.
INFO: [HLS 200-486] Changing DSP latency (root=mul_ln58_334) to 3 in order to utilize available DSP registers.
INFO: [HLS 200-486] Changing DSP latency (root=mul_ln65_1063) to 3 in order to utilize available DSP registers.
INFO: [HLS 200-486] Changing DSP latency (root=tmp1521) to 3 in order to utilize available DSP registers.
INFO: [HLS 200-486] Changing DSP latency (root=mul_ln65_1056) to 3 in order to utilize available DSP registers.
INFO: [HLS 200-486] Changing DSP latency (root=mul_ln65_1055) to 3 in order to utilize available DSP registers.
INFO: [HLS 200-486] Changing DSP latency (root=mul_ln65_1057) to 3 in order to utilize available DSP registers.
INFO: [HLS 200-486] Changing DSP latency (root=mul_ln58_333) to 3 in order to utilize available DSP registers.
INFO: [HLS 200-486] Changing DSP latency (root=mul_ln65_1058) to 3 in order to utilize available DSP registers.
INFO: [HLS 200-486] Changing DSP latency (root=tmp1500) to 3 in order to utilize available DSP registers.
INFO: [HLS 200-486] Changing DSP latency (root=mul_ln65_1051) to 3 in order to utilize available DSP registers.
INFO: [HLS 200-486] Changing DSP latency (root=mul_ln65_1050) to 3 in order to utilize available DSP registers.
INFO: [HLS 200-486] Changing DSP latency (root=mul_ln65_1052) to 3 in order to utilize available DSP registers.
INFO: [HLS 200-486] Changing DSP latency (root=mul_ln58_332) to 3 in order to utilize available DSP registers.
INFO: [HLS 200-486] Changing DSP latency (root=mul_ln65_1053) to 3 in order to utilize available DSP registers.
INFO: [HLS 200-486] Changing DSP latency (root=tmp1479) to 3 in order to utilize available DSP registers.
INFO: [HLS 200-486] Changing DSP latency (root=mul_ln65_1046) to 3 in order to utilize available DSP registers.
INFO: [HLS 200-486] Changing DSP latency (root=mul_ln65_1045) to 3 in order to utilize available DSP registers.
INFO: [HLS 200-486] Changing DSP latency (root=mul_ln65_1047) to 3 in order to utilize available DSP registers.
INFO: [HLS 200-486] Changing DSP latency (root=mul_ln58_331) to 3 in order to utilize available DSP registers.
INFO: [HLS 200-486] Changing DSP latency (root=mul_ln65_1048) to 3 in order to utilize available DSP registers.
INFO: [HLS 200-486] Changing DSP latency (root=tmp1458) to 3 in order to utilize available DSP registers.
INFO: [HLS 200-486] Changing DSP latency (root=mul_ln65_1041) to 3 in order to utilize available DSP registers.
INFO: [HLS 200-486] Changing DSP latency (root=mul_ln65_1040) to 3 in order to utilize available DSP registers.
INFO: [HLS 200-486] Changing DSP latency (root=mul_ln65_1042) to 3 in order to utilize available DSP registers.
INFO: [HLS 200-486] Changing DSP latency (root=mul_ln58_330) to 3 in order to utilize available DSP registers.
INFO: [HLS 200-486] Changing DSP latency (root=mul_ln65_1043) to 3 in order to utilize available DSP registers.
INFO: [HLS 200-486] Changing DSP latency (root=tmp1437) to 3 in order to utilize available DSP registers.
INFO: [HLS 200-486] Changing DSP latency (root=mul_ln65_1036) to 3 in order to utilize available DSP registers.
INFO: [HLS 200-486] Changing DSP latency (root=mul_ln65_1035) to 3 in order to utilize available DSP registers.
INFO: [HLS 200-486] Changing DSP latency (root=mul_ln65_1037) to 3 in order to utilize available DSP registers.
INFO: [HLS 200-486] Changing DSP latency (root=mul_ln58_329) to 3 in order to utilize available DSP registers.
INFO: [HLS 200-486] Changing DSP latency (root=mul_ln65_1038) to 3 in order to utilize available DSP registers.
INFO: [HLS 200-486] Changing DSP latency (root=mul_ln65_1027) to 3 in order to utilize available DSP registers.
INFO: [HLS 200-486] Changing DSP latency (root=mul_ln65_1028) to 3 in order to utilize available DSP registers.
INFO: [HLS 200-486] Changing DSP latency (root=acc_2559) to 3 in order to utilize available DSP registers.
INFO: [HLS 200-486] Changing DSP latency (root=mul_ln65_1031) to 3 in order to utilize available DSP registers.
INFO: [HLS 200-486] Changing DSP latency (root=tmp1419) to 3 in order to utilize available DSP registers.
INFO: [HLS 200-486] Changing DSP latency (root=mul_ln58_464) to 3 in order to utilize available DSP registers.
INFO: [HLS 200-486] Changing DSP latency (root=mul_ln65_1033) to 3 in order to utilize available DSP registers.
INFO: [HLS 200-486] Changing DSP latency (root=mul_ln65_1019) to 3 in order to utilize available DSP registers.
INFO: [HLS 200-486] Changing DSP latency (root=mul_ln65_1020) to 3 in order to utilize available DSP registers.
INFO: [HLS 200-486] Changing DSP latency (root=acc_2554) to 3 in order to utilize available DSP registers.
INFO: [HLS 200-486] Changing DSP latency (root=mul_ln65_1023) to 3 in order to utilize available DSP registers.
INFO: [HLS 200-486] Changing DSP latency (root=tmp1399) to 3 in order to utilize available DSP registers.
INFO: [HLS 200-486] Changing DSP latency (root=mul_ln58_463) to 3 in order to utilize available DSP registers.
INFO: [HLS 200-486] Changing DSP latency (root=mul_ln65_1025) to 3 in order to utilize available DSP registers.
INFO: [HLS 200-486] Changing DSP latency (root=mul_ln65_1011) to 3 in order to utilize available DSP registers.
INFO: [HLS 200-486] Changing DSP latency (root=mul_ln65_1012) to 3 in order to utilize available DSP registers.
INFO: [HLS 200-486] Changing DSP latency (root=acc_2549) to 3 in order to utilize available DSP registers.
INFO: [HLS 200-486] Changing DSP latency (root=mul_ln65_1015) to 3 in order to utilize available DSP registers.
INFO: [HLS 200-486] Changing DSP latency (root=tmp1379) to 3 in order to utilize available DSP registers.
INFO: [HLS 200-486] Changing DSP latency (root=mul_ln58_462) to 3 in order to utilize available DSP registers.
INFO: [HLS 200-486] Changing DSP latency (root=mul_ln65_1017) to 3 in order to utilize available DSP registers.
INFO: [HLS 200-486] Changing DSP latency (root=mul_ln65_1003) to 3 in order to utilize available DSP registers.
INFO: [HLS 200-486] Changing DSP latency (root=mul_ln65_1004) to 3 in order to utilize available DSP registers.
INFO: [HLS 200-486] Changing DSP latency (root=acc_2544) to 3 in order to utilize available DSP registers.
INFO: [HLS 200-486] Changing DSP latency (root=mul_ln65_1007) to 3 in order to utilize available DSP registers.
INFO: [HLS 200-486] Changing DSP latency (root=tmp1359) to 3 in order to utilize available DSP registers.
INFO: [HLS 200-486] Changing DSP latency (root=mul_ln58_461) to 3 in order to utilize available DSP registers.
INFO: [HLS 200-486] Changing DSP latency (root=mul_ln65_1009) to 3 in order to utilize available DSP registers.
INFO: [HLS 200-486] Changing DSP latency (root=mul_ln65_995) to 3 in order to utilize available DSP registers.
INFO: [HLS 200-486] Changing DSP latency (root=mul_ln65_996) to 3 in order to utilize available DSP registers.
INFO: [HLS 200-486] Changing DSP latency (root=acc_2539) to 3 in order to utilize available DSP registers.
INFO: [HLS 200-486] Changing DSP latency (root=mul_ln65_999) to 3 in order to utilize available DSP registers.
INFO: [HLS 200-486] Changing DSP latency (root=tmp1339) to 3 in order to utilize available DSP registers.
INFO: [HLS 200-486] Changing DSP latency (root=mul_ln58_460) to 3 in order to utilize available DSP registers.
INFO: [HLS 200-486] Changing DSP latency (root=mul_ln65_1001) to 3 in order to utilize available DSP registers.
INFO: [HLS 200-486] Changing DSP latency (root=mul_ln65_987) to 3 in order to utilize available DSP registers.
INFO: [HLS 200-486] Changing DSP latency (root=mul_ln65_988) to 3 in order to utilize available DSP registers.
INFO: [HLS 200-486] Changing DSP latency (root=acc_2534) to 3 in order to utilize available DSP registers.
INFO: [HLS 200-486] Changing DSP latency (root=mul_ln65_991) to 3 in order to utilize available DSP registers.
INFO: [HLS 200-486] Changing DSP latency (root=tmp1319) to 3 in order to utilize available DSP registers.
INFO: [HLS 200-486] Changing DSP latency (root=mul_ln58_459) to 3 in order to utilize available DSP registers.
INFO: [HLS 200-486] Changing DSP latency (root=mul_ln65_993) to 3 in order to utilize available DSP registers.
INFO: [HLS 200-486] Changing DSP latency (root=mul_ln65_979) to 3 in order to utilize available DSP registers.
INFO: [HLS 200-486] Changing DSP latency (root=mul_ln65_980) to 3 in order to utilize available DSP registers.
INFO: [HLS 200-486] Changing DSP latency (root=acc_2529) to 3 in order to utilize available DSP registers.
INFO: [HLS 200-486] Changing DSP latency (root=mul_ln65_983) to 3 in order to utilize available DSP registers.
INFO: [HLS 200-486] Changing DSP latency (root=tmp1299) to 3 in order to utilize available DSP registers.
INFO: [HLS 200-486] Changing DSP latency (root=mul_ln58_458) to 3 in order to utilize available DSP registers.
INFO: [HLS 200-486] Changing DSP latency (root=mul_ln65_985) to 3 in order to utilize available DSP registers.
INFO: [HLS 200-486] Changing DSP latency (root=mul_ln65_971) to 3 in order to utilize available DSP registers.
INFO: [HLS 200-486] Changing DSP latency (root=mul_ln65_972) to 3 in order to utilize available DSP registers.
INFO: [HLS 200-486] Changing DSP latency (root=acc_2524) to 3 in order to utilize available DSP registers.
INFO: [HLS 200-486] Changing DSP latency (root=mul_ln65_975) to 3 in order to utilize available DSP registers.
INFO: [HLS 200-486] Changing DSP latency (root=tmp1279) to 3 in order to utilize available DSP registers.
INFO: [HLS 200-486] Changing DSP latency (root=mul_ln58_457) to 3 in order to utilize available DSP registers.
INFO: [HLS 200-486] Changing DSP latency (root=mul_ln65_977) to 3 in order to utilize available DSP registers.
INFO: [HLS 200-486] Changing DSP latency (root=mul_ln65_963) to 3 in order to utilize available DSP registers.
INFO: [HLS 200-486] Changing DSP latency (root=mul_ln65_964) to 3 in order to utilize available DSP registers.
INFO: [HLS 200-486] Changing DSP latency (root=acc_2519) to 3 in order to utilize available DSP registers.
INFO: [HLS 200-486] Changing DSP latency (root=mul_ln65_967) to 3 in order to utilize available DSP registers.
INFO: [HLS 200-486] Changing DSP latency (root=tmp1259) to 3 in order to utilize available DSP registers.
INFO: [HLS 200-486] Changing DSP latency (root=mul_ln58_456) to 3 in order to utilize available DSP registers.
INFO: [HLS 200-486] Changing DSP latency (root=mul_ln65_969) to 3 in order to utilize available DSP registers.
INFO: [HLS 200-486] Changing DSP latency (root=mul_ln65_955) to 3 in order to utilize available DSP registers.
INFO: [HLS 200-486] Changing DSP latency (root=mul_ln65_956) to 3 in order to utilize available DSP registers.
INFO: [HLS 200-486] Changing DSP latency (root=acc_2514) to 3 in order to utilize available DSP registers.
INFO: [HLS 200-486] Changing DSP latency (root=mul_ln65_959) to 3 in order to utilize available DSP registers.
INFO: [HLS 200-486] Changing DSP latency (root=tmp1239) to 3 in order to utilize available DSP registers.
INFO: [HLS 200-486] Changing DSP latency (root=mul_ln58_455) to 3 in order to utilize available DSP registers.
INFO: [HLS 200-486] Changing DSP latency (root=mul_ln65_961) to 3 in order to utilize available DSP registers.
INFO: [HLS 200-486] Changing DSP latency (root=mul_ln65_947) to 3 in order to utilize available DSP registers.
INFO: [HLS 200-486] Changing DSP latency (root=mul_ln65_948) to 3 in order to utilize available DSP registers.
INFO: [HLS 200-486] Changing DSP latency (root=acc_2509) to 3 in order to utilize available DSP registers.
INFO: [HLS 200-486] Changing DSP latency (root=mul_ln65_951) to 3 in order to utilize available DSP registers.
INFO: [HLS 200-486] Changing DSP latency (root=tmp1219) to 3 in order to utilize available DSP registers.
INFO: [HLS 200-486] Changing DSP latency (root=mul_ln58_454) to 3 in order to utilize available DSP registers.
INFO: [HLS 200-486] Changing DSP latency (root=mul_ln65_953) to 3 in order to utilize available DSP registers.
INFO: [HLS 200-486] Changing DSP latency (root=mul_ln65_939) to 3 in order to utilize available DSP registers.
INFO: [HLS 200-486] Changing DSP latency (root=mul_ln65_940) to 3 in order to utilize available DSP registers.
INFO: [HLS 200-486] Changing DSP latency (root=acc_2504) to 3 in order to utilize available DSP registers.
INFO: [HLS 200-486] Changing DSP latency (root=mul_ln65_943) to 3 in order to utilize available DSP registers.
INFO: [HLS 200-486] Changing DSP latency (root=tmp1199) to 3 in order to utilize available DSP registers.
INFO: [HLS 200-486] Changing DSP latency (root=mul_ln58_453) to 3 in order to utilize available DSP registers.
INFO: [HLS 200-486] Changing DSP latency (root=mul_ln65_945) to 3 in order to utilize available DSP registers.
INFO: [HLS 200-486] Changing DSP latency (root=mul_ln65_931) to 3 in order to utilize available DSP registers.
INFO: [HLS 200-486] Changing DSP latency (root=mul_ln65_932) to 3 in order to utilize available DSP registers.
INFO: [HLS 200-486] Changing DSP latency (root=acc_2499) to 3 in order to utilize available DSP registers.
INFO: [HLS 200-486] Changing DSP latency (root=mul_ln65_935) to 3 in order to utilize available DSP registers.
INFO: [HLS 200-486] Changing DSP latency (root=tmp1179) to 3 in order to utilize available DSP registers.
INFO: [HLS 200-486] Changing DSP latency (root=mul_ln58_452) to 3 in order to utilize available DSP registers.
INFO: [HLS 200-486] Changing DSP latency (root=mul_ln65_937) to 3 in order to utilize available DSP registers.
INFO: [HLS 200-486] Changing DSP latency (root=mul_ln65_923) to 3 in order to utilize available DSP registers.
INFO: [HLS 200-486] Changing DSP latency (root=mul_ln65_924) to 3 in order to utilize available DSP registers.
INFO: [HLS 200-486] Changing DSP latency (root=acc_2494) to 3 in order to utilize available DSP registers.
INFO: [HLS 200-486] Changing DSP latency (root=mul_ln65_927) to 3 in order to utilize available DSP registers.
INFO: [HLS 200-486] Changing DSP latency (root=tmp1159) to 3 in order to utilize available DSP registers.
INFO: [HLS 200-486] Changing DSP latency (root=mul_ln58_451) to 3 in order to utilize available DSP registers.
INFO: [HLS 200-486] Changing DSP latency (root=mul_ln65_929) to 3 in order to utilize available DSP registers.
INFO: [HLS 200-486] Changing DSP latency (root=mul_ln65_915) to 3 in order to utilize available DSP registers.
INFO: [HLS 200-486] Changing DSP latency (root=mul_ln65_916) to 3 in order to utilize available DSP registers.
INFO: [HLS 200-486] Changing DSP latency (root=acc_2489) to 3 in order to utilize available DSP registers.
INFO: [HLS 200-486] Changing DSP latency (root=mul_ln65_919) to 3 in order to utilize available DSP registers.
INFO: [HLS 200-486] Changing DSP latency (root=tmp1139) to 3 in order to utilize available DSP registers.
INFO: [HLS 200-486] Changing DSP latency (root=mul_ln58_450) to 3 in order to utilize available DSP registers.
INFO: [HLS 200-486] Changing DSP latency (root=mul_ln65_921) to 3 in order to utilize available DSP registers.
INFO: [HLS 200-486] Changing DSP latency (root=tmp1108) to 3 in order to utilize available DSP registers.
INFO: [HLS 200-486] Changing DSP latency (root=tmp1113) to 3 in order to utilize available DSP registers.
INFO: [HLS 200-486] Changing DSP latency (root=mul_ln65_910) to 3 in order to utilize available DSP registers.
INFO: [HLS 200-486] Changing DSP latency (root=mul_ln58_449) to 3 in order to utilize available DSP registers.
INFO: [HLS 200-486] Changing DSP latency (root=mul_ln65_912) to 3 in order to utilize available DSP registers.
INFO: [HLS 200-486] Changing DSP latency (root=mul_ln65_913) to 3 in order to utilize available DSP registers.
INFO: [HLS 200-486] Changing DSP latency (root=mul_ln58_327) to 3 in order to utilize available DSP registers.
INFO: [HLS 200-486] Changing DSP latency (root=mul_ln58_328) to 3 in order to utilize available DSP registers.
INFO: [HLS 200-486] Changing DSP latency (root=tmp1091) to 3 in order to utilize available DSP registers.
INFO: [HLS 200-486] Changing DSP latency (root=tmp1096) to 3 in order to utilize available DSP registers.
INFO: [HLS 200-486] Changing DSP latency (root=mul_ln65_906) to 3 in order to utilize available DSP registers.
INFO: [HLS 200-486] Changing DSP latency (root=mul_ln58_448) to 3 in order to utilize available DSP registers.
INFO: [HLS 200-486] Changing DSP latency (root=mul_ln65_908) to 3 in order to utilize available DSP registers.
INFO: [HLS 200-486] Changing DSP latency (root=mul_ln65_909) to 3 in order to utilize available DSP registers.
INFO: [HLS 200-486] Changing DSP latency (root=mul_ln58_325) to 3 in order to utilize available DSP registers.
INFO: [HLS 200-486] Changing DSP latency (root=mul_ln58_326) to 3 in order to utilize available DSP registers.
INFO: [HLS 200-486] Changing DSP latency (root=tmp1074) to 3 in order to utilize available DSP registers.
INFO: [HLS 200-486] Changing DSP latency (root=tmp1079) to 3 in order to utilize available DSP registers.
INFO: [HLS 200-486] Changing DSP latency (root=mul_ln65_902) to 3 in order to utilize available DSP registers.
INFO: [HLS 200-486] Changing DSP latency (root=mul_ln58_447) to 3 in order to utilize available DSP registers.
INFO: [HLS 200-486] Changing DSP latency (root=mul_ln65_904) to 3 in order to utilize available DSP registers.
INFO: [HLS 200-486] Changing DSP latency (root=mul_ln65_905) to 3 in order to utilize available DSP registers.
INFO: [HLS 200-486] Changing DSP latency (root=mul_ln58_323) to 3 in order to utilize available DSP registers.
INFO: [HLS 200-486] Changing DSP latency (root=mul_ln58_324) to 3 in order to utilize available DSP registers.
INFO: [HLS 200-486] Changing DSP latency (root=tmp1057) to 3 in order to utilize available DSP registers.
INFO: [HLS 200-486] Changing DSP latency (root=tmp1062) to 3 in order to utilize available DSP registers.
INFO: [HLS 200-486] Changing DSP latency (root=mul_ln65_898) to 3 in order to utilize available DSP registers.
INFO: [HLS 200-486] Changing DSP latency (root=mul_ln58_446) to 3 in order to utilize available DSP registers.
INFO: [HLS 200-486] Changing DSP latency (root=mul_ln65_900) to 3 in order to utilize available DSP registers.
INFO: [HLS 200-486] Changing DSP latency (root=mul_ln65_901) to 3 in order to utilize available DSP registers.
INFO: [HLS 200-486] Changing DSP latency (root=mul_ln58_321) to 3 in order to utilize available DSP registers.
INFO: [HLS 200-486] Changing DSP latency (root=mul_ln58_322) to 3 in order to utilize available DSP registers.
INFO: [HLS 200-486] Changing DSP latency (root=tmp1040) to 3 in order to utilize available DSP registers.
INFO: [HLS 200-486] Changing DSP latency (root=tmp1045) to 3 in order to utilize available DSP registers.
INFO: [HLS 200-486] Changing DSP latency (root=mul_ln65_894) to 3 in order to utilize available DSP registers.
INFO: [HLS 200-486] Changing DSP latency (root=mul_ln58_445) to 3 in order to utilize available DSP registers.
INFO: [HLS 200-486] Changing DSP latency (root=mul_ln65_896) to 3 in order to utilize available DSP registers.
INFO: [HLS 200-486] Changing DSP latency (root=mul_ln65_897) to 3 in order to utilize available DSP registers.
INFO: [HLS 200-486] Changing DSP latency (root=mul_ln58_319) to 3 in order to utilize available DSP registers.
INFO: [HLS 200-486] Changing DSP latency (root=mul_ln58_320) to 3 in order to utilize available DSP registers.
INFO: [HLS 200-486] Changing DSP latency (root=tmp1023) to 3 in order to utilize available DSP registers.
INFO: [HLS 200-486] Changing DSP latency (root=tmp1028) to 3 in order to utilize available DSP registers.
INFO: [HLS 200-486] Changing DSP latency (root=mul_ln65_890) to 3 in order to utilize available DSP registers.
INFO: [HLS 200-486] Changing DSP latency (root=mul_ln58_444) to 3 in order to utilize available DSP registers.
INFO: [HLS 200-486] Changing DSP latency (root=mul_ln65_892) to 3 in order to utilize available DSP registers.
INFO: [HLS 200-486] Changing DSP latency (root=mul_ln65_893) to 3 in order to utilize available DSP registers.
INFO: [HLS 200-486] Changing DSP latency (root=mul_ln58_317) to 3 in order to utilize available DSP registers.
INFO: [HLS 200-486] Changing DSP latency (root=mul_ln58_318) to 3 in order to utilize available DSP registers.
INFO: [HLS 200-486] Changing DSP latency (root=tmp1006) to 3 in order to utilize available DSP registers.
INFO: [HLS 200-486] Changing DSP latency (root=tmp1011) to 3 in order to utilize available DSP registers.
INFO: [HLS 200-486] Changing DSP latency (root=mul_ln65_886) to 3 in order to utilize available DSP registers.
INFO: [HLS 200-486] Changing DSP latency (root=mul_ln58_443) to 3 in order to utilize available DSP registers.
INFO: [HLS 200-486] Changing DSP latency (root=mul_ln65_888) to 3 in order to utilize available DSP registers.
INFO: [HLS 200-486] Changing DSP latency (root=mul_ln65_889) to 3 in order to utilize available DSP registers.
INFO: [HLS 200-486] Changing DSP latency (root=mul_ln58_315) to 3 in order to utilize available DSP registers.
INFO: [HLS 200-486] Changing DSP latency (root=mul_ln58_316) to 3 in order to utilize available DSP registers.
INFO: [HLS 200-486] Changing DSP latency (root=tmp989) to 3 in order to utilize available DSP registers.
INFO: [HLS 200-486] Changing DSP latency (root=tmp994) to 3 in order to utilize available DSP registers.
INFO: [HLS 200-486] Changing DSP latency (root=mul_ln65_882) to 3 in order to utilize available DSP registers.
INFO: [HLS 200-486] Changing DSP latency (root=mul_ln58_442) to 3 in order to utilize available DSP registers.
INFO: [HLS 200-486] Changing DSP latency (root=mul_ln65_884) to 3 in order to utilize available DSP registers.
INFO: [HLS 200-486] Changing DSP latency (root=mul_ln65_885) to 3 in order to utilize available DSP registers.
INFO: [HLS 200-486] Changing DSP latency (root=mul_ln58_313) to 3 in order to utilize available DSP registers.
INFO: [HLS 200-486] Changing DSP latency (root=mul_ln58_314) to 3 in order to utilize available DSP registers.
INFO: [HLS 200-486] Changing DSP latency (root=tmp972) to 3 in order to utilize available DSP registers.
INFO: [HLS 200-486] Changing DSP latency (root=tmp977) to 3 in order to utilize available DSP registers.
INFO: [HLS 200-486] Changing DSP latency (root=mul_ln65_878) to 3 in order to utilize available DSP registers.
INFO: [HLS 200-486] Changing DSP latency (root=mul_ln58_441) to 3 in order to utilize available DSP registers.
INFO: [HLS 200-486] Changing DSP latency (root=mul_ln65_880) to 3 in order to utilize available DSP registers.
INFO: [HLS 200-486] Changing DSP latency (root=mul_ln65_881) to 3 in order to utilize available DSP registers.
INFO: [HLS 200-486] Changing DSP latency (root=mul_ln58_311) to 3 in order to utilize available DSP registers.
INFO: [HLS 200-486] Changing DSP latency (root=mul_ln58_312) to 3 in order to utilize available DSP registers.
INFO: [HLS 200-486] Changing DSP latency (root=tmp955) to 3 in order to utilize available DSP registers.
INFO: [HLS 200-486] Changing DSP latency (root=tmp960) to 3 in order to utilize available DSP registers.
INFO: [HLS 200-486] Changing DSP latency (root=mul_ln65_874) to 3 in order to utilize available DSP registers.
INFO: [HLS 200-486] Changing DSP latency (root=mul_ln58_440) to 3 in order to utilize available DSP registers.
INFO: [HLS 200-486] Changing DSP latency (root=mul_ln65_876) to 3 in order to utilize available DSP registers.
INFO: [HLS 200-486] Changing DSP latency (root=mul_ln65_877) to 3 in order to utilize available DSP registers.
INFO: [HLS 200-486] Changing DSP latency (root=mul_ln58_309) to 3 in order to utilize available DSP registers.
INFO: [HLS 200-486] Changing DSP latency (root=mul_ln58_310) to 3 in order to utilize available DSP registers.
INFO: [HLS 200-486] Changing DSP latency (root=tmp938) to 3 in order to utilize available DSP registers.
INFO: [HLS 200-486] Changing DSP latency (root=tmp943) to 3 in order to utilize available DSP registers.
INFO: [HLS 200-486] Changing DSP latency (root=mul_ln65_870) to 3 in order to utilize available DSP registers.
INFO: [HLS 200-486] Changing DSP latency (root=mul_ln58_439) to 3 in order to utilize available DSP registers.
INFO: [HLS 200-486] Changing DSP latency (root=mul_ln65_872) to 3 in order to utilize available DSP registers.
INFO: [HLS 200-486] Changing DSP latency (root=mul_ln65_873) to 3 in order to utilize available DSP registers.
INFO: [HLS 200-486] Changing DSP latency (root=mul_ln58_307) to 3 in order to utilize available DSP registers.
INFO: [HLS 200-486] Changing DSP latency (root=mul_ln58_308) to 3 in order to utilize available DSP registers.
INFO: [HLS 200-486] Changing DSP latency (root=tmp921) to 3 in order to utilize available DSP registers.
INFO: [HLS 200-486] Changing DSP latency (root=tmp926) to 3 in order to utilize available DSP registers.
INFO: [HLS 200-486] Changing DSP latency (root=mul_ln65_866) to 3 in order to utilize available DSP registers.
INFO: [HLS 200-486] Changing DSP latency (root=mul_ln58_438) to 3 in order to utilize available DSP registers.
INFO: [HLS 200-486] Changing DSP latency (root=mul_ln65_868) to 3 in order to utilize available DSP registers.
INFO: [HLS 200-486] Changing DSP latency (root=mul_ln65_869) to 3 in order to utilize available DSP registers.
INFO: [HLS 200-486] Changing DSP latency (root=mul_ln58_305) to 3 in order to utilize available DSP registers.
INFO: [HLS 200-486] Changing DSP latency (root=mul_ln58_306) to 3 in order to utilize available DSP registers.
INFO: [HLS 200-486] Changing DSP latency (root=tmp904) to 3 in order to utilize available DSP registers.
INFO: [HLS 200-486] Changing DSP latency (root=tmp909) to 3 in order to utilize available DSP registers.
INFO: [HLS 200-486] Changing DSP latency (root=mul_ln65_862) to 3 in order to utilize available DSP registers.
INFO: [HLS 200-486] Changing DSP latency (root=mul_ln58_437) to 3 in order to utilize available DSP registers.
INFO: [HLS 200-486] Changing DSP latency (root=mul_ln65_864) to 3 in order to utilize available DSP registers.
INFO: [HLS 200-486] Changing DSP latency (root=mul_ln65_865) to 3 in order to utilize available DSP registers.
INFO: [HLS 200-486] Changing DSP latency (root=mul_ln58_303) to 3 in order to utilize available DSP registers.
INFO: [HLS 200-486] Changing DSP latency (root=mul_ln58_304) to 3 in order to utilize available DSP registers.
INFO: [HLS 200-486] Changing DSP latency (root=tmp887) to 3 in order to utilize available DSP registers.
INFO: [HLS 200-486] Changing DSP latency (root=tmp892) to 3 in order to utilize available DSP registers.
INFO: [HLS 200-486] Changing DSP latency (root=mul_ln65_858) to 3 in order to utilize available DSP registers.
INFO: [HLS 200-486] Changing DSP latency (root=mul_ln58_436) to 3 in order to utilize available DSP registers.
INFO: [HLS 200-486] Changing DSP latency (root=mul_ln65_860) to 3 in order to utilize available DSP registers.
INFO: [HLS 200-486] Changing DSP latency (root=mul_ln65_861) to 3 in order to utilize available DSP registers.
INFO: [HLS 200-486] Changing DSP latency (root=mul_ln58_301) to 3 in order to utilize available DSP registers.
INFO: [HLS 200-486] Changing DSP latency (root=mul_ln58_302) to 3 in order to utilize available DSP registers.
INFO: [HLS 200-486] Changing DSP latency (root=tmp870) to 3 in order to utilize available DSP registers.
INFO: [HLS 200-486] Changing DSP latency (root=tmp875) to 3 in order to utilize available DSP registers.
INFO: [HLS 200-486] Changing DSP latency (root=mul_ln65_854) to 3 in order to utilize available DSP registers.
INFO: [HLS 200-486] Changing DSP latency (root=mul_ln58_435) to 3 in order to utilize available DSP registers.
INFO: [HLS 200-486] Changing DSP latency (root=mul_ln65_856) to 3 in order to utilize available DSP registers.
INFO: [HLS 200-486] Changing DSP latency (root=mul_ln65_857) to 3 in order to utilize available DSP registers.
INFO: [HLS 200-486] Changing DSP latency (root=mul_ln58_299) to 3 in order to utilize available DSP registers.
INFO: [HLS 200-486] Changing DSP latency (root=mul_ln58_300) to 3 in order to utilize available DSP registers.
INFO: [HLS 200-486] Changing DSP latency (root=acc_2348) to 3 in order to utilize available DSP registers.
INFO: [HLS 200-486] Changing DSP latency (root=mul_ln65_847) to 3 in order to utilize available DSP registers.
INFO: [HLS 200-486] Changing DSP latency (root=mul_ln65_848) to 3 in order to utilize available DSP registers.
INFO: [HLS 200-486] Changing DSP latency (root=tmp865) to 3 in order to utilize available DSP registers.
INFO: [HLS 200-486] Changing DSP latency (root=mul_ln65_851) to 3 in order to utilize available DSP registers.
INFO: [HLS 200-486] Changing DSP latency (root=mul_ln65_850) to 3 in order to utilize available DSP registers.
INFO: [HLS 200-486] Changing DSP latency (root=mul_ln58_298) to 3 in order to utilize available DSP registers.
INFO: [HLS 200-486] Changing DSP latency (root=acc_2342) to 3 in order to utilize available DSP registers.
INFO: [HLS 200-486] Changing DSP latency (root=mul_ln65_839) to 3 in order to utilize available DSP registers.
INFO: [HLS 200-486] Changing DSP latency (root=mul_ln65_840) to 3 in order to utilize available DSP registers.
INFO: [HLS 200-486] Changing DSP latency (root=tmp854) to 3 in order to utilize available DSP registers.
INFO: [HLS 200-486] Changing DSP latency (root=mul_ln65_843) to 3 in order to utilize available DSP registers.
INFO: [HLS 200-486] Changing DSP latency (root=mul_ln65_842) to 3 in order to utilize available DSP registers.
INFO: [HLS 200-486] Changing DSP latency (root=mul_ln58_297) to 3 in order to utilize available DSP registers.
INFO: [HLS 200-486] Changing DSP latency (root=acc_2336) to 3 in order to utilize available DSP registers.
INFO: [HLS 200-486] Changing DSP latency (root=mul_ln65_831) to 3 in order to utilize available DSP registers.
INFO: [HLS 200-486] Changing DSP latency (root=mul_ln65_832) to 3 in order to utilize available DSP registers.
INFO: [HLS 200-486] Changing DSP latency (root=tmp843) to 3 in order to utilize available DSP registers.
INFO: [HLS 200-486] Changing DSP latency (root=mul_ln65_835) to 3 in order to utilize available DSP registers.
INFO: [HLS 200-486] Changing DSP latency (root=mul_ln65_834) to 3 in order to utilize available DSP registers.
INFO: [HLS 200-486] Changing DSP latency (root=mul_ln58_296) to 3 in order to utilize available DSP registers.
INFO: [HLS 200-486] Changing DSP latency (root=acc_2330) to 3 in order to utilize available DSP registers.
INFO: [HLS 200-486] Changing DSP latency (root=mul_ln65_823) to 3 in order to utilize available DSP registers.
INFO: [HLS 200-486] Changing DSP latency (root=mul_ln65_824) to 3 in order to utilize available DSP registers.
INFO: [HLS 200-486] Changing DSP latency (root=tmp832) to 3 in order to utilize available DSP registers.
INFO: [HLS 200-486] Changing DSP latency (root=mul_ln65_827) to 3 in order to utilize available DSP registers.
INFO: [HLS 200-486] Changing DSP latency (root=mul_ln65_826) to 3 in order to utilize available DSP registers.
INFO: [HLS 200-486] Changing DSP latency (root=mul_ln58_295) to 3 in order to utilize available DSP registers.
INFO: [HLS 200-486] Changing DSP latency (root=acc_2324) to 3 in order to utilize available DSP registers.
INFO: [HLS 200-486] Changing DSP latency (root=mul_ln65_815) to 3 in order to utilize available DSP registers.
INFO: [HLS 200-486] Changing DSP latency (root=mul_ln65_816) to 3 in order to utilize available DSP registers.
INFO: [HLS 200-486] Changing DSP latency (root=tmp821) to 3 in order to utilize available DSP registers.
INFO: [HLS 200-486] Changing DSP latency (root=mul_ln65_819) to 3 in order to utilize available DSP registers.
INFO: [HLS 200-486] Changing DSP latency (root=mul_ln65_818) to 3 in order to utilize available DSP registers.
INFO: [HLS 200-486] Changing DSP latency (root=mul_ln58_294) to 3 in order to utilize available DSP registers.
INFO: [HLS 200-486] Changing DSP latency (root=acc_2318) to 3 in order to utilize available DSP registers.
INFO: [HLS 200-486] Changing DSP latency (root=mul_ln65_807) to 3 in order to utilize available DSP registers.
INFO: [HLS 200-486] Changing DSP latency (root=mul_ln65_808) to 3 in order to utilize available DSP registers.
INFO: [HLS 200-486] Changing DSP latency (root=tmp810) to 3 in order to utilize available DSP registers.
INFO: [HLS 200-486] Changing DSP latency (root=mul_ln65_811) to 3 in order to utilize available DSP registers.
INFO: [HLS 200-486] Changing DSP latency (root=mul_ln65_810) to 3 in order to utilize available DSP registers.
INFO: [HLS 200-486] Changing DSP latency (root=mul_ln58_293) to 3 in order to utilize available DSP registers.
INFO: [HLS 200-486] Changing DSP latency (root=acc_2312) to 3 in order to utilize available DSP registers.
INFO: [HLS 200-486] Changing DSP latency (root=mul_ln65_799) to 3 in order to utilize available DSP registers.
INFO: [HLS 200-486] Changing DSP latency (root=mul_ln65_800) to 3 in order to utilize available DSP registers.
INFO: [HLS 200-486] Changing DSP latency (root=tmp799) to 3 in order to utilize available DSP registers.
INFO: [HLS 200-486] Changing DSP latency (root=mul_ln65_803) to 3 in order to utilize available DSP registers.
INFO: [HLS 200-486] Changing DSP latency (root=mul_ln65_802) to 3 in order to utilize available DSP registers.
INFO: [HLS 200-486] Changing DSP latency (root=mul_ln58_292) to 3 in order to utilize available DSP registers.
INFO: [HLS 200-486] Changing DSP latency (root=acc_2306) to 3 in order to utilize available DSP registers.
INFO: [HLS 200-486] Changing DSP latency (root=mul_ln65_791) to 3 in order to utilize available DSP registers.
INFO: [HLS 200-486] Changing DSP latency (root=mul_ln65_792) to 3 in order to utilize available DSP registers.
INFO: [HLS 200-486] Changing DSP latency (root=tmp788) to 3 in order to utilize available DSP registers.
INFO: [HLS 200-486] Changing DSP latency (root=mul_ln65_795) to 3 in order to utilize available DSP registers.
INFO: [HLS 200-486] Changing DSP latency (root=mul_ln65_794) to 3 in order to utilize available DSP registers.
INFO: [HLS 200-486] Changing DSP latency (root=mul_ln58_291) to 3 in order to utilize available DSP registers.
INFO: [HLS 200-486] Changing DSP latency (root=acc_2300) to 3 in order to utilize available DSP registers.
INFO: [HLS 200-486] Changing DSP latency (root=mul_ln65_783) to 3 in order to utilize available DSP registers.
INFO: [HLS 200-486] Changing DSP latency (root=mul_ln65_784) to 3 in order to utilize available DSP registers.
INFO: [HLS 200-486] Changing DSP latency (root=tmp777) to 3 in order to utilize available DSP registers.
INFO: [HLS 200-486] Changing DSP latency (root=mul_ln65_787) to 3 in order to utilize available DSP registers.
INFO: [HLS 200-486] Changing DSP latency (root=mul_ln65_786) to 3 in order to utilize available DSP registers.
INFO: [HLS 200-486] Changing DSP latency (root=mul_ln58_290) to 3 in order to utilize available DSP registers.
INFO: [HLS 200-486] Changing DSP latency (root=acc_2294) to 3 in order to utilize available DSP registers.
INFO: [HLS 200-486] Changing DSP latency (root=mul_ln65_775) to 3 in order to utilize available DSP registers.
INFO: [HLS 200-486] Changing DSP latency (root=mul_ln65_776) to 3 in order to utilize available DSP registers.
INFO: [HLS 200-486] Changing DSP latency (root=tmp766) to 3 in order to utilize available DSP registers.
INFO: [HLS 200-486] Changing DSP latency (root=mul_ln65_779) to 3 in order to utilize available DSP registers.
INFO: [HLS 200-486] Changing DSP latency (root=mul_ln65_778) to 3 in order to utilize available DSP registers.
INFO: [HLS 200-486] Changing DSP latency (root=mul_ln58_289) to 3 in order to utilize available DSP registers.
INFO: [HLS 200-486] Changing DSP latency (root=acc_2288) to 3 in order to utilize available DSP registers.
INFO: [HLS 200-486] Changing DSP latency (root=mul_ln65_767) to 3 in order to utilize available DSP registers.
INFO: [HLS 200-486] Changing DSP latency (root=mul_ln65_768) to 3 in order to utilize available DSP registers.
INFO: [HLS 200-486] Changing DSP latency (root=tmp755) to 3 in order to utilize available DSP registers.
INFO: [HLS 200-486] Changing DSP latency (root=mul_ln65_771) to 3 in order to utilize available DSP registers.
INFO: [HLS 200-486] Changing DSP latency (root=mul_ln65_770) to 3 in order to utilize available DSP registers.
INFO: [HLS 200-486] Changing DSP latency (root=mul_ln58_288) to 3 in order to utilize available DSP registers.
INFO: [HLS 200-486] Changing DSP latency (root=acc_2282) to 3 in order to utilize available DSP registers.
INFO: [HLS 200-486] Changing DSP latency (root=mul_ln65_759) to 3 in order to utilize available DSP registers.
INFO: [HLS 200-486] Changing DSP latency (root=mul_ln65_760) to 3 in order to utilize available DSP registers.
INFO: [HLS 200-486] Changing DSP latency (root=tmp744) to 3 in order to utilize available DSP registers.
INFO: [HLS 200-486] Changing DSP latency (root=mul_ln65_763) to 3 in order to utilize available DSP registers.
INFO: [HLS 200-486] Changing DSP latency (root=mul_ln65_762) to 3 in order to utilize available DSP registers.
INFO: [HLS 200-486] Changing DSP latency (root=mul_ln58_287) to 3 in order to utilize available DSP registers.
INFO: [HLS 200-486] Changing DSP latency (root=acc_2276) to 3 in order to utilize available DSP registers.
INFO: [HLS 200-486] Changing DSP latency (root=mul_ln65_751) to 3 in order to utilize available DSP registers.
INFO: [HLS 200-486] Changing DSP latency (root=mul_ln65_752) to 3 in order to utilize available DSP registers.
INFO: [HLS 200-486] Changing DSP latency (root=tmp733) to 3 in order to utilize available DSP registers.
INFO: [HLS 200-486] Changing DSP latency (root=mul_ln65_755) to 3 in order to utilize available DSP registers.
INFO: [HLS 200-486] Changing DSP latency (root=mul_ln65_754) to 3 in order to utilize available DSP registers.
INFO: [HLS 200-486] Changing DSP latency (root=mul_ln58_286) to 3 in order to utilize available DSP registers.
INFO: [HLS 200-486] Changing DSP latency (root=acc_2270) to 3 in order to utilize available DSP registers.
INFO: [HLS 200-486] Changing DSP latency (root=mul_ln65_743) to 3 in order to utilize available DSP registers.
INFO: [HLS 200-486] Changing DSP latency (root=mul_ln65_744) to 3 in order to utilize available DSP registers.
INFO: [HLS 200-486] Changing DSP latency (root=tmp722) to 3 in order to utilize available DSP registers.
INFO: [HLS 200-486] Changing DSP latency (root=mul_ln65_747) to 3 in order to utilize available DSP registers.
INFO: [HLS 200-486] Changing DSP latency (root=mul_ln65_746) to 3 in order to utilize available DSP registers.
INFO: [HLS 200-486] Changing DSP latency (root=mul_ln58_285) to 3 in order to utilize available DSP registers.
INFO: [HLS 200-486] Changing DSP latency (root=acc_2264) to 3 in order to utilize available DSP registers.
INFO: [HLS 200-486] Changing DSP latency (root=mul_ln65_735) to 3 in order to utilize available DSP registers.
INFO: [HLS 200-486] Changing DSP latency (root=mul_ln65_736) to 3 in order to utilize available DSP registers.
INFO: [HLS 200-486] Changing DSP latency (root=tmp711) to 3 in order to utilize available DSP registers.
INFO: [HLS 200-486] Changing DSP latency (root=mul_ln65_739) to 3 in order to utilize available DSP registers.
INFO: [HLS 200-486] Changing DSP latency (root=mul_ln65_738) to 3 in order to utilize available DSP registers.
INFO: [HLS 200-486] Changing DSP latency (root=mul_ln58_284) to 3 in order to utilize available DSP registers.
INFO: [HLS 200-486] Changing DSP latency (root=mul_ln65_2143) to 3 in order to utilize available DSP registers.
INFO: [HLS 200-486] Changing DSP latency (root=mul_ln61_14) to 3 in order to utilize available DSP registers.
INFO: [HLS 200-486] Changing DSP latency (root=tmp700) to 3 in order to utilize available DSP registers.
INFO: [HLS 200-486] Changing DSP latency (root=tmp695) to 3 in order to utilize available DSP registers.
INFO: [HLS 200-486] Changing DSP latency (root=tmp702) to 3 in order to utilize available DSP registers.
INFO: [HLS 200-486] Changing DSP latency (root=mul_ln65_733) to 3 in order to utilize available DSP registers.
INFO: [HLS 200-486] Changing DSP latency (root=mul_ln65_732) to 3 in order to utilize available DSP registers.
INFO: [HLS 200-486] Changing DSP latency (root=mul_ln65_2137) to 3 in order to utilize available DSP registers.
INFO: [HLS 200-486] Changing DSP latency (root=mul_ln61_13) to 3 in order to utilize available DSP registers.
INFO: [HLS 200-486] Changing DSP latency (root=tmp685) to 3 in order to utilize available DSP registers.
INFO: [HLS 200-486] Changing DSP latency (root=tmp680) to 3 in order to utilize available DSP registers.
INFO: [HLS 200-486] Changing DSP latency (root=tmp687) to 3 in order to utilize available DSP registers.
INFO: [HLS 200-486] Changing DSP latency (root=mul_ln65_730) to 3 in order to utilize available DSP registers.
INFO: [HLS 200-486] Changing DSP latency (root=mul_ln65_729) to 3 in order to utilize available DSP registers.
INFO: [HLS 200-486] Changing DSP latency (root=mul_ln65_2131) to 3 in order to utilize available DSP registers.
INFO: [HLS 200-486] Changing DSP latency (root=mul_ln61_12) to 3 in order to utilize available DSP registers.
INFO: [HLS 200-486] Changing DSP latency (root=tmp670) to 3 in order to utilize available DSP registers.
INFO: [HLS 200-486] Changing DSP latency (root=tmp665) to 3 in order to utilize available DSP registers.
INFO: [HLS 200-486] Changing DSP latency (root=tmp672) to 3 in order to utilize available DSP registers.
INFO: [HLS 200-486] Changing DSP latency (root=mul_ln65_727) to 3 in order to utilize available DSP registers.
INFO: [HLS 200-486] Changing DSP latency (root=mul_ln65_726) to 3 in order to utilize available DSP registers.
INFO: [HLS 200-486] Changing DSP latency (root=mul_ln65_2125) to 3 in order to utilize available DSP registers.
INFO: [HLS 200-486] Changing DSP latency (root=mul_ln61_11) to 3 in order to utilize available DSP registers.
INFO: [HLS 200-486] Changing DSP latency (root=tmp655) to 3 in order to utilize available DSP registers.
INFO: [HLS 200-486] Changing DSP latency (root=tmp650) to 3 in order to utilize available DSP registers.
INFO: [HLS 200-486] Changing DSP latency (root=tmp657) to 3 in order to utilize available DSP registers.
INFO: [HLS 200-486] Changing DSP latency (root=mul_ln65_724) to 3 in order to utilize available DSP registers.
INFO: [HLS 200-486] Changing DSP latency (root=mul_ln65_723) to 3 in order to utilize available DSP registers.
INFO: [HLS 200-486] Changing DSP latency (root=mul_ln65_2119) to 3 in order to utilize available DSP registers.
INFO: [HLS 200-486] Changing DSP latency (root=mul_ln61_10) to 3 in order to utilize available DSP registers.
INFO: [HLS 200-486] Changing DSP latency (root=tmp640) to 3 in order to utilize available DSP registers.
INFO: [HLS 200-486] Changing DSP latency (root=tmp635) to 3 in order to utilize available DSP registers.
INFO: [HLS 200-486] Changing DSP latency (root=tmp642) to 3 in order to utilize available DSP registers.
INFO: [HLS 200-486] Changing DSP latency (root=mul_ln65_721) to 3 in order to utilize available DSP registers.
INFO: [HLS 200-486] Changing DSP latency (root=mul_ln65_720) to 3 in order to utilize available DSP registers.
INFO: [HLS 200-486] Changing DSP latency (root=mul_ln65_2113) to 3 in order to utilize available DSP registers.
INFO: [HLS 200-486] Changing DSP latency (root=mul_ln61_9) to 3 in order to utilize available DSP registers.
INFO: [HLS 200-486] Changing DSP latency (root=tmp625) to 3 in order to utilize available DSP registers.
INFO: [HLS 200-486] Changing DSP latency (root=tmp620) to 3 in order to utilize available DSP registers.
INFO: [HLS 200-486] Changing DSP latency (root=tmp627) to 3 in order to utilize available DSP registers.
INFO: [HLS 200-486] Changing DSP latency (root=mul_ln65_718) to 3 in order to utilize available DSP registers.
INFO: [HLS 200-486] Changing DSP latency (root=mul_ln65_717) to 3 in order to utilize available DSP registers.
INFO: [HLS 200-486] Changing DSP latency (root=mul_ln65_2107) to 3 in order to utilize available DSP registers.
INFO: [HLS 200-486] Changing DSP latency (root=mul_ln61_8) to 3 in order to utilize available DSP registers.
INFO: [HLS 200-486] Changing DSP latency (root=tmp610) to 3 in order to utilize available DSP registers.
INFO: [HLS 200-486] Changing DSP latency (root=tmp605) to 3 in order to utilize available DSP registers.
INFO: [HLS 200-486] Changing DSP latency (root=tmp612) to 3 in order to utilize available DSP registers.
INFO: [HLS 200-486] Changing DSP latency (root=mul_ln65_715) to 3 in order to utilize available DSP registers.
INFO: [HLS 200-486] Changing DSP latency (root=mul_ln65_714) to 3 in order to utilize available DSP registers.
INFO: [HLS 200-486] Changing DSP latency (root=mul_ln65_2101) to 3 in order to utilize available DSP registers.
INFO: [HLS 200-486] Changing DSP latency (root=mul_ln61_7) to 3 in order to utilize available DSP registers.
INFO: [HLS 200-486] Changing DSP latency (root=tmp595) to 3 in order to utilize available DSP registers.
INFO: [HLS 200-486] Changing DSP latency (root=tmp590) to 3 in order to utilize available DSP registers.
INFO: [HLS 200-486] Changing DSP latency (root=tmp597) to 3 in order to utilize available DSP registers.
INFO: [HLS 200-486] Changing DSP latency (root=mul_ln65_712) to 3 in order to utilize available DSP registers.
INFO: [HLS 200-486] Changing DSP latency (root=mul_ln65_711) to 3 in order to utilize available DSP registers.
INFO: [HLS 200-486] Changing DSP latency (root=mul_ln65_2095) to 3 in order to utilize available DSP registers.
INFO: [HLS 200-486] Changing DSP latency (root=mul_ln61_6) to 3 in order to utilize available DSP registers.
INFO: [HLS 200-486] Changing DSP latency (root=tmp580) to 3 in order to utilize available DSP registers.
INFO: [HLS 200-486] Changing DSP latency (root=tmp575) to 3 in order to utilize available DSP registers.
INFO: [HLS 200-486] Changing DSP latency (root=tmp582) to 3 in order to utilize available DSP registers.
INFO: [HLS 200-486] Changing DSP latency (root=mul_ln65_709) to 3 in order to utilize available DSP registers.
INFO: [HLS 200-486] Changing DSP latency (root=mul_ln65_708) to 3 in order to utilize available DSP registers.
INFO: [HLS 200-486] Changing DSP latency (root=mul_ln65_2089) to 3 in order to utilize available DSP registers.
INFO: [HLS 200-486] Changing DSP latency (root=mul_ln61_5) to 3 in order to utilize available DSP registers.
INFO: [HLS 200-486] Changing DSP latency (root=tmp565) to 3 in order to utilize available DSP registers.
INFO: [HLS 200-486] Changing DSP latency (root=tmp560) to 3 in order to utilize available DSP registers.
INFO: [HLS 200-486] Changing DSP latency (root=tmp567) to 3 in order to utilize available DSP registers.
INFO: [HLS 200-486] Changing DSP latency (root=mul_ln65_706) to 3 in order to utilize available DSP registers.
INFO: [HLS 200-486] Changing DSP latency (root=mul_ln65_705) to 3 in order to utilize available DSP registers.
INFO: [HLS 200-486] Changing DSP latency (root=mul_ln65_2083) to 3 in order to utilize available DSP registers.
INFO: [HLS 200-486] Changing DSP latency (root=mul_ln61_4) to 3 in order to utilize available DSP registers.
INFO: [HLS 200-486] Changing DSP latency (root=tmp550) to 3 in order to utilize available DSP registers.
INFO: [HLS 200-486] Changing DSP latency (root=tmp545) to 3 in order to utilize available DSP registers.
INFO: [HLS 200-486] Changing DSP latency (root=tmp552) to 3 in order to utilize available DSP registers.
INFO: [HLS 200-486] Changing DSP latency (root=mul_ln65_703) to 3 in order to utilize available DSP registers.
INFO: [HLS 200-486] Changing DSP latency (root=mul_ln65_702) to 3 in order to utilize available DSP registers.
INFO: [HLS 200-486] Changing DSP latency (root=mul_ln65_2077) to 3 in order to utilize available DSP registers.
INFO: [HLS 200-486] Changing DSP latency (root=mul_ln61_3) to 3 in order to utilize available DSP registers.
INFO: [HLS 200-486] Changing DSP latency (root=tmp535) to 3 in order to utilize available DSP registers.
INFO: [HLS 200-486] Changing DSP latency (root=tmp530) to 3 in order to utilize available DSP registers.
INFO: [HLS 200-486] Changing DSP latency (root=tmp537) to 3 in order to utilize available DSP registers.
INFO: [HLS 200-486] Changing DSP latency (root=mul_ln65_700) to 3 in order to utilize available DSP registers.
INFO: [HLS 200-486] Changing DSP latency (root=mul_ln65_699) to 3 in order to utilize available DSP registers.
INFO: [HLS 200-486] Changing DSP latency (root=mul_ln65_2071) to 3 in order to utilize available DSP registers.
INFO: [HLS 200-486] Changing DSP latency (root=mul_ln61_2) to 3 in order to utilize available DSP registers.
INFO: [HLS 200-486] Changing DSP latency (root=tmp520) to 3 in order to utilize available DSP registers.
INFO: [HLS 200-486] Changing DSP latency (root=tmp515) to 3 in order to utilize available DSP registers.
INFO: [HLS 200-486] Changing DSP latency (root=tmp522) to 3 in order to utilize available DSP registers.
INFO: [HLS 200-486] Changing DSP latency (root=mul_ln65_697) to 3 in order to utilize available DSP registers.
INFO: [HLS 200-486] Changing DSP latency (root=mul_ln65_696) to 3 in order to utilize available DSP registers.
INFO: [HLS 200-486] Changing DSP latency (root=mul_ln65_2065) to 3 in order to utilize available DSP registers.
INFO: [HLS 200-486] Changing DSP latency (root=mul_ln61_1) to 3 in order to utilize available DSP registers.
INFO: [HLS 200-486] Changing DSP latency (root=tmp505) to 3 in order to utilize available DSP registers.
INFO: [HLS 200-486] Changing DSP latency (root=tmp500) to 3 in order to utilize available DSP registers.
INFO: [HLS 200-486] Changing DSP latency (root=tmp507) to 3 in order to utilize available DSP registers.
INFO: [HLS 200-486] Changing DSP latency (root=mul_ln65_694) to 3 in order to utilize available DSP registers.
INFO: [HLS 200-486] Changing DSP latency (root=mul_ln65_693) to 3 in order to utilize available DSP registers.
INFO: [HLS 200-486] Changing DSP latency (root=mul_ln65_2059) to 3 in order to utilize available DSP registers.
INFO: [HLS 200-486] Changing DSP latency (root=mul_ln61) to 3 in order to utilize available DSP registers.
INFO: [HLS 200-486] Changing DSP latency (root=tmp490) to 3 in order to utilize available DSP registers.
INFO: [HLS 200-486] Changing DSP latency (root=tmp485) to 3 in order to utilize available DSP registers.
INFO: [HLS 200-486] Changing DSP latency (root=tmp492) to 3 in order to utilize available DSP registers.
INFO: [HLS 200-486] Changing DSP latency (root=mul_ln65_691) to 3 in order to utilize available DSP registers.
INFO: [HLS 200-486] Changing DSP latency (root=mul_ln65_690) to 3 in order to utilize available DSP registers.
WARNING: [HLS 200-1015] Estimated delay Estimated delay (3.24ns)  of 'sitofp' operation ('conv', /data/home/songqiangxu/project/CNN/src/conv_br.h:80) exceeds the target cycle time (target cycle time: 2.5ns, clock uncertainty: 0.675ns, effective cycle time: 1.83ns).

Resolution: For help on HLS 200-1015 see www.xilinx.com/cgi-bin/docs/rdoc?v=2022.1;t=hls+guidance;d=200-1015.html
INFO: [SCHED 204-61] Pipelining loop 'Loop 1'.
INFO: [HLS 200-1470] Pipelining result : Target II = NA, Final II = 1, Depth = 78, loop 'Loop 1'
WARNING: [HLS 200-871] Estimated clock period (3.239ns) exceeds the target (target clock period: 2.5ns, clock uncertainty: 0.675ns, effective delay budget: 1.825ns).
Resolution: For help on HLS 200-871 see www.xilinx.com/cgi-bin/docs/rdoc?v=2022.1;t=hls+guidance;d=200-871.html
WARNING: [HLS 200-1016] The critical path in module 'do_conv_br_1_Pipeline_2' consists of the following:	'sitofp' operation ('conv98_12', /data/home/songqiangxu/project/CNN/src/conv_br.h:80) [28118]  (3.24 ns)

Resolution: For help on HLS 200-1016 see www.xilinx.com/cgi-bin/docs/rdoc?v=2022.1;t=hls+guidance;d=200-1016.html
INFO: [SCHED 204-11] Finished scheduling.
INFO: [HLS 200-111] Finished Scheduling: CPU user time: 64.59 seconds. CPU system time: 0.81 seconds. Elapsed time: 65.42 seconds; current allocated memory: 1.699 GB.
INFO: [BIND 205-100] Starting micro-architecture generation ...
INFO: [BIND 205-101] Performing variable lifetime analysis.
INFO: [BIND 205-101] Exploring resource sharing.
INFO: [BIND 205-101] Binding ...
INFO: [BIND 205-100] Finished micro-architecture generation.
INFO: [HLS 200-111] Finished Binding: CPU user time: 96.28 seconds. CPU system time: 0.21 seconds. Elapsed time: 96.51 seconds; current allocated memory: 1.699 GB.
INFO: [HLS 200-10] ----------------------------------------------------------------
INFO: [HLS 200-42] -- Implementing module 'do_conv_br_1' 
INFO: [HLS 200-10] ----------------------------------------------------------------
INFO: [SCHED 204-11] Starting scheduling ...
INFO: [SCHED 204-11] Finished scheduling.
INFO: [HLS 200-111] Finished Scheduling: CPU user time: 43.03 seconds. CPU system time: 0.27 seconds. Elapsed time: 43.31 seconds; current allocated memory: 1.699 GB.
INFO: [BIND 205-100] Starting micro-architecture generation ...
INFO: [BIND 205-101] Performing variable lifetime analysis.
INFO: [BIND 205-101] Exploring resource sharing.
INFO: [BIND 205-101] Binding ...
INFO: [BIND 205-100] Finished micro-architecture generation.
INFO: [HLS 200-111] Finished Binding: CPU user time: 10.67 seconds. CPU system time: 0.05 seconds. Elapsed time: 10.73 seconds; current allocated memory: 1.699 GB.
INFO: [HLS 200-10] ----------------------------------------------------------------
INFO: [HLS 200-42] -- Implementing module 'do_conv_br' 
INFO: [HLS 200-10] ----------------------------------------------------------------
INFO: [SCHED 204-11] Starting scheduling ...
INFO: [HLS 200-486] Changing DSP latency (root=tmp11480) to 3 in order to utilize available DSP registers.
INFO: [HLS 200-486] Changing DSP latency (root=mul_ln65_1718) to 3 in order to utilize available DSP registers.
INFO: [HLS 200-486] Changing DSP latency (root=tmp11500) to 3 in order to utilize available DSP registers.
INFO: [HLS 200-486] Changing DSP latency (root=mul_ln65_1719) to 3 in order to utilize available DSP registers.
INFO: [HLS 200-486] Changing DSP latency (root=mul_ln65_1721) to 3 in order to utilize available DSP registers.
INFO: [HLS 200-486] Changing DSP latency (root=tmp11508) to 3 in order to utilize available DSP registers.
INFO: [HLS 200-486] Changing DSP latency (root=mul_ln65_1722) to 3 in order to utilize available DSP registers.
INFO: [HLS 200-486] Changing DSP latency (root=mul_ln58_599) to 3 in order to utilize available DSP registers.
INFO: [HLS 200-486] Changing DSP latency (root=mul_ln65_1723) to 3 in order to utilize available DSP registers.
INFO: [HLS 200-486] Changing DSP latency (root=mul_ln65_1724) to 3 in order to utilize available DSP registers.
INFO: [HLS 200-486] Changing DSP latency (root=mul_ln58_269) to 3 in order to utilize available DSP registers.
INFO: [HLS 200-486] Changing DSP latency (root=tmp11505) to 3 in order to utilize available DSP registers.
INFO: [HLS 200-486] Changing DSP latency (root=tmp11437) to 3 in order to utilize available DSP registers.
INFO: [HLS 200-486] Changing DSP latency (root=mul_ln65_1710) to 3 in order to utilize available DSP registers.
INFO: [HLS 200-486] Changing DSP latency (root=tmp11457) to 3 in order to utilize available DSP registers.
INFO: [HLS 200-486] Changing DSP latency (root=mul_ln65_1711) to 3 in order to utilize available DSP registers.
INFO: [HLS 200-486] Changing DSP latency (root=mul_ln65_1713) to 3 in order to utilize available DSP registers.
INFO: [HLS 200-486] Changing DSP latency (root=tmp11465) to 3 in order to utilize available DSP registers.
INFO: [HLS 200-486] Changing DSP latency (root=mul_ln65_1714) to 3 in order to utilize available DSP registers.
INFO: [HLS 200-486] Changing DSP latency (root=mul_ln58_596) to 3 in order to utilize available DSP registers.
INFO: [HLS 200-486] Changing DSP latency (root=mul_ln65_1715) to 3 in order to utilize available DSP registers.
INFO: [HLS 200-486] Changing DSP latency (root=mul_ln65_1716) to 3 in order to utilize available DSP registers.
INFO: [HLS 200-486] Changing DSP latency (root=mul_ln58_268) to 3 in order to utilize available DSP registers.
INFO: [HLS 200-486] Changing DSP latency (root=tmp11462) to 3 in order to utilize available DSP registers.
INFO: [HLS 200-486] Changing DSP latency (root=tmp11394) to 3 in order to utilize available DSP registers.
INFO: [HLS 200-486] Changing DSP latency (root=mul_ln65_1702) to 3 in order to utilize available DSP registers.
INFO: [HLS 200-486] Changing DSP latency (root=tmp11414) to 3 in order to utilize available DSP registers.
INFO: [HLS 200-486] Changing DSP latency (root=mul_ln65_1703) to 3 in order to utilize available DSP registers.
INFO: [HLS 200-486] Changing DSP latency (root=mul_ln65_1705) to 3 in order to utilize available DSP registers.
INFO: [HLS 200-486] Changing DSP latency (root=tmp11422) to 3 in order to utilize available DSP registers.
INFO: [HLS 200-486] Changing DSP latency (root=mul_ln65_1706) to 3 in order to utilize available DSP registers.
INFO: [HLS 200-486] Changing DSP latency (root=mul_ln58_593) to 3 in order to utilize available DSP registers.
INFO: [HLS 200-486] Changing DSP latency (root=mul_ln65_1707) to 3 in order to utilize available DSP registers.
INFO: [HLS 200-486] Changing DSP latency (root=mul_ln65_1708) to 3 in order to utilize available DSP registers.
INFO: [HLS 200-486] Changing DSP latency (root=mul_ln58_267) to 3 in order to utilize available DSP registers.
INFO: [HLS 200-486] Changing DSP latency (root=tmp11419) to 3 in order to utilize available DSP registers.
INFO: [HLS 200-486] Changing DSP latency (root=tmp11351) to 3 in order to utilize available DSP registers.
INFO: [HLS 200-486] Changing DSP latency (root=mul_ln65_1694) to 3 in order to utilize available DSP registers.
INFO: [HLS 200-486] Changing DSP latency (root=tmp11371) to 3 in order to utilize available DSP registers.
INFO: [HLS 200-486] Changing DSP latency (root=mul_ln65_1695) to 3 in order to utilize available DSP registers.
INFO: [HLS 200-486] Changing DSP latency (root=mul_ln65_1697) to 3 in order to utilize available DSP registers.
INFO: [HLS 200-486] Changing DSP latency (root=tmp11379) to 3 in order to utilize available DSP registers.
INFO: [HLS 200-486] Changing DSP latency (root=mul_ln65_1698) to 3 in order to utilize available DSP registers.
INFO: [HLS 200-486] Changing DSP latency (root=mul_ln58_590) to 3 in order to utilize available DSP registers.
INFO: [HLS 200-486] Changing DSP latency (root=mul_ln65_1699) to 3 in order to utilize available DSP registers.
INFO: [HLS 200-486] Changing DSP latency (root=mul_ln65_1700) to 3 in order to utilize available DSP registers.
INFO: [HLS 200-486] Changing DSP latency (root=mul_ln58_266) to 3 in order to utilize available DSP registers.
INFO: [HLS 200-486] Changing DSP latency (root=tmp11376) to 3 in order to utilize available DSP registers.
INFO: [HLS 200-486] Changing DSP latency (root=tmp11308) to 3 in order to utilize available DSP registers.
INFO: [HLS 200-486] Changing DSP latency (root=mul_ln65_1686) to 3 in order to utilize available DSP registers.
INFO: [HLS 200-486] Changing DSP latency (root=tmp11328) to 3 in order to utilize available DSP registers.
INFO: [HLS 200-486] Changing DSP latency (root=mul_ln65_1687) to 3 in order to utilize available DSP registers.
INFO: [HLS 200-486] Changing DSP latency (root=mul_ln65_1689) to 3 in order to utilize available DSP registers.
INFO: [HLS 200-486] Changing DSP latency (root=tmp11336) to 3 in order to utilize available DSP registers.
INFO: [HLS 200-486] Changing DSP latency (root=mul_ln65_1690) to 3 in order to utilize available DSP registers.
INFO: [HLS 200-486] Changing DSP latency (root=mul_ln58_587) to 3 in order to utilize available DSP registers.
INFO: [HLS 200-486] Changing DSP latency (root=mul_ln65_1691) to 3 in order to utilize available DSP registers.
INFO: [HLS 200-486] Changing DSP latency (root=mul_ln65_1692) to 3 in order to utilize available DSP registers.
INFO: [HLS 200-486] Changing DSP latency (root=mul_ln58_265) to 3 in order to utilize available DSP registers.
INFO: [HLS 200-486] Changing DSP latency (root=tmp11333) to 3 in order to utilize available DSP registers.
INFO: [HLS 200-486] Changing DSP latency (root=tmp11265) to 3 in order to utilize available DSP registers.
INFO: [HLS 200-486] Changing DSP latency (root=mul_ln65_1678) to 3 in order to utilize available DSP registers.
INFO: [HLS 200-486] Changing DSP latency (root=tmp11285) to 3 in order to utilize available DSP registers.
INFO: [HLS 200-486] Changing DSP latency (root=mul_ln65_1679) to 3 in order to utilize available DSP registers.
INFO: [HLS 200-486] Changing DSP latency (root=mul_ln65_1681) to 3 in order to utilize available DSP registers.
INFO: [HLS 200-486] Changing DSP latency (root=tmp11293) to 3 in order to utilize available DSP registers.
INFO: [HLS 200-486] Changing DSP latency (root=mul_ln65_1682) to 3 in order to utilize available DSP registers.
INFO: [HLS 200-486] Changing DSP latency (root=mul_ln58_584) to 3 in order to utilize available DSP registers.
INFO: [HLS 200-486] Changing DSP latency (root=mul_ln65_1683) to 3 in order to utilize available DSP registers.
INFO: [HLS 200-486] Changing DSP latency (root=mul_ln65_1684) to 3 in order to utilize available DSP registers.
INFO: [HLS 200-486] Changing DSP latency (root=mul_ln58_264) to 3 in order to utilize available DSP registers.
INFO: [HLS 200-486] Changing DSP latency (root=tmp11290) to 3 in order to utilize available DSP registers.
INFO: [HLS 200-486] Changing DSP latency (root=tmp11222) to 3 in order to utilize available DSP registers.
INFO: [HLS 200-486] Changing DSP latency (root=mul_ln65_1670) to 3 in order to utilize available DSP registers.
INFO: [HLS 200-486] Changing DSP latency (root=tmp11242) to 3 in order to utilize available DSP registers.
INFO: [HLS 200-486] Changing DSP latency (root=mul_ln65_1671) to 3 in order to utilize available DSP registers.
INFO: [HLS 200-486] Changing DSP latency (root=mul_ln65_1673) to 3 in order to utilize available DSP registers.
INFO: [HLS 200-486] Changing DSP latency (root=tmp11250) to 3 in order to utilize available DSP registers.
INFO: [HLS 200-486] Changing DSP latency (root=mul_ln65_1674) to 3 in order to utilize available DSP registers.
INFO: [HLS 200-486] Changing DSP latency (root=mul_ln58_581) to 3 in order to utilize available DSP registers.
INFO: [HLS 200-486] Changing DSP latency (root=mul_ln65_1675) to 3 in order to utilize available DSP registers.
INFO: [HLS 200-486] Changing DSP latency (root=mul_ln65_1676) to 3 in order to utilize available DSP registers.
INFO: [HLS 200-486] Changing DSP latency (root=mul_ln58_263) to 3 in order to utilize available DSP registers.
INFO: [HLS 200-486] Changing DSP latency (root=tmp11247) to 3 in order to utilize available DSP registers.
INFO: [HLS 200-486] Changing DSP latency (root=tmp11179) to 3 in order to utilize available DSP registers.
INFO: [HLS 200-486] Changing DSP latency (root=mul_ln65_1662) to 3 in order to utilize available DSP registers.
INFO: [HLS 200-486] Changing DSP latency (root=tmp11199) to 3 in order to utilize available DSP registers.
INFO: [HLS 200-486] Changing DSP latency (root=mul_ln65_1663) to 3 in order to utilize available DSP registers.
INFO: [HLS 200-486] Changing DSP latency (root=mul_ln65_1665) to 3 in order to utilize available DSP registers.
INFO: [HLS 200-486] Changing DSP latency (root=tmp11207) to 3 in order to utilize available DSP registers.
INFO: [HLS 200-486] Changing DSP latency (root=mul_ln65_1666) to 3 in order to utilize available DSP registers.
INFO: [HLS 200-486] Changing DSP latency (root=mul_ln58_578) to 3 in order to utilize available DSP registers.
INFO: [HLS 200-486] Changing DSP latency (root=mul_ln65_1667) to 3 in order to utilize available DSP registers.
INFO: [HLS 200-486] Changing DSP latency (root=mul_ln65_1668) to 3 in order to utilize available DSP registers.
INFO: [HLS 200-486] Changing DSP latency (root=mul_ln58_262) to 3 in order to utilize available DSP registers.
INFO: [HLS 200-486] Changing DSP latency (root=tmp11204) to 3 in order to utilize available DSP registers.
INFO: [HLS 200-486] Changing DSP latency (root=tmp11136) to 3 in order to utilize available DSP registers.
INFO: [HLS 200-486] Changing DSP latency (root=mul_ln65_1654) to 3 in order to utilize available DSP registers.
INFO: [HLS 200-486] Changing DSP latency (root=tmp11156) to 3 in order to utilize available DSP registers.
INFO: [HLS 200-486] Changing DSP latency (root=mul_ln65_1655) to 3 in order to utilize available DSP registers.
INFO: [HLS 200-486] Changing DSP latency (root=mul_ln65_1657) to 3 in order to utilize available DSP registers.
INFO: [HLS 200-486] Changing DSP latency (root=tmp11164) to 3 in order to utilize available DSP registers.
INFO: [HLS 200-486] Changing DSP latency (root=mul_ln65_1658) to 3 in order to utilize available DSP registers.
INFO: [HLS 200-486] Changing DSP latency (root=mul_ln58_575) to 3 in order to utilize available DSP registers.
INFO: [HLS 200-486] Changing DSP latency (root=mul_ln65_1659) to 3 in order to utilize available DSP registers.
INFO: [HLS 200-486] Changing DSP latency (root=mul_ln65_1660) to 3 in order to utilize available DSP registers.
INFO: [HLS 200-486] Changing DSP latency (root=mul_ln58_261) to 3 in order to utilize available DSP registers.
INFO: [HLS 200-486] Changing DSP latency (root=tmp11161) to 3 in order to utilize available DSP registers.
INFO: [HLS 200-486] Changing DSP latency (root=tmp11093) to 3 in order to utilize available DSP registers.
INFO: [HLS 200-486] Changing DSP latency (root=mul_ln65_1646) to 3 in order to utilize available DSP registers.
INFO: [HLS 200-486] Changing DSP latency (root=tmp11113) to 3 in order to utilize available DSP registers.
INFO: [HLS 200-486] Changing DSP latency (root=mul_ln65_1647) to 3 in order to utilize available DSP registers.
INFO: [HLS 200-486] Changing DSP latency (root=mul_ln65_1649) to 3 in order to utilize available DSP registers.
INFO: [HLS 200-486] Changing DSP latency (root=tmp11121) to 3 in order to utilize available DSP registers.
INFO: [HLS 200-486] Changing DSP latency (root=mul_ln65_1650) to 3 in order to utilize available DSP registers.
INFO: [HLS 200-486] Changing DSP latency (root=mul_ln58_572) to 3 in order to utilize available DSP registers.
INFO: [HLS 200-486] Changing DSP latency (root=mul_ln65_1651) to 3 in order to utilize available DSP registers.
INFO: [HLS 200-486] Changing DSP latency (root=mul_ln65_1652) to 3 in order to utilize available DSP registers.
INFO: [HLS 200-486] Changing DSP latency (root=mul_ln58_260) to 3 in order to utilize available DSP registers.
INFO: [HLS 200-486] Changing DSP latency (root=tmp11118) to 3 in order to utilize available DSP registers.
INFO: [HLS 200-486] Changing DSP latency (root=tmp11050) to 3 in order to utilize available DSP registers.
INFO: [HLS 200-486] Changing DSP latency (root=mul_ln65_1638) to 3 in order to utilize available DSP registers.
INFO: [HLS 200-486] Changing DSP latency (root=tmp11070) to 3 in order to utilize available DSP registers.
INFO: [HLS 200-486] Changing DSP latency (root=mul_ln65_1639) to 3 in order to utilize available DSP registers.
INFO: [HLS 200-486] Changing DSP latency (root=mul_ln65_1641) to 3 in order to utilize available DSP registers.
INFO: [HLS 200-486] Changing DSP latency (root=tmp11078) to 3 in order to utilize available DSP registers.
INFO: [HLS 200-486] Changing DSP latency (root=mul_ln65_1642) to 3 in order to utilize available DSP registers.
INFO: [HLS 200-486] Changing DSP latency (root=mul_ln58_569) to 3 in order to utilize available DSP registers.
INFO: [HLS 200-486] Changing DSP latency (root=mul_ln65_1643) to 3 in order to utilize available DSP registers.
INFO: [HLS 200-486] Changing DSP latency (root=mul_ln65_1644) to 3 in order to utilize available DSP registers.
INFO: [HLS 200-486] Changing DSP latency (root=mul_ln58_259) to 3 in order to utilize available DSP registers.
INFO: [HLS 200-486] Changing DSP latency (root=tmp11075) to 3 in order to utilize available DSP registers.
INFO: [HLS 200-486] Changing DSP latency (root=tmp11007) to 3 in order to utilize available DSP registers.
INFO: [HLS 200-486] Changing DSP latency (root=mul_ln65_1630) to 3 in order to utilize available DSP registers.
INFO: [HLS 200-486] Changing DSP latency (root=tmp11027) to 3 in order to utilize available DSP registers.
INFO: [HLS 200-486] Changing DSP latency (root=mul_ln65_1631) to 3 in order to utilize available DSP registers.
INFO: [HLS 200-486] Changing DSP latency (root=mul_ln65_1633) to 3 in order to utilize available DSP registers.
INFO: [HLS 200-486] Changing DSP latency (root=tmp11035) to 3 in order to utilize available DSP registers.
INFO: [HLS 200-486] Changing DSP latency (root=mul_ln65_1634) to 3 in order to utilize available DSP registers.
INFO: [HLS 200-486] Changing DSP latency (root=mul_ln58_566) to 3 in order to utilize available DSP registers.
INFO: [HLS 200-486] Changing DSP latency (root=mul_ln65_1635) to 3 in order to utilize available DSP registers.
INFO: [HLS 200-486] Changing DSP latency (root=mul_ln65_1636) to 3 in order to utilize available DSP registers.
INFO: [HLS 200-486] Changing DSP latency (root=mul_ln58_258) to 3 in order to utilize available DSP registers.
INFO: [HLS 200-486] Changing DSP latency (root=tmp11032) to 3 in order to utilize available DSP registers.
INFO: [HLS 200-486] Changing DSP latency (root=tmp10964) to 3 in order to utilize available DSP registers.
INFO: [HLS 200-486] Changing DSP latency (root=mul_ln65_1622) to 3 in order to utilize available DSP registers.
INFO: [HLS 200-486] Changing DSP latency (root=tmp10984) to 3 in order to utilize available DSP registers.
INFO: [HLS 200-486] Changing DSP latency (root=mul_ln65_1623) to 3 in order to utilize available DSP registers.
INFO: [HLS 200-486] Changing DSP latency (root=mul_ln65_1625) to 3 in order to utilize available DSP registers.
INFO: [HLS 200-486] Changing DSP latency (root=tmp10992) to 3 in order to utilize available DSP registers.
INFO: [HLS 200-486] Changing DSP latency (root=mul_ln65_1626) to 3 in order to utilize available DSP registers.
INFO: [HLS 200-486] Changing DSP latency (root=mul_ln58_563) to 3 in order to utilize available DSP registers.
INFO: [HLS 200-486] Changing DSP latency (root=mul_ln65_1627) to 3 in order to utilize available DSP registers.
INFO: [HLS 200-486] Changing DSP latency (root=mul_ln65_1628) to 3 in order to utilize available DSP registers.
INFO: [HLS 200-486] Changing DSP latency (root=mul_ln58_257) to 3 in order to utilize available DSP registers.
INFO: [HLS 200-486] Changing DSP latency (root=tmp10989) to 3 in order to utilize available DSP registers.
INFO: [HLS 200-486] Changing DSP latency (root=tmp10921) to 3 in order to utilize available DSP registers.
INFO: [HLS 200-486] Changing DSP latency (root=mul_ln65_1614) to 3 in order to utilize available DSP registers.
INFO: [HLS 200-486] Changing DSP latency (root=tmp10941) to 3 in order to utilize available DSP registers.
INFO: [HLS 200-486] Changing DSP latency (root=mul_ln65_1615) to 3 in order to utilize available DSP registers.
INFO: [HLS 200-486] Changing DSP latency (root=mul_ln65_1617) to 3 in order to utilize available DSP registers.
INFO: [HLS 200-486] Changing DSP latency (root=tmp10949) to 3 in order to utilize available DSP registers.
INFO: [HLS 200-486] Changing DSP latency (root=mul_ln65_1618) to 3 in order to utilize available DSP registers.
INFO: [HLS 200-486] Changing DSP latency (root=mul_ln58_560) to 3 in order to utilize available DSP registers.
INFO: [HLS 200-486] Changing DSP latency (root=mul_ln65_1619) to 3 in order to utilize available DSP registers.
INFO: [HLS 200-486] Changing DSP latency (root=mul_ln65_1620) to 3 in order to utilize available DSP registers.
INFO: [HLS 200-486] Changing DSP latency (root=mul_ln58_256) to 3 in order to utilize available DSP registers.
INFO: [HLS 200-486] Changing DSP latency (root=tmp10946) to 3 in order to utilize available DSP registers.
INFO: [HLS 200-486] Changing DSP latency (root=tmp10878) to 3 in order to utilize available DSP registers.
INFO: [HLS 200-486] Changing DSP latency (root=mul_ln65_1606) to 3 in order to utilize available DSP registers.
INFO: [HLS 200-486] Changing DSP latency (root=tmp10898) to 3 in order to utilize available DSP registers.
INFO: [HLS 200-486] Changing DSP latency (root=mul_ln65_1607) to 3 in order to utilize available DSP registers.
INFO: [HLS 200-486] Changing DSP latency (root=mul_ln65_1609) to 3 in order to utilize available DSP registers.
INFO: [HLS 200-486] Changing DSP latency (root=tmp10906) to 3 in order to utilize available DSP registers.
INFO: [HLS 200-486] Changing DSP latency (root=mul_ln65_1610) to 3 in order to utilize available DSP registers.
INFO: [HLS 200-486] Changing DSP latency (root=mul_ln58_557) to 3 in order to utilize available DSP registers.
INFO: [HLS 200-486] Changing DSP latency (root=mul_ln65_1611) to 3 in order to utilize available DSP registers.
INFO: [HLS 200-486] Changing DSP latency (root=mul_ln65_1612) to 3 in order to utilize available DSP registers.
INFO: [HLS 200-486] Changing DSP latency (root=mul_ln58_255) to 3 in order to utilize available DSP registers.
INFO: [HLS 200-486] Changing DSP latency (root=tmp10903) to 3 in order to utilize available DSP registers.
INFO: [HLS 200-486] Changing DSP latency (root=tmp10852) to 3 in order to utilize available DSP registers.
INFO: [HLS 200-486] Changing DSP latency (root=mul_ln65_1594) to 3 in order to utilize available DSP registers.
INFO: [HLS 200-486] Changing DSP latency (root=mul_ln65_1595) to 3 in order to utilize available DSP registers.
INFO: [HLS 200-486] Changing DSP latency (root=mul_ln65_1598) to 3 in order to utilize available DSP registers.
INFO: [HLS 200-486] Changing DSP latency (root=mul_ln65_1597) to 3 in order to utilize available DSP registers.
INFO: [HLS 200-486] Changing DSP latency (root=mul_ln65_1601) to 3 in order to utilize available DSP registers.
INFO: [HLS 200-486] Changing DSP latency (root=mul_ln65_1600) to 3 in order to utilize available DSP registers.
INFO: [HLS 200-486] Changing DSP latency (root=mul_ln58_550) to 3 in order to utilize available DSP registers.
INFO: [HLS 200-486] Changing DSP latency (root=tmp10836) to 3 in order to utilize available DSP registers.
INFO: [HLS 200-486] Changing DSP latency (root=tmp10841) to 3 in order to utilize available DSP registers.
INFO: [HLS 200-486] Changing DSP latency (root=tmp10867) to 3 in order to utilize available DSP registers.
INFO: [HLS 200-486] Changing DSP latency (root=tmp10849) to 3 in order to utilize available DSP registers.
INFO: [HLS 200-486] Changing DSP latency (root=mul_ln58_554) to 3 in order to utilize available DSP registers.
INFO: [HLS 200-486] Changing DSP latency (root=mul_ln65_1604) to 3 in order to utilize available DSP registers.
INFO: [HLS 200-486] Changing DSP latency (root=mul_ln58_254) to 3 in order to utilize available DSP registers.
INFO: [HLS 200-486] Changing DSP latency (root=mul_ln58_253) to 3 in order to utilize available DSP registers.
INFO: [HLS 200-486] Changing DSP latency (root=tmp10810) to 3 in order to utilize available DSP registers.
INFO: [HLS 200-486] Changing DSP latency (root=mul_ln65_1583) to 3 in order to utilize available DSP registers.
INFO: [HLS 200-486] Changing DSP latency (root=mul_ln65_1584) to 3 in order to utilize available DSP registers.
INFO: [HLS 200-486] Changing DSP latency (root=mul_ln65_1587) to 3 in order to utilize available DSP registers.
INFO: [HLS 200-486] Changing DSP latency (root=mul_ln65_1586) to 3 in order to utilize available DSP registers.
INFO: [HLS 200-486] Changing DSP latency (root=mul_ln65_1590) to 3 in order to utilize available DSP registers.
INFO: [HLS 200-486] Changing DSP latency (root=mul_ln65_1589) to 3 in order to utilize available DSP registers.
INFO: [HLS 200-486] Changing DSP latency (root=mul_ln58_545) to 3 in order to utilize available DSP registers.
INFO: [HLS 200-486] Changing DSP latency (root=tmp10794) to 3 in order to utilize available DSP registers.
INFO: [HLS 200-486] Changing DSP latency (root=tmp10799) to 3 in order to utilize available DSP registers.
INFO: [HLS 200-486] Changing DSP latency (root=tmp10825) to 3 in order to utilize available DSP registers.
INFO: [HLS 200-486] Changing DSP latency (root=tmp10807) to 3 in order to utilize available DSP registers.
INFO: [HLS 200-486] Changing DSP latency (root=mul_ln58_549) to 3 in order to utilize available DSP registers.
INFO: [HLS 200-486] Changing DSP latency (root=mul_ln65_1593) to 3 in order to utilize available DSP registers.
INFO: [HLS 200-486] Changing DSP latency (root=mul_ln58_252) to 3 in order to utilize available DSP registers.
INFO: [HLS 200-486] Changing DSP latency (root=mul_ln58_251) to 3 in order to utilize available DSP registers.
INFO: [HLS 200-486] Changing DSP latency (root=tmp10768) to 3 in order to utilize available DSP registers.
INFO: [HLS 200-486] Changing DSP latency (root=mul_ln65_1572) to 3 in order to utilize available DSP registers.
INFO: [HLS 200-486] Changing DSP latency (root=mul_ln65_1573) to 3 in order to utilize available DSP registers.
INFO: [HLS 200-486] Changing DSP latency (root=mul_ln65_1576) to 3 in order to utilize available DSP registers.
INFO: [HLS 200-486] Changing DSP latency (root=mul_ln65_1575) to 3 in order to utilize available DSP registers.
INFO: [HLS 200-486] Changing DSP latency (root=mul_ln65_1579) to 3 in order to utilize available DSP registers.
INFO: [HLS 200-486] Changing DSP latency (root=mul_ln65_1578) to 3 in order to utilize available DSP registers.
INFO: [HLS 200-486] Changing DSP latency (root=mul_ln58_540) to 3 in order to utilize available DSP registers.
INFO: [HLS 200-486] Changing DSP latency (root=tmp10752) to 3 in order to utilize available DSP registers.
INFO: [HLS 200-486] Changing DSP latency (root=tmp10757) to 3 in order to utilize available DSP registers.
INFO: [HLS 200-486] Changing DSP latency (root=tmp10783) to 3 in order to utilize available DSP registers.
INFO: [HLS 200-486] Changing DSP latency (root=tmp10765) to 3 in order to utilize available DSP registers.
INFO: [HLS 200-486] Changing DSP latency (root=mul_ln58_544) to 3 in order to utilize available DSP registers.
INFO: [HLS 200-486] Changing DSP latency (root=mul_ln65_1582) to 3 in order to utilize available DSP registers.
INFO: [HLS 200-486] Changing DSP latency (root=mul_ln58_250) to 3 in order to utilize available DSP registers.
INFO: [HLS 200-486] Changing DSP latency (root=mul_ln58_249) to 3 in order to utilize available DSP registers.
INFO: [HLS 200-486] Changing DSP latency (root=tmp10726) to 3 in order to utilize available DSP registers.
INFO: [HLS 200-486] Changing DSP latency (root=mul_ln65_1561) to 3 in order to utilize available DSP registers.
INFO: [HLS 200-486] Changing DSP latency (root=mul_ln65_1562) to 3 in order to utilize available DSP registers.
INFO: [HLS 200-486] Changing DSP latency (root=mul_ln65_1565) to 3 in order to utilize available DSP registers.
INFO: [HLS 200-486] Changing DSP latency (root=mul_ln65_1564) to 3 in order to utilize available DSP registers.
INFO: [HLS 200-486] Changing DSP latency (root=mul_ln65_1568) to 3 in order to utilize available DSP registers.
INFO: [HLS 200-486] Changing DSP latency (root=mul_ln65_1567) to 3 in order to utilize available DSP registers.
INFO: [HLS 200-486] Changing DSP latency (root=mul_ln58_535) to 3 in order to utilize available DSP registers.
INFO: [HLS 200-486] Changing DSP latency (root=tmp10710) to 3 in order to utilize available DSP registers.
INFO: [HLS 200-486] Changing DSP latency (root=tmp10715) to 3 in order to utilize available DSP registers.
INFO: [HLS 200-486] Changing DSP latency (root=tmp10741) to 3 in order to utilize available DSP registers.
INFO: [HLS 200-486] Changing DSP latency (root=tmp10723) to 3 in order to utilize available DSP registers.
INFO: [HLS 200-486] Changing DSP latency (root=mul_ln58_539) to 3 in order to utilize available DSP registers.
INFO: [HLS 200-486] Changing DSP latency (root=mul_ln65_1571) to 3 in order to utilize available DSP registers.
INFO: [HLS 200-486] Changing DSP latency (root=mul_ln58_248) to 3 in order to utilize available DSP registers.
INFO: [HLS 200-486] Changing DSP latency (root=mul_ln58_247) to 3 in order to utilize available DSP registers.
INFO: [HLS 200-486] Changing DSP latency (root=tmp10684) to 3 in order to utilize available DSP registers.
INFO: [HLS 200-486] Changing DSP latency (root=mul_ln65_1550) to 3 in order to utilize available DSP registers.
INFO: [HLS 200-486] Changing DSP latency (root=mul_ln65_1551) to 3 in order to utilize available DSP registers.
INFO: [HLS 200-486] Changing DSP latency (root=mul_ln65_1554) to 3 in order to utilize available DSP registers.
INFO: [HLS 200-486] Changing DSP latency (root=mul_ln65_1553) to 3 in order to utilize available DSP registers.
INFO: [HLS 200-486] Changing DSP latency (root=mul_ln65_1557) to 3 in order to utilize available DSP registers.
INFO: [HLS 200-486] Changing DSP latency (root=mul_ln65_1556) to 3 in order to utilize available DSP registers.
INFO: [HLS 200-486] Changing DSP latency (root=mul_ln58_530) to 3 in order to utilize available DSP registers.
INFO: [HLS 200-486] Changing DSP latency (root=tmp10668) to 3 in order to utilize available DSP registers.
INFO: [HLS 200-486] Changing DSP latency (root=tmp10673) to 3 in order to utilize available DSP registers.
INFO: [HLS 200-486] Changing DSP latency (root=tmp10699) to 3 in order to utilize available DSP registers.
INFO: [HLS 200-486] Changing DSP latency (root=tmp10681) to 3 in order to utilize available DSP registers.
INFO: [HLS 200-486] Changing DSP latency (root=mul_ln58_534) to 3 in order to utilize available DSP registers.
INFO: [HLS 200-486] Changing DSP latency (root=mul_ln65_1560) to 3 in order to utilize available DSP registers.
INFO: [HLS 200-486] Changing DSP latency (root=mul_ln58_246) to 3 in order to utilize available DSP registers.
INFO: [HLS 200-486] Changing DSP latency (root=mul_ln58_245) to 3 in order to utilize available DSP registers.
INFO: [HLS 200-486] Changing DSP latency (root=tmp10642) to 3 in order to utilize available DSP registers.
INFO: [HLS 200-486] Changing DSP latency (root=mul_ln65_1539) to 3 in order to utilize available DSP registers.
INFO: [HLS 200-486] Changing DSP latency (root=mul_ln65_1540) to 3 in order to utilize available DSP registers.
INFO: [HLS 200-486] Changing DSP latency (root=mul_ln65_1543) to 3 in order to utilize available DSP registers.
INFO: [HLS 200-486] Changing DSP latency (root=mul_ln65_1542) to 3 in order to utilize available DSP registers.
INFO: [HLS 200-486] Changing DSP latency (root=mul_ln65_1546) to 3 in order to utilize available DSP registers.
INFO: [HLS 200-486] Changing DSP latency (root=mul_ln65_1545) to 3 in order to utilize available DSP registers.
INFO: [HLS 200-486] Changing DSP latency (root=mul_ln58_525) to 3 in order to utilize available DSP registers.
INFO: [HLS 200-486] Changing DSP latency (root=tmp10626) to 3 in order to utilize available DSP registers.
INFO: [HLS 200-486] Changing DSP latency (root=tmp10631) to 3 in order to utilize available DSP registers.
INFO: [HLS 200-486] Changing DSP latency (root=tmp10657) to 3 in order to utilize available DSP registers.
INFO: [HLS 200-486] Changing DSP latency (root=tmp10639) to 3 in order to utilize available DSP registers.
INFO: [HLS 200-486] Changing DSP latency (root=mul_ln58_529) to 3 in order to utilize available DSP registers.
INFO: [HLS 200-486] Changing DSP latency (root=mul_ln65_1549) to 3 in order to utilize available DSP registers.
INFO: [HLS 200-486] Changing DSP latency (root=mul_ln58_244) to 3 in order to utilize available DSP registers.
INFO: [HLS 200-486] Changing DSP latency (root=mul_ln58_243) to 3 in order to utilize available DSP registers.
INFO: [HLS 200-486] Changing DSP latency (root=tmp10600) to 3 in order to utilize available DSP registers.
INFO: [HLS 200-486] Changing DSP latency (root=mul_ln65_1528) to 3 in order to utilize available DSP registers.
INFO: [HLS 200-486] Changing DSP latency (root=mul_ln65_1529) to 3 in order to utilize available DSP registers.
INFO: [HLS 200-486] Changing DSP latency (root=mul_ln65_1532) to 3 in order to utilize available DSP registers.
INFO: [HLS 200-486] Changing DSP latency (root=mul_ln65_1531) to 3 in order to utilize available DSP registers.
INFO: [HLS 200-486] Changing DSP latency (root=mul_ln65_1535) to 3 in order to utilize available DSP registers.
INFO: [HLS 200-486] Changing DSP latency (root=mul_ln65_1534) to 3 in order to utilize available DSP registers.
INFO: [HLS 200-486] Changing DSP latency (root=mul_ln58_520) to 3 in order to utilize available DSP registers.
INFO: [HLS 200-486] Changing DSP latency (root=tmp10584) to 3 in order to utilize available DSP registers.
INFO: [HLS 200-486] Changing DSP latency (root=tmp10589) to 3 in order to utilize available DSP registers.
INFO: [HLS 200-486] Changing DSP latency (root=tmp10615) to 3 in order to utilize available DSP registers.
INFO: [HLS 200-486] Changing DSP latency (root=tmp10597) to 3 in order to utilize available DSP registers.
INFO: [HLS 200-486] Changing DSP latency (root=mul_ln58_524) to 3 in order to utilize available DSP registers.
INFO: [HLS 200-486] Changing DSP latency (root=mul_ln65_1538) to 3 in order to utilize available DSP registers.
INFO: [HLS 200-486] Changing DSP latency (root=mul_ln58_242) to 3 in order to utilize available DSP registers.
INFO: [HLS 200-486] Changing DSP latency (root=mul_ln58_241) to 3 in order to utilize available DSP registers.
INFO: [HLS 200-486] Changing DSP latency (root=tmp10558) to 3 in order to utilize available DSP registers.
INFO: [HLS 200-486] Changing DSP latency (root=mul_ln65_1517) to 3 in order to utilize available DSP registers.
INFO: [HLS 200-486] Changing DSP latency (root=mul_ln65_1518) to 3 in order to utilize available DSP registers.
INFO: [HLS 200-486] Changing DSP latency (root=mul_ln65_1521) to 3 in order to utilize available DSP registers.
INFO: [HLS 200-486] Changing DSP latency (root=mul_ln65_1520) to 3 in order to utilize available DSP registers.
INFO: [HLS 200-486] Changing DSP latency (root=mul_ln65_1524) to 3 in order to utilize available DSP registers.
INFO: [HLS 200-486] Changing DSP latency (root=mul_ln65_1523) to 3 in order to utilize available DSP registers.
INFO: [HLS 200-486] Changing DSP latency (root=mul_ln58_515) to 3 in order to utilize available DSP registers.
INFO: [HLS 200-486] Changing DSP latency (root=tmp10542) to 3 in order to utilize available DSP registers.
INFO: [HLS 200-486] Changing DSP latency (root=tmp10547) to 3 in order to utilize available DSP registers.
INFO: [HLS 200-486] Changing DSP latency (root=tmp10573) to 3 in order to utilize available DSP registers.
INFO: [HLS 200-486] Changing DSP latency (root=tmp10555) to 3 in order to utilize available DSP registers.
INFO: [HLS 200-486] Changing DSP latency (root=mul_ln58_519) to 3 in order to utilize available DSP registers.
INFO: [HLS 200-486] Changing DSP latency (root=mul_ln65_1527) to 3 in order to utilize available DSP registers.
INFO: [HLS 200-486] Changing DSP latency (root=mul_ln58_240) to 3 in order to utilize available DSP registers.
INFO: [HLS 200-486] Changing DSP latency (root=mul_ln58_239) to 3 in order to utilize available DSP registers.
INFO: [HLS 200-486] Changing DSP latency (root=tmp10516) to 3 in order to utilize available DSP registers.
INFO: [HLS 200-486] Changing DSP latency (root=mul_ln65_1506) to 3 in order to utilize available DSP registers.
INFO: [HLS 200-486] Changing DSP latency (root=mul_ln65_1507) to 3 in order to utilize available DSP registers.
INFO: [HLS 200-486] Changing DSP latency (root=mul_ln65_1510) to 3 in order to utilize available DSP registers.
INFO: [HLS 200-486] Changing DSP latency (root=mul_ln65_1509) to 3 in order to utilize available DSP registers.
INFO: [HLS 200-486] Changing DSP latency (root=mul_ln65_1513) to 3 in order to utilize available DSP registers.
INFO: [HLS 200-486] Changing DSP latency (root=mul_ln65_1512) to 3 in order to utilize available DSP registers.
INFO: [HLS 200-486] Changing DSP latency (root=mul_ln58_510) to 3 in order to utilize available DSP registers.
INFO: [HLS 200-486] Changing DSP latency (root=tmp10500) to 3 in order to utilize available DSP registers.
INFO: [HLS 200-486] Changing DSP latency (root=tmp10505) to 3 in order to utilize available DSP registers.
INFO: [HLS 200-486] Changing DSP latency (root=tmp10531) to 3 in order to utilize available DSP registers.
INFO: [HLS 200-486] Changing DSP latency (root=tmp10513) to 3 in order to utilize available DSP registers.
INFO: [HLS 200-486] Changing DSP latency (root=mul_ln58_514) to 3 in order to utilize available DSP registers.
INFO: [HLS 200-486] Changing DSP latency (root=mul_ln65_1516) to 3 in order to utilize available DSP registers.
INFO: [HLS 200-486] Changing DSP latency (root=mul_ln58_238) to 3 in order to utilize available DSP registers.
INFO: [HLS 200-486] Changing DSP latency (root=mul_ln58_237) to 3 in order to utilize available DSP registers.
INFO: [HLS 200-486] Changing DSP latency (root=tmp10474) to 3 in order to utilize available DSP registers.
INFO: [HLS 200-486] Changing DSP latency (root=mul_ln65_1495) to 3 in order to utilize available DSP registers.
INFO: [HLS 200-486] Changing DSP latency (root=mul_ln65_1496) to 3 in order to utilize available DSP registers.
INFO: [HLS 200-486] Changing DSP latency (root=mul_ln65_1499) to 3 in order to utilize available DSP registers.
INFO: [HLS 200-486] Changing DSP latency (root=mul_ln65_1498) to 3 in order to utilize available DSP registers.
INFO: [HLS 200-486] Changing DSP latency (root=mul_ln65_1502) to 3 in order to utilize available DSP registers.
INFO: [HLS 200-486] Changing DSP latency (root=mul_ln65_1501) to 3 in order to utilize available DSP registers.
INFO: [HLS 200-486] Changing DSP latency (root=mul_ln58_505) to 3 in order to utilize available DSP registers.
INFO: [HLS 200-486] Changing DSP latency (root=tmp10458) to 3 in order to utilize available DSP registers.
INFO: [HLS 200-486] Changing DSP latency (root=tmp10463) to 3 in order to utilize available DSP registers.
INFO: [HLS 200-486] Changing DSP latency (root=tmp10489) to 3 in order to utilize available DSP registers.
INFO: [HLS 200-486] Changing DSP latency (root=tmp10471) to 3 in order to utilize available DSP registers.
INFO: [HLS 200-486] Changing DSP latency (root=mul_ln58_509) to 3 in order to utilize available DSP registers.
INFO: [HLS 200-486] Changing DSP latency (root=mul_ln65_1505) to 3 in order to utilize available DSP registers.
INFO: [HLS 200-486] Changing DSP latency (root=mul_ln58_236) to 3 in order to utilize available DSP registers.
INFO: [HLS 200-486] Changing DSP latency (root=mul_ln58_235) to 3 in order to utilize available DSP registers.
INFO: [HLS 200-486] Changing DSP latency (root=tmp10432) to 3 in order to utilize available DSP registers.
INFO: [HLS 200-486] Changing DSP latency (root=mul_ln65_1484) to 3 in order to utilize available DSP registers.
INFO: [HLS 200-486] Changing DSP latency (root=mul_ln65_1485) to 3 in order to utilize available DSP registers.
INFO: [HLS 200-486] Changing DSP latency (root=mul_ln65_1488) to 3 in order to utilize available DSP registers.
INFO: [HLS 200-486] Changing DSP latency (root=mul_ln65_1487) to 3 in order to utilize available DSP registers.
INFO: [HLS 200-486] Changing DSP latency (root=mul_ln65_1491) to 3 in order to utilize available DSP registers.
INFO: [HLS 200-486] Changing DSP latency (root=mul_ln65_1490) to 3 in order to utilize available DSP registers.
INFO: [HLS 200-486] Changing DSP latency (root=mul_ln58_500) to 3 in order to utilize available DSP registers.
INFO: [HLS 200-486] Changing DSP latency (root=tmp10416) to 3 in order to utilize available DSP registers.
INFO: [HLS 200-486] Changing DSP latency (root=tmp10421) to 3 in order to utilize available DSP registers.
INFO: [HLS 200-486] Changing DSP latency (root=tmp10447) to 3 in order to utilize available DSP registers.
INFO: [HLS 200-486] Changing DSP latency (root=tmp10429) to 3 in order to utilize available DSP registers.
INFO: [HLS 200-486] Changing DSP latency (root=mul_ln58_504) to 3 in order to utilize available DSP registers.
INFO: [HLS 200-486] Changing DSP latency (root=mul_ln65_1494) to 3 in order to utilize available DSP registers.
INFO: [HLS 200-486] Changing DSP latency (root=mul_ln58_234) to 3 in order to utilize available DSP registers.
INFO: [HLS 200-486] Changing DSP latency (root=mul_ln58_233) to 3 in order to utilize available DSP registers.
INFO: [HLS 200-486] Changing DSP latency (root=tmp10390) to 3 in order to utilize available DSP registers.
INFO: [HLS 200-486] Changing DSP latency (root=mul_ln65_1473) to 3 in order to utilize available DSP registers.
INFO: [HLS 200-486] Changing DSP latency (root=mul_ln65_1474) to 3 in order to utilize available DSP registers.
INFO: [HLS 200-486] Changing DSP latency (root=mul_ln65_1477) to 3 in order to utilize available DSP registers.
INFO: [HLS 200-486] Changing DSP latency (root=mul_ln65_1476) to 3 in order to utilize available DSP registers.
INFO: [HLS 200-486] Changing DSP latency (root=mul_ln65_1480) to 3 in order to utilize available DSP registers.
INFO: [HLS 200-486] Changing DSP latency (root=mul_ln65_1479) to 3 in order to utilize available DSP registers.
INFO: [HLS 200-486] Changing DSP latency (root=mul_ln58_495) to 3 in order to utilize available DSP registers.
INFO: [HLS 200-486] Changing DSP latency (root=tmp10374) to 3 in order to utilize available DSP registers.
INFO: [HLS 200-486] Changing DSP latency (root=tmp10379) to 3 in order to utilize available DSP registers.
INFO: [HLS 200-486] Changing DSP latency (root=tmp10405) to 3 in order to utilize available DSP registers.
INFO: [HLS 200-486] Changing DSP latency (root=tmp10387) to 3 in order to utilize available DSP registers.
INFO: [HLS 200-486] Changing DSP latency (root=mul_ln58_499) to 3 in order to utilize available DSP registers.
INFO: [HLS 200-486] Changing DSP latency (root=mul_ln65_1483) to 3 in order to utilize available DSP registers.
INFO: [HLS 200-486] Changing DSP latency (root=mul_ln58_232) to 3 in order to utilize available DSP registers.
INFO: [HLS 200-486] Changing DSP latency (root=mul_ln58_231) to 3 in order to utilize available DSP registers.
INFO: [HLS 200-486] Changing DSP latency (root=tmp10348) to 3 in order to utilize available DSP registers.
INFO: [HLS 200-486] Changing DSP latency (root=mul_ln65_1462) to 3 in order to utilize available DSP registers.
INFO: [HLS 200-486] Changing DSP latency (root=mul_ln65_1463) to 3 in order to utilize available DSP registers.
INFO: [HLS 200-486] Changing DSP latency (root=mul_ln65_1466) to 3 in order to utilize available DSP registers.
INFO: [HLS 200-486] Changing DSP latency (root=mul_ln65_1465) to 3 in order to utilize available DSP registers.
INFO: [HLS 200-486] Changing DSP latency (root=mul_ln65_1469) to 3 in order to utilize available DSP registers.
INFO: [HLS 200-486] Changing DSP latency (root=mul_ln65_1468) to 3 in order to utilize available DSP registers.
INFO: [HLS 200-486] Changing DSP latency (root=mul_ln58_490) to 3 in order to utilize available DSP registers.
INFO: [HLS 200-486] Changing DSP latency (root=tmp10332) to 3 in order to utilize available DSP registers.
INFO: [HLS 200-486] Changing DSP latency (root=tmp10337) to 3 in order to utilize available DSP registers.
INFO: [HLS 200-486] Changing DSP latency (root=tmp10363) to 3 in order to utilize available DSP registers.
INFO: [HLS 200-486] Changing DSP latency (root=tmp10345) to 3 in order to utilize available DSP registers.
INFO: [HLS 200-486] Changing DSP latency (root=mul_ln58_494) to 3 in order to utilize available DSP registers.
INFO: [HLS 200-486] Changing DSP latency (root=mul_ln65_1472) to 3 in order to utilize available DSP registers.
INFO: [HLS 200-486] Changing DSP latency (root=mul_ln58_230) to 3 in order to utilize available DSP registers.
INFO: [HLS 200-486] Changing DSP latency (root=mul_ln58_229) to 3 in order to utilize available DSP registers.
INFO: [HLS 200-486] Changing DSP latency (root=tmp10306) to 3 in order to utilize available DSP registers.
INFO: [HLS 200-486] Changing DSP latency (root=mul_ln65_1451) to 3 in order to utilize available DSP registers.
INFO: [HLS 200-486] Changing DSP latency (root=mul_ln65_1452) to 3 in order to utilize available DSP registers.
INFO: [HLS 200-486] Changing DSP latency (root=mul_ln65_1455) to 3 in order to utilize available DSP registers.
INFO: [HLS 200-486] Changing DSP latency (root=mul_ln65_1454) to 3 in order to utilize available DSP registers.
INFO: [HLS 200-486] Changing DSP latency (root=mul_ln65_1458) to 3 in order to utilize available DSP registers.
INFO: [HLS 200-486] Changing DSP latency (root=mul_ln65_1457) to 3 in order to utilize available DSP registers.
INFO: [HLS 200-486] Changing DSP latency (root=mul_ln58_485) to 3 in order to utilize available DSP registers.
INFO: [HLS 200-486] Changing DSP latency (root=tmp10290) to 3 in order to utilize available DSP registers.
INFO: [HLS 200-486] Changing DSP latency (root=tmp10295) to 3 in order to utilize available DSP registers.
INFO: [HLS 200-486] Changing DSP latency (root=tmp10321) to 3 in order to utilize available DSP registers.
INFO: [HLS 200-486] Changing DSP latency (root=tmp10303) to 3 in order to utilize available DSP registers.
INFO: [HLS 200-486] Changing DSP latency (root=mul_ln58_489) to 3 in order to utilize available DSP registers.
INFO: [HLS 200-486] Changing DSP latency (root=mul_ln65_1461) to 3 in order to utilize available DSP registers.
INFO: [HLS 200-486] Changing DSP latency (root=mul_ln58_228) to 3 in order to utilize available DSP registers.
INFO: [HLS 200-486] Changing DSP latency (root=mul_ln58_227) to 3 in order to utilize available DSP registers.
INFO: [HLS 200-486] Changing DSP latency (root=tmp10264) to 3 in order to utilize available DSP registers.
INFO: [HLS 200-486] Changing DSP latency (root=mul_ln65_1440) to 3 in order to utilize available DSP registers.
INFO: [HLS 200-486] Changing DSP latency (root=mul_ln65_1441) to 3 in order to utilize available DSP registers.
INFO: [HLS 200-486] Changing DSP latency (root=mul_ln65_1444) to 3 in order to utilize available DSP registers.
INFO: [HLS 200-486] Changing DSP latency (root=mul_ln65_1443) to 3 in order to utilize available DSP registers.
INFO: [HLS 200-486] Changing DSP latency (root=mul_ln65_1447) to 3 in order to utilize available DSP registers.
INFO: [HLS 200-486] Changing DSP latency (root=mul_ln65_1446) to 3 in order to utilize available DSP registers.
INFO: [HLS 200-486] Changing DSP latency (root=mul_ln58_480) to 3 in order to utilize available DSP registers.
INFO: [HLS 200-486] Changing DSP latency (root=tmp10248) to 3 in order to utilize available DSP registers.
INFO: [HLS 200-486] Changing DSP latency (root=tmp10253) to 3 in order to utilize available DSP registers.
INFO: [HLS 200-486] Changing DSP latency (root=tmp10279) to 3 in order to utilize available DSP registers.
INFO: [HLS 200-486] Changing DSP latency (root=tmp10261) to 3 in order to utilize available DSP registers.
INFO: [HLS 200-486] Changing DSP latency (root=mul_ln58_484) to 3 in order to utilize available DSP registers.
INFO: [HLS 200-486] Changing DSP latency (root=mul_ln65_1450) to 3 in order to utilize available DSP registers.
INFO: [HLS 200-486] Changing DSP latency (root=mul_ln58_226) to 3 in order to utilize available DSP registers.
INFO: [HLS 200-486] Changing DSP latency (root=mul_ln58_225) to 3 in order to utilize available DSP registers.
INFO: [HLS 200-486] Changing DSP latency (root=tmp10239) to 3 in order to utilize available DSP registers.
INFO: [HLS 200-486] Changing DSP latency (root=tmp10221) to 3 in order to utilize available DSP registers.
INFO: [HLS 200-486] Changing DSP latency (root=mul_ln65_1436) to 3 in order to utilize available DSP registers.
INFO: [HLS 200-486] Changing DSP latency (root=mul_ln65_1438) to 3 in order to utilize available DSP registers.
INFO: [HLS 200-486] Changing DSP latency (root=tmp10216) to 3 in order to utilize available DSP registers.
INFO: [HLS 200-486] Changing DSP latency (root=tmp10226) to 3 in order to utilize available DSP registers.
INFO: [HLS 200-486] Changing DSP latency (root=mul_ln65_1439) to 3 in order to utilize available DSP registers.
INFO: [HLS 200-486] Changing DSP latency (root=tmp10176) to 3 in order to utilize available DSP registers.
INFO: [HLS 200-486] Changing DSP latency (root=tmp10158) to 3 in order to utilize available DSP registers.
INFO: [HLS 200-486] Changing DSP latency (root=mul_ln65_1431) to 3 in order to utilize available DSP registers.
INFO: [HLS 200-486] Changing DSP latency (root=mul_ln65_1433) to 3 in order to utilize available DSP registers.
INFO: [HLS 200-486] Changing DSP latency (root=tmp10153) to 3 in order to utilize available DSP registers.
INFO: [HLS 200-486] Changing DSP latency (root=tmp10163) to 3 in order to utilize available DSP registers.
INFO: [HLS 200-486] Changing DSP latency (root=mul_ln65_1434) to 3 in order to utilize available DSP registers.
INFO: [HLS 200-486] Changing DSP latency (root=tmp10113) to 3 in order to utilize available DSP registers.
INFO: [HLS 200-486] Changing DSP latency (root=tmp10095) to 3 in order to utilize available DSP registers.
INFO: [HLS 200-486] Changing DSP latency (root=mul_ln65_1426) to 3 in order to utilize available DSP registers.
INFO: [HLS 200-486] Changing DSP latency (root=mul_ln65_1428) to 3 in order to utilize available DSP registers.
INFO: [HLS 200-486] Changing DSP latency (root=tmp10090) to 3 in order to utilize available DSP registers.
INFO: [HLS 200-486] Changing DSP latency (root=tmp10100) to 3 in order to utilize available DSP registers.
INFO: [HLS 200-486] Changing DSP latency (root=mul_ln65_1429) to 3 in order to utilize available DSP registers.
INFO: [HLS 200-486] Changing DSP latency (root=tmp10050) to 3 in order to utilize available DSP registers.
INFO: [HLS 200-486] Changing DSP latency (root=tmp10032) to 3 in order to utilize available DSP registers.
INFO: [HLS 200-486] Changing DSP latency (root=mul_ln65_1421) to 3 in order to utilize available DSP registers.
INFO: [HLS 200-486] Changing DSP latency (root=mul_ln65_1423) to 3 in order to utilize available DSP registers.
INFO: [HLS 200-486] Changing DSP latency (root=tmp10027) to 3 in order to utilize available DSP registers.
INFO: [HLS 200-486] Changing DSP latency (root=tmp10037) to 3 in order to utilize available DSP registers.
INFO: [HLS 200-486] Changing DSP latency (root=mul_ln65_1424) to 3 in order to utilize available DSP registers.
INFO: [HLS 200-486] Changing DSP latency (root=tmp9987) to 3 in order to utilize available DSP registers.
INFO: [HLS 200-486] Changing DSP latency (root=tmp9969) to 3 in order to utilize available DSP registers.
INFO: [HLS 200-486] Changing DSP latency (root=mul_ln65_1416) to 3 in order to utilize available DSP registers.
INFO: [HLS 200-486] Changing DSP latency (root=mul_ln65_1418) to 3 in order to utilize available DSP registers.
INFO: [HLS 200-486] Changing DSP latency (root=tmp9964) to 3 in order to utilize available DSP registers.
INFO: [HLS 200-486] Changing DSP latency (root=tmp9974) to 3 in order to utilize available DSP registers.
INFO: [HLS 200-486] Changing DSP latency (root=mul_ln65_1419) to 3 in order to utilize available DSP registers.
INFO: [HLS 200-486] Changing DSP latency (root=tmp9924) to 3 in order to utilize available DSP registers.
INFO: [HLS 200-486] Changing DSP latency (root=tmp9906) to 3 in order to utilize available DSP registers.
INFO: [HLS 200-486] Changing DSP latency (root=mul_ln65_1411) to 3 in order to utilize available DSP registers.
INFO: [HLS 200-486] Changing DSP latency (root=mul_ln65_1413) to 3 in order to utilize available DSP registers.
INFO: [HLS 200-486] Changing DSP latency (root=tmp9901) to 3 in order to utilize available DSP registers.
INFO: [HLS 200-486] Changing DSP latency (root=tmp9911) to 3 in order to utilize available DSP registers.
INFO: [HLS 200-486] Changing DSP latency (root=mul_ln65_1414) to 3 in order to utilize available DSP registers.
INFO: [HLS 200-486] Changing DSP latency (root=tmp9861) to 3 in order to utilize available DSP registers.
INFO: [HLS 200-486] Changing DSP latency (root=tmp9843) to 3 in order to utilize available DSP registers.
INFO: [HLS 200-486] Changing DSP latency (root=mul_ln65_1406) to 3 in order to utilize available DSP registers.
INFO: [HLS 200-486] Changing DSP latency (root=mul_ln65_1408) to 3 in order to utilize available DSP registers.
INFO: [HLS 200-486] Changing DSP latency (root=tmp9838) to 3 in order to utilize available DSP registers.
INFO: [HLS 200-486] Changing DSP latency (root=tmp9848) to 3 in order to utilize available DSP registers.
INFO: [HLS 200-486] Changing DSP latency (root=mul_ln65_1409) to 3 in order to utilize available DSP registers.
INFO: [HLS 200-486] Changing DSP latency (root=tmp9798) to 3 in order to utilize available DSP registers.
INFO: [HLS 200-486] Changing DSP latency (root=tmp9780) to 3 in order to utilize available DSP registers.
INFO: [HLS 200-486] Changing DSP latency (root=mul_ln65_1401) to 3 in order to utilize available DSP registers.
INFO: [HLS 200-486] Changing DSP latency (root=mul_ln65_1403) to 3 in order to utilize available DSP registers.
INFO: [HLS 200-486] Changing DSP latency (root=tmp9775) to 3 in order to utilize available DSP registers.
INFO: [HLS 200-486] Changing DSP latency (root=tmp9785) to 3 in order to utilize available DSP registers.
INFO: [HLS 200-486] Changing DSP latency (root=mul_ln65_1404) to 3 in order to utilize available DSP registers.
INFO: [HLS 200-486] Changing DSP latency (root=tmp9735) to 3 in order to utilize available DSP registers.
INFO: [HLS 200-486] Changing DSP latency (root=tmp9717) to 3 in order to utilize available DSP registers.
INFO: [HLS 200-486] Changing DSP latency (root=mul_ln65_1396) to 3 in order to utilize available DSP registers.
INFO: [HLS 200-486] Changing DSP latency (root=mul_ln65_1398) to 3 in order to utilize available DSP registers.
INFO: [HLS 200-486] Changing DSP latency (root=tmp9712) to 3 in order to utilize available DSP registers.
INFO: [HLS 200-486] Changing DSP latency (root=tmp9722) to 3 in order to utilize available DSP registers.
INFO: [HLS 200-486] Changing DSP latency (root=mul_ln65_1399) to 3 in order to utilize available DSP registers.
INFO: [HLS 200-486] Changing DSP latency (root=tmp9672) to 3 in order to utilize available DSP registers.
INFO: [HLS 200-486] Changing DSP latency (root=tmp9654) to 3 in order to utilize available DSP registers.
INFO: [HLS 200-486] Changing DSP latency (root=mul_ln65_1391) to 3 in order to utilize available DSP registers.
INFO: [HLS 200-486] Changing DSP latency (root=mul_ln65_1393) to 3 in order to utilize available DSP registers.
INFO: [HLS 200-486] Changing DSP latency (root=tmp9649) to 3 in order to utilize available DSP registers.
INFO: [HLS 200-486] Changing DSP latency (root=tmp9659) to 3 in order to utilize available DSP registers.
INFO: [HLS 200-486] Changing DSP latency (root=mul_ln65_1394) to 3 in order to utilize available DSP registers.
INFO: [HLS 200-486] Changing DSP latency (root=tmp9609) to 3 in order to utilize available DSP registers.
INFO: [HLS 200-486] Changing DSP latency (root=tmp9591) to 3 in order to utilize available DSP registers.
INFO: [HLS 200-486] Changing DSP latency (root=mul_ln65_1386) to 3 in order to utilize available DSP registers.
INFO: [HLS 200-486] Changing DSP latency (root=mul_ln65_1388) to 3 in order to utilize available DSP registers.
INFO: [HLS 200-486] Changing DSP latency (root=tmp9586) to 3 in order to utilize available DSP registers.
INFO: [HLS 200-486] Changing DSP latency (root=tmp9596) to 3 in order to utilize available DSP registers.
INFO: [HLS 200-486] Changing DSP latency (root=mul_ln65_1389) to 3 in order to utilize available DSP registers.
INFO: [HLS 200-486] Changing DSP latency (root=tmp9546) to 3 in order to utilize available DSP registers.
INFO: [HLS 200-486] Changing DSP latency (root=tmp9528) to 3 in order to utilize available DSP registers.
INFO: [HLS 200-486] Changing DSP latency (root=mul_ln65_1381) to 3 in order to utilize available DSP registers.
INFO: [HLS 200-486] Changing DSP latency (root=mul_ln65_1383) to 3 in order to utilize available DSP registers.
INFO: [HLS 200-486] Changing DSP latency (root=tmp9523) to 3 in order to utilize available DSP registers.
INFO: [HLS 200-486] Changing DSP latency (root=tmp9533) to 3 in order to utilize available DSP registers.
INFO: [HLS 200-486] Changing DSP latency (root=mul_ln65_1384) to 3 in order to utilize available DSP registers.
INFO: [HLS 200-486] Changing DSP latency (root=tmp9483) to 3 in order to utilize available DSP registers.
INFO: [HLS 200-486] Changing DSP latency (root=tmp9465) to 3 in order to utilize available DSP registers.
INFO: [HLS 200-486] Changing DSP latency (root=mul_ln65_1376) to 3 in order to utilize available DSP registers.
INFO: [HLS 200-486] Changing DSP latency (root=mul_ln65_1378) to 3 in order to utilize available DSP registers.
INFO: [HLS 200-486] Changing DSP latency (root=tmp9460) to 3 in order to utilize available DSP registers.
INFO: [HLS 200-486] Changing DSP latency (root=tmp9470) to 3 in order to utilize available DSP registers.
INFO: [HLS 200-486] Changing DSP latency (root=mul_ln65_1379) to 3 in order to utilize available DSP registers.
INFO: [HLS 200-486] Changing DSP latency (root=tmp9420) to 3 in order to utilize available DSP registers.
INFO: [HLS 200-486] Changing DSP latency (root=tmp9402) to 3 in order to utilize available DSP registers.
INFO: [HLS 200-486] Changing DSP latency (root=mul_ln65_1371) to 3 in order to utilize available DSP registers.
INFO: [HLS 200-486] Changing DSP latency (root=mul_ln65_1373) to 3 in order to utilize available DSP registers.
INFO: [HLS 200-486] Changing DSP latency (root=tmp9397) to 3 in order to utilize available DSP registers.
INFO: [HLS 200-486] Changing DSP latency (root=tmp9407) to 3 in order to utilize available DSP registers.
INFO: [HLS 200-486] Changing DSP latency (root=mul_ln65_1374) to 3 in order to utilize available DSP registers.
INFO: [HLS 200-486] Changing DSP latency (root=tmp9357) to 3 in order to utilize available DSP registers.
INFO: [HLS 200-486] Changing DSP latency (root=tmp9339) to 3 in order to utilize available DSP registers.
INFO: [HLS 200-486] Changing DSP latency (root=mul_ln65_1366) to 3 in order to utilize available DSP registers.
INFO: [HLS 200-486] Changing DSP latency (root=mul_ln65_1368) to 3 in order to utilize available DSP registers.
INFO: [HLS 200-486] Changing DSP latency (root=tmp9334) to 3 in order to utilize available DSP registers.
INFO: [HLS 200-486] Changing DSP latency (root=tmp9344) to 3 in order to utilize available DSP registers.
INFO: [HLS 200-486] Changing DSP latency (root=mul_ln65_1369) to 3 in order to utilize available DSP registers.
INFO: [HLS 200-486] Changing DSP latency (root=tmp9271) to 3 in order to utilize available DSP registers.
INFO: [HLS 200-486] Changing DSP latency (root=tmp9274) to 3 in order to utilize available DSP registers.
INFO: [HLS 200-486] Changing DSP latency (root=tmp9277) to 3 in order to utilize available DSP registers.
INFO: [HLS 200-486] Changing DSP latency (root=mul_ln65_1359) to 3 in order to utilize available DSP registers.
INFO: [HLS 200-486] Changing DSP latency (root=mul_ln58_464) to 3 in order to utilize available DSP registers.
INFO: [HLS 200-486] Changing DSP latency (root=tmp9293) to 3 in order to utilize available DSP registers.
INFO: [HLS 200-486] Changing DSP latency (root=mul_ln65_1361) to 3 in order to utilize available DSP registers.
INFO: [HLS 200-486] Changing DSP latency (root=mul_ln65_1362) to 3 in order to utilize available DSP registers.
INFO: [HLS 200-486] Changing DSP latency (root=mul_ln65_1363) to 3 in order to utilize available DSP registers.
INFO: [HLS 200-486] Changing DSP latency (root=mul_ln58_193) to 3 in order to utilize available DSP registers.
INFO: [HLS 200-486] Changing DSP latency (root=tmp9224) to 3 in order to utilize available DSP registers.
INFO: [HLS 200-486] Changing DSP latency (root=tmp9227) to 3 in order to utilize available DSP registers.
INFO: [HLS 200-486] Changing DSP latency (root=tmp9230) to 3 in order to utilize available DSP registers.
INFO: [HLS 200-486] Changing DSP latency (root=mul_ln65_1353) to 3 in order to utilize available DSP registers.
INFO: [HLS 200-486] Changing DSP latency (root=mul_ln58_462) to 3 in order to utilize available DSP registers.
INFO: [HLS 200-486] Changing DSP latency (root=tmp9246) to 3 in order to utilize available DSP registers.
INFO: [HLS 200-486] Changing DSP latency (root=mul_ln65_1355) to 3 in order to utilize available DSP registers.
INFO: [HLS 200-486] Changing DSP latency (root=mul_ln65_1356) to 3 in order to utilize available DSP registers.
INFO: [HLS 200-486] Changing DSP latency (root=mul_ln65_1357) to 3 in order to utilize available DSP registers.
INFO: [HLS 200-486] Changing DSP latency (root=mul_ln58_191) to 3 in order to utilize available DSP registers.
INFO: [HLS 200-486] Changing DSP latency (root=tmp9177) to 3 in order to utilize available DSP registers.
INFO: [HLS 200-486] Changing DSP latency (root=tmp9180) to 3 in order to utilize available DSP registers.
INFO: [HLS 200-486] Changing DSP latency (root=tmp9183) to 3 in order to utilize available DSP registers.
INFO: [HLS 200-486] Changing DSP latency (root=mul_ln65_1347) to 3 in order to utilize available DSP registers.
INFO: [HLS 200-486] Changing DSP latency (root=mul_ln58_460) to 3 in order to utilize available DSP registers.
INFO: [HLS 200-486] Changing DSP latency (root=tmp9199) to 3 in order to utilize available DSP registers.
INFO: [HLS 200-486] Changing DSP latency (root=mul_ln65_1349) to 3 in order to utilize available DSP registers.
INFO: [HLS 200-486] Changing DSP latency (root=mul_ln65_1350) to 3 in order to utilize available DSP registers.
INFO: [HLS 200-486] Changing DSP latency (root=mul_ln65_1351) to 3 in order to utilize available DSP registers.
INFO: [HLS 200-486] Changing DSP latency (root=mul_ln58_189) to 3 in order to utilize available DSP registers.
INFO: [HLS 200-486] Changing DSP latency (root=tmp9130) to 3 in order to utilize available DSP registers.
INFO: [HLS 200-486] Changing DSP latency (root=tmp9133) to 3 in order to utilize available DSP registers.
INFO: [HLS 200-486] Changing DSP latency (root=tmp9136) to 3 in order to utilize available DSP registers.
INFO: [HLS 200-486] Changing DSP latency (root=mul_ln65_1341) to 3 in order to utilize available DSP registers.
INFO: [HLS 200-486] Changing DSP latency (root=mul_ln58_458) to 3 in order to utilize available DSP registers.
INFO: [HLS 200-486] Changing DSP latency (root=tmp9152) to 3 in order to utilize available DSP registers.
INFO: [HLS 200-486] Changing DSP latency (root=mul_ln65_1343) to 3 in order to utilize available DSP registers.
INFO: [HLS 200-486] Changing DSP latency (root=mul_ln65_1344) to 3 in order to utilize available DSP registers.
INFO: [HLS 200-486] Changing DSP latency (root=mul_ln65_1345) to 3 in order to utilize available DSP registers.
INFO: [HLS 200-486] Changing DSP latency (root=mul_ln58_187) to 3 in order to utilize available DSP registers.
INFO: [HLS 200-486] Changing DSP latency (root=tmp9083) to 3 in order to utilize available DSP registers.
INFO: [HLS 200-486] Changing DSP latency (root=tmp9086) to 3 in order to utilize available DSP registers.
INFO: [HLS 200-486] Changing DSP latency (root=tmp9089) to 3 in order to utilize available DSP registers.
INFO: [HLS 200-486] Changing DSP latency (root=mul_ln65_1335) to 3 in order to utilize available DSP registers.
INFO: [HLS 200-486] Changing DSP latency (root=mul_ln58_456) to 3 in order to utilize available DSP registers.
INFO: [HLS 200-486] Changing DSP latency (root=tmp9105) to 3 in order to utilize available DSP registers.
INFO: [HLS 200-486] Changing DSP latency (root=mul_ln65_1337) to 3 in order to utilize available DSP registers.
INFO: [HLS 200-486] Changing DSP latency (root=mul_ln65_1338) to 3 in order to utilize available DSP registers.
INFO: [HLS 200-486] Changing DSP latency (root=mul_ln65_1339) to 3 in order to utilize available DSP registers.
INFO: [HLS 200-486] Changing DSP latency (root=mul_ln58_185) to 3 in order to utilize available DSP registers.
INFO: [HLS 200-486] Changing DSP latency (root=tmp9036) to 3 in order to utilize available DSP registers.
INFO: [HLS 200-486] Changing DSP latency (root=tmp9039) to 3 in order to utilize available DSP registers.
INFO: [HLS 200-486] Changing DSP latency (root=tmp9042) to 3 in order to utilize available DSP registers.
INFO: [HLS 200-486] Changing DSP latency (root=mul_ln65_1329) to 3 in order to utilize available DSP registers.
INFO: [HLS 200-486] Changing DSP latency (root=mul_ln58_454) to 3 in order to utilize available DSP registers.
INFO: [HLS 200-486] Changing DSP latency (root=tmp9058) to 3 in order to utilize available DSP registers.
INFO: [HLS 200-486] Changing DSP latency (root=mul_ln65_1331) to 3 in order to utilize available DSP registers.
INFO: [HLS 200-486] Changing DSP latency (root=mul_ln65_1332) to 3 in order to utilize available DSP registers.
INFO: [HLS 200-486] Changing DSP latency (root=mul_ln65_1333) to 3 in order to utilize available DSP registers.
INFO: [HLS 200-486] Changing DSP latency (root=mul_ln58_183) to 3 in order to utilize available DSP registers.
INFO: [HLS 200-486] Changing DSP latency (root=tmp8989) to 3 in order to utilize available DSP registers.
INFO: [HLS 200-486] Changing DSP latency (root=tmp8992) to 3 in order to utilize available DSP registers.
INFO: [HLS 200-486] Changing DSP latency (root=tmp8995) to 3 in order to utilize available DSP registers.
INFO: [HLS 200-486] Changing DSP latency (root=mul_ln65_1323) to 3 in order to utilize available DSP registers.
INFO: [HLS 200-486] Changing DSP latency (root=mul_ln58_452) to 3 in order to utilize available DSP registers.
INFO: [HLS 200-486] Changing DSP latency (root=tmp9011) to 3 in order to utilize available DSP registers.
INFO: [HLS 200-486] Changing DSP latency (root=mul_ln65_1325) to 3 in order to utilize available DSP registers.
INFO: [HLS 200-486] Changing DSP latency (root=mul_ln65_1326) to 3 in order to utilize available DSP registers.
INFO: [HLS 200-486] Changing DSP latency (root=mul_ln65_1327) to 3 in order to utilize available DSP registers.
INFO: [HLS 200-486] Changing DSP latency (root=mul_ln58_181) to 3 in order to utilize available DSP registers.
INFO: [HLS 200-486] Changing DSP latency (root=tmp8942) to 3 in order to utilize available DSP registers.
INFO: [HLS 200-486] Changing DSP latency (root=tmp8945) to 3 in order to utilize available DSP registers.
INFO: [HLS 200-486] Changing DSP latency (root=tmp8948) to 3 in order to utilize available DSP registers.
INFO: [HLS 200-486] Changing DSP latency (root=mul_ln65_1317) to 3 in order to utilize available DSP registers.
INFO: [HLS 200-486] Changing DSP latency (root=mul_ln58_450) to 3 in order to utilize available DSP registers.
INFO: [HLS 200-486] Changing DSP latency (root=tmp8964) to 3 in order to utilize available DSP registers.
INFO: [HLS 200-486] Changing DSP latency (root=mul_ln65_1319) to 3 in order to utilize available DSP registers.
INFO: [HLS 200-486] Changing DSP latency (root=mul_ln65_1320) to 3 in order to utilize available DSP registers.
INFO: [HLS 200-486] Changing DSP latency (root=mul_ln65_1321) to 3 in order to utilize available DSP registers.
INFO: [HLS 200-486] Changing DSP latency (root=mul_ln58_179) to 3 in order to utilize available DSP registers.
INFO: [HLS 200-486] Changing DSP latency (root=tmp8895) to 3 in order to utilize available DSP registers.
INFO: [HLS 200-486] Changing DSP latency (root=tmp8898) to 3 in order to utilize available DSP registers.
INFO: [HLS 200-486] Changing DSP latency (root=tmp8901) to 3 in order to utilize available DSP registers.
INFO: [HLS 200-486] Changing DSP latency (root=mul_ln65_1311) to 3 in order to utilize available DSP registers.
INFO: [HLS 200-486] Changing DSP latency (root=mul_ln58_448) to 3 in order to utilize available DSP registers.
INFO: [HLS 200-486] Changing DSP latency (root=tmp8917) to 3 in order to utilize available DSP registers.
INFO: [HLS 200-486] Changing DSP latency (root=mul_ln65_1313) to 3 in order to utilize available DSP registers.
INFO: [HLS 200-486] Changing DSP latency (root=mul_ln65_1314) to 3 in order to utilize available DSP registers.
INFO: [HLS 200-486] Changing DSP latency (root=mul_ln65_1315) to 3 in order to utilize available DSP registers.
INFO: [HLS 200-486] Changing DSP latency (root=mul_ln58_177) to 3 in order to utilize available DSP registers.
INFO: [HLS 200-486] Changing DSP latency (root=tmp8848) to 3 in order to utilize available DSP registers.
INFO: [HLS 200-486] Changing DSP latency (root=tmp8851) to 3 in order to utilize available DSP registers.
INFO: [HLS 200-486] Changing DSP latency (root=tmp8854) to 3 in order to utilize available DSP registers.
INFO: [HLS 200-486] Changing DSP latency (root=mul_ln65_1305) to 3 in order to utilize available DSP registers.
INFO: [HLS 200-486] Changing DSP latency (root=mul_ln58_446) to 3 in order to utilize available DSP registers.
INFO: [HLS 200-486] Changing DSP latency (root=tmp8870) to 3 in order to utilize available DSP registers.
INFO: [HLS 200-486] Changing DSP latency (root=mul_ln65_1307) to 3 in order to utilize available DSP registers.
INFO: [HLS 200-486] Changing DSP latency (root=mul_ln65_1308) to 3 in order to utilize available DSP registers.
INFO: [HLS 200-486] Changing DSP latency (root=mul_ln65_1309) to 3 in order to utilize available DSP registers.
INFO: [HLS 200-486] Changing DSP latency (root=mul_ln58_175) to 3 in order to utilize available DSP registers.
INFO: [HLS 200-486] Changing DSP latency (root=tmp8801) to 3 in order to utilize available DSP registers.
INFO: [HLS 200-486] Changing DSP latency (root=tmp8804) to 3 in order to utilize available DSP registers.
INFO: [HLS 200-486] Changing DSP latency (root=tmp8807) to 3 in order to utilize available DSP registers.
INFO: [HLS 200-486] Changing DSP latency (root=mul_ln65_1299) to 3 in order to utilize available DSP registers.
INFO: [HLS 200-486] Changing DSP latency (root=mul_ln58_444) to 3 in order to utilize available DSP registers.
INFO: [HLS 200-486] Changing DSP latency (root=tmp8823) to 3 in order to utilize available DSP registers.
INFO: [HLS 200-486] Changing DSP latency (root=mul_ln65_1301) to 3 in order to utilize available DSP registers.
INFO: [HLS 200-486] Changing DSP latency (root=mul_ln65_1302) to 3 in order to utilize available DSP registers.
INFO: [HLS 200-486] Changing DSP latency (root=mul_ln65_1303) to 3 in order to utilize available DSP registers.
INFO: [HLS 200-486] Changing DSP latency (root=mul_ln58_173) to 3 in order to utilize available DSP registers.
INFO: [HLS 200-486] Changing DSP latency (root=tmp8754) to 3 in order to utilize available DSP registers.
INFO: [HLS 200-486] Changing DSP latency (root=tmp8757) to 3 in order to utilize available DSP registers.
INFO: [HLS 200-486] Changing DSP latency (root=tmp8760) to 3 in order to utilize available DSP registers.
INFO: [HLS 200-486] Changing DSP latency (root=mul_ln65_1293) to 3 in order to utilize available DSP registers.
INFO: [HLS 200-486] Changing DSP latency (root=mul_ln58_442) to 3 in order to utilize available DSP registers.
INFO: [HLS 200-486] Changing DSP latency (root=tmp8776) to 3 in order to utilize available DSP registers.
INFO: [HLS 200-486] Changing DSP latency (root=mul_ln65_1295) to 3 in order to utilize available DSP registers.
INFO: [HLS 200-486] Changing DSP latency (root=mul_ln65_1296) to 3 in order to utilize available DSP registers.
INFO: [HLS 200-486] Changing DSP latency (root=mul_ln65_1297) to 3 in order to utilize available DSP registers.
INFO: [HLS 200-486] Changing DSP latency (root=mul_ln58_171) to 3 in order to utilize available DSP registers.
INFO: [HLS 200-486] Changing DSP latency (root=tmp8707) to 3 in order to utilize available DSP registers.
INFO: [HLS 200-486] Changing DSP latency (root=tmp8710) to 3 in order to utilize available DSP registers.
INFO: [HLS 200-486] Changing DSP latency (root=tmp8713) to 3 in order to utilize available DSP registers.
INFO: [HLS 200-486] Changing DSP latency (root=mul_ln65_1287) to 3 in order to utilize available DSP registers.
INFO: [HLS 200-486] Changing DSP latency (root=mul_ln58_440) to 3 in order to utilize available DSP registers.
INFO: [HLS 200-486] Changing DSP latency (root=tmp8729) to 3 in order to utilize available DSP registers.
INFO: [HLS 200-486] Changing DSP latency (root=mul_ln65_1289) to 3 in order to utilize available DSP registers.
INFO: [HLS 200-486] Changing DSP latency (root=mul_ln65_1290) to 3 in order to utilize available DSP registers.
INFO: [HLS 200-486] Changing DSP latency (root=mul_ln65_1291) to 3 in order to utilize available DSP registers.
INFO: [HLS 200-486] Changing DSP latency (root=mul_ln58_169) to 3 in order to utilize available DSP registers.
INFO: [HLS 200-486] Changing DSP latency (root=tmp8660) to 3 in order to utilize available DSP registers.
INFO: [HLS 200-486] Changing DSP latency (root=tmp8663) to 3 in order to utilize available DSP registers.
INFO: [HLS 200-486] Changing DSP latency (root=tmp8666) to 3 in order to utilize available DSP registers.
INFO: [HLS 200-486] Changing DSP latency (root=mul_ln65_1281) to 3 in order to utilize available DSP registers.
INFO: [HLS 200-486] Changing DSP latency (root=mul_ln58_438) to 3 in order to utilize available DSP registers.
INFO: [HLS 200-486] Changing DSP latency (root=tmp8682) to 3 in order to utilize available DSP registers.
INFO: [HLS 200-486] Changing DSP latency (root=mul_ln65_1283) to 3 in order to utilize available DSP registers.
INFO: [HLS 200-486] Changing DSP latency (root=mul_ln65_1284) to 3 in order to utilize available DSP registers.
INFO: [HLS 200-486] Changing DSP latency (root=mul_ln65_1285) to 3 in order to utilize available DSP registers.
INFO: [HLS 200-486] Changing DSP latency (root=mul_ln58_167) to 3 in order to utilize available DSP registers.
INFO: [HLS 200-486] Changing DSP latency (root=tmp8613) to 3 in order to utilize available DSP registers.
INFO: [HLS 200-486] Changing DSP latency (root=tmp8616) to 3 in order to utilize available DSP registers.
INFO: [HLS 200-486] Changing DSP latency (root=tmp8619) to 3 in order to utilize available DSP registers.
INFO: [HLS 200-486] Changing DSP latency (root=mul_ln65_1275) to 3 in order to utilize available DSP registers.
INFO: [HLS 200-486] Changing DSP latency (root=mul_ln58_436) to 3 in order to utilize available DSP registers.
INFO: [HLS 200-486] Changing DSP latency (root=tmp8635) to 3 in order to utilize available DSP registers.
INFO: [HLS 200-486] Changing DSP latency (root=mul_ln65_1277) to 3 in order to utilize available DSP registers.
INFO: [HLS 200-486] Changing DSP latency (root=mul_ln65_1278) to 3 in order to utilize available DSP registers.
INFO: [HLS 200-486] Changing DSP latency (root=mul_ln65_1279) to 3 in order to utilize available DSP registers.
INFO: [HLS 200-486] Changing DSP latency (root=mul_ln58_165) to 3 in order to utilize available DSP registers.
INFO: [HLS 200-486] Changing DSP latency (root=mul_ln65_1270) to 3 in order to utilize available DSP registers.
INFO: [HLS 200-486] Changing DSP latency (root=mul_ln65_1273) to 3 in order to utilize available DSP registers.
INFO: [HLS 200-486] Changing DSP latency (root=mul_ln65_1269) to 3 in order to utilize available DSP registers.
INFO: [HLS 200-486] Changing DSP latency (root=tmp8547) to 3 in order to utilize available DSP registers.
INFO: [HLS 200-486] Changing DSP latency (root=mul_ln58_434) to 3 in order to utilize available DSP registers.
INFO: [HLS 200-486] Changing DSP latency (root=mul_ln65_1272) to 3 in order to utilize available DSP registers.
INFO: [HLS 200-486] Changing DSP latency (root=tmp8573) to 3 in order to utilize available DSP registers.
INFO: [HLS 200-486] Changing DSP latency (root=mul_ln58_162) to 3 in order to utilize available DSP registers.
INFO: [HLS 200-486] Changing DSP latency (root=mul_ln58_163) to 3 in order to utilize available DSP registers.
INFO: [HLS 200-486] Changing DSP latency (root=mul_ln58_164) to 3 in order to utilize available DSP registers.
INFO: [HLS 200-486] Changing DSP latency (root=mul_ln65_1264) to 3 in order to utilize available DSP registers.
INFO: [HLS 200-486] Changing DSP latency (root=mul_ln65_1267) to 3 in order to utilize available DSP registers.
INFO: [HLS 200-486] Changing DSP latency (root=mul_ln65_1263) to 3 in order to utilize available DSP registers.
INFO: [HLS 200-486] Changing DSP latency (root=tmp8493) to 3 in order to utilize available DSP registers.
INFO: [HLS 200-486] Changing DSP latency (root=mul_ln58_433) to 3 in order to utilize available DSP registers.
INFO: [HLS 200-486] Changing DSP latency (root=mul_ln65_1266) to 3 in order to utilize available DSP registers.
INFO: [HLS 200-486] Changing DSP latency (root=tmp8519) to 3 in order to utilize available DSP registers.
INFO: [HLS 200-486] Changing DSP latency (root=mul_ln58_159) to 3 in order to utilize available DSP registers.
INFO: [HLS 200-486] Changing DSP latency (root=mul_ln58_160) to 3 in order to utilize available DSP registers.
INFO: [HLS 200-486] Changing DSP latency (root=mul_ln58_161) to 3 in order to utilize available DSP registers.
INFO: [HLS 200-486] Changing DSP latency (root=mul_ln65_1258) to 3 in order to utilize available DSP registers.
INFO: [HLS 200-486] Changing DSP latency (root=mul_ln65_1261) to 3 in order to utilize available DSP registers.
INFO: [HLS 200-486] Changing DSP latency (root=mul_ln65_1257) to 3 in order to utilize available DSP registers.
INFO: [HLS 200-486] Changing DSP latency (root=tmp8439) to 3 in order to utilize available DSP registers.
INFO: [HLS 200-486] Changing DSP latency (root=mul_ln58_432) to 3 in order to utilize available DSP registers.
INFO: [HLS 200-486] Changing DSP latency (root=mul_ln65_1260) to 3 in order to utilize available DSP registers.
INFO: [HLS 200-486] Changing DSP latency (root=tmp8465) to 3 in order to utilize available DSP registers.
INFO: [HLS 200-486] Changing DSP latency (root=mul_ln58_156) to 3 in order to utilize available DSP registers.
INFO: [HLS 200-486] Changing DSP latency (root=mul_ln58_157) to 3 in order to utilize available DSP registers.
INFO: [HLS 200-486] Changing DSP latency (root=mul_ln58_158) to 3 in order to utilize available DSP registers.
INFO: [HLS 200-486] Changing DSP latency (root=mul_ln65_1252) to 3 in order to utilize available DSP registers.
INFO: [HLS 200-486] Changing DSP latency (root=mul_ln65_1255) to 3 in order to utilize available DSP registers.
INFO: [HLS 200-486] Changing DSP latency (root=mul_ln65_1251) to 3 in order to utilize available DSP registers.
INFO: [HLS 200-486] Changing DSP latency (root=tmp8385) to 3 in order to utilize available DSP registers.
INFO: [HLS 200-486] Changing DSP latency (root=mul_ln58_431) to 3 in order to utilize available DSP registers.
INFO: [HLS 200-486] Changing DSP latency (root=mul_ln65_1254) to 3 in order to utilize available DSP registers.
INFO: [HLS 200-486] Changing DSP latency (root=tmp8411) to 3 in order to utilize available DSP registers.
INFO: [HLS 200-486] Changing DSP latency (root=mul_ln58_153) to 3 in order to utilize available DSP registers.
INFO: [HLS 200-486] Changing DSP latency (root=mul_ln58_154) to 3 in order to utilize available DSP registers.
INFO: [HLS 200-486] Changing DSP latency (root=mul_ln58_155) to 3 in order to utilize available DSP registers.
INFO: [HLS 200-486] Changing DSP latency (root=mul_ln65_1246) to 3 in order to utilize available DSP registers.
INFO: [HLS 200-486] Changing DSP latency (root=mul_ln65_1249) to 3 in order to utilize available DSP registers.
INFO: [HLS 200-486] Changing DSP latency (root=mul_ln65_1245) to 3 in order to utilize available DSP registers.
INFO: [HLS 200-486] Changing DSP latency (root=tmp8331) to 3 in order to utilize available DSP registers.
INFO: [HLS 200-486] Changing DSP latency (root=mul_ln58_430) to 3 in order to utilize available DSP registers.
INFO: [HLS 200-486] Changing DSP latency (root=mul_ln65_1248) to 3 in order to utilize available DSP registers.
INFO: [HLS 200-486] Changing DSP latency (root=tmp8357) to 3 in order to utilize available DSP registers.
INFO: [HLS 200-486] Changing DSP latency (root=mul_ln58_150) to 3 in order to utilize available DSP registers.
INFO: [HLS 200-486] Changing DSP latency (root=mul_ln58_151) to 3 in order to utilize available DSP registers.
INFO: [HLS 200-486] Changing DSP latency (root=mul_ln58_152) to 3 in order to utilize available DSP registers.
INFO: [HLS 200-486] Changing DSP latency (root=mul_ln65_1240) to 3 in order to utilize available DSP registers.
INFO: [HLS 200-486] Changing DSP latency (root=mul_ln65_1243) to 3 in order to utilize available DSP registers.
INFO: [HLS 200-486] Changing DSP latency (root=mul_ln65_1239) to 3 in order to utilize available DSP registers.
INFO: [HLS 200-486] Changing DSP latency (root=tmp8277) to 3 in order to utilize available DSP registers.
INFO: [HLS 200-486] Changing DSP latency (root=mul_ln58_429) to 3 in order to utilize available DSP registers.
INFO: [HLS 200-486] Changing DSP latency (root=mul_ln65_1242) to 3 in order to utilize available DSP registers.
INFO: [HLS 200-486] Changing DSP latency (root=tmp8303) to 3 in order to utilize available DSP registers.
INFO: [HLS 200-486] Changing DSP latency (root=mul_ln58_147) to 3 in order to utilize available DSP registers.
INFO: [HLS 200-486] Changing DSP latency (root=mul_ln58_148) to 3 in order to utilize available DSP registers.
INFO: [HLS 200-486] Changing DSP latency (root=mul_ln58_149) to 3 in order to utilize available DSP registers.
INFO: [HLS 200-486] Changing DSP latency (root=mul_ln65_1234) to 3 in order to utilize available DSP registers.
INFO: [HLS 200-486] Changing DSP latency (root=mul_ln65_1237) to 3 in order to utilize available DSP registers.
INFO: [HLS 200-486] Changing DSP latency (root=mul_ln65_1233) to 3 in order to utilize available DSP registers.
INFO: [HLS 200-486] Changing DSP latency (root=tmp8223) to 3 in order to utilize available DSP registers.
INFO: [HLS 200-486] Changing DSP latency (root=mul_ln58_428) to 3 in order to utilize available DSP registers.
INFO: [HLS 200-486] Changing DSP latency (root=mul_ln65_1236) to 3 in order to utilize available DSP registers.
INFO: [HLS 200-486] Changing DSP latency (root=tmp8249) to 3 in order to utilize available DSP registers.
INFO: [HLS 200-486] Changing DSP latency (root=mul_ln58_144) to 3 in order to utilize available DSP registers.
INFO: [HLS 200-486] Changing DSP latency (root=mul_ln58_145) to 3 in order to utilize available DSP registers.
INFO: [HLS 200-486] Changing DSP latency (root=mul_ln58_146) to 3 in order to utilize available DSP registers.
INFO: [HLS 200-486] Changing DSP latency (root=mul_ln65_1228) to 3 in order to utilize available DSP registers.
INFO: [HLS 200-486] Changing DSP latency (root=mul_ln65_1231) to 3 in order to utilize available DSP registers.
INFO: [HLS 200-486] Changing DSP latency (root=mul_ln65_1227) to 3 in order to utilize available DSP registers.
INFO: [HLS 200-486] Changing DSP latency (root=tmp8169) to 3 in order to utilize available DSP registers.
INFO: [HLS 200-486] Changing DSP latency (root=mul_ln58_427) to 3 in order to utilize available DSP registers.
INFO: [HLS 200-486] Changing DSP latency (root=mul_ln65_1230) to 3 in order to utilize available DSP registers.
INFO: [HLS 200-486] Changing DSP latency (root=tmp8195) to 3 in order to utilize available DSP registers.
INFO: [HLS 200-486] Changing DSP latency (root=mul_ln58_141) to 3 in order to utilize available DSP registers.
INFO: [HLS 200-486] Changing DSP latency (root=mul_ln58_142) to 3 in order to utilize available DSP registers.
INFO: [HLS 200-486] Changing DSP latency (root=mul_ln58_143) to 3 in order to utilize available DSP registers.
INFO: [HLS 200-486] Changing DSP latency (root=mul_ln65_1222) to 3 in order to utilize available DSP registers.
INFO: [HLS 200-486] Changing DSP latency (root=mul_ln65_1225) to 3 in order to utilize available DSP registers.
INFO: [HLS 200-486] Changing DSP latency (root=mul_ln65_1221) to 3 in order to utilize available DSP registers.
INFO: [HLS 200-486] Changing DSP latency (root=tmp8115) to 3 in order to utilize available DSP registers.
INFO: [HLS 200-486] Changing DSP latency (root=mul_ln58_426) to 3 in order to utilize available DSP registers.
INFO: [HLS 200-486] Changing DSP latency (root=mul_ln65_1224) to 3 in order to utilize available DSP registers.
INFO: [HLS 200-486] Changing DSP latency (root=tmp8141) to 3 in order to utilize available DSP registers.
INFO: [HLS 200-486] Changing DSP latency (root=mul_ln58_138) to 3 in order to utilize available DSP registers.
INFO: [HLS 200-486] Changing DSP latency (root=mul_ln58_139) to 3 in order to utilize available DSP registers.
INFO: [HLS 200-486] Changing DSP latency (root=mul_ln58_140) to 3 in order to utilize available DSP registers.
INFO: [HLS 200-486] Changing DSP latency (root=mul_ln65_1216) to 3 in order to utilize available DSP registers.
INFO: [HLS 200-486] Changing DSP latency (root=mul_ln65_1219) to 3 in order to utilize available DSP registers.
INFO: [HLS 200-486] Changing DSP latency (root=mul_ln65_1215) to 3 in order to utilize available DSP registers.
INFO: [HLS 200-486] Changing DSP latency (root=tmp8061) to 3 in order to utilize available DSP registers.
INFO: [HLS 200-486] Changing DSP latency (root=mul_ln58_425) to 3 in order to utilize available DSP registers.
INFO: [HLS 200-486] Changing DSP latency (root=mul_ln65_1218) to 3 in order to utilize available DSP registers.
INFO: [HLS 200-486] Changing DSP latency (root=tmp8087) to 3 in order to utilize available DSP registers.
INFO: [HLS 200-486] Changing DSP latency (root=mul_ln58_135) to 3 in order to utilize available DSP registers.
INFO: [HLS 200-486] Changing DSP latency (root=mul_ln58_136) to 3 in order to utilize available DSP registers.
INFO: [HLS 200-486] Changing DSP latency (root=mul_ln58_137) to 3 in order to utilize available DSP registers.
INFO: [HLS 200-486] Changing DSP latency (root=mul_ln65_1210) to 3 in order to utilize available DSP registers.
INFO: [HLS 200-486] Changing DSP latency (root=mul_ln65_1213) to 3 in order to utilize available DSP registers.
INFO: [HLS 200-486] Changing DSP latency (root=mul_ln65_1209) to 3 in order to utilize available DSP registers.
INFO: [HLS 200-486] Changing DSP latency (root=tmp8007) to 3 in order to utilize available DSP registers.
INFO: [HLS 200-486] Changing DSP latency (root=mul_ln58_424) to 3 in order to utilize available DSP registers.
INFO: [HLS 200-486] Changing DSP latency (root=mul_ln65_1212) to 3 in order to utilize available DSP registers.
INFO: [HLS 200-486] Changing DSP latency (root=tmp8033) to 3 in order to utilize available DSP registers.
INFO: [HLS 200-486] Changing DSP latency (root=mul_ln58_132) to 3 in order to utilize available DSP registers.
INFO: [HLS 200-486] Changing DSP latency (root=mul_ln58_133) to 3 in order to utilize available DSP registers.
INFO: [HLS 200-486] Changing DSP latency (root=mul_ln58_134) to 3 in order to utilize available DSP registers.
INFO: [HLS 200-486] Changing DSP latency (root=mul_ln65_1204) to 3 in order to utilize available DSP registers.
INFO: [HLS 200-486] Changing DSP latency (root=mul_ln65_1207) to 3 in order to utilize available DSP registers.
INFO: [HLS 200-486] Changing DSP latency (root=mul_ln65_1203) to 3 in order to utilize available DSP registers.
INFO: [HLS 200-486] Changing DSP latency (root=tmp7953) to 3 in order to utilize available DSP registers.
INFO: [HLS 200-486] Changing DSP latency (root=mul_ln58_423) to 3 in order to utilize available DSP registers.
INFO: [HLS 200-486] Changing DSP latency (root=mul_ln65_1206) to 3 in order to utilize available DSP registers.
INFO: [HLS 200-486] Changing DSP latency (root=tmp7979) to 3 in order to utilize available DSP registers.
INFO: [HLS 200-486] Changing DSP latency (root=mul_ln58_129) to 3 in order to utilize available DSP registers.
INFO: [HLS 200-486] Changing DSP latency (root=mul_ln58_130) to 3 in order to utilize available DSP registers.
INFO: [HLS 200-486] Changing DSP latency (root=mul_ln58_131) to 3 in order to utilize available DSP registers.
INFO: [HLS 200-486] Changing DSP latency (root=mul_ln65_1198) to 3 in order to utilize available DSP registers.
INFO: [HLS 200-486] Changing DSP latency (root=mul_ln65_1201) to 3 in order to utilize available DSP registers.
INFO: [HLS 200-486] Changing DSP latency (root=mul_ln65_1197) to 3 in order to utilize available DSP registers.
INFO: [HLS 200-486] Changing DSP latency (root=tmp7899) to 3 in order to utilize available DSP registers.
INFO: [HLS 200-486] Changing DSP latency (root=mul_ln58_422) to 3 in order to utilize available DSP registers.
INFO: [HLS 200-486] Changing DSP latency (root=mul_ln65_1200) to 3 in order to utilize available DSP registers.
INFO: [HLS 200-486] Changing DSP latency (root=tmp7925) to 3 in order to utilize available DSP registers.
INFO: [HLS 200-486] Changing DSP latency (root=mul_ln58_126) to 3 in order to utilize available DSP registers.
INFO: [HLS 200-486] Changing DSP latency (root=mul_ln58_127) to 3 in order to utilize available DSP registers.
INFO: [HLS 200-486] Changing DSP latency (root=mul_ln58_128) to 3 in order to utilize available DSP registers.
INFO: [HLS 200-486] Changing DSP latency (root=mul_ln65_1192) to 3 in order to utilize available DSP registers.
INFO: [HLS 200-486] Changing DSP latency (root=mul_ln65_1195) to 3 in order to utilize available DSP registers.
INFO: [HLS 200-486] Changing DSP latency (root=mul_ln65_1191) to 3 in order to utilize available DSP registers.
INFO: [HLS 200-486] Changing DSP latency (root=tmp7845) to 3 in order to utilize available DSP registers.
INFO: [HLS 200-486] Changing DSP latency (root=mul_ln58_421) to 3 in order to utilize available DSP registers.
INFO: [HLS 200-486] Changing DSP latency (root=mul_ln65_1194) to 3 in order to utilize available DSP registers.
INFO: [HLS 200-486] Changing DSP latency (root=tmp7871) to 3 in order to utilize available DSP registers.
INFO: [HLS 200-486] Changing DSP latency (root=mul_ln58_123) to 3 in order to utilize available DSP registers.
INFO: [HLS 200-486] Changing DSP latency (root=mul_ln58_124) to 3 in order to utilize available DSP registers.
INFO: [HLS 200-486] Changing DSP latency (root=mul_ln58_125) to 3 in order to utilize available DSP registers.
INFO: [HLS 200-486] Changing DSP latency (root=mul_ln65_1186) to 3 in order to utilize available DSP registers.
INFO: [HLS 200-486] Changing DSP latency (root=mul_ln65_1189) to 3 in order to utilize available DSP registers.
INFO: [HLS 200-486] Changing DSP latency (root=mul_ln65_1185) to 3 in order to utilize available DSP registers.
INFO: [HLS 200-486] Changing DSP latency (root=tmp7791) to 3 in order to utilize available DSP registers.
INFO: [HLS 200-486] Changing DSP latency (root=mul_ln58_420) to 3 in order to utilize available DSP registers.
INFO: [HLS 200-486] Changing DSP latency (root=mul_ln65_1188) to 3 in order to utilize available DSP registers.
INFO: [HLS 200-486] Changing DSP latency (root=tmp7817) to 3 in order to utilize available DSP registers.
INFO: [HLS 200-486] Changing DSP latency (root=mul_ln58_120) to 3 in order to utilize available DSP registers.
INFO: [HLS 200-486] Changing DSP latency (root=mul_ln58_121) to 3 in order to utilize available DSP registers.
INFO: [HLS 200-486] Changing DSP latency (root=mul_ln58_122) to 3 in order to utilize available DSP registers.
INFO: [HLS 200-486] Changing DSP latency (root=tmp7756) to 3 in order to utilize available DSP registers.
INFO: [HLS 200-486] Changing DSP latency (root=tmp7760) to 3 in order to utilize available DSP registers.
INFO: [HLS 200-486] Changing DSP latency (root=tmp7736) to 3 in order to utilize available DSP registers.
INFO: [HLS 200-486] Changing DSP latency (root=tmp7782) to 3 in order to utilize available DSP registers.
INFO: [HLS 200-486] Changing DSP latency (root=tmp7764) to 3 in order to utilize available DSP registers.
INFO: [HLS 200-486] Changing DSP latency (root=tmp7762) to 3 in order to utilize available DSP registers.
INFO: [HLS 200-486] Changing DSP latency (root=tmp7693) to 3 in order to utilize available DSP registers.
INFO: [HLS 200-486] Changing DSP latency (root=tmp7697) to 3 in order to utilize available DSP registers.
INFO: [HLS 200-486] Changing DSP latency (root=tmp7673) to 3 in order to utilize available DSP registers.
INFO: [HLS 200-486] Changing DSP latency (root=tmp7719) to 3 in order to utilize available DSP registers.
INFO: [HLS 200-486] Changing DSP latency (root=tmp7701) to 3 in order to utilize available DSP registers.
INFO: [HLS 200-486] Changing DSP latency (root=tmp7699) to 3 in order to utilize available DSP registers.
INFO: [HLS 200-486] Changing DSP latency (root=tmp7630) to 3 in order to utilize available DSP registers.
INFO: [HLS 200-486] Changing DSP latency (root=tmp7634) to 3 in order to utilize available DSP registers.
INFO: [HLS 200-486] Changing DSP latency (root=tmp7610) to 3 in order to utilize available DSP registers.
INFO: [HLS 200-486] Changing DSP latency (root=tmp7656) to 3 in order to utilize available DSP registers.
INFO: [HLS 200-486] Changing DSP latency (root=tmp7638) to 3 in order to utilize available DSP registers.
INFO: [HLS 200-486] Changing DSP latency (root=tmp7636) to 3 in order to utilize available DSP registers.
INFO: [HLS 200-486] Changing DSP latency (root=tmp7567) to 3 in order to utilize available DSP registers.
INFO: [HLS 200-486] Changing DSP latency (root=tmp7571) to 3 in order to utilize available DSP registers.
INFO: [HLS 200-486] Changing DSP latency (root=tmp7547) to 3 in order to utilize available DSP registers.
INFO: [HLS 200-486] Changing DSP latency (root=tmp7593) to 3 in order to utilize available DSP registers.
INFO: [HLS 200-486] Changing DSP latency (root=tmp7575) to 3 in order to utilize available DSP registers.
INFO: [HLS 200-486] Changing DSP latency (root=tmp7573) to 3 in order to utilize available DSP registers.
INFO: [HLS 200-486] Changing DSP latency (root=tmp7504) to 3 in order to utilize available DSP registers.
INFO: [HLS 200-486] Changing DSP latency (root=tmp7508) to 3 in order to utilize available DSP registers.
INFO: [HLS 200-486] Changing DSP latency (root=tmp7484) to 3 in order to utilize available DSP registers.
INFO: [HLS 200-486] Changing DSP latency (root=tmp7530) to 3 in order to utilize available DSP registers.
INFO: [HLS 200-486] Changing DSP latency (root=tmp7512) to 3 in order to utilize available DSP registers.
INFO: [HLS 200-486] Changing DSP latency (root=tmp7510) to 3 in order to utilize available DSP registers.
INFO: [HLS 200-486] Changing DSP latency (root=tmp7441) to 3 in order to utilize available DSP registers.
INFO: [HLS 200-486] Changing DSP latency (root=tmp7445) to 3 in order to utilize available DSP registers.
INFO: [HLS 200-486] Changing DSP latency (root=tmp7421) to 3 in order to utilize available DSP registers.
INFO: [HLS 200-486] Changing DSP latency (root=tmp7467) to 3 in order to utilize available DSP registers.
INFO: [HLS 200-486] Changing DSP latency (root=tmp7449) to 3 in order to utilize available DSP registers.
INFO: [HLS 200-486] Changing DSP latency (root=tmp7447) to 3 in order to utilize available DSP registers.
INFO: [HLS 200-486] Changing DSP latency (root=tmp7378) to 3 in order to utilize available DSP registers.
INFO: [HLS 200-486] Changing DSP latency (root=tmp7382) to 3 in order to utilize available DSP registers.
INFO: [HLS 200-486] Changing DSP latency (root=tmp7358) to 3 in order to utilize available DSP registers.
INFO: [HLS 200-486] Changing DSP latency (root=tmp7404) to 3 in order to utilize available DSP registers.
INFO: [HLS 200-486] Changing DSP latency (root=tmp7386) to 3 in order to utilize available DSP registers.
INFO: [HLS 200-486] Changing DSP latency (root=tmp7384) to 3 in order to utilize available DSP registers.
INFO: [HLS 200-486] Changing DSP latency (root=tmp7315) to 3 in order to utilize available DSP registers.
INFO: [HLS 200-486] Changing DSP latency (root=tmp7319) to 3 in order to utilize available DSP registers.
INFO: [HLS 200-486] Changing DSP latency (root=tmp7295) to 3 in order to utilize available DSP registers.
INFO: [HLS 200-486] Changing DSP latency (root=tmp7341) to 3 in order to utilize available DSP registers.
INFO: [HLS 200-486] Changing DSP latency (root=tmp7323) to 3 in order to utilize available DSP registers.
INFO: [HLS 200-486] Changing DSP latency (root=tmp7321) to 3 in order to utilize available DSP registers.
INFO: [HLS 200-486] Changing DSP latency (root=tmp7252) to 3 in order to utilize available DSP registers.
INFO: [HLS 200-486] Changing DSP latency (root=tmp7256) to 3 in order to utilize available DSP registers.
INFO: [HLS 200-486] Changing DSP latency (root=tmp7232) to 3 in order to utilize available DSP registers.
INFO: [HLS 200-486] Changing DSP latency (root=tmp7278) to 3 in order to utilize available DSP registers.
INFO: [HLS 200-486] Changing DSP latency (root=tmp7260) to 3 in order to utilize available DSP registers.
INFO: [HLS 200-486] Changing DSP latency (root=tmp7258) to 3 in order to utilize available DSP registers.
INFO: [HLS 200-486] Changing DSP latency (root=tmp7189) to 3 in order to utilize available DSP registers.
INFO: [HLS 200-486] Changing DSP latency (root=tmp7193) to 3 in order to utilize available DSP registers.
INFO: [HLS 200-486] Changing DSP latency (root=tmp7169) to 3 in order to utilize available DSP registers.
INFO: [HLS 200-486] Changing DSP latency (root=tmp7215) to 3 in order to utilize available DSP registers.
INFO: [HLS 200-486] Changing DSP latency (root=tmp7197) to 3 in order to utilize available DSP registers.
INFO: [HLS 200-486] Changing DSP latency (root=tmp7195) to 3 in order to utilize available DSP registers.
INFO: [HLS 200-486] Changing DSP latency (root=tmp7126) to 3 in order to utilize available DSP registers.
INFO: [HLS 200-486] Changing DSP latency (root=tmp7130) to 3 in order to utilize available DSP registers.
INFO: [HLS 200-486] Changing DSP latency (root=tmp7106) to 3 in order to utilize available DSP registers.
INFO: [HLS 200-486] Changing DSP latency (root=tmp7152) to 3 in order to utilize available DSP registers.
INFO: [HLS 200-486] Changing DSP latency (root=tmp7134) to 3 in order to utilize available DSP registers.
INFO: [HLS 200-486] Changing DSP latency (root=tmp7132) to 3 in order to utilize available DSP registers.
INFO: [HLS 200-486] Changing DSP latency (root=tmp7063) to 3 in order to utilize available DSP registers.
INFO: [HLS 200-486] Changing DSP latency (root=tmp7067) to 3 in order to utilize available DSP registers.
INFO: [HLS 200-486] Changing DSP latency (root=tmp7043) to 3 in order to utilize available DSP registers.
INFO: [HLS 200-486] Changing DSP latency (root=tmp7089) to 3 in order to utilize available DSP registers.
INFO: [HLS 200-486] Changing DSP latency (root=tmp7071) to 3 in order to utilize available DSP registers.
INFO: [HLS 200-486] Changing DSP latency (root=tmp7069) to 3 in order to utilize available DSP registers.
INFO: [HLS 200-486] Changing DSP latency (root=tmp7000) to 3 in order to utilize available DSP registers.
INFO: [HLS 200-486] Changing DSP latency (root=tmp7004) to 3 in order to utilize available DSP registers.
INFO: [HLS 200-486] Changing DSP latency (root=tmp6980) to 3 in order to utilize available DSP registers.
INFO: [HLS 200-486] Changing DSP latency (root=tmp7026) to 3 in order to utilize available DSP registers.
INFO: [HLS 200-486] Changing DSP latency (root=tmp7008) to 3 in order to utilize available DSP registers.
INFO: [HLS 200-486] Changing DSP latency (root=tmp7006) to 3 in order to utilize available DSP registers.
INFO: [HLS 200-486] Changing DSP latency (root=tmp6937) to 3 in order to utilize available DSP registers.
INFO: [HLS 200-486] Changing DSP latency (root=tmp6941) to 3 in order to utilize available DSP registers.
INFO: [HLS 200-486] Changing DSP latency (root=tmp6917) to 3 in order to utilize available DSP registers.
INFO: [HLS 200-486] Changing DSP latency (root=tmp6963) to 3 in order to utilize available DSP registers.
INFO: [HLS 200-486] Changing DSP latency (root=tmp6945) to 3 in order to utilize available DSP registers.
INFO: [HLS 200-486] Changing DSP latency (root=tmp6943) to 3 in order to utilize available DSP registers.
INFO: [HLS 200-486] Changing DSP latency (root=tmp6874) to 3 in order to utilize available DSP registers.
INFO: [HLS 200-486] Changing DSP latency (root=tmp6878) to 3 in order to utilize available DSP registers.
INFO: [HLS 200-486] Changing DSP latency (root=tmp6854) to 3 in order to utilize available DSP registers.
INFO: [HLS 200-486] Changing DSP latency (root=tmp6900) to 3 in order to utilize available DSP registers.
INFO: [HLS 200-486] Changing DSP latency (root=tmp6882) to 3 in order to utilize available DSP registers.
INFO: [HLS 200-486] Changing DSP latency (root=tmp6880) to 3 in order to utilize available DSP registers.
INFO: [HLS 200-486] Changing DSP latency (root=mul_ln65_1101) to 3 in order to utilize available DSP registers.
INFO: [HLS 200-486] Changing DSP latency (root=tmp6803) to 3 in order to utilize available DSP registers.
INFO: [HLS 200-486] Changing DSP latency (root=tmp6832) to 3 in order to utilize available DSP registers.
INFO: [HLS 200-486] Changing DSP latency (root=tmp6829) to 3 in order to utilize available DSP registers.
INFO: [HLS 200-486] Changing DSP latency (root=mul_ln65_1105) to 3 in order to utilize available DSP registers.
INFO: [HLS 200-486] Changing DSP latency (root=mul_ln65_1104) to 3 in order to utilize available DSP registers.
INFO: [HLS 200-486] Changing DSP latency (root=mul_ln65_1106) to 3 in order to utilize available DSP registers.
INFO: [HLS 200-486] Changing DSP latency (root=mul_ln65_1108) to 3 in order to utilize available DSP registers.
INFO: [HLS 200-486] Changing DSP latency (root=mul_ln65_1107) to 3 in order to utilize available DSP registers.
INFO: [HLS 200-486] Changing DSP latency (root=mul_ln58_119) to 3 in order to utilize available DSP registers.
INFO: [HLS 200-486] Changing DSP latency (root=mul_ln65_1091) to 3 in order to utilize available DSP registers.
INFO: [HLS 200-486] Changing DSP latency (root=tmp6758) to 3 in order to utilize available DSP registers.
INFO: [HLS 200-486] Changing DSP latency (root=tmp6787) to 3 in order to utilize available DSP registers.
INFO: [HLS 200-486] Changing DSP latency (root=tmp6784) to 3 in order to utilize available DSP registers.
INFO: [HLS 200-486] Changing DSP latency (root=mul_ln65_1095) to 3 in order to utilize available DSP registers.
INFO: [HLS 200-486] Changing DSP latency (root=mul_ln65_1094) to 3 in order to utilize available DSP registers.
INFO: [HLS 200-486] Changing DSP latency (root=mul_ln65_1096) to 3 in order to utilize available DSP registers.
INFO: [HLS 200-486] Changing DSP latency (root=mul_ln65_1098) to 3 in order to utilize available DSP registers.
INFO: [HLS 200-486] Changing DSP latency (root=mul_ln65_1097) to 3 in order to utilize available DSP registers.
INFO: [HLS 200-486] Changing DSP latency (root=mul_ln58_118) to 3 in order to utilize available DSP registers.
INFO: [HLS 200-486] Changing DSP latency (root=mul_ln65_1081) to 3 in order to utilize available DSP registers.
INFO: [HLS 200-486] Changing DSP latency (root=tmp6713) to 3 in order to utilize available DSP registers.
INFO: [HLS 200-486] Changing DSP latency (root=tmp6742) to 3 in order to utilize available DSP registers.
INFO: [HLS 200-486] Changing DSP latency (root=tmp6739) to 3 in order to utilize available DSP registers.
INFO: [HLS 200-486] Changing DSP latency (root=mul_ln65_1085) to 3 in order to utilize available DSP registers.
INFO: [HLS 200-486] Changing DSP latency (root=mul_ln65_1084) to 3 in order to utilize available DSP registers.
INFO: [HLS 200-486] Changing DSP latency (root=mul_ln65_1086) to 3 in order to utilize available DSP registers.
INFO: [HLS 200-486] Changing DSP latency (root=mul_ln65_1088) to 3 in order to utilize available DSP registers.
INFO: [HLS 200-486] Changing DSP latency (root=mul_ln65_1087) to 3 in order to utilize available DSP registers.
INFO: [HLS 200-486] Changing DSP latency (root=mul_ln58_117) to 3 in order to utilize available DSP registers.
INFO: [HLS 200-486] Changing DSP latency (root=mul_ln65_1071) to 3 in order to utilize available DSP registers.
INFO: [HLS 200-486] Changing DSP latency (root=tmp6668) to 3 in order to utilize available DSP registers.
INFO: [HLS 200-486] Changing DSP latency (root=tmp6697) to 3 in order to utilize available DSP registers.
INFO: [HLS 200-486] Changing DSP latency (root=tmp6694) to 3 in order to utilize available DSP registers.
INFO: [HLS 200-486] Changing DSP latency (root=mul_ln65_1075) to 3 in order to utilize available DSP registers.
INFO: [HLS 200-486] Changing DSP latency (root=mul_ln65_1074) to 3 in order to utilize available DSP registers.
INFO: [HLS 200-486] Changing DSP latency (root=mul_ln65_1076) to 3 in order to utilize available DSP registers.
INFO: [HLS 200-486] Changing DSP latency (root=mul_ln65_1078) to 3 in order to utilize available DSP registers.
INFO: [HLS 200-486] Changing DSP latency (root=mul_ln65_1077) to 3 in order to utilize available DSP registers.
INFO: [HLS 200-486] Changing DSP latency (root=mul_ln58_116) to 3 in order to utilize available DSP registers.
INFO: [HLS 200-486] Changing DSP latency (root=mul_ln65_1061) to 3 in order to utilize available DSP registers.
INFO: [HLS 200-486] Changing DSP latency (root=tmp6623) to 3 in order to utilize available DSP registers.
INFO: [HLS 200-486] Changing DSP latency (root=tmp6652) to 3 in order to utilize available DSP registers.
INFO: [HLS 200-486] Changing DSP latency (root=tmp6649) to 3 in order to utilize available DSP registers.
INFO: [HLS 200-486] Changing DSP latency (root=mul_ln65_1065) to 3 in order to utilize available DSP registers.
INFO: [HLS 200-486] Changing DSP latency (root=mul_ln65_1064) to 3 in order to utilize available DSP registers.
INFO: [HLS 200-486] Changing DSP latency (root=mul_ln65_1066) to 3 in order to utilize available DSP registers.
INFO: [HLS 200-486] Changing DSP latency (root=mul_ln65_1068) to 3 in order to utilize available DSP registers.
INFO: [HLS 200-486] Changing DSP latency (root=mul_ln65_1067) to 3 in order to utilize available DSP registers.
INFO: [HLS 200-486] Changing DSP latency (root=mul_ln58_115) to 3 in order to utilize available DSP registers.
INFO: [HLS 200-486] Changing DSP latency (root=mul_ln65_1051) to 3 in order to utilize available DSP registers.
INFO: [HLS 200-486] Changing DSP latency (root=tmp6578) to 3 in order to utilize available DSP registers.
INFO: [HLS 200-486] Changing DSP latency (root=tmp6607) to 3 in order to utilize available DSP registers.
INFO: [HLS 200-486] Changing DSP latency (root=tmp6604) to 3 in order to utilize available DSP registers.
INFO: [HLS 200-486] Changing DSP latency (root=mul_ln65_1055) to 3 in order to utilize available DSP registers.
INFO: [HLS 200-486] Changing DSP latency (root=mul_ln65_1054) to 3 in order to utilize available DSP registers.
INFO: [HLS 200-486] Changing DSP latency (root=mul_ln65_1056) to 3 in order to utilize available DSP registers.
INFO: [HLS 200-486] Changing DSP latency (root=mul_ln65_1058) to 3 in order to utilize available DSP registers.
INFO: [HLS 200-486] Changing DSP latency (root=mul_ln65_1057) to 3 in order to utilize available DSP registers.
INFO: [HLS 200-486] Changing DSP latency (root=mul_ln58_114) to 3 in order to utilize available DSP registers.
INFO: [HLS 200-486] Changing DSP latency (root=mul_ln65_1041) to 3 in order to utilize available DSP registers.
INFO: [HLS 200-486] Changing DSP latency (root=tmp6533) to 3 in order to utilize available DSP registers.
INFO: [HLS 200-486] Changing DSP latency (root=tmp6562) to 3 in order to utilize available DSP registers.
INFO: [HLS 200-486] Changing DSP latency (root=tmp6559) to 3 in order to utilize available DSP registers.
INFO: [HLS 200-486] Changing DSP latency (root=mul_ln65_1045) to 3 in order to utilize available DSP registers.
INFO: [HLS 200-486] Changing DSP latency (root=mul_ln65_1044) to 3 in order to utilize available DSP registers.
INFO: [HLS 200-486] Changing DSP latency (root=mul_ln65_1046) to 3 in order to utilize available DSP registers.
INFO: [HLS 200-486] Changing DSP latency (root=mul_ln65_1048) to 3 in order to utilize available DSP registers.
INFO: [HLS 200-486] Changing DSP latency (root=mul_ln65_1047) to 3 in order to utilize available DSP registers.
INFO: [HLS 200-486] Changing DSP latency (root=mul_ln58_113) to 3 in order to utilize available DSP registers.
INFO: [HLS 200-486] Changing DSP latency (root=mul_ln65_1031) to 3 in order to utilize available DSP registers.
INFO: [HLS 200-486] Changing DSP latency (root=tmp6488) to 3 in order to utilize available DSP registers.
INFO: [HLS 200-486] Changing DSP latency (root=tmp6517) to 3 in order to utilize available DSP registers.
INFO: [HLS 200-486] Changing DSP latency (root=tmp6514) to 3 in order to utilize available DSP registers.
INFO: [HLS 200-486] Changing DSP latency (root=mul_ln65_1035) to 3 in order to utilize available DSP registers.
INFO: [HLS 200-486] Changing DSP latency (root=mul_ln65_1034) to 3 in order to utilize available DSP registers.
INFO: [HLS 200-486] Changing DSP latency (root=mul_ln65_1036) to 3 in order to utilize available DSP registers.
INFO: [HLS 200-486] Changing DSP latency (root=mul_ln65_1038) to 3 in order to utilize available DSP registers.
INFO: [HLS 200-486] Changing DSP latency (root=mul_ln65_1037) to 3 in order to utilize available DSP registers.
INFO: [HLS 200-486] Changing DSP latency (root=mul_ln58_112) to 3 in order to utilize available DSP registers.
INFO: [HLS 200-486] Changing DSP latency (root=mul_ln65_1021) to 3 in order to utilize available DSP registers.
INFO: [HLS 200-486] Changing DSP latency (root=tmp6443) to 3 in order to utilize available DSP registers.
INFO: [HLS 200-486] Changing DSP latency (root=tmp6472) to 3 in order to utilize available DSP registers.
INFO: [HLS 200-486] Changing DSP latency (root=tmp6469) to 3 in order to utilize available DSP registers.
INFO: [HLS 200-486] Changing DSP latency (root=mul_ln65_1025) to 3 in order to utilize available DSP registers.
INFO: [HLS 200-486] Changing DSP latency (root=mul_ln65_1024) to 3 in order to utilize available DSP registers.
INFO: [HLS 200-486] Changing DSP latency (root=mul_ln65_1026) to 3 in order to utilize available DSP registers.
INFO: [HLS 200-486] Changing DSP latency (root=mul_ln65_1028) to 3 in order to utilize available DSP registers.
INFO: [HLS 200-486] Changing DSP latency (root=mul_ln65_1027) to 3 in order to utilize available DSP registers.
INFO: [HLS 200-486] Changing DSP latency (root=mul_ln58_111) to 3 in order to utilize available DSP registers.
INFO: [HLS 200-486] Changing DSP latency (root=mul_ln65_1011) to 3 in order to utilize available DSP registers.
INFO: [HLS 200-486] Changing DSP latency (root=tmp6398) to 3 in order to utilize available DSP registers.
INFO: [HLS 200-486] Changing DSP latency (root=tmp6427) to 3 in order to utilize available DSP registers.
INFO: [HLS 200-486] Changing DSP latency (root=tmp6424) to 3 in order to utilize available DSP registers.
INFO: [HLS 200-486] Changing DSP latency (root=mul_ln65_1015) to 3 in order to utilize available DSP registers.
INFO: [HLS 200-486] Changing DSP latency (root=mul_ln65_1014) to 3 in order to utilize available DSP registers.
INFO: [HLS 200-486] Changing DSP latency (root=mul_ln65_1016) to 3 in order to utilize available DSP registers.
INFO: [HLS 200-486] Changing DSP latency (root=mul_ln65_1018) to 3 in order to utilize available DSP registers.
INFO: [HLS 200-486] Changing DSP latency (root=mul_ln65_1017) to 3 in order to utilize available DSP registers.
INFO: [HLS 200-486] Changing DSP latency (root=mul_ln58_110) to 3 in order to utilize available DSP registers.
INFO: [HLS 200-486] Changing DSP latency (root=mul_ln65_1001) to 3 in order to utilize available DSP registers.
INFO: [HLS 200-486] Changing DSP latency (root=tmp6353) to 3 in order to utilize available DSP registers.
INFO: [HLS 200-486] Changing DSP latency (root=tmp6382) to 3 in order to utilize available DSP registers.
INFO: [HLS 200-486] Changing DSP latency (root=tmp6379) to 3 in order to utilize available DSP registers.
INFO: [HLS 200-486] Changing DSP latency (root=mul_ln65_1005) to 3 in order to utilize available DSP registers.
INFO: [HLS 200-486] Changing DSP latency (root=mul_ln65_1004) to 3 in order to utilize available DSP registers.
INFO: [HLS 200-486] Changing DSP latency (root=mul_ln65_1006) to 3 in order to utilize available DSP registers.
INFO: [HLS 200-486] Changing DSP latency (root=mul_ln65_1008) to 3 in order to utilize available DSP registers.
INFO: [HLS 200-486] Changing DSP latency (root=mul_ln65_1007) to 3 in order to utilize available DSP registers.
INFO: [HLS 200-486] Changing DSP latency (root=mul_ln58_109) to 3 in order to utilize available DSP registers.
INFO: [HLS 200-486] Changing DSP latency (root=mul_ln65_991) to 3 in order to utilize available DSP registers.
INFO: [HLS 200-486] Changing DSP latency (root=tmp6308) to 3 in order to utilize available DSP registers.
INFO: [HLS 200-486] Changing DSP latency (root=tmp6337) to 3 in order to utilize available DSP registers.
INFO: [HLS 200-486] Changing DSP latency (root=tmp6334) to 3 in order to utilize available DSP registers.
INFO: [HLS 200-486] Changing DSP latency (root=mul_ln65_995) to 3 in order to utilize available DSP registers.
INFO: [HLS 200-486] Changing DSP latency (root=mul_ln65_994) to 3 in order to utilize available DSP registers.
INFO: [HLS 200-486] Changing DSP latency (root=mul_ln65_996) to 3 in order to utilize available DSP registers.
INFO: [HLS 200-486] Changing DSP latency (root=mul_ln65_998) to 3 in order to utilize available DSP registers.
INFO: [HLS 200-486] Changing DSP latency (root=mul_ln65_997) to 3 in order to utilize available DSP registers.
INFO: [HLS 200-486] Changing DSP latency (root=mul_ln58_108) to 3 in order to utilize available DSP registers.
INFO: [HLS 200-486] Changing DSP latency (root=mul_ln65_981) to 3 in order to utilize available DSP registers.
INFO: [HLS 200-486] Changing DSP latency (root=tmp6263) to 3 in order to utilize available DSP registers.
INFO: [HLS 200-486] Changing DSP latency (root=tmp6292) to 3 in order to utilize available DSP registers.
INFO: [HLS 200-486] Changing DSP latency (root=tmp6289) to 3 in order to utilize available DSP registers.
INFO: [HLS 200-486] Changing DSP latency (root=mul_ln65_985) to 3 in order to utilize available DSP registers.
INFO: [HLS 200-486] Changing DSP latency (root=mul_ln65_984) to 3 in order to utilize available DSP registers.
INFO: [HLS 200-486] Changing DSP latency (root=mul_ln65_986) to 3 in order to utilize available DSP registers.
INFO: [HLS 200-486] Changing DSP latency (root=mul_ln65_988) to 3 in order to utilize available DSP registers.
INFO: [HLS 200-486] Changing DSP latency (root=mul_ln65_987) to 3 in order to utilize available DSP registers.
INFO: [HLS 200-486] Changing DSP latency (root=mul_ln58_107) to 3 in order to utilize available DSP registers.
INFO: [HLS 200-486] Changing DSP latency (root=mul_ln65_971) to 3 in order to utilize available DSP registers.
INFO: [HLS 200-486] Changing DSP latency (root=tmp6218) to 3 in order to utilize available DSP registers.
INFO: [HLS 200-486] Changing DSP latency (root=tmp6247) to 3 in order to utilize available DSP registers.
INFO: [HLS 200-486] Changing DSP latency (root=tmp6244) to 3 in order to utilize available DSP registers.
INFO: [HLS 200-486] Changing DSP latency (root=mul_ln65_975) to 3 in order to utilize available DSP registers.
INFO: [HLS 200-486] Changing DSP latency (root=mul_ln65_974) to 3 in order to utilize available DSP registers.
INFO: [HLS 200-486] Changing DSP latency (root=mul_ln65_976) to 3 in order to utilize available DSP registers.
INFO: [HLS 200-486] Changing DSP latency (root=mul_ln65_978) to 3 in order to utilize available DSP registers.
INFO: [HLS 200-486] Changing DSP latency (root=mul_ln65_977) to 3 in order to utilize available DSP registers.
INFO: [HLS 200-486] Changing DSP latency (root=mul_ln58_106) to 3 in order to utilize available DSP registers.
INFO: [HLS 200-486] Changing DSP latency (root=mul_ln65_961) to 3 in order to utilize available DSP registers.
INFO: [HLS 200-486] Changing DSP latency (root=tmp6173) to 3 in order to utilize available DSP registers.
INFO: [HLS 200-486] Changing DSP latency (root=tmp6202) to 3 in order to utilize available DSP registers.
INFO: [HLS 200-486] Changing DSP latency (root=tmp6199) to 3 in order to utilize available DSP registers.
INFO: [HLS 200-486] Changing DSP latency (root=mul_ln65_965) to 3 in order to utilize available DSP registers.
INFO: [HLS 200-486] Changing DSP latency (root=mul_ln65_964) to 3 in order to utilize available DSP registers.
INFO: [HLS 200-486] Changing DSP latency (root=mul_ln65_966) to 3 in order to utilize available DSP registers.
INFO: [HLS 200-486] Changing DSP latency (root=mul_ln65_968) to 3 in order to utilize available DSP registers.
INFO: [HLS 200-486] Changing DSP latency (root=mul_ln65_967) to 3 in order to utilize available DSP registers.
INFO: [HLS 200-486] Changing DSP latency (root=mul_ln58_105) to 3 in order to utilize available DSP registers.
INFO: [HLS 200-486] Changing DSP latency (root=tmp6146) to 3 in order to utilize available DSP registers.
INFO: [HLS 200-486] Changing DSP latency (root=tmp6159) to 3 in order to utilize available DSP registers.
INFO: [HLS 200-486] Changing DSP latency (root=tmp6141) to 3 in order to utilize available DSP registers.
INFO: [HLS 200-486] Changing DSP latency (root=tmp6130) to 3 in order to utilize available DSP registers.
INFO: [HLS 200-486] Changing DSP latency (root=mul_ln65_955) to 3 in order to utilize available DSP registers.
INFO: [HLS 200-486] Changing DSP latency (root=tmp6126) to 3 in order to utilize available DSP registers.
INFO: [HLS 200-486] Changing DSP latency (root=mul_ln65_958) to 3 in order to utilize available DSP registers.
INFO: [HLS 200-486] Changing DSP latency (root=mul_ln58_104) to 3 in order to utilize available DSP registers.
INFO: [HLS 200-486] Changing DSP latency (root=tmp6091) to 3 in order to utilize available DSP registers.
INFO: [HLS 200-486] Changing DSP latency (root=tmp6104) to 3 in order to utilize available DSP registers.
INFO: [HLS 200-486] Changing DSP latency (root=tmp6086) to 3 in order to utilize available DSP registers.
INFO: [HLS 200-486] Changing DSP latency (root=tmp6075) to 3 in order to utilize available DSP registers.
INFO: [HLS 200-486] Changing DSP latency (root=mul_ln65_947) to 3 in order to utilize available DSP registers.
INFO: [HLS 200-486] Changing DSP latency (root=tmp6071) to 3 in order to utilize available DSP registers.
INFO: [HLS 200-486] Changing DSP latency (root=mul_ln65_950) to 3 in order to utilize available DSP registers.
INFO: [HLS 200-486] Changing DSP latency (root=mul_ln58_103) to 3 in order to utilize available DSP registers.
INFO: [HLS 200-486] Changing DSP latency (root=tmp6036) to 3 in order to utilize available DSP registers.
INFO: [HLS 200-486] Changing DSP latency (root=tmp6049) to 3 in order to utilize available DSP registers.
INFO: [HLS 200-486] Changing DSP latency (root=tmp6031) to 3 in order to utilize available DSP registers.
INFO: [HLS 200-486] Changing DSP latency (root=tmp6020) to 3 in order to utilize available DSP registers.
INFO: [HLS 200-486] Changing DSP latency (root=mul_ln65_939) to 3 in order to utilize available DSP registers.
INFO: [HLS 200-486] Changing DSP latency (root=tmp6016) to 3 in order to utilize available DSP registers.
INFO: [HLS 200-486] Changing DSP latency (root=mul_ln65_942) to 3 in order to utilize available DSP registers.
INFO: [HLS 200-486] Changing DSP latency (root=mul_ln58_102) to 3 in order to utilize available DSP registers.
INFO: [HLS 200-486] Changing DSP latency (root=tmp5981) to 3 in order to utilize available DSP registers.
INFO: [HLS 200-486] Changing DSP latency (root=tmp5994) to 3 in order to utilize available DSP registers.
INFO: [HLS 200-486] Changing DSP latency (root=tmp5976) to 3 in order to utilize available DSP registers.
INFO: [HLS 200-486] Changing DSP latency (root=tmp5965) to 3 in order to utilize available DSP registers.
INFO: [HLS 200-486] Changing DSP latency (root=mul_ln65_931) to 3 in order to utilize available DSP registers.
INFO: [HLS 200-486] Changing DSP latency (root=tmp5961) to 3 in order to utilize available DSP registers.
INFO: [HLS 200-486] Changing DSP latency (root=mul_ln65_934) to 3 in order to utilize available DSP registers.
INFO: [HLS 200-486] Changing DSP latency (root=mul_ln58_101) to 3 in order to utilize available DSP registers.
INFO: [HLS 200-486] Changing DSP latency (root=tmp5926) to 3 in order to utilize available DSP registers.
INFO: [HLS 200-486] Changing DSP latency (root=tmp5939) to 3 in order to utilize available DSP registers.
INFO: [HLS 200-486] Changing DSP latency (root=tmp5921) to 3 in order to utilize available DSP registers.
INFO: [HLS 200-486] Changing DSP latency (root=tmp5910) to 3 in order to utilize available DSP registers.
INFO: [HLS 200-486] Changing DSP latency (root=mul_ln65_923) to 3 in order to utilize available DSP registers.
INFO: [HLS 200-486] Changing DSP latency (root=tmp5906) to 3 in order to utilize available DSP registers.
INFO: [HLS 200-486] Changing DSP latency (root=mul_ln65_926) to 3 in order to utilize available DSP registers.
INFO: [HLS 200-486] Changing DSP latency (root=mul_ln58_100) to 3 in order to utilize available DSP registers.
INFO: [HLS 200-486] Changing DSP latency (root=tmp5871) to 3 in order to utilize available DSP registers.
INFO: [HLS 200-486] Changing DSP latency (root=tmp5884) to 3 in order to utilize available DSP registers.
INFO: [HLS 200-486] Changing DSP latency (root=tmp5866) to 3 in order to utilize available DSP registers.
INFO: [HLS 200-486] Changing DSP latency (root=tmp5855) to 3 in order to utilize available DSP registers.
INFO: [HLS 200-486] Changing DSP latency (root=mul_ln65_915) to 3 in order to utilize available DSP registers.
INFO: [HLS 200-486] Changing DSP latency (root=tmp5851) to 3 in order to utilize available DSP registers.
INFO: [HLS 200-486] Changing DSP latency (root=mul_ln65_918) to 3 in order to utilize available DSP registers.
INFO: [HLS 200-486] Changing DSP latency (root=mul_ln58_99) to 3 in order to utilize available DSP registers.
INFO: [HLS 200-486] Changing DSP latency (root=tmp5816) to 3 in order to utilize available DSP registers.
INFO: [HLS 200-486] Changing DSP latency (root=tmp5829) to 3 in order to utilize available DSP registers.
INFO: [HLS 200-486] Changing DSP latency (root=tmp5811) to 3 in order to utilize available DSP registers.
INFO: [HLS 200-486] Changing DSP latency (root=tmp5800) to 3 in order to utilize available DSP registers.
INFO: [HLS 200-486] Changing DSP latency (root=mul_ln65_907) to 3 in order to utilize available DSP registers.
INFO: [HLS 200-486] Changing DSP latency (root=tmp5796) to 3 in order to utilize available DSP registers.
INFO: [HLS 200-486] Changing DSP latency (root=mul_ln65_910) to 3 in order to utilize available DSP registers.
INFO: [HLS 200-486] Changing DSP latency (root=mul_ln58_98) to 3 in order to utilize available DSP registers.
INFO: [HLS 200-486] Changing DSP latency (root=tmp5761) to 3 in order to utilize available DSP registers.
INFO: [HLS 200-486] Changing DSP latency (root=tmp5774) to 3 in order to utilize available DSP registers.
INFO: [HLS 200-486] Changing DSP latency (root=tmp5756) to 3 in order to utilize available DSP registers.
INFO: [HLS 200-486] Changing DSP latency (root=tmp5745) to 3 in order to utilize available DSP registers.
INFO: [HLS 200-486] Changing DSP latency (root=mul_ln65_899) to 3 in order to utilize available DSP registers.
INFO: [HLS 200-486] Changing DSP latency (root=tmp5741) to 3 in order to utilize available DSP registers.
INFO: [HLS 200-486] Changing DSP latency (root=mul_ln65_902) to 3 in order to utilize available DSP registers.
INFO: [HLS 200-486] Changing DSP latency (root=mul_ln58_97) to 3 in order to utilize available DSP registers.
INFO: [HLS 200-486] Changing DSP latency (root=tmp5706) to 3 in order to utilize available DSP registers.
INFO: [HLS 200-486] Changing DSP latency (root=tmp5719) to 3 in order to utilize available DSP registers.
INFO: [HLS 200-486] Changing DSP latency (root=tmp5701) to 3 in order to utilize available DSP registers.
INFO: [HLS 200-486] Changing DSP latency (root=tmp5690) to 3 in order to utilize available DSP registers.
INFO: [HLS 200-486] Changing DSP latency (root=mul_ln65_891) to 3 in order to utilize available DSP registers.
INFO: [HLS 200-486] Changing DSP latency (root=tmp5686) to 3 in order to utilize available DSP registers.
INFO: [HLS 200-486] Changing DSP latency (root=mul_ln65_894) to 3 in order to utilize available DSP registers.
INFO: [HLS 200-486] Changing DSP latency (root=mul_ln58_96) to 3 in order to utilize available DSP registers.
INFO: [HLS 200-486] Changing DSP latency (root=tmp5651) to 3 in order to utilize available DSP registers.
INFO: [HLS 200-486] Changing DSP latency (root=tmp5664) to 3 in order to utilize available DSP registers.
INFO: [HLS 200-486] Changing DSP latency (root=tmp5646) to 3 in order to utilize available DSP registers.
INFO: [HLS 200-486] Changing DSP latency (root=tmp5635) to 3 in order to utilize available DSP registers.
INFO: [HLS 200-486] Changing DSP latency (root=mul_ln65_883) to 3 in order to utilize available DSP registers.
INFO: [HLS 200-486] Changing DSP latency (root=tmp5631) to 3 in order to utilize available DSP registers.
INFO: [HLS 200-486] Changing DSP latency (root=mul_ln65_886) to 3 in order to utilize available DSP registers.
INFO: [HLS 200-486] Changing DSP latency (root=mul_ln58_95) to 3 in order to utilize available DSP registers.
INFO: [HLS 200-486] Changing DSP latency (root=tmp5596) to 3 in order to utilize available DSP registers.
INFO: [HLS 200-486] Changing DSP latency (root=tmp5609) to 3 in order to utilize available DSP registers.
INFO: [HLS 200-486] Changing DSP latency (root=tmp5591) to 3 in order to utilize available DSP registers.
INFO: [HLS 200-486] Changing DSP latency (root=tmp5580) to 3 in order to utilize available DSP registers.
INFO: [HLS 200-486] Changing DSP latency (root=mul_ln65_875) to 3 in order to utilize available DSP registers.
INFO: [HLS 200-486] Changing DSP latency (root=tmp5576) to 3 in order to utilize available DSP registers.
INFO: [HLS 200-486] Changing DSP latency (root=mul_ln65_878) to 3 in order to utilize available DSP registers.
INFO: [HLS 200-486] Changing DSP latency (root=mul_ln58_94) to 3 in order to utilize available DSP registers.
INFO: [HLS 200-486] Changing DSP latency (root=tmp5541) to 3 in order to utilize available DSP registers.
INFO: [HLS 200-486] Changing DSP latency (root=tmp5554) to 3 in order to utilize available DSP registers.
INFO: [HLS 200-486] Changing DSP latency (root=tmp5536) to 3 in order to utilize available DSP registers.
INFO: [HLS 200-486] Changing DSP latency (root=tmp5525) to 3 in order to utilize available DSP registers.
INFO: [HLS 200-486] Changing DSP latency (root=mul_ln65_867) to 3 in order to utilize available DSP registers.
INFO: [HLS 200-486] Changing DSP latency (root=tmp5521) to 3 in order to utilize available DSP registers.
INFO: [HLS 200-486] Changing DSP latency (root=mul_ln65_870) to 3 in order to utilize available DSP registers.
INFO: [HLS 200-486] Changing DSP latency (root=mul_ln58_93) to 3 in order to utilize available DSP registers.
INFO: [HLS 200-486] Changing DSP latency (root=tmp5486) to 3 in order to utilize available DSP registers.
INFO: [HLS 200-486] Changing DSP latency (root=tmp5499) to 3 in order to utilize available DSP registers.
INFO: [HLS 200-486] Changing DSP latency (root=tmp5481) to 3 in order to utilize available DSP registers.
INFO: [HLS 200-486] Changing DSP latency (root=tmp5470) to 3 in order to utilize available DSP registers.
INFO: [HLS 200-486] Changing DSP latency (root=mul_ln65_859) to 3 in order to utilize available DSP registers.
INFO: [HLS 200-486] Changing DSP latency (root=tmp5466) to 3 in order to utilize available DSP registers.
INFO: [HLS 200-486] Changing DSP latency (root=mul_ln65_862) to 3 in order to utilize available DSP registers.
INFO: [HLS 200-486] Changing DSP latency (root=mul_ln58_92) to 3 in order to utilize available DSP registers.
INFO: [HLS 200-486] Changing DSP latency (root=tmp5431) to 3 in order to utilize available DSP registers.
INFO: [HLS 200-486] Changing DSP latency (root=tmp5444) to 3 in order to utilize available DSP registers.
INFO: [HLS 200-486] Changing DSP latency (root=tmp5426) to 3 in order to utilize available DSP registers.
INFO: [HLS 200-486] Changing DSP latency (root=tmp5415) to 3 in order to utilize available DSP registers.
INFO: [HLS 200-486] Changing DSP latency (root=mul_ln65_851) to 3 in order to utilize available DSP registers.
INFO: [HLS 200-486] Changing DSP latency (root=tmp5411) to 3 in order to utilize available DSP registers.
INFO: [HLS 200-486] Changing DSP latency (root=mul_ln65_854) to 3 in order to utilize available DSP registers.
INFO: [HLS 200-486] Changing DSP latency (root=mul_ln58_91) to 3 in order to utilize available DSP registers.
INFO: [HLS 200-486] Changing DSP latency (root=tmp5376) to 3 in order to utilize available DSP registers.
INFO: [HLS 200-486] Changing DSP latency (root=tmp5389) to 3 in order to utilize available DSP registers.
INFO: [HLS 200-486] Changing DSP latency (root=tmp5371) to 3 in order to utilize available DSP registers.
INFO: [HLS 200-486] Changing DSP latency (root=tmp5360) to 3 in order to utilize available DSP registers.
INFO: [HLS 200-486] Changing DSP latency (root=mul_ln65_843) to 3 in order to utilize available DSP registers.
INFO: [HLS 200-486] Changing DSP latency (root=tmp5356) to 3 in order to utilize available DSP registers.
INFO: [HLS 200-486] Changing DSP latency (root=mul_ln65_846) to 3 in order to utilize available DSP registers.
INFO: [HLS 200-486] Changing DSP latency (root=mul_ln58_90) to 3 in order to utilize available DSP registers.
INFO: [HLS 200-486] Changing DSP latency (root=mul_ln65_831) to 3 in order to utilize available DSP registers.
INFO: [HLS 200-486] Changing DSP latency (root=tmp5295) to 3 in order to utilize available DSP registers.
INFO: [HLS 200-486] Changing DSP latency (root=tmp5301) to 3 in order to utilize available DSP registers.
INFO: [HLS 200-486] Changing DSP latency (root=mul_ln65_833) to 3 in order to utilize available DSP registers.
INFO: [HLS 200-486] Changing DSP latency (root=mul_ln65_834) to 3 in order to utilize available DSP registers.
INFO: [HLS 200-486] Changing DSP latency (root=mul_ln58_389) to 3 in order to utilize available DSP registers.
INFO: [HLS 200-486] Changing DSP latency (root=tmp5332) to 3 in order to utilize available DSP registers.
INFO: [HLS 200-486] Changing DSP latency (root=mul_ln65_835) to 3 in order to utilize available DSP registers.
INFO: [HLS 200-486] Changing DSP latency (root=mul_ln65_836) to 3 in order to utilize available DSP registers.
INFO: [HLS 200-486] Changing DSP latency (root=tmp5324) to 3 in order to utilize available DSP registers.
INFO: [HLS 200-486] Changing DSP latency (root=mul_ln65_821) to 3 in order to utilize available DSP registers.
INFO: [HLS 200-486] Changing DSP latency (root=tmp5247) to 3 in order to utilize available DSP registers.
INFO: [HLS 200-486] Changing DSP latency (root=tmp5253) to 3 in order to utilize available DSP registers.
INFO: [HLS 200-486] Changing DSP latency (root=mul_ln65_823) to 3 in order to utilize available DSP registers.
INFO: [HLS 200-486] Changing DSP latency (root=mul_ln65_824) to 3 in order to utilize available DSP registers.
INFO: [HLS 200-486] Changing DSP latency (root=mul_ln58_387) to 3 in order to utilize available DSP registers.
INFO: [HLS 200-486] Changing DSP latency (root=tmp5284) to 3 in order to utilize available DSP registers.
INFO: [HLS 200-486] Changing DSP latency (root=mul_ln65_825) to 3 in order to utilize available DSP registers.
INFO: [HLS 200-486] Changing DSP latency (root=mul_ln65_826) to 3 in order to utilize available DSP registers.
INFO: [HLS 200-486] Changing DSP latency (root=tmp5276) to 3 in order to utilize available DSP registers.
INFO: [HLS 200-486] Changing DSP latency (root=mul_ln65_811) to 3 in order to utilize available DSP registers.
INFO: [HLS 200-486] Changing DSP latency (root=tmp5199) to 3 in order to utilize available DSP registers.
INFO: [HLS 200-486] Changing DSP latency (root=tmp5205) to 3 in order to utilize available DSP registers.
INFO: [HLS 200-486] Changing DSP latency (root=mul_ln65_813) to 3 in order to utilize available DSP registers.
INFO: [HLS 200-486] Changing DSP latency (root=mul_ln65_814) to 3 in order to utilize available DSP registers.
INFO: [HLS 200-486] Changing DSP latency (root=mul_ln58_385) to 3 in order to utilize available DSP registers.
INFO: [HLS 200-486] Changing DSP latency (root=tmp5236) to 3 in order to utilize available DSP registers.
INFO: [HLS 200-486] Changing DSP latency (root=mul_ln65_815) to 3 in order to utilize available DSP registers.
INFO: [HLS 200-486] Changing DSP latency (root=mul_ln65_816) to 3 in order to utilize available DSP registers.
INFO: [HLS 200-486] Changing DSP latency (root=tmp5228) to 3 in order to utilize available DSP registers.
INFO: [HLS 200-486] Changing DSP latency (root=mul_ln65_801) to 3 in order to utilize available DSP registers.
INFO: [HLS 200-486] Changing DSP latency (root=tmp5151) to 3 in order to utilize available DSP registers.
INFO: [HLS 200-486] Changing DSP latency (root=tmp5157) to 3 in order to utilize available DSP registers.
INFO: [HLS 200-486] Changing DSP latency (root=mul_ln65_803) to 3 in order to utilize available DSP registers.
INFO: [HLS 200-486] Changing DSP latency (root=mul_ln65_804) to 3 in order to utilize available DSP registers.
INFO: [HLS 200-486] Changing DSP latency (root=mul_ln58_383) to 3 in order to utilize available DSP registers.
INFO: [HLS 200-486] Changing DSP latency (root=tmp5188) to 3 in order to utilize available DSP registers.
INFO: [HLS 200-486] Changing DSP latency (root=mul_ln65_805) to 3 in order to utilize available DSP registers.
INFO: [HLS 200-486] Changing DSP latency (root=mul_ln65_806) to 3 in order to utilize available DSP registers.
INFO: [HLS 200-486] Changing DSP latency (root=tmp5180) to 3 in order to utilize available DSP registers.
INFO: [HLS 200-486] Changing DSP latency (root=mul_ln65_791) to 3 in order to utilize available DSP registers.
INFO: [HLS 200-486] Changing DSP latency (root=tmp5103) to 3 in order to utilize available DSP registers.
INFO: [HLS 200-486] Changing DSP latency (root=tmp5109) to 3 in order to utilize available DSP registers.
INFO: [HLS 200-486] Changing DSP latency (root=mul_ln65_793) to 3 in order to utilize available DSP registers.
INFO: [HLS 200-486] Changing DSP latency (root=mul_ln65_794) to 3 in order to utilize available DSP registers.
INFO: [HLS 200-486] Changing DSP latency (root=mul_ln58_381) to 3 in order to utilize available DSP registers.
INFO: [HLS 200-486] Changing DSP latency (root=tmp5140) to 3 in order to utilize available DSP registers.
INFO: [HLS 200-486] Changing DSP latency (root=mul_ln65_795) to 3 in order to utilize available DSP registers.
INFO: [HLS 200-486] Changing DSP latency (root=mul_ln65_796) to 3 in order to utilize available DSP registers.
INFO: [HLS 200-486] Changing DSP latency (root=tmp5132) to 3 in order to utilize available DSP registers.
INFO: [HLS 200-486] Changing DSP latency (root=mul_ln65_781) to 3 in order to utilize available DSP registers.
INFO: [HLS 200-486] Changing DSP latency (root=tmp5055) to 3 in order to utilize available DSP registers.
INFO: [HLS 200-486] Changing DSP latency (root=tmp5061) to 3 in order to utilize available DSP registers.
INFO: [HLS 200-486] Changing DSP latency (root=mul_ln65_783) to 3 in order to utilize available DSP registers.
INFO: [HLS 200-486] Changing DSP latency (root=mul_ln65_784) to 3 in order to utilize available DSP registers.
INFO: [HLS 200-486] Changing DSP latency (root=mul_ln58_379) to 3 in order to utilize available DSP registers.
INFO: [HLS 200-486] Changing DSP latency (root=tmp5092) to 3 in order to utilize available DSP registers.
INFO: [HLS 200-486] Changing DSP latency (root=mul_ln65_785) to 3 in order to utilize available DSP registers.
INFO: [HLS 200-486] Changing DSP latency (root=mul_ln65_786) to 3 in order to utilize available DSP registers.
INFO: [HLS 200-486] Changing DSP latency (root=tmp5084) to 3 in order to utilize available DSP registers.
INFO: [HLS 200-486] Changing DSP latency (root=mul_ln65_771) to 3 in order to utilize available DSP registers.
INFO: [HLS 200-486] Changing DSP latency (root=tmp5007) to 3 in order to utilize available DSP registers.
INFO: [HLS 200-486] Changing DSP latency (root=tmp5013) to 3 in order to utilize available DSP registers.
INFO: [HLS 200-486] Changing DSP latency (root=mul_ln65_773) to 3 in order to utilize available DSP registers.
INFO: [HLS 200-486] Changing DSP latency (root=mul_ln65_774) to 3 in order to utilize available DSP registers.
INFO: [HLS 200-486] Changing DSP latency (root=mul_ln58_377) to 3 in order to utilize available DSP registers.
INFO: [HLS 200-486] Changing DSP latency (root=tmp5044) to 3 in order to utilize available DSP registers.
INFO: [HLS 200-486] Changing DSP latency (root=mul_ln65_775) to 3 in order to utilize available DSP registers.
INFO: [HLS 200-486] Changing DSP latency (root=mul_ln65_776) to 3 in order to utilize available DSP registers.
INFO: [HLS 200-486] Changing DSP latency (root=tmp5036) to 3 in order to utilize available DSP registers.
INFO: [HLS 200-486] Changing DSP latency (root=mul_ln65_761) to 3 in order to utilize available DSP registers.
INFO: [HLS 200-486] Changing DSP latency (root=tmp4959) to 3 in order to utilize available DSP registers.
INFO: [HLS 200-486] Changing DSP latency (root=tmp4965) to 3 in order to utilize available DSP registers.
INFO: [HLS 200-486] Changing DSP latency (root=mul_ln65_763) to 3 in order to utilize available DSP registers.
INFO: [HLS 200-486] Changing DSP latency (root=mul_ln65_764) to 3 in order to utilize available DSP registers.
INFO: [HLS 200-486] Changing DSP latency (root=mul_ln58_375) to 3 in order to utilize available DSP registers.
INFO: [HLS 200-486] Changing DSP latency (root=tmp4996) to 3 in order to utilize available DSP registers.
INFO: [HLS 200-486] Changing DSP latency (root=mul_ln65_765) to 3 in order to utilize available DSP registers.
INFO: [HLS 200-486] Changing DSP latency (root=mul_ln65_766) to 3 in order to utilize available DSP registers.
INFO: [HLS 200-486] Changing DSP latency (root=tmp4988) to 3 in order to utilize available DSP registers.
INFO: [HLS 200-486] Changing DSP latency (root=mul_ln65_751) to 3 in order to utilize available DSP registers.
INFO: [HLS 200-486] Changing DSP latency (root=tmp4911) to 3 in order to utilize available DSP registers.
INFO: [HLS 200-486] Changing DSP latency (root=tmp4917) to 3 in order to utilize available DSP registers.
INFO: [HLS 200-486] Changing DSP latency (root=mul_ln65_753) to 3 in order to utilize available DSP registers.
INFO: [HLS 200-486] Changing DSP latency (root=mul_ln65_754) to 3 in order to utilize available DSP registers.
INFO: [HLS 200-486] Changing DSP latency (root=mul_ln58_373) to 3 in order to utilize available DSP registers.
INFO: [HLS 200-486] Changing DSP latency (root=tmp4948) to 3 in order to utilize available DSP registers.
INFO: [HLS 200-486] Changing DSP latency (root=mul_ln65_755) to 3 in order to utilize available DSP registers.
INFO: [HLS 200-486] Changing DSP latency (root=mul_ln65_756) to 3 in order to utilize available DSP registers.
INFO: [HLS 200-486] Changing DSP latency (root=tmp4940) to 3 in order to utilize available DSP registers.
INFO: [HLS 200-486] Changing DSP latency (root=mul_ln65_741) to 3 in order to utilize available DSP registers.
INFO: [HLS 200-486] Changing DSP latency (root=tmp4863) to 3 in order to utilize available DSP registers.
INFO: [HLS 200-486] Changing DSP latency (root=tmp4869) to 3 in order to utilize available DSP registers.
INFO: [HLS 200-486] Changing DSP latency (root=mul_ln65_743) to 3 in order to utilize available DSP registers.
INFO: [HLS 200-486] Changing DSP latency (root=mul_ln65_744) to 3 in order to utilize available DSP registers.
INFO: [HLS 200-486] Changing DSP latency (root=mul_ln58_371) to 3 in order to utilize available DSP registers.
INFO: [HLS 200-486] Changing DSP latency (root=tmp4900) to 3 in order to utilize available DSP registers.
INFO: [HLS 200-486] Changing DSP latency (root=mul_ln65_745) to 3 in order to utilize available DSP registers.
INFO: [HLS 200-486] Changing DSP latency (root=mul_ln65_746) to 3 in order to utilize available DSP registers.
INFO: [HLS 200-486] Changing DSP latency (root=tmp4892) to 3 in order to utilize available DSP registers.
INFO: [HLS 200-486] Changing DSP latency (root=mul_ln65_731) to 3 in order to utilize available DSP registers.
INFO: [HLS 200-486] Changing DSP latency (root=tmp4815) to 3 in order to utilize available DSP registers.
INFO: [HLS 200-486] Changing DSP latency (root=tmp4821) to 3 in order to utilize available DSP registers.
INFO: [HLS 200-486] Changing DSP latency (root=mul_ln65_733) to 3 in order to utilize available DSP registers.
INFO: [HLS 200-486] Changing DSP latency (root=mul_ln65_734) to 3 in order to utilize available DSP registers.
INFO: [HLS 200-486] Changing DSP latency (root=mul_ln58_369) to 3 in order to utilize available DSP registers.
INFO: [HLS 200-486] Changing DSP latency (root=tmp4852) to 3 in order to utilize available DSP registers.
INFO: [HLS 200-486] Changing DSP latency (root=mul_ln65_735) to 3 in order to utilize available DSP registers.
INFO: [HLS 200-486] Changing DSP latency (root=mul_ln65_736) to 3 in order to utilize available DSP registers.
INFO: [HLS 200-486] Changing DSP latency (root=tmp4844) to 3 in order to utilize available DSP registers.
INFO: [HLS 200-486] Changing DSP latency (root=mul_ln65_721) to 3 in order to utilize available DSP registers.
INFO: [HLS 200-486] Changing DSP latency (root=tmp4767) to 3 in order to utilize available DSP registers.
INFO: [HLS 200-486] Changing DSP latency (root=tmp4773) to 3 in order to utilize available DSP registers.
INFO: [HLS 200-486] Changing DSP latency (root=mul_ln65_723) to 3 in order to utilize available DSP registers.
INFO: [HLS 200-486] Changing DSP latency (root=mul_ln65_724) to 3 in order to utilize available DSP registers.
INFO: [HLS 200-486] Changing DSP latency (root=mul_ln58_367) to 3 in order to utilize available DSP registers.
INFO: [HLS 200-486] Changing DSP latency (root=tmp4804) to 3 in order to utilize available DSP registers.
INFO: [HLS 200-486] Changing DSP latency (root=mul_ln65_725) to 3 in order to utilize available DSP registers.
INFO: [HLS 200-486] Changing DSP latency (root=mul_ln65_726) to 3 in order to utilize available DSP registers.
INFO: [HLS 200-486] Changing DSP latency (root=tmp4796) to 3 in order to utilize available DSP registers.
INFO: [HLS 200-486] Changing DSP latency (root=mul_ln65_711) to 3 in order to utilize available DSP registers.
INFO: [HLS 200-486] Changing DSP latency (root=tmp4719) to 3 in order to utilize available DSP registers.
INFO: [HLS 200-486] Changing DSP latency (root=tmp4725) to 3 in order to utilize available DSP registers.
INFO: [HLS 200-486] Changing DSP latency (root=mul_ln65_713) to 3 in order to utilize available DSP registers.
INFO: [HLS 200-486] Changing DSP latency (root=mul_ln65_714) to 3 in order to utilize available DSP registers.
INFO: [HLS 200-486] Changing DSP latency (root=mul_ln58_365) to 3 in order to utilize available DSP registers.
INFO: [HLS 200-486] Changing DSP latency (root=tmp4756) to 3 in order to utilize available DSP registers.
INFO: [HLS 200-486] Changing DSP latency (root=mul_ln65_715) to 3 in order to utilize available DSP registers.
INFO: [HLS 200-486] Changing DSP latency (root=mul_ln65_716) to 3 in order to utilize available DSP registers.
INFO: [HLS 200-486] Changing DSP latency (root=tmp4748) to 3 in order to utilize available DSP registers.
INFO: [HLS 200-486] Changing DSP latency (root=mul_ln65_701) to 3 in order to utilize available DSP registers.
INFO: [HLS 200-486] Changing DSP latency (root=tmp4671) to 3 in order to utilize available DSP registers.
INFO: [HLS 200-486] Changing DSP latency (root=tmp4677) to 3 in order to utilize available DSP registers.
INFO: [HLS 200-486] Changing DSP latency (root=mul_ln65_703) to 3 in order to utilize available DSP registers.
INFO: [HLS 200-486] Changing DSP latency (root=mul_ln65_704) to 3 in order to utilize available DSP registers.
INFO: [HLS 200-486] Changing DSP latency (root=mul_ln58_363) to 3 in order to utilize available DSP registers.
INFO: [HLS 200-486] Changing DSP latency (root=tmp4708) to 3 in order to utilize available DSP registers.
INFO: [HLS 200-486] Changing DSP latency (root=mul_ln65_705) to 3 in order to utilize available DSP registers.
INFO: [HLS 200-486] Changing DSP latency (root=mul_ln65_706) to 3 in order to utilize available DSP registers.
INFO: [HLS 200-486] Changing DSP latency (root=tmp4700) to 3 in order to utilize available DSP registers.
INFO: [HLS 200-486] Changing DSP latency (root=mul_ln65_691) to 3 in order to utilize available DSP registers.
INFO: [HLS 200-486] Changing DSP latency (root=tmp4623) to 3 in order to utilize available DSP registers.
INFO: [HLS 200-486] Changing DSP latency (root=tmp4629) to 3 in order to utilize available DSP registers.
INFO: [HLS 200-486] Changing DSP latency (root=mul_ln65_693) to 3 in order to utilize available DSP registers.
INFO: [HLS 200-486] Changing DSP latency (root=mul_ln65_694) to 3 in order to utilize available DSP registers.
INFO: [HLS 200-486] Changing DSP latency (root=mul_ln58_361) to 3 in order to utilize available DSP registers.
INFO: [HLS 200-486] Changing DSP latency (root=tmp4660) to 3 in order to utilize available DSP registers.
INFO: [HLS 200-486] Changing DSP latency (root=mul_ln65_695) to 3 in order to utilize available DSP registers.
INFO: [HLS 200-486] Changing DSP latency (root=mul_ln65_696) to 3 in order to utilize available DSP registers.
INFO: [HLS 200-486] Changing DSP latency (root=tmp4652) to 3 in order to utilize available DSP registers.
INFO: [HLS 200-486] Changing DSP latency (root=tmp4614) to 3 in order to utilize available DSP registers.
INFO: [HLS 200-486] Changing DSP latency (root=tmp4596) to 3 in order to utilize available DSP registers.
INFO: [HLS 200-486] Changing DSP latency (root=tmp4591) to 3 in order to utilize available DSP registers.
INFO: [HLS 200-486] Changing DSP latency (root=mul_ln65_684) to 3 in order to utilize available DSP registers.
INFO: [HLS 200-486] Changing DSP latency (root=tmp4617) to 3 in order to utilize available DSP registers.
INFO: [HLS 200-486] Changing DSP latency (root=tmp4599) to 3 in order to utilize available DSP registers.
INFO: [HLS 200-486] Changing DSP latency (root=tmp4584) to 3 in order to utilize available DSP registers.
INFO: [HLS 200-486] Changing DSP latency (root=mul_ln58_359) to 3 in order to utilize available DSP registers.
INFO: [HLS 200-486] Changing DSP latency (root=mul_ln65_688) to 3 in order to utilize available DSP registers.
INFO: [HLS 200-486] Changing DSP latency (root=mul_ln58_74) to 3 in order to utilize available DSP registers.
INFO: [HLS 200-486] Changing DSP latency (root=tmp4570) to 3 in order to utilize available DSP registers.
INFO: [HLS 200-486] Changing DSP latency (root=tmp4552) to 3 in order to utilize available DSP registers.
INFO: [HLS 200-486] Changing DSP latency (root=tmp4547) to 3 in order to utilize available DSP registers.
INFO: [HLS 200-486] Changing DSP latency (root=mul_ln65_674) to 3 in order to utilize available DSP registers.
INFO: [HLS 200-486] Changing DSP latency (root=tmp4573) to 3 in order to utilize available DSP registers.
INFO: [HLS 200-486] Changing DSP latency (root=tmp4555) to 3 in order to utilize available DSP registers.
INFO: [HLS 200-486] Changing DSP latency (root=tmp4540) to 3 in order to utilize available DSP registers.
INFO: [HLS 200-486] Changing DSP latency (root=mul_ln58_357) to 3 in order to utilize available DSP registers.
INFO: [HLS 200-486] Changing DSP latency (root=mul_ln65_678) to 3 in order to utilize available DSP registers.
INFO: [HLS 200-486] Changing DSP latency (root=mul_ln58_73) to 3 in order to utilize available DSP registers.
INFO: [HLS 200-486] Changing DSP latency (root=tmp4526) to 3 in order to utilize available DSP registers.
INFO: [HLS 200-486] Changing DSP latency (root=tmp4508) to 3 in order to utilize available DSP registers.
INFO: [HLS 200-486] Changing DSP latency (root=tmp4503) to 3 in order to utilize available DSP registers.
INFO: [HLS 200-486] Changing DSP latency (root=mul_ln65_664) to 3 in order to utilize available DSP registers.
INFO: [HLS 200-486] Changing DSP latency (root=tmp4529) to 3 in order to utilize available DSP registers.
INFO: [HLS 200-486] Changing DSP latency (root=tmp4511) to 3 in order to utilize available DSP registers.
INFO: [HLS 200-486] Changing DSP latency (root=tmp4496) to 3 in order to utilize available DSP registers.
INFO: [HLS 200-486] Changing DSP latency (root=mul_ln58_355) to 3 in order to utilize available DSP registers.
INFO: [HLS 200-486] Changing DSP latency (root=mul_ln65_668) to 3 in order to utilize available DSP registers.
INFO: [HLS 200-486] Changing DSP latency (root=mul_ln58_72) to 3 in order to utilize available DSP registers.
INFO: [HLS 200-486] Changing DSP latency (root=tmp4482) to 3 in order to utilize available DSP registers.
INFO: [HLS 200-486] Changing DSP latency (root=tmp4464) to 3 in order to utilize available DSP registers.
INFO: [HLS 200-486] Changing DSP latency (root=tmp4459) to 3 in order to utilize available DSP registers.
INFO: [HLS 200-486] Changing DSP latency (root=mul_ln65_654) to 3 in order to utilize available DSP registers.
INFO: [HLS 200-486] Changing DSP latency (root=tmp4485) to 3 in order to utilize available DSP registers.
INFO: [HLS 200-486] Changing DSP latency (root=tmp4467) to 3 in order to utilize available DSP registers.
INFO: [HLS 200-486] Changing DSP latency (root=tmp4452) to 3 in order to utilize available DSP registers.
INFO: [HLS 200-486] Changing DSP latency (root=mul_ln58_353) to 3 in order to utilize available DSP registers.
INFO: [HLS 200-486] Changing DSP latency (root=mul_ln65_658) to 3 in order to utilize available DSP registers.
INFO: [HLS 200-486] Changing DSP latency (root=mul_ln58_71) to 3 in order to utilize available DSP registers.
INFO: [HLS 200-486] Changing DSP latency (root=tmp4438) to 3 in order to utilize available DSP registers.
INFO: [HLS 200-486] Changing DSP latency (root=tmp4420) to 3 in order to utilize available DSP registers.
INFO: [HLS 200-486] Changing DSP latency (root=tmp4415) to 3 in order to utilize available DSP registers.
INFO: [HLS 200-486] Changing DSP latency (root=mul_ln65_644) to 3 in order to utilize available DSP registers.
INFO: [HLS 200-486] Changing DSP latency (root=tmp4441) to 3 in order to utilize available DSP registers.
INFO: [HLS 200-486] Changing DSP latency (root=tmp4423) to 3 in order to utilize available DSP registers.
INFO: [HLS 200-486] Changing DSP latency (root=tmp4408) to 3 in order to utilize available DSP registers.
INFO: [HLS 200-486] Changing DSP latency (root=mul_ln58_351) to 3 in order to utilize available DSP registers.
INFO: [HLS 200-486] Changing DSP latency (root=mul_ln65_648) to 3 in order to utilize available DSP registers.
INFO: [HLS 200-486] Changing DSP latency (root=mul_ln58_70) to 3 in order to utilize available DSP registers.
INFO: [HLS 200-486] Changing DSP latency (root=tmp4394) to 3 in order to utilize available DSP registers.
INFO: [HLS 200-486] Changing DSP latency (root=tmp4376) to 3 in order to utilize available DSP registers.
INFO: [HLS 200-486] Changing DSP latency (root=tmp4371) to 3 in order to utilize available DSP registers.
INFO: [HLS 200-486] Changing DSP latency (root=mul_ln65_634) to 3 in order to utilize available DSP registers.
INFO: [HLS 200-486] Changing DSP latency (root=tmp4397) to 3 in order to utilize available DSP registers.
INFO: [HLS 200-486] Changing DSP latency (root=tmp4379) to 3 in order to utilize available DSP registers.
INFO: [HLS 200-486] Changing DSP latency (root=tmp4364) to 3 in order to utilize available DSP registers.
INFO: [HLS 200-486] Changing DSP latency (root=mul_ln58_349) to 3 in order to utilize available DSP registers.
INFO: [HLS 200-486] Changing DSP latency (root=mul_ln65_638) to 3 in order to utilize available DSP registers.
INFO: [HLS 200-486] Changing DSP latency (root=mul_ln58_69) to 3 in order to utilize available DSP registers.
INFO: [HLS 200-486] Changing DSP latency (root=tmp4350) to 3 in order to utilize available DSP registers.
INFO: [HLS 200-486] Changing DSP latency (root=tmp4332) to 3 in order to utilize available DSP registers.
INFO: [HLS 200-486] Changing DSP latency (root=tmp4327) to 3 in order to utilize available DSP registers.
INFO: [HLS 200-486] Changing DSP latency (root=mul_ln65_624) to 3 in order to utilize available DSP registers.
INFO: [HLS 200-486] Changing DSP latency (root=tmp4353) to 3 in order to utilize available DSP registers.
INFO: [HLS 200-486] Changing DSP latency (root=tmp4335) to 3 in order to utilize available DSP registers.
INFO: [HLS 200-486] Changing DSP latency (root=tmp4320) to 3 in order to utilize available DSP registers.
INFO: [HLS 200-486] Changing DSP latency (root=mul_ln58_347) to 3 in order to utilize available DSP registers.
INFO: [HLS 200-486] Changing DSP latency (root=mul_ln65_628) to 3 in order to utilize available DSP registers.
INFO: [HLS 200-486] Changing DSP latency (root=mul_ln58_68) to 3 in order to utilize available DSP registers.
INFO: [HLS 200-486] Changing DSP latency (root=tmp4306) to 3 in order to utilize available DSP registers.
INFO: [HLS 200-486] Changing DSP latency (root=tmp4288) to 3 in order to utilize available DSP registers.
INFO: [HLS 200-486] Changing DSP latency (root=tmp4283) to 3 in order to utilize available DSP registers.
INFO: [HLS 200-486] Changing DSP latency (root=mul_ln65_614) to 3 in order to utilize available DSP registers.
INFO: [HLS 200-486] Changing DSP latency (root=tmp4309) to 3 in order to utilize available DSP registers.
INFO: [HLS 200-486] Changing DSP latency (root=tmp4291) to 3 in order to utilize available DSP registers.
INFO: [HLS 200-486] Changing DSP latency (root=tmp4276) to 3 in order to utilize available DSP registers.
INFO: [HLS 200-486] Changing DSP latency (root=mul_ln58_345) to 3 in order to utilize available DSP registers.
INFO: [HLS 200-486] Changing DSP latency (root=mul_ln65_618) to 3 in order to utilize available DSP registers.
INFO: [HLS 200-486] Changing DSP latency (root=mul_ln58_67) to 3 in order to utilize available DSP registers.
INFO: [HLS 200-486] Changing DSP latency (root=tmp4262) to 3 in order to utilize available DSP registers.
INFO: [HLS 200-486] Changing DSP latency (root=tmp4244) to 3 in order to utilize available DSP registers.
INFO: [HLS 200-486] Changing DSP latency (root=tmp4239) to 3 in order to utilize available DSP registers.
INFO: [HLS 200-486] Changing DSP latency (root=mul_ln65_604) to 3 in order to utilize available DSP registers.
INFO: [HLS 200-486] Changing DSP latency (root=tmp4265) to 3 in order to utilize available DSP registers.
INFO: [HLS 200-486] Changing DSP latency (root=tmp4247) to 3 in order to utilize available DSP registers.
INFO: [HLS 200-486] Changing DSP latency (root=tmp4232) to 3 in order to utilize available DSP registers.
INFO: [HLS 200-486] Changing DSP latency (root=mul_ln58_343) to 3 in order to utilize available DSP registers.
INFO: [HLS 200-486] Changing DSP latency (root=mul_ln65_608) to 3 in order to utilize available DSP registers.
INFO: [HLS 200-486] Changing DSP latency (root=mul_ln58_66) to 3 in order to utilize available DSP registers.
INFO: [HLS 200-486] Changing DSP latency (root=tmp4218) to 3 in order to utilize available DSP registers.
INFO: [HLS 200-486] Changing DSP latency (root=tmp4200) to 3 in order to utilize available DSP registers.
INFO: [HLS 200-486] Changing DSP latency (root=tmp4195) to 3 in order to utilize available DSP registers.
INFO: [HLS 200-486] Changing DSP latency (root=mul_ln65_594) to 3 in order to utilize available DSP registers.
INFO: [HLS 200-486] Changing DSP latency (root=tmp4221) to 3 in order to utilize available DSP registers.
INFO: [HLS 200-486] Changing DSP latency (root=tmp4203) to 3 in order to utilize available DSP registers.
INFO: [HLS 200-486] Changing DSP latency (root=tmp4188) to 3 in order to utilize available DSP registers.
INFO: [HLS 200-486] Changing DSP latency (root=mul_ln58_341) to 3 in order to utilize available DSP registers.
INFO: [HLS 200-486] Changing DSP latency (root=mul_ln65_598) to 3 in order to utilize available DSP registers.
INFO: [HLS 200-486] Changing DSP latency (root=mul_ln58_65) to 3 in order to utilize available DSP registers.
INFO: [HLS 200-486] Changing DSP latency (root=tmp4174) to 3 in order to utilize available DSP registers.
INFO: [HLS 200-486] Changing DSP latency (root=tmp4156) to 3 in order to utilize available DSP registers.
INFO: [HLS 200-486] Changing DSP latency (root=tmp4151) to 3 in order to utilize available DSP registers.
INFO: [HLS 200-486] Changing DSP latency (root=mul_ln65_584) to 3 in order to utilize available DSP registers.
INFO: [HLS 200-486] Changing DSP latency (root=tmp4177) to 3 in order to utilize available DSP registers.
INFO: [HLS 200-486] Changing DSP latency (root=tmp4159) to 3 in order to utilize available DSP registers.
INFO: [HLS 200-486] Changing DSP latency (root=tmp4144) to 3 in order to utilize available DSP registers.
INFO: [HLS 200-486] Changing DSP latency (root=mul_ln58_339) to 3 in order to utilize available DSP registers.
INFO: [HLS 200-486] Changing DSP latency (root=mul_ln65_588) to 3 in order to utilize available DSP registers.
INFO: [HLS 200-486] Changing DSP latency (root=mul_ln58_64) to 3 in order to utilize available DSP registers.
INFO: [HLS 200-486] Changing DSP latency (root=tmp4130) to 3 in order to utilize available DSP registers.
INFO: [HLS 200-486] Changing DSP latency (root=tmp4112) to 3 in order to utilize available DSP registers.
INFO: [HLS 200-486] Changing DSP latency (root=tmp4107) to 3 in order to utilize available DSP registers.
INFO: [HLS 200-486] Changing DSP latency (root=mul_ln65_574) to 3 in order to utilize available DSP registers.
INFO: [HLS 200-486] Changing DSP latency (root=tmp4133) to 3 in order to utilize available DSP registers.
INFO: [HLS 200-486] Changing DSP latency (root=tmp4115) to 3 in order to utilize available DSP registers.
INFO: [HLS 200-486] Changing DSP latency (root=tmp4100) to 3 in order to utilize available DSP registers.
INFO: [HLS 200-486] Changing DSP latency (root=mul_ln58_337) to 3 in order to utilize available DSP registers.
INFO: [HLS 200-486] Changing DSP latency (root=mul_ln65_578) to 3 in order to utilize available DSP registers.
INFO: [HLS 200-486] Changing DSP latency (root=mul_ln58_63) to 3 in order to utilize available DSP registers.
INFO: [HLS 200-486] Changing DSP latency (root=tmp4086) to 3 in order to utilize available DSP registers.
INFO: [HLS 200-486] Changing DSP latency (root=tmp4068) to 3 in order to utilize available DSP registers.
INFO: [HLS 200-486] Changing DSP latency (root=tmp4063) to 3 in order to utilize available DSP registers.
INFO: [HLS 200-486] Changing DSP latency (root=mul_ln65_564) to 3 in order to utilize available DSP registers.
INFO: [HLS 200-486] Changing DSP latency (root=tmp4089) to 3 in order to utilize available DSP registers.
INFO: [HLS 200-486] Changing DSP latency (root=tmp4071) to 3 in order to utilize available DSP registers.
INFO: [HLS 200-486] Changing DSP latency (root=tmp4056) to 3 in order to utilize available DSP registers.
INFO: [HLS 200-486] Changing DSP latency (root=mul_ln58_335) to 3 in order to utilize available DSP registers.
INFO: [HLS 200-486] Changing DSP latency (root=mul_ln65_568) to 3 in order to utilize available DSP registers.
INFO: [HLS 200-486] Changing DSP latency (root=mul_ln58_62) to 3 in order to utilize available DSP registers.
INFO: [HLS 200-486] Changing DSP latency (root=tmp4042) to 3 in order to utilize available DSP registers.
INFO: [HLS 200-486] Changing DSP latency (root=tmp4024) to 3 in order to utilize available DSP registers.
INFO: [HLS 200-486] Changing DSP latency (root=tmp4019) to 3 in order to utilize available DSP registers.
INFO: [HLS 200-486] Changing DSP latency (root=mul_ln65_554) to 3 in order to utilize available DSP registers.
INFO: [HLS 200-486] Changing DSP latency (root=tmp4045) to 3 in order to utilize available DSP registers.
INFO: [HLS 200-486] Changing DSP latency (root=tmp4027) to 3 in order to utilize available DSP registers.
INFO: [HLS 200-486] Changing DSP latency (root=tmp4012) to 3 in order to utilize available DSP registers.
INFO: [HLS 200-486] Changing DSP latency (root=mul_ln58_333) to 3 in order to utilize available DSP registers.
INFO: [HLS 200-486] Changing DSP latency (root=mul_ln65_558) to 3 in order to utilize available DSP registers.
INFO: [HLS 200-486] Changing DSP latency (root=mul_ln58_61) to 3 in order to utilize available DSP registers.
INFO: [HLS 200-486] Changing DSP latency (root=tmp3998) to 3 in order to utilize available DSP registers.
INFO: [HLS 200-486] Changing DSP latency (root=tmp3980) to 3 in order to utilize available DSP registers.
INFO: [HLS 200-486] Changing DSP latency (root=tmp3975) to 3 in order to utilize available DSP registers.
INFO: [HLS 200-486] Changing DSP latency (root=mul_ln65_544) to 3 in order to utilize available DSP registers.
INFO: [HLS 200-486] Changing DSP latency (root=tmp4001) to 3 in order to utilize available DSP registers.
INFO: [HLS 200-486] Changing DSP latency (root=tmp3983) to 3 in order to utilize available DSP registers.
INFO: [HLS 200-486] Changing DSP latency (root=tmp3968) to 3 in order to utilize available DSP registers.
INFO: [HLS 200-486] Changing DSP latency (root=mul_ln58_331) to 3 in order to utilize available DSP registers.
INFO: [HLS 200-486] Changing DSP latency (root=mul_ln65_548) to 3 in order to utilize available DSP registers.
INFO: [HLS 200-486] Changing DSP latency (root=mul_ln58_60) to 3 in order to utilize available DSP registers.
INFO: [HLS 200-486] Changing DSP latency (root=tmp3933) to 3 in order to utilize available DSP registers.
INFO: [HLS 200-486] Changing DSP latency (root=tmp3923) to 3 in order to utilize available DSP registers.
INFO: [HLS 200-486] Changing DSP latency (root=mul_ln65_527) to 3 in order to utilize available DSP registers.
INFO: [HLS 200-486] Changing DSP latency (root=tmp3955) to 3 in order to utilize available DSP registers.
INFO: [HLS 200-486] Changing DSP latency (root=tmp3957) to 3 in order to utilize available DSP registers.
INFO: [HLS 200-486] Changing DSP latency (root=tmp3930) to 3 in order to utilize available DSP registers.
INFO: [HLS 200-486] Changing DSP latency (root=mul_ln65_531) to 3 in order to utilize available DSP registers.
INFO: [HLS 200-486] Changing DSP latency (root=mul_ln65_532) to 3 in order to utilize available DSP registers.
INFO: [HLS 200-486] Changing DSP latency (root=tmp3926) to 3 in order to utilize available DSP registers.
INFO: [HLS 200-486] Changing DSP latency (root=mul_ln65_536) to 3 in order to utilize available DSP registers.
INFO: [HLS 200-486] Changing DSP latency (root=mul_ln65_537) to 3 in order to utilize available DSP registers.
INFO: [HLS 200-486] Changing DSP latency (root=mul_ln58_59) to 3 in order to utilize available DSP registers.
INFO: [HLS 200-486] Changing DSP latency (root=tmp3891) to 3 in order to utilize available DSP registers.
INFO: [HLS 200-486] Changing DSP latency (root=tmp3881) to 3 in order to utilize available DSP registers.
INFO: [HLS 200-486] Changing DSP latency (root=mul_ln65_513) to 3 in order to utilize available DSP registers.
INFO: [HLS 200-486] Changing DSP latency (root=tmp3913) to 3 in order to utilize available DSP registers.
INFO: [HLS 200-486] Changing DSP latency (root=tmp3915) to 3 in order to utilize available DSP registers.
INFO: [HLS 200-486] Changing DSP latency (root=tmp3888) to 3 in order to utilize available DSP registers.
INFO: [HLS 200-486] Changing DSP latency (root=mul_ln65_517) to 3 in order to utilize available DSP registers.
INFO: [HLS 200-486] Changing DSP latency (root=mul_ln65_518) to 3 in order to utilize available DSP registers.
INFO: [HLS 200-486] Changing DSP latency (root=tmp3884) to 3 in order to utilize available DSP registers.
INFO: [HLS 200-486] Changing DSP latency (root=mul_ln65_522) to 3 in order to utilize available DSP registers.
INFO: [HLS 200-486] Changing DSP latency (root=mul_ln65_523) to 3 in order to utilize available DSP registers.
INFO: [HLS 200-486] Changing DSP latency (root=mul_ln58_58) to 3 in order to utilize available DSP registers.
INFO: [HLS 200-486] Changing DSP latency (root=tmp3849) to 3 in order to utilize available DSP registers.
INFO: [HLS 200-486] Changing DSP latency (root=tmp3839) to 3 in order to utilize available DSP registers.
INFO: [HLS 200-486] Changing DSP latency (root=mul_ln65_499) to 3 in order to utilize available DSP registers.
INFO: [HLS 200-486] Changing DSP latency (root=tmp3871) to 3 in order to utilize available DSP registers.
INFO: [HLS 200-486] Changing DSP latency (root=tmp3873) to 3 in order to utilize available DSP registers.
INFO: [HLS 200-486] Changing DSP latency (root=tmp3846) to 3 in order to utilize available DSP registers.
INFO: [HLS 200-486] Changing DSP latency (root=mul_ln65_503) to 3 in order to utilize available DSP registers.
INFO: [HLS 200-486] Changing DSP latency (root=mul_ln65_504) to 3 in order to utilize available DSP registers.
INFO: [HLS 200-486] Changing DSP latency (root=tmp3842) to 3 in order to utilize available DSP registers.
INFO: [HLS 200-486] Changing DSP latency (root=mul_ln65_508) to 3 in order to utilize available DSP registers.
INFO: [HLS 200-486] Changing DSP latency (root=mul_ln65_509) to 3 in order to utilize available DSP registers.
INFO: [HLS 200-486] Changing DSP latency (root=mul_ln58_57) to 3 in order to utilize available DSP registers.
INFO: [HLS 200-486] Changing DSP latency (root=tmp3807) to 3 in order to utilize available DSP registers.
INFO: [HLS 200-486] Changing DSP latency (root=tmp3797) to 3 in order to utilize available DSP registers.
INFO: [HLS 200-486] Changing DSP latency (root=mul_ln65_485) to 3 in order to utilize available DSP registers.
INFO: [HLS 200-486] Changing DSP latency (root=tmp3829) to 3 in order to utilize available DSP registers.
INFO: [HLS 200-486] Changing DSP latency (root=tmp3831) to 3 in order to utilize available DSP registers.
INFO: [HLS 200-486] Changing DSP latency (root=tmp3804) to 3 in order to utilize available DSP registers.
INFO: [HLS 200-486] Changing DSP latency (root=mul_ln65_489) to 3 in order to utilize available DSP registers.
INFO: [HLS 200-486] Changing DSP latency (root=mul_ln65_490) to 3 in order to utilize available DSP registers.
INFO: [HLS 200-486] Changing DSP latency (root=tmp3800) to 3 in order to utilize available DSP registers.
INFO: [HLS 200-486] Changing DSP latency (root=mul_ln65_494) to 3 in order to utilize available DSP registers.
INFO: [HLS 200-486] Changing DSP latency (root=mul_ln65_495) to 3 in order to utilize available DSP registers.
INFO: [HLS 200-486] Changing DSP latency (root=mul_ln58_56) to 3 in order to utilize available DSP registers.
INFO: [HLS 200-486] Changing DSP latency (root=tmp3765) to 3 in order to utilize available DSP registers.
INFO: [HLS 200-486] Changing DSP latency (root=tmp3755) to 3 in order to utilize available DSP registers.
INFO: [HLS 200-486] Changing DSP latency (root=mul_ln65_471) to 3 in order to utilize available DSP registers.
INFO: [HLS 200-486] Changing DSP latency (root=tmp3787) to 3 in order to utilize available DSP registers.
INFO: [HLS 200-486] Changing DSP latency (root=tmp3789) to 3 in order to utilize available DSP registers.
INFO: [HLS 200-486] Changing DSP latency (root=tmp3762) to 3 in order to utilize available DSP registers.
INFO: [HLS 200-486] Changing DSP latency (root=mul_ln65_475) to 3 in order to utilize available DSP registers.
INFO: [HLS 200-486] Changing DSP latency (root=mul_ln65_476) to 3 in order to utilize available DSP registers.
INFO: [HLS 200-486] Changing DSP latency (root=tmp3758) to 3 in order to utilize available DSP registers.
INFO: [HLS 200-486] Changing DSP latency (root=mul_ln65_480) to 3 in order to utilize available DSP registers.
INFO: [HLS 200-486] Changing DSP latency (root=mul_ln65_481) to 3 in order to utilize available DSP registers.
INFO: [HLS 200-486] Changing DSP latency (root=mul_ln58_55) to 3 in order to utilize available DSP registers.
INFO: [HLS 200-486] Changing DSP latency (root=tmp3723) to 3 in order to utilize available DSP registers.
INFO: [HLS 200-486] Changing DSP latency (root=tmp3713) to 3 in order to utilize available DSP registers.
INFO: [HLS 200-486] Changing DSP latency (root=mul_ln65_457) to 3 in order to utilize available DSP registers.
INFO: [HLS 200-486] Changing DSP latency (root=tmp3745) to 3 in order to utilize available DSP registers.
INFO: [HLS 200-486] Changing DSP latency (root=tmp3747) to 3 in order to utilize available DSP registers.
INFO: [HLS 200-486] Changing DSP latency (root=tmp3720) to 3 in order to utilize available DSP registers.
INFO: [HLS 200-486] Changing DSP latency (root=mul_ln65_461) to 3 in order to utilize available DSP registers.
INFO: [HLS 200-486] Changing DSP latency (root=mul_ln65_462) to 3 in order to utilize available DSP registers.
INFO: [HLS 200-486] Changing DSP latency (root=tmp3716) to 3 in order to utilize available DSP registers.
INFO: [HLS 200-486] Changing DSP latency (root=mul_ln65_466) to 3 in order to utilize available DSP registers.
INFO: [HLS 200-486] Changing DSP latency (root=mul_ln65_467) to 3 in order to utilize available DSP registers.
INFO: [HLS 200-486] Changing DSP latency (root=mul_ln58_54) to 3 in order to utilize available DSP registers.
INFO: [HLS 200-486] Changing DSP latency (root=tmp3681) to 3 in order to utilize available DSP registers.
INFO: [HLS 200-486] Changing DSP latency (root=tmp3671) to 3 in order to utilize available DSP registers.
INFO: [HLS 200-486] Changing DSP latency (root=mul_ln65_443) to 3 in order to utilize available DSP registers.
INFO: [HLS 200-486] Changing DSP latency (root=tmp3703) to 3 in order to utilize available DSP registers.
INFO: [HLS 200-486] Changing DSP latency (root=tmp3705) to 3 in order to utilize available DSP registers.
INFO: [HLS 200-486] Changing DSP latency (root=tmp3678) to 3 in order to utilize available DSP registers.
INFO: [HLS 200-486] Changing DSP latency (root=mul_ln65_447) to 3 in order to utilize available DSP registers.
INFO: [HLS 200-486] Changing DSP latency (root=mul_ln65_448) to 3 in order to utilize available DSP registers.
INFO: [HLS 200-486] Changing DSP latency (root=tmp3674) to 3 in order to utilize available DSP registers.
INFO: [HLS 200-486] Changing DSP latency (root=mul_ln65_452) to 3 in order to utilize available DSP registers.
INFO: [HLS 200-486] Changing DSP latency (root=mul_ln65_453) to 3 in order to utilize available DSP registers.
INFO: [HLS 200-486] Changing DSP latency (root=mul_ln58_53) to 3 in order to utilize available DSP registers.
INFO: [HLS 200-486] Changing DSP latency (root=tmp3639) to 3 in order to utilize available DSP registers.
INFO: [HLS 200-486] Changing DSP latency (root=tmp3629) to 3 in order to utilize available DSP registers.
INFO: [HLS 200-486] Changing DSP latency (root=mul_ln65_429) to 3 in order to utilize available DSP registers.
INFO: [HLS 200-486] Changing DSP latency (root=tmp3661) to 3 in order to utilize available DSP registers.
INFO: [HLS 200-486] Changing DSP latency (root=tmp3663) to 3 in order to utilize available DSP registers.
INFO: [HLS 200-486] Changing DSP latency (root=tmp3636) to 3 in order to utilize available DSP registers.
INFO: [HLS 200-486] Changing DSP latency (root=mul_ln65_433) to 3 in order to utilize available DSP registers.
INFO: [HLS 200-486] Changing DSP latency (root=mul_ln65_434) to 3 in order to utilize available DSP registers.
INFO: [HLS 200-486] Changing DSP latency (root=tmp3632) to 3 in order to utilize available DSP registers.
INFO: [HLS 200-486] Changing DSP latency (root=mul_ln65_438) to 3 in order to utilize available DSP registers.
INFO: [HLS 200-486] Changing DSP latency (root=mul_ln65_439) to 3 in order to utilize available DSP registers.
INFO: [HLS 200-486] Changing DSP latency (root=mul_ln58_52) to 3 in order to utilize available DSP registers.
INFO: [HLS 200-486] Changing DSP latency (root=tmp3597) to 3 in order to utilize available DSP registers.
INFO: [HLS 200-486] Changing DSP latency (root=tmp3587) to 3 in order to utilize available DSP registers.
INFO: [HLS 200-486] Changing DSP latency (root=mul_ln65_415) to 3 in order to utilize available DSP registers.
INFO: [HLS 200-486] Changing DSP latency (root=tmp3619) to 3 in order to utilize available DSP registers.
INFO: [HLS 200-486] Changing DSP latency (root=tmp3621) to 3 in order to utilize available DSP registers.
INFO: [HLS 200-486] Changing DSP latency (root=tmp3594) to 3 in order to utilize available DSP registers.
INFO: [HLS 200-486] Changing DSP latency (root=mul_ln65_419) to 3 in order to utilize available DSP registers.
INFO: [HLS 200-486] Changing DSP latency (root=mul_ln65_420) to 3 in order to utilize available DSP registers.
INFO: [HLS 200-486] Changing DSP latency (root=tmp3590) to 3 in order to utilize available DSP registers.
INFO: [HLS 200-486] Changing DSP latency (root=mul_ln65_424) to 3 in order to utilize available DSP registers.
INFO: [HLS 200-486] Changing DSP latency (root=mul_ln65_425) to 3 in order to utilize available DSP registers.
INFO: [HLS 200-486] Changing DSP latency (root=mul_ln58_51) to 3 in order to utilize available DSP registers.
INFO: [HLS 200-486] Changing DSP latency (root=tmp3555) to 3 in order to utilize available DSP registers.
INFO: [HLS 200-486] Changing DSP latency (root=tmp3545) to 3 in order to utilize available DSP registers.
INFO: [HLS 200-486] Changing DSP latency (root=mul_ln65_401) to 3 in order to utilize available DSP registers.
INFO: [HLS 200-486] Changing DSP latency (root=tmp3577) to 3 in order to utilize available DSP registers.
INFO: [HLS 200-486] Changing DSP latency (root=tmp3579) to 3 in order to utilize available DSP registers.
INFO: [HLS 200-486] Changing DSP latency (root=tmp3552) to 3 in order to utilize available DSP registers.
INFO: [HLS 200-486] Changing DSP latency (root=mul_ln65_405) to 3 in order to utilize available DSP registers.
INFO: [HLS 200-486] Changing DSP latency (root=mul_ln65_406) to 3 in order to utilize available DSP registers.
INFO: [HLS 200-486] Changing DSP latency (root=tmp3548) to 3 in order to utilize available DSP registers.
INFO: [HLS 200-486] Changing DSP latency (root=mul_ln65_410) to 3 in order to utilize available DSP registers.
INFO: [HLS 200-486] Changing DSP latency (root=mul_ln65_411) to 3 in order to utilize available DSP registers.
INFO: [HLS 200-486] Changing DSP latency (root=mul_ln58_50) to 3 in order to utilize available DSP registers.
INFO: [HLS 200-486] Changing DSP latency (root=tmp3513) to 3 in order to utilize available DSP registers.
INFO: [HLS 200-486] Changing DSP latency (root=tmp3503) to 3 in order to utilize available DSP registers.
INFO: [HLS 200-486] Changing DSP latency (root=mul_ln65_387) to 3 in order to utilize available DSP registers.
INFO: [HLS 200-486] Changing DSP latency (root=tmp3535) to 3 in order to utilize available DSP registers.
INFO: [HLS 200-486] Changing DSP latency (root=tmp3537) to 3 in order to utilize available DSP registers.
INFO: [HLS 200-486] Changing DSP latency (root=tmp3510) to 3 in order to utilize available DSP registers.
INFO: [HLS 200-486] Changing DSP latency (root=mul_ln65_391) to 3 in order to utilize available DSP registers.
INFO: [HLS 200-486] Changing DSP latency (root=mul_ln65_392) to 3 in order to utilize available DSP registers.
INFO: [HLS 200-486] Changing DSP latency (root=tmp3506) to 3 in order to utilize available DSP registers.
INFO: [HLS 200-486] Changing DSP latency (root=mul_ln65_396) to 3 in order to utilize available DSP registers.
INFO: [HLS 200-486] Changing DSP latency (root=mul_ln65_397) to 3 in order to utilize available DSP registers.
INFO: [HLS 200-486] Changing DSP latency (root=mul_ln58_49) to 3 in order to utilize available DSP registers.
INFO: [HLS 200-486] Changing DSP latency (root=tmp3471) to 3 in order to utilize available DSP registers.
INFO: [HLS 200-486] Changing DSP latency (root=tmp3461) to 3 in order to utilize available DSP registers.
INFO: [HLS 200-486] Changing DSP latency (root=mul_ln65_373) to 3 in order to utilize available DSP registers.
INFO: [HLS 200-486] Changing DSP latency (root=tmp3493) to 3 in order to utilize available DSP registers.
INFO: [HLS 200-486] Changing DSP latency (root=tmp3495) to 3 in order to utilize available DSP registers.
INFO: [HLS 200-486] Changing DSP latency (root=tmp3468) to 3 in order to utilize available DSP registers.
INFO: [HLS 200-486] Changing DSP latency (root=mul_ln65_377) to 3 in order to utilize available DSP registers.
INFO: [HLS 200-486] Changing DSP latency (root=mul_ln65_378) to 3 in order to utilize available DSP registers.
INFO: [HLS 200-486] Changing DSP latency (root=tmp3464) to 3 in order to utilize available DSP registers.
INFO: [HLS 200-486] Changing DSP latency (root=mul_ln65_382) to 3 in order to utilize available DSP registers.
INFO: [HLS 200-486] Changing DSP latency (root=mul_ln65_383) to 3 in order to utilize available DSP registers.
INFO: [HLS 200-486] Changing DSP latency (root=mul_ln58_48) to 3 in order to utilize available DSP registers.
INFO: [HLS 200-486] Changing DSP latency (root=tmp3429) to 3 in order to utilize available DSP registers.
INFO: [HLS 200-486] Changing DSP latency (root=tmp3419) to 3 in order to utilize available DSP registers.
INFO: [HLS 200-486] Changing DSP latency (root=mul_ln65_359) to 3 in order to utilize available DSP registers.
INFO: [HLS 200-486] Changing DSP latency (root=tmp3451) to 3 in order to utilize available DSP registers.
INFO: [HLS 200-486] Changing DSP latency (root=tmp3453) to 3 in order to utilize available DSP registers.
INFO: [HLS 200-486] Changing DSP latency (root=tmp3426) to 3 in order to utilize available DSP registers.
INFO: [HLS 200-486] Changing DSP latency (root=mul_ln65_363) to 3 in order to utilize available DSP registers.
INFO: [HLS 200-486] Changing DSP latency (root=mul_ln65_364) to 3 in order to utilize available DSP registers.
INFO: [HLS 200-486] Changing DSP latency (root=tmp3422) to 3 in order to utilize available DSP registers.
INFO: [HLS 200-486] Changing DSP latency (root=mul_ln65_368) to 3 in order to utilize available DSP registers.
INFO: [HLS 200-486] Changing DSP latency (root=mul_ln65_369) to 3 in order to utilize available DSP registers.
INFO: [HLS 200-486] Changing DSP latency (root=mul_ln58_47) to 3 in order to utilize available DSP registers.
INFO: [HLS 200-486] Changing DSP latency (root=tmp3387) to 3 in order to utilize available DSP registers.
INFO: [HLS 200-486] Changing DSP latency (root=tmp3377) to 3 in order to utilize available DSP registers.
INFO: [HLS 200-486] Changing DSP latency (root=mul_ln65_345) to 3 in order to utilize available DSP registers.
INFO: [HLS 200-486] Changing DSP latency (root=tmp3409) to 3 in order to utilize available DSP registers.
INFO: [HLS 200-486] Changing DSP latency (root=tmp3411) to 3 in order to utilize available DSP registers.
INFO: [HLS 200-486] Changing DSP latency (root=tmp3384) to 3 in order to utilize available DSP registers.
INFO: [HLS 200-486] Changing DSP latency (root=mul_ln65_349) to 3 in order to utilize available DSP registers.
INFO: [HLS 200-486] Changing DSP latency (root=mul_ln65_350) to 3 in order to utilize available DSP registers.
INFO: [HLS 200-486] Changing DSP latency (root=tmp3380) to 3 in order to utilize available DSP registers.
INFO: [HLS 200-486] Changing DSP latency (root=mul_ln65_354) to 3 in order to utilize available DSP registers.
INFO: [HLS 200-486] Changing DSP latency (root=mul_ln65_355) to 3 in order to utilize available DSP registers.
INFO: [HLS 200-486] Changing DSP latency (root=mul_ln58_46) to 3 in order to utilize available DSP registers.
INFO: [HLS 200-486] Changing DSP latency (root=tmp3345) to 3 in order to utilize available DSP registers.
INFO: [HLS 200-486] Changing DSP latency (root=tmp3335) to 3 in order to utilize available DSP registers.
INFO: [HLS 200-486] Changing DSP latency (root=mul_ln65_331) to 3 in order to utilize available DSP registers.
INFO: [HLS 200-486] Changing DSP latency (root=tmp3367) to 3 in order to utilize available DSP registers.
INFO: [HLS 200-486] Changing DSP latency (root=tmp3369) to 3 in order to utilize available DSP registers.
INFO: [HLS 200-486] Changing DSP latency (root=tmp3342) to 3 in order to utilize available DSP registers.
INFO: [HLS 200-486] Changing DSP latency (root=mul_ln65_335) to 3 in order to utilize available DSP registers.
INFO: [HLS 200-486] Changing DSP latency (root=mul_ln65_336) to 3 in order to utilize available DSP registers.
INFO: [HLS 200-486] Changing DSP latency (root=tmp3338) to 3 in order to utilize available DSP registers.
INFO: [HLS 200-486] Changing DSP latency (root=mul_ln65_340) to 3 in order to utilize available DSP registers.
INFO: [HLS 200-486] Changing DSP latency (root=mul_ln65_341) to 3 in order to utilize available DSP registers.
INFO: [HLS 200-486] Changing DSP latency (root=mul_ln58_45) to 3 in order to utilize available DSP registers.
INFO: [HLS 200-486] Changing DSP latency (root=mul_ln65_329) to 3 in order to utilize available DSP registers.
INFO: [HLS 200-486] Changing DSP latency (root=mul_ln65_324) to 3 in order to utilize available DSP registers.
INFO: [HLS 200-486] Changing DSP latency (root=tmp3290) to 3 in order to utilize available DSP registers.
INFO: [HLS 200-486] Changing DSP latency (root=tmp3287) to 3 in order to utilize available DSP registers.
INFO: [HLS 200-486] Changing DSP latency (root=tmp3282) to 3 in order to utilize available DSP registers.
INFO: [HLS 200-486] Changing DSP latency (root=tmp3316) to 3 in order to utilize available DSP registers.
INFO: [HLS 200-486] Changing DSP latency (root=tmp3324) to 3 in order to utilize available DSP registers.
INFO: [HLS 200-486] Changing DSP latency (root=mul_ln58_314) to 3 in order to utilize available DSP registers.
INFO: [HLS 200-486] Changing DSP latency (root=mul_ln65_327) to 3 in order to utilize available DSP registers.
INFO: [HLS 200-486] Changing DSP latency (root=mul_ln65_328) to 3 in order to utilize available DSP registers.
INFO: [HLS 200-486] Changing DSP latency (root=mul_ln58_44) to 3 in order to utilize available DSP registers.
INFO: [HLS 200-486] Changing DSP latency (root=mul_ln65_323) to 3 in order to utilize available DSP registers.
INFO: [HLS 200-486] Changing DSP latency (root=mul_ln65_318) to 3 in order to utilize available DSP registers.
INFO: [HLS 200-486] Changing DSP latency (root=tmp3235) to 3 in order to utilize available DSP registers.
INFO: [HLS 200-486] Changing DSP latency (root=tmp3232) to 3 in order to utilize available DSP registers.
INFO: [HLS 200-486] Changing DSP latency (root=tmp3227) to 3 in order to utilize available DSP registers.
INFO: [HLS 200-486] Changing DSP latency (root=tmp3261) to 3 in order to utilize available DSP registers.
INFO: [HLS 200-486] Changing DSP latency (root=tmp3269) to 3 in order to utilize available DSP registers.
INFO: [HLS 200-486] Changing DSP latency (root=mul_ln58_312) to 3 in order to utilize available DSP registers.
INFO: [HLS 200-486] Changing DSP latency (root=mul_ln65_321) to 3 in order to utilize available DSP registers.
INFO: [HLS 200-486] Changing DSP latency (root=mul_ln65_322) to 3 in order to utilize available DSP registers.
INFO: [HLS 200-486] Changing DSP latency (root=mul_ln58_43) to 3 in order to utilize available DSP registers.
INFO: [HLS 200-486] Changing DSP latency (root=mul_ln65_317) to 3 in order to utilize available DSP registers.
INFO: [HLS 200-486] Changing DSP latency (root=mul_ln65_312) to 3 in order to utilize available DSP registers.
INFO: [HLS 200-486] Changing DSP latency (root=tmp3180) to 3 in order to utilize available DSP registers.
INFO: [HLS 200-486] Changing DSP latency (root=tmp3177) to 3 in order to utilize available DSP registers.
INFO: [HLS 200-486] Changing DSP latency (root=tmp3172) to 3 in order to utilize available DSP registers.
INFO: [HLS 200-486] Changing DSP latency (root=tmp3206) to 3 in order to utilize available DSP registers.
INFO: [HLS 200-486] Changing DSP latency (root=tmp3214) to 3 in order to utilize available DSP registers.
INFO: [HLS 200-486] Changing DSP latency (root=mul_ln58_310) to 3 in order to utilize available DSP registers.
INFO: [HLS 200-486] Changing DSP latency (root=mul_ln65_315) to 3 in order to utilize available DSP registers.
INFO: [HLS 200-486] Changing DSP latency (root=mul_ln65_316) to 3 in order to utilize available DSP registers.
INFO: [HLS 200-486] Changing DSP latency (root=mul_ln58_42) to 3 in order to utilize available DSP registers.
INFO: [HLS 200-486] Changing DSP latency (root=mul_ln65_311) to 3 in order to utilize available DSP registers.
INFO: [HLS 200-486] Changing DSP latency (root=mul_ln65_306) to 3 in order to utilize available DSP registers.
INFO: [HLS 200-486] Changing DSP latency (root=tmp3125) to 3 in order to utilize available DSP registers.
INFO: [HLS 200-486] Changing DSP latency (root=tmp3122) to 3 in order to utilize available DSP registers.
INFO: [HLS 200-486] Changing DSP latency (root=tmp3117) to 3 in order to utilize available DSP registers.
INFO: [HLS 200-486] Changing DSP latency (root=tmp3151) to 3 in order to utilize available DSP registers.
INFO: [HLS 200-486] Changing DSP latency (root=tmp3159) to 3 in order to utilize available DSP registers.
INFO: [HLS 200-486] Changing DSP latency (root=mul_ln58_308) to 3 in order to utilize available DSP registers.
INFO: [HLS 200-486] Changing DSP latency (root=mul_ln65_309) to 3 in order to utilize available DSP registers.
INFO: [HLS 200-486] Changing DSP latency (root=mul_ln65_310) to 3 in order to utilize available DSP registers.
INFO: [HLS 200-486] Changing DSP latency (root=mul_ln58_41) to 3 in order to utilize available DSP registers.
INFO: [HLS 200-486] Changing DSP latency (root=mul_ln65_305) to 3 in order to utilize available DSP registers.
INFO: [HLS 200-486] Changing DSP latency (root=mul_ln65_300) to 3 in order to utilize available DSP registers.
INFO: [HLS 200-486] Changing DSP latency (root=tmp3070) to 3 in order to utilize available DSP registers.
INFO: [HLS 200-486] Changing DSP latency (root=tmp3067) to 3 in order to utilize available DSP registers.
INFO: [HLS 200-486] Changing DSP latency (root=tmp3062) to 3 in order to utilize available DSP registers.
INFO: [HLS 200-486] Changing DSP latency (root=tmp3096) to 3 in order to utilize available DSP registers.
INFO: [HLS 200-486] Changing DSP latency (root=tmp3104) to 3 in order to utilize available DSP registers.
INFO: [HLS 200-486] Changing DSP latency (root=mul_ln58_306) to 3 in order to utilize available DSP registers.
INFO: [HLS 200-486] Changing DSP latency (root=mul_ln65_303) to 3 in order to utilize available DSP registers.
INFO: [HLS 200-486] Changing DSP latency (root=mul_ln65_304) to 3 in order to utilize available DSP registers.
INFO: [HLS 200-486] Changing DSP latency (root=mul_ln58_40) to 3 in order to utilize available DSP registers.
INFO: [HLS 200-486] Changing DSP latency (root=mul_ln65_299) to 3 in order to utilize available DSP registers.
INFO: [HLS 200-486] Changing DSP latency (root=mul_ln65_294) to 3 in order to utilize available DSP registers.
INFO: [HLS 200-486] Changing DSP latency (root=tmp3015) to 3 in order to utilize available DSP registers.
INFO: [HLS 200-486] Changing DSP latency (root=tmp3012) to 3 in order to utilize available DSP registers.
INFO: [HLS 200-486] Changing DSP latency (root=tmp3007) to 3 in order to utilize available DSP registers.
INFO: [HLS 200-486] Changing DSP latency (root=tmp3041) to 3 in order to utilize available DSP registers.
INFO: [HLS 200-486] Changing DSP latency (root=tmp3049) to 3 in order to utilize available DSP registers.
INFO: [HLS 200-486] Changing DSP latency (root=mul_ln58_304) to 3 in order to utilize available DSP registers.
INFO: [HLS 200-486] Changing DSP latency (root=mul_ln65_297) to 3 in order to utilize available DSP registers.
INFO: [HLS 200-486] Changing DSP latency (root=mul_ln65_298) to 3 in order to utilize available DSP registers.
INFO: [HLS 200-486] Changing DSP latency (root=mul_ln58_39) to 3 in order to utilize available DSP registers.
INFO: [HLS 200-486] Changing DSP latency (root=mul_ln65_293) to 3 in order to utilize available DSP registers.
INFO: [HLS 200-486] Changing DSP latency (root=mul_ln65_288) to 3 in order to utilize available DSP registers.
INFO: [HLS 200-486] Changing DSP latency (root=tmp2960) to 3 in order to utilize available DSP registers.
INFO: [HLS 200-486] Changing DSP latency (root=tmp2957) to 3 in order to utilize available DSP registers.
INFO: [HLS 200-486] Changing DSP latency (root=tmp2952) to 3 in order to utilize available DSP registers.
INFO: [HLS 200-486] Changing DSP latency (root=tmp2986) to 3 in order to utilize available DSP registers.
INFO: [HLS 200-486] Changing DSP latency (root=tmp2994) to 3 in order to utilize available DSP registers.
INFO: [HLS 200-486] Changing DSP latency (root=mul_ln58_302) to 3 in order to utilize available DSP registers.
INFO: [HLS 200-486] Changing DSP latency (root=mul_ln65_291) to 3 in order to utilize available DSP registers.
INFO: [HLS 200-486] Changing DSP latency (root=mul_ln65_292) to 3 in order to utilize available DSP registers.
INFO: [HLS 200-486] Changing DSP latency (root=mul_ln58_38) to 3 in order to utilize available DSP registers.
INFO: [HLS 200-486] Changing DSP latency (root=mul_ln65_287) to 3 in order to utilize available DSP registers.
INFO: [HLS 200-486] Changing DSP latency (root=mul_ln65_282) to 3 in order to utilize available DSP registers.
INFO: [HLS 200-486] Changing DSP latency (root=tmp2905) to 3 in order to utilize available DSP registers.
INFO: [HLS 200-486] Changing DSP latency (root=tmp2902) to 3 in order to utilize available DSP registers.
INFO: [HLS 200-486] Changing DSP latency (root=tmp2897) to 3 in order to utilize available DSP registers.
INFO: [HLS 200-486] Changing DSP latency (root=tmp2931) to 3 in order to utilize available DSP registers.
INFO: [HLS 200-486] Changing DSP latency (root=tmp2939) to 3 in order to utilize available DSP registers.
INFO: [HLS 200-486] Changing DSP latency (root=mul_ln58_300) to 3 in order to utilize available DSP registers.
INFO: [HLS 200-486] Changing DSP latency (root=mul_ln65_285) to 3 in order to utilize available DSP registers.
INFO: [HLS 200-486] Changing DSP latency (root=mul_ln65_286) to 3 in order to utilize available DSP registers.
INFO: [HLS 200-486] Changing DSP latency (root=mul_ln58_37) to 3 in order to utilize available DSP registers.
INFO: [HLS 200-486] Changing DSP latency (root=mul_ln65_281) to 3 in order to utilize available DSP registers.
INFO: [HLS 200-486] Changing DSP latency (root=mul_ln65_276) to 3 in order to utilize available DSP registers.
INFO: [HLS 200-486] Changing DSP latency (root=tmp2850) to 3 in order to utilize available DSP registers.
INFO: [HLS 200-486] Changing DSP latency (root=tmp2847) to 3 in order to utilize available DSP registers.
INFO: [HLS 200-486] Changing DSP latency (root=tmp2842) to 3 in order to utilize available DSP registers.
INFO: [HLS 200-486] Changing DSP latency (root=tmp2876) to 3 in order to utilize available DSP registers.
INFO: [HLS 200-486] Changing DSP latency (root=tmp2884) to 3 in order to utilize available DSP registers.
INFO: [HLS 200-486] Changing DSP latency (root=mul_ln58_298) to 3 in order to utilize available DSP registers.
INFO: [HLS 200-486] Changing DSP latency (root=mul_ln65_279) to 3 in order to utilize available DSP registers.
INFO: [HLS 200-486] Changing DSP latency (root=mul_ln65_280) to 3 in order to utilize available DSP registers.
INFO: [HLS 200-486] Changing DSP latency (root=mul_ln58_36) to 3 in order to utilize available DSP registers.
INFO: [HLS 200-486] Changing DSP latency (root=mul_ln65_275) to 3 in order to utilize available DSP registers.
INFO: [HLS 200-486] Changing DSP latency (root=mul_ln65_270) to 3 in order to utilize available DSP registers.
INFO: [HLS 200-486] Changing DSP latency (root=tmp2795) to 3 in order to utilize available DSP registers.
INFO: [HLS 200-486] Changing DSP latency (root=tmp2792) to 3 in order to utilize available DSP registers.
INFO: [HLS 200-486] Changing DSP latency (root=tmp2787) to 3 in order to utilize available DSP registers.
INFO: [HLS 200-486] Changing DSP latency (root=tmp2821) to 3 in order to utilize available DSP registers.
INFO: [HLS 200-486] Changing DSP latency (root=tmp2829) to 3 in order to utilize available DSP registers.
INFO: [HLS 200-486] Changing DSP latency (root=mul_ln58_296) to 3 in order to utilize available DSP registers.
INFO: [HLS 200-486] Changing DSP latency (root=mul_ln65_273) to 3 in order to utilize available DSP registers.
INFO: [HLS 200-486] Changing DSP latency (root=mul_ln65_274) to 3 in order to utilize available DSP registers.
INFO: [HLS 200-486] Changing DSP latency (root=mul_ln58_35) to 3 in order to utilize available DSP registers.
INFO: [HLS 200-486] Changing DSP latency (root=mul_ln65_269) to 3 in order to utilize available DSP registers.
INFO: [HLS 200-486] Changing DSP latency (root=mul_ln65_264) to 3 in order to utilize available DSP registers.
INFO: [HLS 200-486] Changing DSP latency (root=tmp2740) to 3 in order to utilize available DSP registers.
INFO: [HLS 200-486] Changing DSP latency (root=tmp2737) to 3 in order to utilize available DSP registers.
INFO: [HLS 200-486] Changing DSP latency (root=tmp2732) to 3 in order to utilize available DSP registers.
INFO: [HLS 200-486] Changing DSP latency (root=tmp2766) to 3 in order to utilize available DSP registers.
INFO: [HLS 200-486] Changing DSP latency (root=tmp2774) to 3 in order to utilize available DSP registers.
INFO: [HLS 200-486] Changing DSP latency (root=mul_ln58_294) to 3 in order to utilize available DSP registers.
INFO: [HLS 200-486] Changing DSP latency (root=mul_ln65_267) to 3 in order to utilize available DSP registers.
INFO: [HLS 200-486] Changing DSP latency (root=mul_ln65_268) to 3 in order to utilize available DSP registers.
INFO: [HLS 200-486] Changing DSP latency (root=mul_ln58_34) to 3 in order to utilize available DSP registers.
INFO: [HLS 200-486] Changing DSP latency (root=mul_ln65_263) to 3 in order to utilize available DSP registers.
INFO: [HLS 200-486] Changing DSP latency (root=mul_ln65_258) to 3 in order to utilize available DSP registers.
INFO: [HLS 200-486] Changing DSP latency (root=tmp2685) to 3 in order to utilize available DSP registers.
INFO: [HLS 200-486] Changing DSP latency (root=tmp2682) to 3 in order to utilize available DSP registers.
INFO: [HLS 200-486] Changing DSP latency (root=tmp2677) to 3 in order to utilize available DSP registers.
INFO: [HLS 200-486] Changing DSP latency (root=tmp2711) to 3 in order to utilize available DSP registers.
INFO: [HLS 200-486] Changing DSP latency (root=tmp2719) to 3 in order to utilize available DSP registers.
INFO: [HLS 200-486] Changing DSP latency (root=mul_ln58_292) to 3 in order to utilize available DSP registers.
INFO: [HLS 200-486] Changing DSP latency (root=mul_ln65_261) to 3 in order to utilize available DSP registers.
INFO: [HLS 200-486] Changing DSP latency (root=mul_ln65_262) to 3 in order to utilize available DSP registers.
INFO: [HLS 200-486] Changing DSP latency (root=mul_ln58_33) to 3 in order to utilize available DSP registers.
INFO: [HLS 200-486] Changing DSP latency (root=mul_ln65_257) to 3 in order to utilize available DSP registers.
INFO: [HLS 200-486] Changing DSP latency (root=mul_ln65_252) to 3 in order to utilize available DSP registers.
INFO: [HLS 200-486] Changing DSP latency (root=tmp2630) to 3 in order to utilize available DSP registers.
INFO: [HLS 200-486] Changing DSP latency (root=tmp2627) to 3 in order to utilize available DSP registers.
INFO: [HLS 200-486] Changing DSP latency (root=tmp2622) to 3 in order to utilize available DSP registers.
INFO: [HLS 200-486] Changing DSP latency (root=tmp2656) to 3 in order to utilize available DSP registers.
INFO: [HLS 200-486] Changing DSP latency (root=tmp2664) to 3 in order to utilize available DSP registers.
INFO: [HLS 200-486] Changing DSP latency (root=mul_ln58_290) to 3 in order to utilize available DSP registers.
INFO: [HLS 200-486] Changing DSP latency (root=mul_ln65_255) to 3 in order to utilize available DSP registers.
INFO: [HLS 200-486] Changing DSP latency (root=mul_ln65_256) to 3 in order to utilize available DSP registers.
INFO: [HLS 200-486] Changing DSP latency (root=mul_ln58_32) to 3 in order to utilize available DSP registers.
INFO: [HLS 200-486] Changing DSP latency (root=mul_ln65_251) to 3 in order to utilize available DSP registers.
INFO: [HLS 200-486] Changing DSP latency (root=mul_ln65_246) to 3 in order to utilize available DSP registers.
INFO: [HLS 200-486] Changing DSP latency (root=tmp2575) to 3 in order to utilize available DSP registers.
INFO: [HLS 200-486] Changing DSP latency (root=tmp2572) to 3 in order to utilize available DSP registers.
INFO: [HLS 200-486] Changing DSP latency (root=tmp2567) to 3 in order to utilize available DSP registers.
INFO: [HLS 200-486] Changing DSP latency (root=tmp2601) to 3 in order to utilize available DSP registers.
INFO: [HLS 200-486] Changing DSP latency (root=tmp2609) to 3 in order to utilize available DSP registers.
INFO: [HLS 200-486] Changing DSP latency (root=mul_ln58_288) to 3 in order to utilize available DSP registers.
INFO: [HLS 200-486] Changing DSP latency (root=mul_ln65_249) to 3 in order to utilize available DSP registers.
INFO: [HLS 200-486] Changing DSP latency (root=mul_ln65_250) to 3 in order to utilize available DSP registers.
INFO: [HLS 200-486] Changing DSP latency (root=mul_ln58_31) to 3 in order to utilize available DSP registers.
INFO: [HLS 200-486] Changing DSP latency (root=mul_ln65_245) to 3 in order to utilize available DSP registers.
INFO: [HLS 200-486] Changing DSP latency (root=mul_ln65_240) to 3 in order to utilize available DSP registers.
INFO: [HLS 200-486] Changing DSP latency (root=tmp2520) to 3 in order to utilize available DSP registers.
INFO: [HLS 200-486] Changing DSP latency (root=tmp2517) to 3 in order to utilize available DSP registers.
INFO: [HLS 200-486] Changing DSP latency (root=tmp2512) to 3 in order to utilize available DSP registers.
INFO: [HLS 200-486] Changing DSP latency (root=tmp2546) to 3 in order to utilize available DSP registers.
INFO: [HLS 200-486] Changing DSP latency (root=tmp2554) to 3 in order to utilize available DSP registers.
INFO: [HLS 200-486] Changing DSP latency (root=mul_ln58_286) to 3 in order to utilize available DSP registers.
INFO: [HLS 200-486] Changing DSP latency (root=mul_ln65_243) to 3 in order to utilize available DSP registers.
INFO: [HLS 200-486] Changing DSP latency (root=mul_ln65_244) to 3 in order to utilize available DSP registers.
INFO: [HLS 200-486] Changing DSP latency (root=mul_ln58_30) to 3 in order to utilize available DSP registers.
INFO: [HLS 200-486] Changing DSP latency (root=acc_7316) to 3 in order to utilize available DSP registers.
INFO: [HLS 200-486] Changing DSP latency (root=mul_ln65_232) to 3 in order to utilize available DSP registers.
INFO: [HLS 200-486] Changing DSP latency (root=mul_ln65_231) to 3 in order to utilize available DSP registers.
INFO: [HLS 200-486] Changing DSP latency (root=tmp2497) to 3 in order to utilize available DSP registers.
INFO: [HLS 200-486] Changing DSP latency (root=mul_ln65_233) to 3 in order to utilize available DSP registers.
INFO: [HLS 200-486] Changing DSP latency (root=tmp2479) to 3 in order to utilize available DSP registers.
INFO: [HLS 200-486] Changing DSP latency (root=mul_ln65_236) to 3 in order to utilize available DSP registers.
INFO: [HLS 200-486] Changing DSP latency (root=acc_7315) to 3 in order to utilize available DSP registers.
INFO: [HLS 200-486] Changing DSP latency (root=mul_ln65_222) to 3 in order to utilize available DSP registers.
INFO: [HLS 200-486] Changing DSP latency (root=mul_ln65_221) to 3 in order to utilize available DSP registers.
INFO: [HLS 200-486] Changing DSP latency (root=tmp2452) to 3 in order to utilize available DSP registers.
INFO: [HLS 200-486] Changing DSP latency (root=mul_ln65_223) to 3 in order to utilize available DSP registers.
INFO: [HLS 200-486] Changing DSP latency (root=tmp2434) to 3 in order to utilize available DSP registers.
INFO: [HLS 200-486] Changing DSP latency (root=mul_ln65_226) to 3 in order to utilize available DSP registers.
INFO: [HLS 200-486] Changing DSP latency (root=acc_7314) to 3 in order to utilize available DSP registers.
INFO: [HLS 200-486] Changing DSP latency (root=mul_ln65_212) to 3 in order to utilize available DSP registers.
INFO: [HLS 200-486] Changing DSP latency (root=mul_ln65_211) to 3 in order to utilize available DSP registers.
INFO: [HLS 200-486] Changing DSP latency (root=tmp2407) to 3 in order to utilize available DSP registers.
INFO: [HLS 200-486] Changing DSP latency (root=mul_ln65_213) to 3 in order to utilize available DSP registers.
INFO: [HLS 200-486] Changing DSP latency (root=tmp2389) to 3 in order to utilize available DSP registers.
INFO: [HLS 200-486] Changing DSP latency (root=mul_ln65_216) to 3 in order to utilize available DSP registers.
INFO: [HLS 200-486] Changing DSP latency (root=acc_7313) to 3 in order to utilize available DSP registers.
INFO: [HLS 200-486] Changing DSP latency (root=mul_ln65_202) to 3 in order to utilize available DSP registers.
INFO: [HLS 200-486] Changing DSP latency (root=mul_ln65_201) to 3 in order to utilize available DSP registers.
INFO: [HLS 200-486] Changing DSP latency (root=tmp2362) to 3 in order to utilize available DSP registers.
INFO: [HLS 200-486] Changing DSP latency (root=mul_ln65_203) to 3 in order to utilize available DSP registers.
INFO: [HLS 200-486] Changing DSP latency (root=tmp2344) to 3 in order to utilize available DSP registers.
INFO: [HLS 200-486] Changing DSP latency (root=mul_ln65_206) to 3 in order to utilize available DSP registers.
INFO: [HLS 200-486] Changing DSP latency (root=acc_7312) to 3 in order to utilize available DSP registers.
INFO: [HLS 200-486] Changing DSP latency (root=mul_ln65_192) to 3 in order to utilize available DSP registers.
INFO: [HLS 200-486] Changing DSP latency (root=mul_ln65_191) to 3 in order to utilize available DSP registers.
INFO: [HLS 200-486] Changing DSP latency (root=tmp2317) to 3 in order to utilize available DSP registers.
INFO: [HLS 200-486] Changing DSP latency (root=mul_ln65_193) to 3 in order to utilize available DSP registers.
INFO: [HLS 200-486] Changing DSP latency (root=tmp2299) to 3 in order to utilize available DSP registers.
INFO: [HLS 200-486] Changing DSP latency (root=mul_ln65_196) to 3 in order to utilize available DSP registers.
INFO: [HLS 200-486] Changing DSP latency (root=acc_7311) to 3 in order to utilize available DSP registers.
INFO: [HLS 200-486] Changing DSP latency (root=mul_ln65_182) to 3 in order to utilize available DSP registers.
INFO: [HLS 200-486] Changing DSP latency (root=mul_ln65_181) to 3 in order to utilize available DSP registers.
INFO: [HLS 200-486] Changing DSP latency (root=tmp2272) to 3 in order to utilize available DSP registers.
INFO: [HLS 200-486] Changing DSP latency (root=mul_ln65_183) to 3 in order to utilize available DSP registers.
INFO: [HLS 200-486] Changing DSP latency (root=tmp2254) to 3 in order to utilize available DSP registers.
INFO: [HLS 200-486] Changing DSP latency (root=mul_ln65_186) to 3 in order to utilize available DSP registers.
INFO: [HLS 200-486] Changing DSP latency (root=acc_7310) to 3 in order to utilize available DSP registers.
INFO: [HLS 200-486] Changing DSP latency (root=mul_ln65_172) to 3 in order to utilize available DSP registers.
INFO: [HLS 200-486] Changing DSP latency (root=mul_ln65_171) to 3 in order to utilize available DSP registers.
INFO: [HLS 200-486] Changing DSP latency (root=tmp2227) to 3 in order to utilize available DSP registers.
INFO: [HLS 200-486] Changing DSP latency (root=mul_ln65_173) to 3 in order to utilize available DSP registers.
INFO: [HLS 200-486] Changing DSP latency (root=tmp2209) to 3 in order to utilize available DSP registers.
INFO: [HLS 200-486] Changing DSP latency (root=mul_ln65_176) to 3 in order to utilize available DSP registers.
INFO: [HLS 200-486] Changing DSP latency (root=acc_7309) to 3 in order to utilize available DSP registers.
INFO: [HLS 200-486] Changing DSP latency (root=mul_ln65_162) to 3 in order to utilize available DSP registers.
INFO: [HLS 200-486] Changing DSP latency (root=mul_ln65_161) to 3 in order to utilize available DSP registers.
INFO: [HLS 200-486] Changing DSP latency (root=tmp2182) to 3 in order to utilize available DSP registers.
INFO: [HLS 200-486] Changing DSP latency (root=mul_ln65_163) to 3 in order to utilize available DSP registers.
INFO: [HLS 200-486] Changing DSP latency (root=tmp2164) to 3 in order to utilize available DSP registers.
INFO: [HLS 200-486] Changing DSP latency (root=mul_ln65_166) to 3 in order to utilize available DSP registers.
INFO: [HLS 200-486] Changing DSP latency (root=acc_7308) to 3 in order to utilize available DSP registers.
INFO: [HLS 200-486] Changing DSP latency (root=mul_ln65_152) to 3 in order to utilize available DSP registers.
INFO: [HLS 200-486] Changing DSP latency (root=mul_ln65_151) to 3 in order to utilize available DSP registers.
INFO: [HLS 200-486] Changing DSP latency (root=tmp2137) to 3 in order to utilize available DSP registers.
INFO: [HLS 200-486] Changing DSP latency (root=mul_ln65_153) to 3 in order to utilize available DSP registers.
INFO: [HLS 200-486] Changing DSP latency (root=tmp2119) to 3 in order to utilize available DSP registers.
INFO: [HLS 200-486] Changing DSP latency (root=mul_ln65_156) to 3 in order to utilize available DSP registers.
INFO: [HLS 200-486] Changing DSP latency (root=acc_7307) to 3 in order to utilize available DSP registers.
INFO: [HLS 200-486] Changing DSP latency (root=mul_ln65_142) to 3 in order to utilize available DSP registers.
INFO: [HLS 200-486] Changing DSP latency (root=mul_ln65_141) to 3 in order to utilize available DSP registers.
INFO: [HLS 200-486] Changing DSP latency (root=tmp2092) to 3 in order to utilize available DSP registers.
INFO: [HLS 200-486] Changing DSP latency (root=mul_ln65_143) to 3 in order to utilize available DSP registers.
INFO: [HLS 200-486] Changing DSP latency (root=tmp2074) to 3 in order to utilize available DSP registers.
INFO: [HLS 200-486] Changing DSP latency (root=mul_ln65_146) to 3 in order to utilize available DSP registers.
INFO: [HLS 200-486] Changing DSP latency (root=acc_7306) to 3 in order to utilize available DSP registers.
INFO: [HLS 200-486] Changing DSP latency (root=mul_ln65_132) to 3 in order to utilize available DSP registers.
INFO: [HLS 200-486] Changing DSP latency (root=mul_ln65_131) to 3 in order to utilize available DSP registers.
INFO: [HLS 200-486] Changing DSP latency (root=tmp2047) to 3 in order to utilize available DSP registers.
INFO: [HLS 200-486] Changing DSP latency (root=mul_ln65_133) to 3 in order to utilize available DSP registers.
INFO: [HLS 200-486] Changing DSP latency (root=tmp2029) to 3 in order to utilize available DSP registers.
INFO: [HLS 200-486] Changing DSP latency (root=mul_ln65_136) to 3 in order to utilize available DSP registers.
INFO: [HLS 200-486] Changing DSP latency (root=acc_7305) to 3 in order to utilize available DSP registers.
INFO: [HLS 200-486] Changing DSP latency (root=mul_ln65_122) to 3 in order to utilize available DSP registers.
INFO: [HLS 200-486] Changing DSP latency (root=mul_ln65_121) to 3 in order to utilize available DSP registers.
INFO: [HLS 200-486] Changing DSP latency (root=tmp2002) to 3 in order to utilize available DSP registers.
INFO: [HLS 200-486] Changing DSP latency (root=mul_ln65_123) to 3 in order to utilize available DSP registers.
INFO: [HLS 200-486] Changing DSP latency (root=tmp1984) to 3 in order to utilize available DSP registers.
INFO: [HLS 200-486] Changing DSP latency (root=mul_ln65_126) to 3 in order to utilize available DSP registers.
INFO: [HLS 200-486] Changing DSP latency (root=acc_7304) to 3 in order to utilize available DSP registers.
INFO: [HLS 200-486] Changing DSP latency (root=mul_ln65_112) to 3 in order to utilize available DSP registers.
INFO: [HLS 200-486] Changing DSP latency (root=mul_ln65_111) to 3 in order to utilize available DSP registers.
INFO: [HLS 200-486] Changing DSP latency (root=tmp1957) to 3 in order to utilize available DSP registers.
INFO: [HLS 200-486] Changing DSP latency (root=mul_ln65_113) to 3 in order to utilize available DSP registers.
INFO: [HLS 200-486] Changing DSP latency (root=tmp1939) to 3 in order to utilize available DSP registers.
INFO: [HLS 200-486] Changing DSP latency (root=mul_ln65_116) to 3 in order to utilize available DSP registers.
INFO: [HLS 200-486] Changing DSP latency (root=acc_7303) to 3 in order to utilize available DSP registers.
INFO: [HLS 200-486] Changing DSP latency (root=mul_ln65_102) to 3 in order to utilize available DSP registers.
INFO: [HLS 200-486] Changing DSP latency (root=mul_ln65_101) to 3 in order to utilize available DSP registers.
INFO: [HLS 200-486] Changing DSP latency (root=tmp1912) to 3 in order to utilize available DSP registers.
INFO: [HLS 200-486] Changing DSP latency (root=mul_ln65_103) to 3 in order to utilize available DSP registers.
INFO: [HLS 200-486] Changing DSP latency (root=tmp1894) to 3 in order to utilize available DSP registers.
INFO: [HLS 200-486] Changing DSP latency (root=mul_ln65_106) to 3 in order to utilize available DSP registers.
INFO: [HLS 200-486] Changing DSP latency (root=acc_7302) to 3 in order to utilize available DSP registers.
INFO: [HLS 200-486] Changing DSP latency (root=mul_ln65_92) to 3 in order to utilize available DSP registers.
INFO: [HLS 200-486] Changing DSP latency (root=mul_ln65_91) to 3 in order to utilize available DSP registers.
INFO: [HLS 200-486] Changing DSP latency (root=tmp1867) to 3 in order to utilize available DSP registers.
INFO: [HLS 200-486] Changing DSP latency (root=mul_ln65_93) to 3 in order to utilize available DSP registers.
INFO: [HLS 200-486] Changing DSP latency (root=tmp1849) to 3 in order to utilize available DSP registers.
INFO: [HLS 200-486] Changing DSP latency (root=mul_ln65_96) to 3 in order to utilize available DSP registers.
INFO: [HLS 200-486] Changing DSP latency (root=mul_ln65_84) to 3 in order to utilize available DSP registers.
INFO: [HLS 200-486] Changing DSP latency (root=tmp1824) to 3 in order to utilize available DSP registers.
INFO: [HLS 200-486] Changing DSP latency (root=tmp1807) to 3 in order to utilize available DSP registers.
INFO: [HLS 200-486] Changing DSP latency (root=tmp1818) to 3 in order to utilize available DSP registers.
INFO: [HLS 200-486] Changing DSP latency (root=tmp1804) to 3 in order to utilize available DSP registers.
INFO: [HLS 200-486] Changing DSP latency (root=tmp1827) to 3 in order to utilize available DSP registers.
INFO: [HLS 200-486] Changing DSP latency (root=mul_ln58_284) to 3 in order to utilize available DSP registers.
INFO: [HLS 200-486] Changing DSP latency (root=mul_ln61_29) to 3 in order to utilize available DSP registers.
INFO: [HLS 200-486] Changing DSP latency (root=mul_ln65_89) to 3 in order to utilize available DSP registers.
INFO: [HLS 200-486] Changing DSP latency (root=mul_ln65_88) to 3 in order to utilize available DSP registers.
INFO: [HLS 200-486] Changing DSP latency (root=mul_ln58_29) to 3 in order to utilize available DSP registers.
INFO: [HLS 200-486] Changing DSP latency (root=mul_ln65_78) to 3 in order to utilize available DSP registers.
INFO: [HLS 200-486] Changing DSP latency (root=tmp1766) to 3 in order to utilize available DSP registers.
INFO: [HLS 200-486] Changing DSP latency (root=tmp1749) to 3 in order to utilize available DSP registers.
INFO: [HLS 200-486] Changing DSP latency (root=tmp1760) to 3 in order to utilize available DSP registers.
INFO: [HLS 200-486] Changing DSP latency (root=tmp1746) to 3 in order to utilize available DSP registers.
INFO: [HLS 200-486] Changing DSP latency (root=tmp1769) to 3 in order to utilize available DSP registers.
INFO: [HLS 200-486] Changing DSP latency (root=mul_ln58_283) to 3 in order to utilize available DSP registers.
INFO: [HLS 200-486] Changing DSP latency (root=mul_ln61_27) to 3 in order to utilize available DSP registers.
INFO: [HLS 200-486] Changing DSP latency (root=mul_ln65_83) to 3 in order to utilize available DSP registers.
INFO: [HLS 200-486] Changing DSP latency (root=mul_ln65_82) to 3 in order to utilize available DSP registers.
INFO: [HLS 200-486] Changing DSP latency (root=mul_ln58_27) to 3 in order to utilize available DSP registers.
INFO: [HLS 200-486] Changing DSP latency (root=mul_ln65_72) to 3 in order to utilize available DSP registers.
INFO: [HLS 200-486] Changing DSP latency (root=tmp1708) to 3 in order to utilize available DSP registers.
INFO: [HLS 200-486] Changing DSP latency (root=tmp1691) to 3 in order to utilize available DSP registers.
INFO: [HLS 200-486] Changing DSP latency (root=tmp1702) to 3 in order to utilize available DSP registers.
INFO: [HLS 200-486] Changing DSP latency (root=tmp1688) to 3 in order to utilize available DSP registers.
INFO: [HLS 200-486] Changing DSP latency (root=tmp1711) to 3 in order to utilize available DSP registers.
INFO: [HLS 200-486] Changing DSP latency (root=mul_ln58_282) to 3 in order to utilize available DSP registers.
INFO: [HLS 200-486] Changing DSP latency (root=mul_ln61_25) to 3 in order to utilize available DSP registers.
INFO: [HLS 200-486] Changing DSP latency (root=mul_ln65_77) to 3 in order to utilize available DSP registers.
INFO: [HLS 200-486] Changing DSP latency (root=mul_ln65_76) to 3 in order to utilize available DSP registers.
INFO: [HLS 200-486] Changing DSP latency (root=mul_ln58_25) to 3 in order to utilize available DSP registers.
INFO: [HLS 200-486] Changing DSP latency (root=mul_ln65_66) to 3 in order to utilize available DSP registers.
INFO: [HLS 200-486] Changing DSP latency (root=tmp1650) to 3 in order to utilize available DSP registers.
INFO: [HLS 200-486] Changing DSP latency (root=tmp1633) to 3 in order to utilize available DSP registers.
INFO: [HLS 200-486] Changing DSP latency (root=tmp1644) to 3 in order to utilize available DSP registers.
INFO: [HLS 200-486] Changing DSP latency (root=tmp1630) to 3 in order to utilize available DSP registers.
INFO: [HLS 200-486] Changing DSP latency (root=tmp1653) to 3 in order to utilize available DSP registers.
INFO: [HLS 200-486] Changing DSP latency (root=mul_ln58_281) to 3 in order to utilize available DSP registers.
INFO: [HLS 200-486] Changing DSP latency (root=mul_ln61_23) to 3 in order to utilize available DSP registers.
INFO: [HLS 200-486] Changing DSP latency (root=mul_ln65_71) to 3 in order to utilize available DSP registers.
INFO: [HLS 200-486] Changing DSP latency (root=mul_ln65_70) to 3 in order to utilize available DSP registers.
INFO: [HLS 200-486] Changing DSP latency (root=mul_ln58_23) to 3 in order to utilize available DSP registers.
INFO: [HLS 200-486] Changing DSP latency (root=mul_ln65_60) to 3 in order to utilize available DSP registers.
INFO: [HLS 200-486] Changing DSP latency (root=tmp1592) to 3 in order to utilize available DSP registers.
INFO: [HLS 200-486] Changing DSP latency (root=tmp1575) to 3 in order to utilize available DSP registers.
INFO: [HLS 200-486] Changing DSP latency (root=tmp1586) to 3 in order to utilize available DSP registers.
INFO: [HLS 200-486] Changing DSP latency (root=tmp1572) to 3 in order to utilize available DSP registers.
INFO: [HLS 200-486] Changing DSP latency (root=tmp1595) to 3 in order to utilize available DSP registers.
INFO: [HLS 200-486] Changing DSP latency (root=mul_ln58_280) to 3 in order to utilize available DSP registers.
INFO: [HLS 200-486] Changing DSP latency (root=mul_ln61_21) to 3 in order to utilize available DSP registers.
INFO: [HLS 200-486] Changing DSP latency (root=mul_ln65_65) to 3 in order to utilize available DSP registers.
INFO: [HLS 200-486] Changing DSP latency (root=mul_ln65_64) to 3 in order to utilize available DSP registers.
INFO: [HLS 200-486] Changing DSP latency (root=mul_ln58_21) to 3 in order to utilize available DSP registers.
INFO: [HLS 200-486] Changing DSP latency (root=mul_ln65_54) to 3 in order to utilize available DSP registers.
INFO: [HLS 200-486] Changing DSP latency (root=tmp1534) to 3 in order to utilize available DSP registers.
INFO: [HLS 200-486] Changing DSP latency (root=tmp1517) to 3 in order to utilize available DSP registers.
INFO: [HLS 200-486] Changing DSP latency (root=tmp1528) to 3 in order to utilize available DSP registers.
INFO: [HLS 200-486] Changing DSP latency (root=tmp1514) to 3 in order to utilize available DSP registers.
INFO: [HLS 200-486] Changing DSP latency (root=tmp1537) to 3 in order to utilize available DSP registers.
INFO: [HLS 200-486] Changing DSP latency (root=mul_ln58_279) to 3 in order to utilize available DSP registers.
INFO: [HLS 200-486] Changing DSP latency (root=mul_ln61_19) to 3 in order to utilize available DSP registers.
INFO: [HLS 200-486] Changing DSP latency (root=mul_ln65_59) to 3 in order to utilize available DSP registers.
INFO: [HLS 200-486] Changing DSP latency (root=mul_ln65_58) to 3 in order to utilize available DSP registers.
INFO: [HLS 200-486] Changing DSP latency (root=mul_ln58_19) to 3 in order to utilize available DSP registers.
INFO: [HLS 200-486] Changing DSP latency (root=mul_ln65_48) to 3 in order to utilize available DSP registers.
INFO: [HLS 200-486] Changing DSP latency (root=tmp1476) to 3 in order to utilize available DSP registers.
INFO: [HLS 200-486] Changing DSP latency (root=tmp1459) to 3 in order to utilize available DSP registers.
INFO: [HLS 200-486] Changing DSP latency (root=tmp1470) to 3 in order to utilize available DSP registers.
INFO: [HLS 200-486] Changing DSP latency (root=tmp1456) to 3 in order to utilize available DSP registers.
INFO: [HLS 200-486] Changing DSP latency (root=tmp1479) to 3 in order to utilize available DSP registers.
INFO: [HLS 200-486] Changing DSP latency (root=mul_ln58_278) to 3 in order to utilize available DSP registers.
INFO: [HLS 200-486] Changing DSP latency (root=mul_ln61_17) to 3 in order to utilize available DSP registers.
INFO: [HLS 200-486] Changing DSP latency (root=mul_ln65_53) to 3 in order to utilize available DSP registers.
INFO: [HLS 200-486] Changing DSP latency (root=mul_ln65_52) to 3 in order to utilize available DSP registers.
INFO: [HLS 200-486] Changing DSP latency (root=mul_ln58_17) to 3 in order to utilize available DSP registers.
INFO: [HLS 200-486] Changing DSP latency (root=mul_ln65_42) to 3 in order to utilize available DSP registers.
INFO: [HLS 200-486] Changing DSP latency (root=tmp1418) to 3 in order to utilize available DSP registers.
INFO: [HLS 200-486] Changing DSP latency (root=tmp1401) to 3 in order to utilize available DSP registers.
INFO: [HLS 200-486] Changing DSP latency (root=tmp1412) to 3 in order to utilize available DSP registers.
INFO: [HLS 200-486] Changing DSP latency (root=tmp1398) to 3 in order to utilize available DSP registers.
INFO: [HLS 200-486] Changing DSP latency (root=tmp1421) to 3 in order to utilize available DSP registers.
INFO: [HLS 200-486] Changing DSP latency (root=mul_ln58_277) to 3 in order to utilize available DSP registers.
INFO: [HLS 200-486] Changing DSP latency (root=mul_ln61_15) to 3 in order to utilize available DSP registers.
INFO: [HLS 200-486] Changing DSP latency (root=mul_ln65_47) to 3 in order to utilize available DSP registers.
INFO: [HLS 200-486] Changing DSP latency (root=mul_ln65_46) to 3 in order to utilize available DSP registers.
INFO: [HLS 200-486] Changing DSP latency (root=mul_ln58_15) to 3 in order to utilize available DSP registers.
INFO: [HLS 200-486] Changing DSP latency (root=mul_ln65_36) to 3 in order to utilize available DSP registers.
INFO: [HLS 200-486] Changing DSP latency (root=tmp1360) to 3 in order to utilize available DSP registers.
INFO: [HLS 200-486] Changing DSP latency (root=tmp1343) to 3 in order to utilize available DSP registers.
INFO: [HLS 200-486] Changing DSP latency (root=tmp1354) to 3 in order to utilize available DSP registers.
INFO: [HLS 200-486] Changing DSP latency (root=tmp1340) to 3 in order to utilize available DSP registers.
INFO: [HLS 200-486] Changing DSP latency (root=tmp1363) to 3 in order to utilize available DSP registers.
INFO: [HLS 200-486] Changing DSP latency (root=mul_ln58_276) to 3 in order to utilize available DSP registers.
INFO: [HLS 200-486] Changing DSP latency (root=mul_ln61_13) to 3 in order to utilize available DSP registers.
INFO: [HLS 200-486] Changing DSP latency (root=mul_ln65_41) to 3 in order to utilize available DSP registers.
INFO: [HLS 200-486] Changing DSP latency (root=mul_ln65_40) to 3 in order to utilize available DSP registers.
INFO: [HLS 200-486] Changing DSP latency (root=mul_ln58_13) to 3 in order to utilize available DSP registers.
INFO: [HLS 200-486] Changing DSP latency (root=mul_ln65_30) to 3 in order to utilize available DSP registers.
INFO: [HLS 200-486] Changing DSP latency (root=tmp1302) to 3 in order to utilize available DSP registers.
INFO: [HLS 200-486] Changing DSP latency (root=tmp1285) to 3 in order to utilize available DSP registers.
INFO: [HLS 200-486] Changing DSP latency (root=tmp1296) to 3 in order to utilize available DSP registers.
INFO: [HLS 200-486] Changing DSP latency (root=tmp1282) to 3 in order to utilize available DSP registers.
INFO: [HLS 200-486] Changing DSP latency (root=tmp1305) to 3 in order to utilize available DSP registers.
INFO: [HLS 200-486] Changing DSP latency (root=mul_ln58_275) to 3 in order to utilize available DSP registers.
INFO: [HLS 200-486] Changing DSP latency (root=mul_ln61_11) to 3 in order to utilize available DSP registers.
INFO: [HLS 200-486] Changing DSP latency (root=mul_ln65_35) to 3 in order to utilize available DSP registers.
INFO: [HLS 200-486] Changing DSP latency (root=mul_ln65_34) to 3 in order to utilize available DSP registers.
INFO: [HLS 200-486] Changing DSP latency (root=mul_ln58_11) to 3 in order to utilize available DSP registers.
INFO: [HLS 200-486] Changing DSP latency (root=mul_ln65_24) to 3 in order to utilize available DSP registers.
INFO: [HLS 200-486] Changing DSP latency (root=tmp1244) to 3 in order to utilize available DSP registers.
INFO: [HLS 200-486] Changing DSP latency (root=tmp1227) to 3 in order to utilize available DSP registers.
INFO: [HLS 200-486] Changing DSP latency (root=tmp1238) to 3 in order to utilize available DSP registers.
INFO: [HLS 200-486] Changing DSP latency (root=tmp1224) to 3 in order to utilize available DSP registers.
INFO: [HLS 200-486] Changing DSP latency (root=tmp1247) to 3 in order to utilize available DSP registers.
INFO: [HLS 200-486] Changing DSP latency (root=mul_ln58_274) to 3 in order to utilize available DSP registers.
INFO: [HLS 200-486] Changing DSP latency (root=mul_ln61_9) to 3 in order to utilize available DSP registers.
INFO: [HLS 200-486] Changing DSP latency (root=mul_ln65_29) to 3 in order to utilize available DSP registers.
INFO: [HLS 200-486] Changing DSP latency (root=mul_ln65_28) to 3 in order to utilize available DSP registers.
INFO: [HLS 200-486] Changing DSP latency (root=mul_ln58_9) to 3 in order to utilize available DSP registers.
INFO: [HLS 200-486] Changing DSP latency (root=mul_ln65_18) to 3 in order to utilize available DSP registers.
INFO: [HLS 200-486] Changing DSP latency (root=tmp1186) to 3 in order to utilize available DSP registers.
INFO: [HLS 200-486] Changing DSP latency (root=tmp1169) to 3 in order to utilize available DSP registers.
INFO: [HLS 200-486] Changing DSP latency (root=tmp1180) to 3 in order to utilize available DSP registers.
INFO: [HLS 200-486] Changing DSP latency (root=tmp1166) to 3 in order to utilize available DSP registers.
INFO: [HLS 200-486] Changing DSP latency (root=tmp1189) to 3 in order to utilize available DSP registers.
INFO: [HLS 200-486] Changing DSP latency (root=mul_ln58_273) to 3 in order to utilize available DSP registers.
INFO: [HLS 200-486] Changing DSP latency (root=mul_ln61_7) to 3 in order to utilize available DSP registers.
INFO: [HLS 200-486] Changing DSP latency (root=mul_ln65_23) to 3 in order to utilize available DSP registers.
INFO: [HLS 200-486] Changing DSP latency (root=mul_ln65_22) to 3 in order to utilize available DSP registers.
INFO: [HLS 200-486] Changing DSP latency (root=mul_ln58_7) to 3 in order to utilize available DSP registers.
INFO: [HLS 200-486] Changing DSP latency (root=mul_ln65_12) to 3 in order to utilize available DSP registers.
INFO: [HLS 200-486] Changing DSP latency (root=tmp1128) to 3 in order to utilize available DSP registers.
INFO: [HLS 200-486] Changing DSP latency (root=tmp1111) to 3 in order to utilize available DSP registers.
INFO: [HLS 200-486] Changing DSP latency (root=tmp1122) to 3 in order to utilize available DSP registers.
INFO: [HLS 200-486] Changing DSP latency (root=tmp1108) to 3 in order to utilize available DSP registers.
INFO: [HLS 200-486] Changing DSP latency (root=tmp1131) to 3 in order to utilize available DSP registers.
INFO: [HLS 200-486] Changing DSP latency (root=mul_ln58_272) to 3 in order to utilize available DSP registers.
INFO: [HLS 200-486] Changing DSP latency (root=mul_ln61_5) to 3 in order to utilize available DSP registers.
INFO: [HLS 200-486] Changing DSP latency (root=mul_ln65_17) to 3 in order to utilize available DSP registers.
INFO: [HLS 200-486] Changing DSP latency (root=mul_ln65_16) to 3 in order to utilize available DSP registers.
INFO: [HLS 200-486] Changing DSP latency (root=mul_ln58_5) to 3 in order to utilize available DSP registers.
INFO: [HLS 200-486] Changing DSP latency (root=mul_ln65_6) to 3 in order to utilize available DSP registers.
INFO: [HLS 200-486] Changing DSP latency (root=tmp1070) to 3 in order to utilize available DSP registers.
INFO: [HLS 200-486] Changing DSP latency (root=tmp1053) to 3 in order to utilize available DSP registers.
INFO: [HLS 200-486] Changing DSP latency (root=tmp1064) to 3 in order to utilize available DSP registers.
INFO: [HLS 200-486] Changing DSP latency (root=tmp1050) to 3 in order to utilize available DSP registers.
INFO: [HLS 200-486] Changing DSP latency (root=tmp1073) to 3 in order to utilize available DSP registers.
INFO: [HLS 200-486] Changing DSP latency (root=mul_ln58_271) to 3 in order to utilize available DSP registers.
INFO: [HLS 200-486] Changing DSP latency (root=mul_ln61_3) to 3 in order to utilize available DSP registers.
INFO: [HLS 200-486] Changing DSP latency (root=mul_ln65_11) to 3 in order to utilize available DSP registers.
INFO: [HLS 200-486] Changing DSP latency (root=mul_ln65_10) to 3 in order to utilize available DSP registers.
INFO: [HLS 200-486] Changing DSP latency (root=mul_ln58_3) to 3 in order to utilize available DSP registers.
INFO: [HLS 200-486] Changing DSP latency (root=mul_ln65) to 3 in order to utilize available DSP registers.
INFO: [HLS 200-486] Changing DSP latency (root=tmp1012) to 3 in order to utilize available DSP registers.
INFO: [HLS 200-486] Changing DSP latency (root=tmp995) to 3 in order to utilize available DSP registers.
INFO: [HLS 200-486] Changing DSP latency (root=tmp1006) to 3 in order to utilize available DSP registers.
INFO: [HLS 200-486] Changing DSP latency (root=tmp992) to 3 in order to utilize available DSP registers.
INFO: [HLS 200-486] Changing DSP latency (root=tmp1015) to 3 in order to utilize available DSP registers.
INFO: [HLS 200-486] Changing DSP latency (root=mul_ln58_270) to 3 in order to utilize available DSP registers.
INFO: [HLS 200-486] Changing DSP latency (root=mul_ln61_1) to 3 in order to utilize available DSP registers.
INFO: [HLS 200-486] Changing DSP latency (root=mul_ln65_5) to 3 in order to utilize available DSP registers.
INFO: [HLS 200-486] Changing DSP latency (root=mul_ln65_4) to 3 in order to utilize available DSP registers.
INFO: [HLS 200-486] Changing DSP latency (root=mul_ln58_1) to 3 in order to utilize available DSP registers.
WARNING: [HLS 200-1015] Estimated delay Estimated delay (3.24ns)  of 'sitofp' operation ('conv', /data/home/songqiangxu/project/CNN/src/conv_br.h:80) exceeds the target cycle time (target cycle time: 2.5ns, clock uncertainty: 0.675ns, effective cycle time: 1.83ns).

Resolution: For help on HLS 200-1015 see www.xilinx.com/cgi-bin/docs/rdoc?v=2022.1;t=hls+guidance;d=200-1015.html
INFO: [SCHED 204-61] Pipelining loop 'Loop 1'.
INFO: [HLS 200-1470] Pipelining result : Target II = NA, Final II = 1, Depth = 85, loop 'Loop 1'
WARNING: [HLS 200-871] Estimated clock period (3.239ns) exceeds the target (target clock period: 2.5ns, clock uncertainty: 0.675ns, effective delay budget: 1.825ns).
Resolution: For help on HLS 200-871 see www.xilinx.com/cgi-bin/docs/rdoc?v=2022.1;t=hls+guidance;d=200-871.html
WARNING: [HLS 200-1016] The critical path in module 'do_conv_br' consists of the following:	'sitofp' operation ('conv98_1', /data/home/songqiangxu/project/CNN/src/conv_br.h:80) [11909]  (3.24 ns)

Resolution: For help on HLS 200-1016 see www.xilinx.com/cgi-bin/docs/rdoc?v=2022.1;t=hls+guidance;d=200-1016.html
INFO: [SCHED 204-11] Finished scheduling.
INFO: [HLS 200-111] Finished Scheduling: CPU user time: 149.1 seconds. CPU system time: 2.18 seconds. Elapsed time: 151.38 seconds; current allocated memory: 2.140 GB.
INFO: [BIND 205-100] Starting micro-architecture generation ...
INFO: [BIND 205-101] Performing variable lifetime analysis.
INFO: [BIND 205-101] Exploring resource sharing.
INFO: [BIND 205-101] Binding ...
INFO: [BIND 205-100] Finished micro-architecture generation.
INFO: [HLS 200-111] Finished Binding: CPU user time: 294.5 seconds. CPU system time: 0.62 seconds. Elapsed time: 295.18 seconds; current allocated memory: 2.140 GB.
INFO: [HLS 200-10] ----------------------------------------------------------------
INFO: [HLS 200-42] -- Implementing module 'top' 
INFO: [HLS 200-10] ----------------------------------------------------------------
INFO: [SCHED 204-11] Starting scheduling ...
INFO: [SCHED 204-11] Finished scheduling.
INFO: [HLS 200-111] Finished Scheduling: CPU user time: 69.53 seconds. CPU system time: 0.68 seconds. Elapsed time: 70.22 seconds; current allocated memory: 2.140 GB.
INFO: [BIND 205-100] Starting micro-architecture generation ...
INFO: [BIND 205-101] Performing variable lifetime analysis.
INFO: [BIND 205-101] Exploring resource sharing.
INFO: [BIND 205-101] Binding ...
INFO: [BIND 205-100] Finished micro-architecture generation.
INFO: [HLS 200-111] Finished Binding: CPU user time: 33.71 seconds. CPU system time: 0.05 seconds. Elapsed time: 33.76 seconds; current allocated memory: 2.140 GB.
INFO: [HLS 200-10] ----------------------------------------------------------------
INFO: [HLS 200-10] -- Generating RTL for module 'p_hls_fptosi_float_i32' 
INFO: [HLS 200-10] ----------------------------------------------------------------
INFO: [RTGEN 206-100] Generating core module 'lshr_79ns_32ns_79_4_0': 1 instance(s).
INFO: [RTGEN 206-100] Generating core module 'shl_79ns_32ns_79_4_0': 1 instance(s).
INFO: [RTGEN 206-100] Finished creating RTL model for 'p_hls_fptosi_float_i32'.
INFO: [HLS 200-111] Finished Creating RTL model: CPU user time: 94.6 seconds. CPU system time: 0.22 seconds. Elapsed time: 94.84 seconds; current allocated memory: 2.140 GB.
INFO: [HLS 200-10] ----------------------------------------------------------------
INFO: [HLS 200-10] -- Generating RTL for module 'clamp_int_int_s' 
INFO: [HLS 200-10] ----------------------------------------------------------------
INFO: [RTGEN 206-100] Finished creating RTL model for 'clamp_int_int_s'.
INFO: [HLS 200-111] Finished Creating RTL model: CPU user time: 0.19 seconds. CPU system time: 0.01 seconds. Elapsed time: 0.19 seconds; current allocated memory: 2.140 GB.
INFO: [HLS 200-10] ----------------------------------------------------------------
INFO: [HLS 200-10] -- Generating RTL for module 'do_conv_br_2_Pipeline_2' 
INFO: [HLS 200-10] ----------------------------------------------------------------
INFO: [HLS 200-1030] Apply Unified Pipeline Control on module 'do_conv_br_2_Pipeline_2' pipeline 'Loop 1' pipeline type 'loop pipeline'
INFO: [RTGEN 206-104] Estimated max fanout for 'do_conv_br_2_Pipeline_2' is 64229 from HDL expression: (1'b0 == ap_block_pp0_stage0_11001)
INFO: [RTGEN 206-100] Generating core module 'ama_submuladd_9s_9s_4ns_14s_15_4_1': 15 instance(s).
INFO: [RTGEN 206-100] Generating core module 'ama_submuladd_9s_9s_5ns_13s_15_4_1': 15 instance(s).
INFO: [RTGEN 206-100] Generating core module 'ama_submuladd_9s_9s_6ns_16s_16_4_1': 15 instance(s).
INFO: [RTGEN 206-100] Generating core module 'fadd_32ns_32ns_32_12_no_dsp_1': 390 instance(s).
INFO: [RTGEN 206-100] Generating core module 'fcmp_32ns_32ns_1_4_no_dsp_1': 195 instance(s).
INFO: [RTGEN 206-100] Generating core module 'fmul_32ns_32ns_32_8_max_dsp_1': 195 instance(s).
INFO: [RTGEN 206-100] Generating core module 'mac_muladd_9s_4ns_13s_14_4_1': 15 instance(s).
INFO: [RTGEN 206-100] Generating core module 'mac_muladd_9s_4ns_14s_14_4_1': 30 instance(s).
INFO: [RTGEN 206-100] Generating core module 'mac_muladd_9s_5ns_11s_13_4_1': 15 instance(s).
INFO: [RTGEN 206-100] Generating core module 'mac_muladd_9s_5ns_12s_14_4_1': 15 instance(s).
INFO: [RTGEN 206-100] Generating core module 'mac_muladd_9s_5ns_13s_14_4_1': 15 instance(s).
INFO: [RTGEN 206-100] Generating core module 'mac_muladd_9s_5ns_14s_15_4_1': 60 instance(s).
INFO: [RTGEN 206-100] Generating core module 'mac_muladd_9s_5ns_15s_15_4_1': 60 instance(s).
INFO: [RTGEN 206-100] Generating core module 'mac_muladd_9s_5ns_15s_16_4_1': 30 instance(s).
INFO: [RTGEN 206-100] Generating core module 'mac_muladd_9s_5ns_8s_13_4_1': 15 instance(s).
INFO: [RTGEN 206-100] Generating core module 'mac_muladd_9s_5ns_9s_13_4_1': 15 instance(s).
INFO: [RTGEN 206-100] Generating core module 'mac_muladd_9s_5s_13s_14_4_1': 15 instance(s).
INFO: [RTGEN 206-100] Generating core module 'mac_muladd_9s_5s_14s_15_4_1': 15 instance(s).
INFO: [RTGEN 206-100] Generating core module 'mac_muladd_9s_5s_15s_15_4_1': 15 instance(s).
INFO: [RTGEN 206-100] Generating core module 'mac_muladd_9s_5s_16s_16_4_1': 15 instance(s).
INFO: [RTGEN 206-100] Generating core module 'mac_muladd_9s_6ns_11s_14_4_1': 15 instance(s).
INFO: [RTGEN 206-100] Generating core module 'mac_muladd_9s_6ns_14s_15_4_1': 30 instance(s).
INFO: [RTGEN 206-100] Generating core module 'mac_muladd_9s_6ns_15s_15_4_1': 45 instance(s).
INFO: [RTGEN 206-100] Generating core module 'mac_muladd_9s_6ns_15s_16_4_1': 30 instance(s).
INFO: [RTGEN 206-100] Generating core module 'mac_muladd_9s_6ns_16s_16_4_1': 30 instance(s).
INFO: [RTGEN 206-100] Generating core module 'mac_muladd_9s_6ns_16s_17_4_1': 30 instance(s).
INFO: [RTGEN 206-100] Generating core module 'mac_muladd_9s_6s_13s_14_4_1': 15 instance(s).
INFO: [RTGEN 206-100] Generating core module 'mac_muladd_9s_6s_14s_15_4_1': 30 instance(s).
INFO: [RTGEN 206-100] Generating core module 'mac_muladd_9s_6s_15s_15_4_1': 30 instance(s).
INFO: [RTGEN 206-100] Generating core module 'mac_muladd_9s_6s_15s_16_4_1': 15 instance(s).
INFO: [RTGEN 206-100] Generating core module 'mac_muladd_9s_6s_6s_13_4_1': 15 instance(s).
INFO: [RTGEN 206-100] Generating core module 'mac_muladd_9s_6s_9s_13_4_1': 15 instance(s).
INFO: [RTGEN 206-100] Generating core module 'mac_muladd_9s_7ns_15s_16_4_1': 30 instance(s).
INFO: [RTGEN 206-100] Generating core module 'mac_muladd_9s_7ns_17s_18_4_1': 15 instance(s).
INFO: [RTGEN 206-100] Generating core module 'mac_muladd_9s_7s_12s_14_4_1': 15 instance(s).
INFO: [RTGEN 206-100] Generating core module 'mac_muladd_9s_7s_12s_15_4_1': 15 instance(s).
INFO: [RTGEN 206-100] Generating core module 'mac_muladd_9s_7s_15s_16_4_1': 45 instance(s).
INFO: [RTGEN 206-100] Generating core module 'mac_muladd_9s_7s_16s_17_4_1': 15 instance(s).
INFO: [RTGEN 206-100] Generating core module 'mac_muladd_9s_8s_10s_15_4_1': 15 instance(s).
INFO: [RTGEN 206-100] Generating core module 'mul_9s_5s_14_4_1': 15 instance(s).
INFO: [RTGEN 206-100] Generating core module 'mul_9s_6ns_13_4_1': 15 instance(s).
INFO: [RTGEN 206-100] Generating core module 'mul_9s_6ns_15_4_1': 15 instance(s).
INFO: [RTGEN 206-100] Generating core module 'mul_9s_6s_13_4_1': 45 instance(s).
INFO: [RTGEN 206-100] Generating core module 'mul_9s_7ns_14_4_1': 15 instance(s).
INFO: [RTGEN 206-100] Generating core module 'mul_9s_7s_14_4_1': 45 instance(s).
INFO: [RTGEN 206-100] Generating core module 'mul_9s_7s_15_4_1': 15 instance(s).
INFO: [RTGEN 206-100] Generating core module 'mul_9s_8s_15_4_1': 90 instance(s).
INFO: [RTGEN 206-100] Generating core module 'mul_9s_8s_17_4_1': 15 instance(s).
INFO: [RTGEN 206-100] Generating core module 'sitofp_32s_32_7_no_dsp_1': 195 instance(s).
INFO: [RTGEN 206-100] Finished creating RTL model for 'do_conv_br_2_Pipeline_2'.
INFO: [HLS 200-111] Finished Creating RTL model: CPU user time: 8.73 seconds. CPU system time: 0.2 seconds. Elapsed time: 8.92 seconds; current allocated memory: 2.308 GB.
INFO: [HLS 200-10] ----------------------------------------------------------------
INFO: [HLS 200-10] -- Generating RTL for module 'do_conv_br_2' 
INFO: [HLS 200-10] ----------------------------------------------------------------
INFO: [RTGEN 206-100] Finished creating RTL model for 'do_conv_br_2'.
INFO: [HLS 200-111] Finished Creating RTL model: CPU user time: 80.86 seconds. CPU system time: 1 seconds. Elapsed time: 81.9 seconds; current allocated memory: 2.569 GB.
INFO: [HLS 200-10] ----------------------------------------------------------------
INFO: [HLS 200-10] -- Generating RTL for module 'do_conv_br_1_Pipeline_2' 
INFO: [HLS 200-10] ----------------------------------------------------------------
INFO: [HLS 200-1030] Apply Unified Pipeline Control on module 'do_conv_br_1_Pipeline_2' pipeline 'Loop 1' pipeline type 'loop pipeline'
INFO: [RTGEN 206-104] Estimated max fanout for 'do_conv_br_1_Pipeline_2' is 96598 from HDL expression: (1'b0 == ap_block_pp0_stage0_11001)
INFO: [RTGEN 206-100] Generating core module 'am_addmul_9s_9s_6s_14_4_1': 15 instance(s).
INFO: [RTGEN 206-100] Generating core module 'ama_addmuladd_10s_9s_6s_15s_15_4_1': 15 instance(s).
INFO: [RTGEN 206-100] Generating core module 'ama_addmuladd_9s_9s_5ns_16s_17_4_1': 15 instance(s).
INFO: [RTGEN 206-100] Generating core module 'ama_addmuladd_9s_9s_5s_15s_16_4_1': 15 instance(s).
INFO: [RTGEN 206-100] Generating core module 'ama_addmuladd_9s_9s_6s_15s_15_4_1': 15 instance(s).
INFO: [RTGEN 206-100] Generating core module 'ama_addmuladd_9s_9s_7s_17s_18_4_1': 15 instance(s).
INFO: [RTGEN 206-100] Generating core module 'ama_addmuladd_9s_9s_8s_13s_16_4_1': 15 instance(s).
INFO: [RTGEN 206-100] Generating core module 'ama_submuladd_10s_9s_5ns_17s_18_4_1': 15 instance(s).
INFO: [RTGEN 206-100] Generating core module 'ama_submuladd_9s_9s_4ns_11s_13_4_1': 15 instance(s).
INFO: [RTGEN 206-100] Generating core module 'ama_submuladd_9s_9s_4ns_13s_14_4_1': 15 instance(s).
INFO: [RTGEN 206-100] Generating core module 'ama_submuladd_9s_9s_4ns_14s_15_4_1': 15 instance(s).
INFO: [RTGEN 206-100] Generating core module 'ama_submuladd_9s_9s_5ns_13s_15_4_1': 15 instance(s).
INFO: [RTGEN 206-100] Generating core module 'ama_submuladd_9s_9s_5ns_14s_15_4_1': 15 instance(s).
INFO: [RTGEN 206-100] Generating core module 'ama_submuladd_9s_9s_5ns_15s_16_4_1': 15 instance(s).
INFO: [RTGEN 206-100] Generating core module 'ama_submuladd_9s_9s_5ns_16s_16_4_1': 15 instance(s).
INFO: [RTGEN 206-100] Generating core module 'ama_submuladd_9s_9s_6ns_15s_16_4_1': 45 instance(s).
INFO: [RTGEN 206-100] Generating core module 'ama_submuladd_9s_9s_6ns_17s_18_4_1': 30 instance(s).
INFO: [RTGEN 206-100] Generating core module 'fadd_32ns_32ns_32_12_no_dsp_1': 390 instance(s).
INFO: [RTGEN 206-100] Generating core module 'fcmp_32ns_32ns_1_4_no_dsp_1': 195 instance(s).
INFO: [RTGEN 206-100] Generating core module 'fmul_32ns_32ns_32_8_max_dsp_1': 195 instance(s).
INFO: [RTGEN 206-100] Generating core module 'mac_muladd_10s_5s_15s_15_4_1': 15 instance(s).
INFO: [RTGEN 206-100] Generating core module 'mac_muladd_9s_4ns_12s_13_4_1': 15 instance(s).
INFO: [RTGEN 206-100] Generating core module 'mac_muladd_9s_4ns_13s_14_4_1': 30 instance(s).
INFO: [RTGEN 206-100] Generating core module 'mac_muladd_9s_4ns_14s_14_4_1': 15 instance(s).
INFO: [RTGEN 206-100] Generating core module 'mac_muladd_9s_5ns_11s_13_4_1': 15 instance(s).
INFO: [RTGEN 206-100] Generating core module 'mac_muladd_9s_5ns_13s_14_4_1': 30 instance(s).
INFO: [RTGEN 206-100] Generating core module 'mac_muladd_9s_5ns_14s_14_4_1': 15 instance(s).
INFO: [RTGEN 206-100] Generating core module 'mac_muladd_9s_5ns_15s_16_4_1': 30 instance(s).
INFO: [RTGEN 206-100] Generating core module 'mac_muladd_9s_5ns_16s_16_4_1': 15 instance(s).
INFO: [RTGEN 206-100] Generating core module 'mac_muladd_9s_5s_13s_14_4_1': 15 instance(s).
INFO: [RTGEN 206-100] Generating core module 'mac_muladd_9s_5s_14s_15_4_1': 30 instance(s).
INFO: [RTGEN 206-100] Generating core module 'mac_muladd_9s_5s_15s_15_4_1': 15 instance(s).
INFO: [RTGEN 206-100] Generating core module 'mac_muladd_9s_6ns_14s_15_4_1': 60 instance(s).
INFO: [RTGEN 206-100] Generating core module 'mac_muladd_9s_6ns_15s_15_4_1': 45 instance(s).
INFO: [RTGEN 206-100] Generating core module 'mac_muladd_9s_6ns_15s_16_4_1': 30 instance(s).
INFO: [RTGEN 206-100] Generating core module 'mac_muladd_9s_6ns_16s_16_4_1': 45 instance(s).
INFO: [RTGEN 206-100] Generating core module 'mac_muladd_9s_6ns_16s_17_4_1': 15 instance(s).
INFO: [RTGEN 206-100] Generating core module 'mac_muladd_9s_6ns_17s_17_4_1': 30 instance(s).
INFO: [RTGEN 206-100] Generating core module 'mac_muladd_9s_6ns_17s_18_4_1': 15 instance(s).
INFO: [RTGEN 206-100] Generating core module 'mac_muladd_9s_6ns_7ns_14_4_1': 15 instance(s).
INFO: [RTGEN 206-100] Generating core module 'mac_muladd_9s_6ns_7s_14_4_1': 15 instance(s).
INFO: [RTGEN 206-100] Generating core module 'mac_muladd_9s_6s_14s_15_4_1': 60 instance(s).
INFO: [RTGEN 206-100] Generating core module 'mac_muladd_9s_6s_15s_15_4_1': 90 instance(s).
INFO: [RTGEN 206-100] Generating core module 'mac_muladd_9s_6s_15s_16_4_1': 30 instance(s).
INFO: [RTGEN 206-100] Generating core module 'mac_muladd_9s_7ns_10s_15_4_1': 15 instance(s).
INFO: [RTGEN 206-100] Generating core module 'mac_muladd_9s_7ns_16s_16_4_1': 30 instance(s).
INFO: [RTGEN 206-100] Generating core module 'mac_muladd_9s_7ns_17s_17_4_1': 30 instance(s).
INFO: [RTGEN 206-100] Generating core module 'mac_muladd_9s_7s_11s_14_4_1': 15 instance(s).
INFO: [RTGEN 206-100] Generating core module 'mac_muladd_9s_7s_12s_14_4_1': 15 instance(s).
INFO: [RTGEN 206-100] Generating core module 'mac_muladd_9s_7s_13s_14_4_1': 15 instance(s).
INFO: [RTGEN 206-100] Generating core module 'mac_muladd_9s_7s_15s_16_4_1': 30 instance(s).
INFO: [RTGEN 206-100] Generating core module 'mac_muladd_9s_7s_16s_16_4_1': 45 instance(s).
INFO: [RTGEN 206-100] Generating core module 'mac_muladd_9s_7s_16s_17_4_1': 30 instance(s).
INFO: [RTGEN 206-100] Generating core module 'mac_muladd_9s_7s_17s_18_4_1': 15 instance(s).
INFO: [RTGEN 206-100] Generating core module 'mac_muladd_9s_8s_16s_17_4_1': 30 instance(s).
INFO: [RTGEN 206-100] Generating core module 'mac_muladd_9s_8s_17s_17_4_1': 15 instance(s).
INFO: [RTGEN 206-100] Generating core module 'mac_muladd_9s_8s_17s_18_4_1': 15 instance(s).
INFO: [RTGEN 206-100] Generating core module 'mac_muladd_9s_8s_18s_19_4_1': 15 instance(s).
INFO: [RTGEN 206-100] Generating core module 'mul_9s_5s_12_4_1': 15 instance(s).
INFO: [RTGEN 206-100] Generating core module 'mul_9s_6ns_13_4_1': 60 instance(s).
INFO: [RTGEN 206-100] Generating core module 'mul_9s_6ns_14_4_1': 15 instance(s).
INFO: [RTGEN 206-100] Generating core module 'mul_9s_6ns_15_4_1': 45 instance(s).
INFO: [RTGEN 206-100] Generating core module 'mul_9s_6s_13_4_1': 105 instance(s).
INFO: [RTGEN 206-100] Generating core module 'mul_9s_6s_15_4_1': 60 instance(s).
INFO: [RTGEN 206-100] Generating core module 'mul_9s_7ns_14_4_1': 30 instance(s).
INFO: [RTGEN 206-100] Generating core module 'mul_9s_7ns_15_4_1': 30 instance(s).
INFO: [RTGEN 206-100] Generating core module 'mul_9s_7ns_16_4_1': 15 instance(s).
INFO: [RTGEN 206-100] Generating core module 'mul_9s_7s_14_4_1': 120 instance(s).
INFO: [RTGEN 206-100] Generating core module 'mul_9s_7s_15_4_1': 15 instance(s).
INFO: [RTGEN 206-100] Generating core module 'mul_9s_7s_16_4_1': 15 instance(s).
INFO: [RTGEN 206-100] Generating core module 'mul_9s_8s_15_4_1': 30 instance(s).
INFO: [RTGEN 206-100] Generating core module 'sitofp_32s_32_7_no_dsp_1': 195 instance(s).
INFO: [RTGEN 206-100] Finished creating RTL model for 'do_conv_br_1_Pipeline_2'.
INFO: [HLS 200-111] Finished Creating RTL model: CPU user time: 34.96 seconds. CPU system time: 0.4 seconds. Elapsed time: 35.37 seconds; current allocated memory: 2.908 GB.
INFO: [HLS 200-10] ----------------------------------------------------------------
INFO: [HLS 200-10] -- Generating RTL for module 'do_conv_br_1' 
INFO: [HLS 200-10] ----------------------------------------------------------------
INFO: [RTGEN 206-100] Finished creating RTL model for 'do_conv_br_1'.
INFO: [HLS 200-111] Finished Creating RTL model: CPU user time: 139.35 seconds. CPU system time: 1.59 seconds. Elapsed time: 141.33 seconds; current allocated memory: 3.343 GB.
INFO: [HLS 200-10] ----------------------------------------------------------------
INFO: [HLS 200-10] -- Generating RTL for module 'do_conv_br' 
INFO: [HLS 200-10] ----------------------------------------------------------------
INFO: [HLS 200-1030] Apply Unified Pipeline Control on module 'do_conv_br' pipeline 'Loop 1' pipeline type 'loop pipeline'
INFO: [RTGEN 206-104] Estimated max fanout for 'do_conv_br' is 186249 from HDL expression: (1'b0 == ap_block_pp0_stage0_11001)
INFO: [RTGEN 206-100] Generating core module 'am_addmul_9s_9s_5s_13_4_1': 15 instance(s).
INFO: [RTGEN 206-100] Generating core module 'am_addmul_9s_9s_6s_14_4_1': 15 instance(s).
INFO: [RTGEN 206-100] Generating core module 'am_addmul_9s_9s_6s_15_4_1': 15 instance(s).
INFO: [RTGEN 206-100] Generating core module 'am_addmul_9s_9s_7s_15_4_1': 15 instance(s).
INFO: [RTGEN 206-100] Generating core module 'ama_addmuladd_10s_9s_4ns_15s_16_4_1': 15 instance(s).
INFO: [RTGEN 206-100] Generating core module 'ama_addmuladd_10s_9s_5ns_17s_17_4_1': 15 instance(s).
INFO: [RTGEN 206-100] Generating core module 'ama_addmuladd_10s_9s_5ns_18s_18_4_1': 15 instance(s).
INFO: [RTGEN 206-100] Generating core module 'ama_addmuladd_10s_9s_5ns_18s_19_4_1': 15 instance(s).
INFO: [RTGEN 206-100] Generating core module 'ama_addmuladd_10s_9s_5s_15s_15_4_1': 15 instance(s).
INFO: [RTGEN 206-100] Generating core module 'ama_addmuladd_10s_9s_5s_15s_16_4_1': 15 instance(s).
INFO: [RTGEN 206-100] Generating core module 'ama_addmuladd_10s_9s_6ns_11s_16_4_1': 15 instance(s).
INFO: [RTGEN 206-100] Generating core module 'ama_addmuladd_10s_9s_6ns_15s_16_4_1': 15 instance(s).
INFO: [RTGEN 206-100] Generating core module 'ama_addmuladd_10s_9s_6ns_18s_19_4_1': 15 instance(s).
INFO: [RTGEN 206-100] Generating core module 'ama_addmuladd_10s_9s_6ns_19s_19_4_1': 15 instance(s).
INFO: [RTGEN 206-100] Generating core module 'ama_addmuladd_10s_9s_6s_15s_15_4_1': 15 instance(s).
INFO: [RTGEN 206-100] Generating core module 'ama_addmuladd_9s_9s_4ns_15s_15_4_1': 15 instance(s).
INFO: [RTGEN 206-100] Generating core module 'ama_addmuladd_9s_9s_5ns_14s_15_4_1': 15 instance(s).
INFO: [RTGEN 206-100] Generating core module 'ama_addmuladd_9s_9s_5ns_15s_15_4_1': 30 instance(s).
INFO: [RTGEN 206-100] Generating core module 'ama_addmuladd_9s_9s_5ns_16s_16_4_1': 45 instance(s).
INFO: [RTGEN 206-100] Generating core module 'ama_addmuladd_9s_9s_6ns_16s_16_4_1': 15 instance(s).
INFO: [RTGEN 206-100] Generating core module 'ama_addmuladd_9s_9s_6ns_17s_18_4_1': 15 instance(s).
INFO: [RTGEN 206-100] Generating core module 'ama_addmuladd_9s_9s_7s_17s_18_4_1': 15 instance(s).
INFO: [RTGEN 206-100] Generating core module 'ama_submuladd_10s_9s_4ns_14s_15_4_1': 15 instance(s).
INFO: [RTGEN 206-100] Generating core module 'ama_submuladd_10s_9s_4ns_16s_16_4_1': 15 instance(s).
INFO: [RTGEN 206-100] Generating core module 'ama_submuladd_10s_9s_5ns_10s_15_4_1': 15 instance(s).
INFO: [RTGEN 206-100] Generating core module 'ama_submuladd_10s_9s_5ns_14s_15_4_1': 15 instance(s).
INFO: [RTGEN 206-100] Generating core module 'ama_submuladd_9s_10s_5ns_16s_16_4_1': 30 instance(s).
INFO: [RTGEN 206-100] Generating core module 'ama_submuladd_9s_10s_5ns_16s_17_4_1': 30 instance(s).
INFO: [RTGEN 206-100] Generating core module 'ama_submuladd_9s_10s_5ns_18s_18_4_1': 15 instance(s).
INFO: [RTGEN 206-100] Generating core module 'ama_submuladd_9s_10s_6ns_16s_16_4_1': 15 instance(s).
INFO: [RTGEN 206-100] Generating core module 'ama_submuladd_9s_9s_4ns_14s_15_4_1': 15 instance(s).
INFO: [RTGEN 206-100] Generating core module 'ama_submuladd_9s_9s_5ns_12s_14_4_1': 30 instance(s).
INFO: [RTGEN 206-100] Generating core module 'ama_submuladd_9s_9s_5ns_14s_15_4_1': 60 instance(s).
INFO: [RTGEN 206-100] Generating core module 'ama_submuladd_9s_9s_5ns_15s_15_4_1': 135 instance(s).
INFO: [RTGEN 206-100] Generating core module 'ama_submuladd_9s_9s_5ns_15s_16_4_1': 30 instance(s).
INFO: [RTGEN 206-100] Generating core module 'ama_submuladd_9s_9s_5ns_16s_16_4_1': 15 instance(s).
INFO: [RTGEN 206-100] Generating core module 'ama_submuladd_9s_9s_5ns_16s_17_4_1': 15 instance(s).
INFO: [RTGEN 206-100] Generating core module 'ama_submuladd_9s_9s_6ns_14s_15_4_1': 30 instance(s).
INFO: [RTGEN 206-100] Generating core module 'ama_submuladd_9s_9s_6ns_14s_16_4_1': 15 instance(s).
INFO: [RTGEN 206-100] Generating core module 'ama_submuladd_9s_9s_6ns_15s_16_4_1': 30 instance(s).
INFO: [RTGEN 206-100] Generating core module 'ama_submuladd_9s_9s_6ns_16s_16_4_1': 15 instance(s).
INFO: [RTGEN 206-100] Generating core module 'fadd_32ns_32ns_32_12_no_dsp_1': 420 instance(s).
INFO: [RTGEN 206-100] Generating core module 'fcmp_32ns_32ns_1_4_no_dsp_1': 210 instance(s).
INFO: [RTGEN 206-100] Generating core module 'fmul_32ns_32ns_32_8_max_dsp_1': 210 instance(s).
INFO: [RTGEN 206-100] Generating core module 'mac_muladd_9s_4ns_12s_13_4_1': 15 instance(s).
INFO: [RTGEN 206-100] Generating core module 'mac_muladd_9s_4ns_13s_14_4_1': 15 instance(s).
INFO: [RTGEN 206-100] Generating core module 'mac_muladd_9s_4ns_14s_14_4_1': 30 instance(s).
INFO: [RTGEN 206-100] Generating core module 'mac_muladd_9s_4ns_14s_15_4_1': 15 instance(s).
INFO: [RTGEN 206-100] Generating core module 'mac_muladd_9s_4ns_15s_15_4_1': 15 instance(s).
INFO: [RTGEN 206-100] Generating core module 'mac_muladd_9s_5ns_12s_14_4_1': 15 instance(s).
INFO: [RTGEN 206-100] Generating core module 'mac_muladd_9s_5ns_13s_14_4_1': 45 instance(s).
INFO: [RTGEN 206-100] Generating core module 'mac_muladd_9s_5ns_14s_14_4_1': 15 instance(s).
INFO: [RTGEN 206-100] Generating core module 'mac_muladd_9s_5ns_14s_15_4_1': 15 instance(s).
INFO: [RTGEN 206-100] Generating core module 'mac_muladd_9s_5ns_15ns_15_4_1': 15 instance(s).
INFO: [RTGEN 206-100] Generating core module 'mac_muladd_9s_5ns_15s_15_4_1': 30 instance(s).
INFO: [RTGEN 206-100] Generating core module 'mac_muladd_9s_5ns_15s_16_4_1': 15 instance(s).
INFO: [RTGEN 206-100] Generating core module 'mac_muladd_9s_5ns_5s_13_4_1': 15 instance(s).
INFO: [RTGEN 206-100] Generating core module 'mac_muladd_9s_5s_14s_15_4_1': 60 instance(s).
INFO: [RTGEN 206-100] Generating core module 'mac_muladd_9s_5s_15s_15_4_1': 15 instance(s).
INFO: [RTGEN 206-100] Generating core module 'mac_muladd_9s_6ns_10ns_15_4_1': 15 instance(s).
INFO: [RTGEN 206-100] Generating core module 'mac_muladd_9s_6ns_12s_15_4_1': 15 instance(s).
INFO: [RTGEN 206-100] Generating core module 'mac_muladd_9s_6ns_13s_14_4_1': 15 instance(s).
INFO: [RTGEN 206-100] Generating core module 'mac_muladd_9s_6ns_13s_15_4_1': 15 instance(s).
INFO: [RTGEN 206-100] Generating core module 'mac_muladd_9s_6ns_14s_14_4_1': 15 instance(s).
INFO: [RTGEN 206-100] Generating core module 'mac_muladd_9s_6ns_14s_15_4_1': 105 instance(s).
INFO: [RTGEN 206-100] Generating core module 'mac_muladd_9s_6ns_15s_15_4_1': 30 instance(s).
INFO: [RTGEN 206-100] Generating core module 'mac_muladd_9s_6ns_15s_16_4_1': 45 instance(s).
INFO: [RTGEN 206-100] Generating core module 'mac_muladd_9s_6ns_16ns_16_4_1': 15 instance(s).
INFO: [RTGEN 206-100] Generating core module 'mac_muladd_9s_6ns_16s_16_4_1': 45 instance(s).
INFO: [RTGEN 206-100] Generating core module 'mac_muladd_9s_6ns_16s_17_4_1': 30 instance(s).
INFO: [RTGEN 206-100] Generating core module 'mac_muladd_9s_6ns_17s_18_4_1': 45 instance(s).
INFO: [RTGEN 206-100] Generating core module 'mac_muladd_9s_6ns_8ns_14_4_1': 15 instance(s).
INFO: [RTGEN 206-100] Generating core module 'mac_muladd_9s_6s_10s_13_4_1': 15 instance(s).
INFO: [RTGEN 206-100] Generating core module 'mac_muladd_9s_6s_11s_14_4_1': 15 instance(s).
INFO: [RTGEN 206-100] Generating core module 'mac_muladd_9s_6s_12s_13_4_1': 15 instance(s).
INFO: [RTGEN 206-100] Generating core module 'mac_muladd_9s_6s_13s_15_4_1': 15 instance(s).
INFO: [RTGEN 206-100] Generating core module 'mac_muladd_9s_6s_14s_15_4_1': 15 instance(s).
INFO: [RTGEN 206-100] Generating core module 'mac_muladd_9s_6s_15s_15_4_1': 60 instance(s).
INFO: [RTGEN 206-100] Generating core module 'mac_muladd_9s_6s_15s_16_4_1': 60 instance(s).
INFO: [RTGEN 206-100] Generating core module 'mac_muladd_9s_6s_18s_18_4_1': 15 instance(s).
INFO: [RTGEN 206-100] Generating core module 'mac_muladd_9s_7ns_16s_16_4_1': 15 instance(s).
INFO: [RTGEN 206-100] Generating core module 'mac_muladd_9s_7ns_19s_19_4_1': 15 instance(s).
INFO: [RTGEN 206-100] Generating core module 'mac_muladd_9s_7s_10s_14_4_1': 15 instance(s).
INFO: [RTGEN 206-100] Generating core module 'mac_muladd_9s_7s_11s_14_4_1': 15 instance(s).
INFO: [RTGEN 206-100] Generating core module 'mac_muladd_9s_7s_15s_16_4_1': 60 instance(s).
INFO: [RTGEN 206-100] Generating core module 'mac_muladd_9s_7s_16s_16_4_1': 30 instance(s).
INFO: [RTGEN 206-100] Generating core module 'mac_muladd_9s_7s_16s_17_4_1': 45 instance(s).
INFO: [RTGEN 206-100] Generating core module 'mac_muladd_9s_7s_18s_18_4_1': 15 instance(s).
INFO: [RTGEN 206-100] Generating core module 'mac_muladd_9s_8s_19s_19_4_1': 15 instance(s).
INFO: [RTGEN 206-100] Generating core module 'mac_muladd_9s_8s_9s_15_4_1': 15 instance(s).
INFO: [RTGEN 206-100] Generating core module 'mul_10s_5ns_15_4_1': 15 instance(s).
INFO: [RTGEN 206-100] Generating core module 'mul_10s_6ns_16_4_1': 15 instance(s).
INFO: [RTGEN 206-100] Generating core module 'mul_10s_6s_15_4_1': 15 instance(s).
INFO: [RTGEN 206-100] Generating core module 'mul_9s_5s_12_4_1': 30 instance(s).
INFO: [RTGEN 206-100] Generating core module 'mul_9s_5s_14_4_1': 30 instance(s).
INFO: [RTGEN 206-100] Generating core module 'mul_9s_6ns_15_4_1': 120 instance(s).
INFO: [RTGEN 206-100] Generating core module 'mul_9s_6s_13_4_1': 150 instance(s).
INFO: [RTGEN 206-100] Generating core module 'mul_9s_6s_15_4_1': 120 instance(s).
INFO: [RTGEN 206-100] Generating core module 'mul_9s_7ns_14_4_1': 75 instance(s).
INFO: [RTGEN 206-100] Generating core module 'mul_9s_7ns_15_4_1': 45 instance(s).
INFO: [RTGEN 206-100] Generating core module 'mul_9s_7ns_16_4_1': 75 instance(s).
INFO: [RTGEN 206-100] Generating core module 'mul_9s_7s_14_4_1': 240 instance(s).
INFO: [RTGEN 206-100] Generating core module 'mul_9s_7s_15_4_1': 15 instance(s).
INFO: [RTGEN 206-100] Generating core module 'mul_9s_7s_16_4_1': 30 instance(s).
INFO: [RTGEN 206-100] Generating core module 'mul_9s_8ns_15_4_1': 15 instance(s).
INFO: [RTGEN 206-100] Generating core module 'mul_9s_8s_15_4_1': 15 instance(s).
INFO: [RTGEN 206-100] Generating core module 'sitofp_32s_32_7_no_dsp_1': 210 instance(s).
INFO: [RTGEN 206-100] Finished creating RTL model for 'do_conv_br'.
INFO: [HLS 200-111] Finished Creating RTL model: CPU user time: 57.48 seconds. CPU system time: 0.75 seconds. Elapsed time: 58.24 seconds; current allocated memory: 3.884 GB.
INFO: [HLS 200-10] ----------------------------------------------------------------
INFO: [HLS 200-10] -- Generating RTL for module 'top' 
INFO: [HLS 200-10] ----------------------------------------------------------------
WARNING: [RTGEN 206-101] Design contains AXI ports. Reset is fixed to synchronous and active low.
INFO: [RTGEN 206-500] Setting interface mode on port 'top/i_stream_0' to 'axis' (register, both mode).
INFO: [RTGEN 206-500] Setting interface mode on port 'top/i_stream_1' to 'axis' (register, both mode).
INFO: [RTGEN 206-500] Setting interface mode on port 'top/i_stream_2' to 'axis' (register, both mode).
INFO: [RTGEN 206-500] Setting interface mode on port 'top/o_stream_0' to 'axis' (register, both mode).
INFO: [RTGEN 206-500] Setting interface mode on port 'top/o_stream_1' to 'axis' (register, both mode).
INFO: [RTGEN 206-500] Setting interface mode on port 'top/o_stream_2' to 'axis' (register, both mode).
INFO: [RTGEN 206-500] Setting interface mode on function 'top' to 'ap_ctrl_chain'.
INFO: [RTGEN 206-100] Finished creating RTL model for 'top'.
INFO: [HLS 200-111] Finished Creating RTL model: CPU user time: 296.4 seconds. CPU system time: 3.24 seconds. Elapsed time: 299.73 seconds; current allocated memory: 4.682 GB.
INFO: [RTMG 210-286] Generating pipelined shifter : 'top_lshr_79ns_32ns_79_4_0'
INFO: [RTMG 210-286] Generating pipelined shifter : 'top_shl_79ns_32ns_79_4_0'
INFO: [RTMG 210-279] Implementing memory 'top_do_conv_br_2_Pipeline_2_gelu_lut0_V_ROM_AUTO_2R' using auto ROMs.
INFO: [RTMG 210-279] Implementing memory 'top_do_conv_br_1_Pipeline_2_gelu_lut1_V_ROM_AUTO_2R' using auto ROMs.
INFO: [RTMG 210-279] Implementing memory 'top_do_conv_br_gelu_lut2_V_ROM_AUTO_2R' using auto ROMs.
INFO: [HLS 200-111] Finished Generating all RTL models: CPU user time: 179.17 seconds. CPU system time: 1.12 seconds. Elapsed time: 180.33 seconds; current allocated memory: 4.689 GB.
INFO: [HLS 200-111] Finished Updating report files: CPU user time: 19.3 seconds. CPU system time: 0.3 seconds. Elapsed time: 19.6 seconds; current allocated memory: 5.199 GB.
INFO: [VHDL 208-304] Generating VHDL RTL for top.
INFO: [VLOG 209-307] Generating Verilog RTL for top.
INFO: [HLS 200-790] **** Loop Constraint Status: All loop constraints were satisfied.
INFO: [HLS 200-789] **** Estimated Fmax: 308.74 MHz
INFO: [HLS 200-111] Finished Command csynth_design CPU user time: 2371.18 seconds. CPU system time: 21.23 seconds. Elapsed time: 2392.29 seconds; current allocated memory: 3.741 GB.
INFO: [HLS 200-1510] Running: export_design -description CONV_BR_DESC -display_name CONV_BR_DISP -flow syn -library HLS -vendor PKU -version 1.0 -taxonomy IP Core -output export_ip/CONV_BR -ipname CONV_BR 
INFO: [IMPL 213-8] Exporting RTL as a Vivado IP.

****** Vivado v2022.1 (64-bit)
  **** SW Build 3526262 on Mon Apr 18 15:47:01 MDT 2022
  **** IP Build 3524634 on Mon Apr 18 20:55:01 MDT 2022
    ** Copyright 1986-2022 Xilinx, Inc. All Rights Reserved.

source run_ippack.tcl -notrace
INFO: [IP_Flow 19-234] Refreshing IP repositories
INFO: [IP_Flow 19-1704] No user IP repositories specified
INFO: [IP_Flow 19-2313] Loaded Vivado IP repository '/data/home/songqiangxu/Xilinx/2022.1/Vivado/2022.1/data/ip'.
WARNING: [IP_Flow 19-4832] The IP name 'top_fadd_32ns_32ns_32_12_no_dsp_1_ip' you have specified is long. The Windows operating system has path length limitations. It is recommended you use shorter names to reduce the likelihood of issues.
INFO: [IP_Flow 19-1686] Generating 'Synthesis' target for IP 'top_fadd_32ns_32ns_32_12_no_dsp_1_ip'...
INFO: [IP_Flow 19-1686] Generating 'Simulation' target for IP 'top_fadd_32ns_32ns_32_12_no_dsp_1_ip'...
WARNING: [IP_Flow 19-4832] The IP name 'top_fcmp_32ns_32ns_1_4_no_dsp_1_ip' you have specified is long. The Windows operating system has path length limitations. It is recommended you use shorter names to reduce the likelihood of issues.
INFO: [IP_Flow 19-1686] Generating 'Synthesis' target for IP 'top_fcmp_32ns_32ns_1_4_no_dsp_1_ip'...
INFO: [IP_Flow 19-1686] Generating 'Simulation' target for IP 'top_fcmp_32ns_32ns_1_4_no_dsp_1_ip'...
WARNING: [IP_Flow 19-4832] The IP name 'top_fmul_32ns_32ns_32_8_max_dsp_1_ip' you have specified is long. The Windows operating system has path length limitations. It is recommended you use shorter names to reduce the likelihood of issues.
INFO: [IP_Flow 19-1686] Generating 'Synthesis' target for IP 'top_fmul_32ns_32ns_32_8_max_dsp_1_ip'...
INFO: [IP_Flow 19-1686] Generating 'Simulation' target for IP 'top_fmul_32ns_32ns_32_8_max_dsp_1_ip'...
WARNING: [IP_Flow 19-4832] The IP name 'top_sitofp_32s_32_7_no_dsp_1_ip' you have specified is long. The Windows operating system has path length limitations. It is recommended you use shorter names to reduce the likelihood of issues.
INFO: [IP_Flow 19-1686] Generating 'Synthesis' target for IP 'top_sitofp_32s_32_7_no_dsp_1_ip'...
INFO: [IP_Flow 19-1686] Generating 'Simulation' target for IP 'top_sitofp_32s_32_7_no_dsp_1_ip'...
INFO: [IP_Flow 19-234] Refreshing IP repositories
INFO: [IP_Flow 19-1704] No user IP repositories specified
INFO: [IP_Flow 19-2313] Loaded Vivado IP repository '/data/home/songqiangxu/Xilinx/2022.1/Vivado/2022.1/data/ip'.
INFO: [Common 17-206] Exiting Vivado at Tue May  5 22:46:32 2026...
INFO: [IMPL 213-8] Starting RTL evaluation using Vivado ...

****** Vivado v2022.1 (64-bit)
  **** SW Build 3526262 on Mon Apr 18 15:47:01 MDT 2022
  **** IP Build 3524634 on Mon Apr 18 20:55:01 MDT 2022
    ** Copyright 1986-2022 Xilinx, Inc. All Rights Reserved.

source run_vivadosyn.tcl
# source ./settings.tcl
## set top_module top
## set language verilog
## set family kintex7
## set device xc7k325t
## set package -ffg900
## set speed -2
## set clock ap_clk
## set fsm_ext "off"
## set add_io_buffers false ;
# source -notrace ./extraction.tcl
# set vivado_proj_name project
# set vivado_proj_dir .
# set target_device "${device}${package}${speed}"
# set target_clk_period_ns "2.5"
# set target_clk_freq_hz [expr {floor(1000 / $target_clk_period_ns) * 1000000}]
# set ip_vlnv PKU:HLS:CONV_BR:1.0
# set ip_repo_path ../ip
# set bd_design_name bd_0
# set bd_inst_name hls_inst
# set bd_props {}
# set has_synth true
# set synth_design_args {-directive sdx_optimization_effort_high}
# set synth_dcp ""
# set synth_props {}
# set has_impl false
# set impl_props {}
# set report_options [dict create]
# dict set report_options report_level 2
# dict set report_options report_max_paths 10
# dict set report_options stdout_hls_reports 1
# dict set report_options stdout_vivado_reports 0
# dict set report_options hls_project work
# dict set report_options hls_solution solution
# dict set report_options has_synth $has_synth
# dict set report_options has_impl $has_impl
# dict set report_options vivado_reportbasename $top_module
# dict set report_options vivado_reportdir ./report
# dict set report_options hls_impl_dir ..
# dict set report_options hls_reportdir ../report/$language
# dict set report_options target_clk_period $target_clk_period_ns
# dict set report_options target_device $target_device
# dict set report_options language $language
# dict set report_options clock_name $clock
# dict set report_options error_if_impl_timing_fails false
# dict set report_options bindmodules {top_lshr_79ns_32ns_79_4_0 top_shl_79ns_32ns_79_4_0 top_fadd_32ns_32ns_32_12_no_dsp_1 top_fmul_32ns_32ns_32_8_max_dsp_1 top_sitofp_32s_32_7_no_dsp_1 top_fcmp_32ns_32ns_1_4_no_dsp_1 top_mul_9s_6s_13_4_1 top_mul_9s_6ns_13_4_1 top_mul_9s_5s_14_4_1 top_mul_9s_6ns_15_4_1 top_mul_9s_8s_15_4_1 top_mul_9s_7s_14_4_1 top_mul_9s_7ns_14_4_1 top_mul_9s_7s_15_4_1 top_mul_9s_8s_17_4_1 top_mac_muladd_9s_5ns_9s_13_4_1 top_mac_muladd_9s_5ns_8s_13_4_1 top_mac_muladd_9s_6ns_11s_14_4_1 top_mac_muladd_9s_6s_6s_13_4_1 top_mac_muladd_9s_5ns_12s_14_4_1 top_mac_muladd_9s_6s_9s_13_4_1 top_mac_muladd_9s_6s_15s_15_4_1 top_mac_muladd_9s_5ns_14s_15_4_1 top_mac_muladd_9s_7s_12s_14_4_1 top_mac_muladd_9s_8s_10s_15_4_1 top_mac_muladd_9s_7s_12s_15_4_1 top_mac_muladd_9s_5s_14s_15_4_1 top_mac_muladd_9s_6s_13s_14_4_1 top_mac_muladd_9s_6ns_14s_15_4_1 top_ama_submuladd_9s_9s_4ns_14s_15_4_1 top_mac_muladd_9s_5ns_15s_15_4_1 top_mac_muladd_9s_7s_15s_16_4_1 top_mac_muladd_9s_6s_14s_15_4_1 top_mac_muladd_9s_5s_13s_14_4_1 top_mac_muladd_9s_7ns_15s_16_4_1 top_mac_muladd_9s_4ns_13s_14_4_1 top_mac_muladd_9s_5s_15s_15_4_1 top_mac_muladd_9s_6ns_15s_15_4_1 top_mac_muladd_9s_5ns_15s_16_4_1 top_mac_muladd_9s_5ns_13s_14_4_1 top_mac_muladd_9s_6ns_15s_16_4_1 top_mac_muladd_9s_6ns_16s_17_4_1 top_mac_muladd_9s_6ns_16s_16_4_1 top_mac_muladd_9s_7s_16s_17_4_1 top_mac_muladd_9s_6s_15s_16_4_1 top_mac_muladd_9s_5s_16s_16_4_1 top_mac_muladd_9s_4ns_14s_14_4_1 top_ama_submuladd_9s_9s_6ns_16s_16_4_1 top_mac_muladd_9s_7ns_17s_18_4_1 top_mac_muladd_9s_5ns_11s_13_4_1 top_ama_submuladd_9s_9s_5ns_13s_15_4_1 top_do_conv_br_2_Pipeline_2_gelu_lut0_V_ROM_AUTO_2R top_flow_control_loop_pipe_sequential_init top_regslice_both top_mul_9s_5s_12_4_1 top_mul_9s_7ns_15_4_1 top_mul_9s_6s_15_4_1 top_mul_9s_6ns_14_4_1 top_mul_9s_7s_16_4_1 top_mul_9s_7ns_16_4_1 top_mac_muladd_9s_6ns_7ns_14_4_1 top_mac_muladd_9s_7ns_10s_15_4_1 top_mac_muladd_9s_6ns_7s_14_4_1 top_mac_muladd_9s_7s_13s_14_4_1 top_mac_muladd_9s_8s_16s_17_4_1 top_ama_submuladd_9s_9s_4ns_11s_13_4_1 top_mac_muladd_9s_7s_16s_16_4_1 top_ama_submuladd_9s_9s_4ns_13s_14_4_1 top_ama_submuladd_9s_9s_6ns_15s_16_4_1 top_mac_muladd_9s_7ns_17s_17_4_1 top_ama_addmuladd_10s_9s_6s_15s_15_4_1 top_ama_submuladd_9s_9s_5ns_14s_15_4_1 top_mac_muladd_9s_5ns_16s_16_4_1 top_am_addmul_9s_9s_6s_14_4_1 top_mac_muladd_10s_5s_15s_15_4_1 top_mac_muladd_9s_4ns_12s_13_4_1 top_ama_addmuladd_9s_9s_8s_13s_16_4_1 top_mac_muladd_9s_5ns_14s_14_4_1 top_mac_muladd_9s_6ns_17s_17_4_1 top_ama_addmuladd_9s_9s_6s_15s_15_4_1 top_ama_submuladd_9s_9s_5ns_16s_16_4_1 top_ama_submuladd_9s_9s_5ns_15s_16_4_1 top_mac_muladd_9s_8s_17s_17_4_1 top_mac_muladd_9s_8s_17s_18_4_1 top_ama_addmuladd_9s_9s_5ns_16s_17_4_1 top_mac_muladd_9s_7s_17s_18_4_1 top_ama_addmuladd_9s_9s_5s_15s_16_4_1 top_ama_submuladd_9s_9s_6ns_17s_18_4_1 top_mac_muladd_9s_7ns_16s_16_4_1 top_ama_submuladd_10s_9s_5ns_17s_18_4_1 top_mac_muladd_9s_7s_11s_14_4_1 top_ama_addmuladd_9s_9s_7s_17s_18_4_1 top_mac_muladd_9s_6ns_17s_18_4_1 top_mac_muladd_9s_8s_18s_19_4_1 top_do_conv_br_1_Pipeline_2_gelu_lut1_V_ROM_AUTO_2R top_mul_10s_6s_15_4_1 top_mul_10s_5ns_15_4_1 top_mul_10s_6ns_16_4_1 top_mul_9s_8ns_15_4_1 top_mac_muladd_9s_7s_10s_14_4_1 top_mac_muladd_9s_5ns_5s_13_4_1 top_mac_muladd_9s_6ns_10ns_15_4_1 top_mac_muladd_9s_6s_11s_14_4_1 top_mac_muladd_9s_6s_12s_13_4_1 top_mac_muladd_9s_8s_9s_15_4_1 top_mac_muladd_9s_6ns_12s_15_4_1 top_mac_muladd_9s_6ns_8ns_14_4_1 top_mac_muladd_9s_5ns_15ns_15_4_1 top_mac_muladd_9s_6ns_13s_15_4_1 top_mac_muladd_9s_6s_13s_15_4_1 top_ama_addmuladd_9s_9s_5ns_14s_15_4_1 top_ama_submuladd_9s_9s_5ns_15s_15_4_1 top_mac_muladd_9s_6ns_14s_14_4_1 top_mac_muladd_9s_6ns_13s_14_4_1 top_mac_muladd_9s_4ns_14s_15_4_1 top_ama_submuladd_9s_9s_5ns_12s_14_4_1 top_ama_addmuladd_10s_9s_5s_15s_16_4_1 top_ama_submuladd_9s_9s_6ns_14s_15_4_1 top_ama_submuladd_9s_10s_5ns_16s_16_4_1 top_ama_submuladd_9s_10s_5ns_16s_17_4_1 top_ama_addmuladd_9s_9s_4ns_15s_15_4_1 top_am_addmul_9s_9s_7s_15_4_1 top_ama_addmuladd_10s_9s_6ns_11s_16_4_1 top_ama_addmuladd_9s_9s_5ns_16s_16_4_1 top_ama_submuladd_10s_9s_4ns_16s_16_4_1 top_mac_muladd_9s_6s_10s_13_4_1 top_ama_addmuladd_9s_9s_6ns_17s_18_4_1 top_mac_muladd_9s_4ns_15s_15_4_1 top_ama_addmuladd_9s_9s_6ns_16s_16_4_1 top_ama_addmuladd_9s_9s_5ns_15s_15_4_1 top_ama_submuladd_9s_9s_6ns_14s_16_4_1 top_ama_addmuladd_10s_9s_4ns_15s_16_4_1 top_am_addmul_9s_9s_6s_15_4_1 top_am_addmul_9s_9s_5s_13_4_1 top_ama_submuladd_9s_9s_5ns_16s_17_4_1 top_ama_submuladd_9s_10s_5ns_18s_18_4_1 top_ama_addmuladd_10s_9s_5s_15s_15_4_1 top_ama_addmuladd_10s_9s_5ns_18s_18_4_1 top_ama_submuladd_9s_10s_6ns_16s_16_4_1 top_ama_submuladd_10s_9s_5ns_10s_15_4_1 top_ama_submuladd_10s_9s_4ns_14s_15_4_1 top_ama_submuladd_10s_9s_5ns_14s_15_4_1 top_ama_addmuladd_10s_9s_6ns_15s_16_4_1 top_mac_muladd_9s_6s_18s_18_4_1 top_mac_muladd_9s_8s_19s_19_4_1 top_ama_addmuladd_10s_9s_5ns_17s_17_4_1 top_mac_muladd_9s_6ns_16ns_16_4_1 top_mac_muladd_9s_7s_18s_18_4_1 top_ama_addmuladd_10s_9s_6ns_18s_19_4_1 top_ama_addmuladd_10s_9s_5ns_18s_19_4_1 top_mac_muladd_9s_7ns_19s_19_4_1 top_ama_addmuladd_10s_9s_6ns_19s_19_4_1 top_do_conv_br_gelu_lut2_V_ROM_AUTO_2R top_flow_control_loop_pipe}
# dict set report_options max_module_depth 8
# create_project $vivado_proj_name $vivado_proj_dir -part $target_device -force
# set_property target_language $language [current_project]
# if { ![file exists $ip_repo_path] } {
#   error "Cannot find packaged HLS IP"
# }
# set_property ip_repo_paths [file normalize $ip_repo_path] [current_project]
# update_ip_catalog
INFO: [IP_Flow 19-234] Refreshing IP repositories
INFO: [IP_Flow 19-1700] Loaded user IP repository '/data/home/songqiangxu/project/CNN/instances_tp8_syn_kv260/proj_CONV_BR/work/solution/impl/ip'.
INFO: [IP_Flow 19-2313] Loaded Vivado IP repository '/data/home/songqiangxu/Xilinx/2022.1/Vivado/2022.1/data/ip'.
# create_bd_design $bd_design_name
Wrote  : </data/home/songqiangxu/project/CNN/instances_tp8_syn_kv260/proj_CONV_BR/work/solution/impl/verilog/project.srcs/sources_1/bd/bd_0/bd_0.bd> 
# set cell_inst [create_bd_cell -type ip -vlnv $ip_vlnv $bd_inst_name]
# if { [llength $bd_props] } { 
#   set_property -dict $bd_props $cell_inst 
# }
# make_bd_pins_external $cell_inst
# make_bd_intf_pins_external $cell_inst
# set bd_clk_ports [get_bd_ports -filter {TYPE==clk}]
# if { [llength $bd_clk_ports] && $target_clk_freq_hz ne "" } { 
#   set_property CONFIG.FREQ_HZ $target_clk_freq_hz $bd_clk_ports 
# }
# foreach bd_port [get_bd_intf_ports] {
#   set_property name [regsub {_0$} [get_property name $bd_port] {}] $bd_port
# }
# foreach bd_port [get_bd_ports -filter {INTF!=TRUE}] {
#   set_property name [regsub {_0$} [get_property name $bd_port] {}] $bd_port
# }
# set s_axi_addr_width_min 32
WARNING: [BD 5-233] No interface ports matched 'get_bd_intf_ports -filter {MODE == "Slave" && VLNV =~ "xilinx.com:interface:aximm_rtl:*"}'
# foreach bd_port [get_bd_intf_ports -filter {MODE == "Slave" && VLNV =~ "xilinx.com:interface:aximm_rtl:*"}] {
#   set bd_port_addr_width [get_property CONFIG.ADDR_WIDTH $bd_port]
#   if { $bd_port_addr_width < $s_axi_addr_width_min } {
#     puts "INFO: Updating $bd_port CONFIG.ADDR_WIDTH to $s_axi_addr_width_min"
#     set_property CONFIG.ADDR_WIDTH $s_axi_addr_width_min $bd_port
#   }
# }
# set_msg_config -id {[BD 41-1265]} -severity {CRITICAL WARNING} -new_severity {INFO}
# assign_bd_address
Wrote  : </data/home/songqiangxu/project/CNN/instances_tp8_syn_kv260/proj_CONV_BR/work/solution/impl/verilog/project.srcs/sources_1/bd/bd_0/bd_0.bd> 
Verilog Output written to : /data/home/songqiangxu/project/CNN/instances_tp8_syn_kv260/proj_CONV_BR/work/solution/impl/verilog/project.gen/sources_1/bd/bd_0/synth/bd_0.v
Verilog Output written to : /data/home/songqiangxu/project/CNN/instances_tp8_syn_kv260/proj_CONV_BR/work/solution/impl/verilog/project.gen/sources_1/bd/bd_0/sim/bd_0.v
Verilog Output written to : /data/home/songqiangxu/project/CNN/instances_tp8_syn_kv260/proj_CONV_BR/work/solution/impl/verilog/project.gen/sources_1/bd/bd_0/hdl/bd_0_wrapper.v
# set toprtl [make_wrapper -files [get_files ${bd_design_name}.bd] -top]
# add_files -norecurse $toprtl
# set top_inst_name [file root [file tail $toprtl]]
# puts "Using BD top: $top_inst_name"
Using BD top: bd_0_wrapper
# set xdc_files [glob -nocomplain ./*.xdc]
# if { [llength $xdc_files] } {
#     add_files -fileset constrs_1 -norecurse $xdc_files
# }
# launch_runs synth_1 -scripts_only
INFO: [BD 41-1662] The design 'bd_0.bd' is already validated. Therefore parameter propagation will not be re-run.
Verilog Output written to : /data/home/songqiangxu/project/CNN/instances_tp8_syn_kv260/proj_CONV_BR/work/solution/impl/verilog/project.gen/sources_1/bd/bd_0/synth/bd_0.v
Verilog Output written to : /data/home/songqiangxu/project/CNN/instances_tp8_syn_kv260/proj_CONV_BR/work/solution/impl/verilog/project.gen/sources_1/bd/bd_0/sim/bd_0.v
Verilog Output written to : /data/home/songqiangxu/project/CNN/instances_tp8_syn_kv260/proj_CONV_BR/work/solution/impl/verilog/project.gen/sources_1/bd/bd_0/hdl/bd_0_wrapper.v
INFO: [BD 41-1029] Generation completed for the IP Integrator block hls_inst .
Exporting to file /data/home/songqiangxu/project/CNN/instances_tp8_syn_kv260/proj_CONV_BR/work/solution/impl/verilog/project.gen/sources_1/bd/bd_0/hw_handoff/bd_0.hwh
Generated Hardware Definition File /data/home/songqiangxu/project/CNN/instances_tp8_syn_kv260/proj_CONV_BR/work/solution/impl/verilog/project.gen/sources_1/bd/bd_0/synth/bd_0.hwdef
WARNING: [Vivado 12-7122] Auto Incremental Compile:: No reference checkpoint was found in run synth_1. Auto-incremental flow will not be run, the standard flow will be run instead.
launch_runs: Time (s): cpu = 00:00:07 ; elapsed = 00:00:08 . Memory (MB): peak = 3041.730 ; gain = 72.035 ; free physical = 65751 ; free virtual = 124872
# foreach run [get_runs -filter {IS_SYNTHESIS == 1}] {
#   reset_run [get_runs $run]
# }
# set_property XPM_LIBRARIES {XPM_MEMORY XPM_FIFO} [current_project]
# hls_vivado_reports_setup $report_options
TIMESTAMP: HLS-REPORT: initialize report directories: 2026-05-05 22:46:58 CST
# if { $has_synth || $has_impl } {
#   # synth properties setting
#   set_property -name {STEPS.SYNTH_DESIGN.ARGS.MORE OPTIONS} -value {-mode out_of_context} -objects [get_runs synth_1]
#   set ip_inst [get_ips -quiet ${bd_design_name}*${bd_inst_name}*]
#   if { ![llength $ip_inst] } {
#       error "Cannot find HLS IP instance: ${bd_design_name}*${bd_inst_name}*"
#   }
#   set synth_run [get_runs -filter {IS_SYNTHESIS == 1} ${ip_inst}*]
#   if { ![llength $synth_run] } {
#       error "Cannot find synth run for HLS IP: ${ip_inst}*"
#   }
# 
#   if { [llength $synth_design_args] } {
#       set_property -name {STEPS.SYNTH_DESIGN.ARGS.MORE OPTIONS} -value $synth_design_args -objects $synth_run
#   }
# 
#   if { [llength $synth_props] } {
#     set_property -dict $synth_props $synth_run
#   }
# 
#   # launch run synth
#   launch_runs synth_1
#   wait_on_run synth_1
#   # synth reports
#   hls_vivado_reports_synth synth_1 $report_options
#   if { $synth_dcp ne "" } {
#     file mkdir [file dirname $synth_dcp]
#     set run_dcp [glob -nocomplain [get_property DIRECTORY $synth_run]/*.dcp]
#     if { [llength $run_dcp] != 1 } { error "Cannot find single dcp file for run $synth_run" }
#     file copy -force $run_dcp $synth_dcp
#   }
# }
WARNING: [Vivado 12-7122] Auto Incremental Compile:: No reference checkpoint was found in run synth_1. Auto-incremental flow will not be run, the standard flow will be run instead.
[Tue May  5 22:47:00 2026] Launched bd_0_hls_inst_0_synth_1...
Run output will be captured here: /data/home/songqiangxu/project/CNN/instances_tp8_syn_kv260/proj_CONV_BR/work/solution/impl/verilog/project.runs/bd_0_hls_inst_0_synth_1/runme.log
[Tue May  5 22:47:00 2026] Launched synth_1...
Run output will be captured here: /data/home/songqiangxu/project/CNN/instances_tp8_syn_kv260/proj_CONV_BR/work/solution/impl/verilog/project.runs/synth_1/runme.log
[Tue May  5 22:47:00 2026] Waiting for synth_1 to finish...
[Wed May  6 03:15:28 2026] synth_1 finished
WARNING: [Vivado 12-8222] Failed run(s) : 'bd_0_hls_inst_0_synth_1'
wait_on_runs: Time (s): cpu = 04:35:10 ; elapsed = 04:28:28 . Memory (MB): peak = 3041.730 ; gain = 0.000 ; free physical = 57109 ; free virtual = 127003
TIMESTAMP: HLS-REPORT: synthesis open_run: 2026-05-06 03:15:28 CST
INFO: HLS-REPORT: Opening synthesis design database: open_run synth_1
ERROR: [Common 17-69] Command failed: Run 'synth_1' has not been launched. Unable to open
INFO: [Common 17-206] Exiting Vivado at Wed May  6 03:15:28 2026...
ERROR: [HLS 200-478] vivado returned an error 
INFO: [HLS 200-111] Finished Command export_design CPU user time: 17351.9 seconds. CPU system time: 480.07 seconds. Elapsed time: 16955.7 seconds; current allocated memory: 55.910 MB.
command 'ap_source' returned error code
    while executing
"source run.tcl"
    ("uplevel" body line 1)
    invoked from within
"uplevel \#0 [list source $arg] "

INFO: [HLS 200-112] Total CPU user time: 19729 seconds. Total CPU system time: 503.07 seconds. Total elapsed time: 19354.1 seconds; peak allocated memory: 5.227 GB.
INFO: [Common 17-206] Exiting vitis_hls at Wed May  6 03:15:33 2026...
