
****** Vitis HLS - High-Level Synthesis from C, C++ and OpenCL v2022.1 (64-bit)
  **** SW Build 3526262 on Mon Apr 18 15:47:01 MDT 2022
  **** IP Build 3524634 on Mon Apr 18 20:55:01 MDT 2022
    ** Copyright 1986-2022 Xilinx, Inc. All Rights Reserved.

source /data/home/songqiangxu/Xilinx/2022.1/Vitis_HLS/2022.1/scripts/vitis_hls/hls.tcl -notrace
INFO: [HLS 200-10] Running '/data/home/songqiangxu/Xilinx/2022.1/Vitis_HLS/2022.1/bin/unwrapped/lnx64.o/vitis_hls'
INFO: [HLS 200-10] For user 'songqiangxu' on host 'dell-Precision-7920-Tower' (Linux_x86_64 version 5.15.0-139-generic) on Tue May 05 15:46:08 CST 2026
INFO: [HLS 200-10] On os Ubuntu 20.04.6 LTS
INFO: [HLS 200-10] In directory '/data/home/songqiangxu/project/CNN/instances_tp8_syn_kv260/proj_CONV_SPATIAL'
WARNING: [HLS 200-40] Environment variable 'CPLUS_INCLUDE_PATH' is set to /data/home/songqiangxu/project/CNN.
Sourcing Tcl script 'run.tcl'
INFO: [HLS 200-1510] Running: open_project work 
INFO: [HLS 200-10] Creating and opening project '/data/home/songqiangxu/project/CNN/instances_tp8_syn_kv260/proj_CONV_SPATIAL/work'.
INFO: [HLS 200-1510] Running: add_files case/CONV_SPATIAL.cpp 
INFO: [HLS 200-10] Adding design file 'case/CONV_SPATIAL.cpp' to the project
INFO: [HLS 200-1510] Running: add_files -tb case/CONV_SPATIAL.cpp 
INFO: [HLS 200-10] Adding test bench file 'case/CONV_SPATIAL.cpp' to the project
INFO: [HLS 200-1510] Running: open_solution solution 
INFO: [HLS 200-10] Creating and opening solution '/data/home/songqiangxu/project/CNN/instances_tp8_syn_kv260/proj_CONV_SPATIAL/work/solution'.
INFO: [HLS 200-1505] Using default flow_target 'vivado'
Resolution: For help on HLS 200-1505 see www.xilinx.com/cgi-bin/docs/rdoc?v=2022.1;t=hls+guidance;d=200-1505.html
INFO: [HLS 200-435] Setting 'open_solution -flow_target vivado' configuration: config_interface -m_axi_latency=0
INFO: [HLS 200-1510] Running: set_part xc7k325tffg900-2 
INFO: [HLS 200-1611] Setting target device to 'xc7k325t-ffg900-2'
INFO: [HLS 200-1510] Running: set_top top 
INFO: [HLS 200-1510] Running: create_clock -period 2.5 
INFO: [SYN 201-201] Setting up clock 'default' with a period of 2.5ns.
INFO: [HLS 200-1510] Running: config_export -format ip_catalog -rtl verilog -vivado_clock 2.5 -vivado_phys_opt none 
INFO: [HLS 200-1510] Running: config_compile -pipeline_style flp 
INFO: [HLS 200-1510] Running: csynth_design 
INFO: [HLS 200-111] Finished File checks and directory preparation: CPU user time: 0.01 seconds. CPU system time: 0 seconds. Elapsed time: 0.01 seconds; current allocated memory: 1.459 GB.
INFO: [HLS 200-10] Analyzing design file 'case/CONV_SPATIAL.cpp' ... 
INFO: [HLS 200-111] Finished Source Code Analysis and Preprocessing: CPU user time: 81.83 seconds. CPU system time: 3.67 seconds. Elapsed time: 84.5 seconds; current allocated memory: 461.242 MB.
INFO: [HLS 200-777] Using interface defaults for 'Vivado' flow target.
INFO: [HLS 214-131] Inlining function 'hls::vector<ap_uint<8>, 410ul>::pragma() const' into 'hls::vector<ap_uint<8>, 410ul>::operator[](unsigned long)' (/data/home/songqiangxu/Xilinx/2022.1/Vitis_HLS/2022.1/common/technology/autopilot/hls_vector.h:142:5)
INFO: [HLS 214-131] Inlining function 'hls::vector<ap_uint<8>, 410ul>::operator[](unsigned long)' into 'ConvSpatial<ap_uint<8>, ap_uint<8> >::do_conv_spatial(hls::stream<hls::vector<ap_uint<8>, 410ul>, 0>&, hls::stream<hls::vector<ap_uint<8>, 410ul>, 0>&)' (/data/home/songqiangxu/project/CNN/src/conv2d.h:145:21)
INFO: [HLS 214-131] Inlining function 'hls::vector<ap_uint<8>, 410ul>::operator[](unsigned long)' into 'ConvSpatial<ap_uint<8>, ap_uint<8> >::do_conv_spatial(hls::stream<hls::vector<ap_uint<8>, 410ul>, 0>&, hls::stream<hls::vector<ap_uint<8>, 410ul>, 0>&)' (/data/home/songqiangxu/project/CNN/src/conv2d.h:122:20)
INFO: [HLS 214-291] Loop 'anonymous' is marked as complete unroll implied by the pipeline pragma (/data/home/songqiangxu/project/CNN/src/conv2d.h:134:21)
INFO: [HLS 214-291] Loop 'anonymous' is marked as complete unroll implied by the pipeline pragma (/data/home/songqiangxu/project/CNN/src/conv2d.h:136:25)
INFO: [HLS 214-186] Unrolling loop 'anonymous' (/data/home/songqiangxu/project/CNN/src/conv2d.h:134:21) in function 'ConvSpatial<ap_uint<8>, ap_uint<8> >::do_conv_spatial' completely with a factor of 40 (/data/home/songqiangxu/project/CNN/src/conv2d.h:103:0)
INFO: [HLS 214-186] Unrolling loop 'anonymous' (/data/home/songqiangxu/project/CNN/src/conv2d.h:136:25) in function 'ConvSpatial<ap_uint<8>, ap_uint<8> >::do_conv_spatial' completely with a factor of 15 (/data/home/songqiangxu/project/CNN/src/conv2d.h:103:0)
INFO: [HLS 214-178] Inlining function 'std::__array_traits<ap_uint<8>, 410ul>::_S_ref(ap_uint<8> const (&) [410], unsigned long)' into 'std::array<ap_uint<8>, 410ul>::operator[](unsigned long)' (/data/home/songqiangxu/Xilinx/2022.1/Vitis_HLS/2022.1/tps/lnx64/gcc-8.3.0/lib/gcc/x86_64-pc-linux-gnu/8.3.0/../../../../include/c++/8.3.0/array:186:0)
INFO: [HLS 214-178] Inlining function 'fp_struct<float>::fp_struct(float)' into 'int generic_cast_IEEE754<int, (ap_q_mode)6, float>(float, bool, hls::enable_if<std::numeric_limits<int>::is_signed, bool>::type)' (/wrk/ci/prod/2022.1/rdi_builds/continuous/2022_04_18_3526262/src/shared/hls/clib/hlsmath/include/FloatingPoint/hls_case_IEEE754.h:12:0)
INFO: [HLS 214-178] Inlining function 'fp_struct<float>::mantissa() const' into 'int generic_cast_IEEE754<int, (ap_q_mode)6, float>(float, bool, hls::enable_if<std::numeric_limits<int>::is_signed, bool>::type)' (/wrk/ci/prod/2022.1/rdi_builds/continuous/2022_04_18_3526262/src/shared/hls/clib/hlsmath/include/FloatingPoint/hls_case_IEEE754.h:12:0)
INFO: [HLS 214-178] Inlining function 'fp_struct<float>::expv() const' into 'int generic_cast_IEEE754<int, (ap_q_mode)6, float>(float, bool, hls::enable_if<std::numeric_limits<int>::is_signed, bool>::type)' (/wrk/ci/prod/2022.1/rdi_builds/continuous/2022_04_18_3526262/src/shared/hls/clib/hlsmath/include/FloatingPoint/hls_case_IEEE754.h:12:0)
INFO: [HLS 214-178] Inlining function 'fp_struct<float>::__signbit() const' into 'int generic_cast_IEEE754<int, (ap_q_mode)6, float>(float, bool, hls::enable_if<std::numeric_limits<int>::is_signed, bool>::type)' (/wrk/ci/prod/2022.1/rdi_builds/continuous/2022_04_18_3526262/src/shared/hls/clib/hlsmath/include/FloatingPoint/hls_case_IEEE754.h:12:0)
INFO: [HLS 214-178] Inlining function 'int generic_cast_IEEE754<int, (ap_q_mode)6, float>(float, bool, hls::enable_if<std::numeric_limits<int>::is_signed, bool>::type)' into 'int generic_cast_IEEE754<int, float>(float, bool)' (/wrk/ci/prod/2022.1/rdi_builds/continuous/2022_04_18_3526262/src/shared/hls/clib/hlsmath/include/FloatingPoint/hls_case_IEEE754.h:116:0)
INFO: [HLS 214-178] Inlining function 'int generic_cast_IEEE754<int, float>(float, bool)' into '__hls_fptosi_float_i32' (/wrk/ci/prod/2022.1/rdi_builds/continuous/2022_04_18_3526262/src/shared/hls/clib/hlsmath/src/lib_floatconversion.cpp:51:0)
INFO: [HLS 214-178] Inlining function '__hls_fptosi_float_i32' into 'round_to_even(float)' (/data/home/songqiangxu/project/CNN/src/conv2d.h:68:0)
INFO: [HLS 214-178] Inlining function 'std::array<ap_uint<8>, 410ul>::operator[](unsigned long)' into 'ConvSpatial<ap_uint<8>, ap_uint<8> >::do_conv_spatial(hls::stream<hls::vector<ap_uint<8>, 410ul>, 0>&, hls::stream<hls::vector<ap_uint<8>, 410ul>, 0>&)' (/data/home/songqiangxu/project/CNN/src/conv2d.h:103:0)
INFO: [HLS 214-178] Inlining function 'round_to_even(float)' into 'ConvSpatial<ap_uint<8>, ap_uint<8> >::do_conv_spatial(hls::stream<hls::vector<ap_uint<8>, 410ul>, 0>&, hls::stream<hls::vector<ap_uint<8>, 410ul>, 0>&)' (/data/home/songqiangxu/project/CNN/src/conv2d.h:103:0)
INFO: [HLS 214-178] Inlining function 'int clamp<int, int>(int, int, int)' into 'ConvSpatial<ap_uint<8>, ap_uint<8> >::do_conv_spatial(hls::stream<hls::vector<ap_uint<8>, 410ul>, 0>&, hls::stream<hls::vector<ap_uint<8>, 410ul>, 0>&)' (/data/home/songqiangxu/project/CNN/src/conv2d.h:103:0)
INFO: [HLS 214-241] Aggregating axis (hls::stream) variable 'i_stream' with compact=bit mode in 3280-bits (case/CONV_SPATIAL.cpp:12:0)
INFO: [HLS 214-241] Aggregating axis (hls::stream) variable 'o_stream' with compact=bit mode in 3280-bits (case/CONV_SPATIAL.cpp:12:0)
INFO: [HLS 214-241] Aggregating scalar variable 'out_vec' with compact=bit mode in 3280-bits (/data/home/songqiangxu/project/CNN/src/conv2d.h:129:44)
INFO: [HLS 214-241] Aggregating scalar variable 'v' with compact=bit mode in 3280-bits
INFO: [HLS 214-270] Inferring pragma 'array_partition type=complete dim=1' for array 'buf' due to pipeline pragma (/data/home/songqiangxu/project/CNN/src/conv2d.h:132:9)
INFO: [HLS 214-270] Inferring pragma 'array_partition type=complete dim=2' for array 'buf' due to pipeline pragma (/data/home/songqiangxu/project/CNN/src/conv2d.h:132:9)
INFO: [HLS 214-248] Applying array_partition to 'buf': Complete partitioning on dimension 1. Complete partitioning on dimension 2. (/data/home/songqiangxu/project/CNN/src/conv2d.h:104:14)
INFO: [HLS 214-131] Inlining function '_llvm.fpga.pack.none.i3280.a410s_struct.ap_uint<8>s' into '_llvm.fpga.unpack.bits.s_class.hls::vector<ap_uint<8>, 410>s.i3280.1'
INFO: [HLS 214-131] Inlining function '_llvm.fpga.unpack.bits.s_class.hls::vector<ap_uint<8>, 410>s.i3280.1' into 'ConvSpatial<ap_uint<8>, ap_uint<8> >::do_conv_spatial(hls::stream<hls::vector<ap_uint<8>, 410ul>, 0>&, hls::stream<hls::vector<ap_uint<8>, 410ul>, 0>&) (.1)' (/data/home/songqiangxu/Xilinx/2022.1/Vitis_HLS/2022.1/common/technology/autopilot/hls_stream_39.h:145:9)
INFO: [HLS 214-131] Inlining function '_llvm.fpga.pack.bits.i3280.s_class.hls::vector<ap_uint<8>, 410>s.1' into 'ConvSpatial<ap_uint<8>, ap_uint<8> >::do_conv_spatial(hls::stream<hls::vector<ap_uint<8>, 410ul>, 0>&, hls::stream<hls::vector<ap_uint<8>, 410ul>, 0>&) (.1)' (/data/home/songqiangxu/Xilinx/2022.1/Vitis_HLS/2022.1/common/technology/autopilot/hls_stream_39.h:174:9)
INFO: [HLS 214-131] Inlining function '_llvm.fpga.pack.none.i3280.s_class.hls::vector<ap_uint<8>, 410>s' into 'ConvSpatial<ap_uint<8>, ap_uint<8> >::do_conv_spatial(hls::stream<hls::vector<ap_uint<8>, 410ul>, 0>&, hls::stream<hls::vector<ap_uint<8>, 410ul>, 0>&) (.1)' (/data/home/songqiangxu/Xilinx/2022.1/Vitis_HLS/2022.1/common/technology/autopilot/hls_stream_39.h:174:9)
INFO: [HLS 200-111] Finished Compiling Optimization and Transform: CPU user time: 74.05 seconds. CPU system time: 1.36 seconds. Elapsed time: 75.42 seconds; current allocated memory: 462.391 MB.
INFO: [HLS 200-111] Finished Checking Pragmas: CPU user time: 0 seconds. CPU system time: 0 seconds. Elapsed time: 0 seconds; current allocated memory: 462.391 MB.
INFO: [HLS 200-10] Starting code transformations ...
INFO: [HLS 200-111] Finished Standard Transforms: CPU user time: 209.72 seconds. CPU system time: 0.28 seconds. Elapsed time: 210.01 seconds; current allocated memory: 612.262 MB.
INFO: [HLS 200-10] Checking synthesizability ...
INFO: [HLS 200-111] Finished Checking Synthesizability: CPU user time: 208.4 seconds. CPU system time: 0.13 seconds. Elapsed time: 208.54 seconds; current allocated memory: 612.652 MB.
INFO: [XFORM 203-102] Partitioning array 'CONV_SPATIAL_WEIGHT' in dimension 2 automatically.
INFO: [XFORM 203-102] Partitioning array 'CONV_SPATIAL_WEIGHT.0' in dimension 2 automatically.
INFO: [XFORM 203-102] Partitioning array 'CONV_SPATIAL_WEIGHT.0.0' in dimension 2 automatically.
INFO: [XFORM 203-102] Partitioning array 'CONV_SPATIAL_WEIGHT.0.1' in dimension 2 automatically.
INFO: [XFORM 203-102] Partitioning array 'CONV_SPATIAL_WEIGHT.0.2' in dimension 2 automatically.
INFO: [XFORM 203-102] Partitioning array 'CONV_SPATIAL_WEIGHT.0.3' in dimension 2 automatically.
INFO: [XFORM 203-102] Partitioning array 'CONV_SPATIAL_WEIGHT.0.4' in dimension 2 automatically.
INFO: [XFORM 203-102] Partitioning array 'CONV_SPATIAL_WEIGHT.0.5' in dimension 2 automatically.
INFO: [XFORM 203-102] Partitioning array 'CONV_SPATIAL_WEIGHT.0.6' in dimension 2 automatically.
INFO: [XFORM 203-102] Partitioning array 'CONV_SPATIAL_WEIGHT.0.7' in dimension 2 automatically.
INFO: [XFORM 203-102] Partitioning array 'CONV_SPATIAL_WEIGHT.0.8' in dimension 2 automatically.
INFO: [XFORM 203-102] Partitioning array 'CONV_SPATIAL_WEIGHT.0.9' in dimension 2 automatically.
INFO: [XFORM 203-102] Partitioning array 'CONV_SPATIAL_WEIGHT.0.10' in dimension 2 automatically.
INFO: [XFORM 203-102] Partitioning array 'CONV_SPATIAL_WEIGHT.0.11' in dimension 2 automatically.
INFO: [XFORM 203-102] Partitioning array 'CONV_SPATIAL_WEIGHT.0.12' in dimension 2 automatically.
INFO: [XFORM 203-102] Partitioning array 'CONV_SPATIAL_WEIGHT.0.13' in dimension 2 automatically.
INFO: [XFORM 203-102] Partitioning array 'CONV_SPATIAL_WEIGHT.0.14' in dimension 2 automatically.
INFO: [XFORM 203-102] Partitioning array 'CONV_SPATIAL_WEIGHT.1' in dimension 2 automatically.
INFO: [XFORM 203-102] Partitioning array 'CONV_SPATIAL_WEIGHT.1.0' in dimension 2 automatically.
INFO: [XFORM 203-102] Partitioning array 'CONV_SPATIAL_WEIGHT.1.1' in dimension 2 automatically.
INFO: [XFORM 203-102] Partitioning array 'CONV_SPATIAL_WEIGHT.1.2' in dimension 2 automatically.
INFO: [XFORM 203-102] Partitioning array 'CONV_SPATIAL_WEIGHT.1.3' in dimension 2 automatically.
INFO: [XFORM 203-102] Partitioning array 'CONV_SPATIAL_WEIGHT.1.4' in dimension 2 automatically.
INFO: [XFORM 203-102] Partitioning array 'CONV_SPATIAL_WEIGHT.1.5' in dimension 2 automatically.
INFO: [XFORM 203-102] Partitioning array 'CONV_SPATIAL_WEIGHT.1.6' in dimension 2 automatically.
INFO: [XFORM 203-102] Partitioning array 'CONV_SPATIAL_WEIGHT.1.7' in dimension 2 automatically.
INFO: [XFORM 203-102] Partitioning array 'CONV_SPATIAL_WEIGHT.1.8' in dimension 2 automatically.
INFO: [XFORM 203-102] Partitioning array 'CONV_SPATIAL_WEIGHT.1.9' in dimension 2 automatically.
INFO: [XFORM 203-102] Partitioning array 'CONV_SPATIAL_WEIGHT.1.10' in dimension 2 automatically.
INFO: [XFORM 203-102] Partitioning array 'CONV_SPATIAL_WEIGHT.1.11' in dimension 2 automatically.
INFO: [XFORM 203-102] Partitioning array 'CONV_SPATIAL_WEIGHT.1.12' in dimension 2 automatically.
INFO: [XFORM 203-102] Partitioning array 'CONV_SPATIAL_WEIGHT.1.13' in dimension 2 automatically.
INFO: [XFORM 203-102] Partitioning array 'CONV_SPATIAL_WEIGHT.1.14' in dimension 2 automatically.
INFO: [XFORM 203-102] Partitioning array 'CONV_SPATIAL_WEIGHT.2' in dimension 2 automatically.
INFO: [XFORM 203-102] Partitioning array 'CONV_SPATIAL_WEIGHT.2.0' in dimension 2 automatically.
INFO: [XFORM 203-102] Partitioning array 'CONV_SPATIAL_WEIGHT.2.1' in dimension 2 automatically.
INFO: [XFORM 203-102] Partitioning array 'CONV_SPATIAL_WEIGHT.2.2' in dimension 2 automatically.
INFO: [XFORM 203-102] Partitioning array 'CONV_SPATIAL_WEIGHT.2.3' in dimension 2 automatically.
INFO: [XFORM 203-102] Partitioning array 'CONV_SPATIAL_WEIGHT.2.4' in dimension 2 automatically.
INFO: [XFORM 203-102] Partitioning array 'CONV_SPATIAL_WEIGHT.2.5' in dimension 2 automatically.
INFO: [XFORM 203-102] Partitioning array 'CONV_SPATIAL_WEIGHT.2.6' in dimension 2 automatically.
INFO: [XFORM 203-102] Partitioning array 'CONV_SPATIAL_WEIGHT.2.7' in dimension 2 automatically.
INFO: [XFORM 203-102] Partitioning array 'CONV_SPATIAL_WEIGHT.2.8' in dimension 2 automatically.
INFO: [XFORM 203-102] Partitioning array 'CONV_SPATIAL_WEIGHT.2.9' in dimension 2 automatically.
INFO: [XFORM 203-102] Partitioning array 'CONV_SPATIAL_WEIGHT.2.10' in dimension 2 automatically.
INFO: [XFORM 203-102] Partitioning array 'CONV_SPATIAL_WEIGHT.2.11' in dimension 2 automatically.
INFO: [XFORM 203-102] Partitioning array 'CONV_SPATIAL_WEIGHT.2.12' in dimension 2 automatically.
INFO: [XFORM 203-102] Partitioning array 'CONV_SPATIAL_WEIGHT.2.13' in dimension 2 automatically.
INFO: [XFORM 203-102] Partitioning array 'CONV_SPATIAL_WEIGHT.2.14' in dimension 2 automatically.
INFO: [XFORM 203-102] Partitioning array 'CONV_SPATIAL_WEIGHT.3' in dimension 2 automatically.
INFO: [XFORM 203-102] Partitioning array 'CONV_SPATIAL_WEIGHT.3.0' in dimension 2 automatically.
INFO: [XFORM 203-102] Partitioning array 'CONV_SPATIAL_WEIGHT.3.1' in dimension 2 automatically.
INFO: [XFORM 203-102] Partitioning array 'CONV_SPATIAL_WEIGHT.3.2' in dimension 2 automatically.
INFO: [XFORM 203-102] Partitioning array 'CONV_SPATIAL_WEIGHT.3.3' in dimension 2 automatically.
INFO: [XFORM 203-102] Partitioning array 'CONV_SPATIAL_WEIGHT.3.4' in dimension 2 automatically.
INFO: [XFORM 203-102] Partitioning array 'CONV_SPATIAL_WEIGHT.3.5' in dimension 2 automatically.
INFO: [XFORM 203-102] Partitioning array 'CONV_SPATIAL_WEIGHT.3.6' in dimension 2 automatically.
INFO: [XFORM 203-102] Partitioning array 'CONV_SPATIAL_WEIGHT.3.7' in dimension 2 automatically.
INFO: [XFORM 203-102] Partitioning array 'CONV_SPATIAL_WEIGHT.3.8' in dimension 2 automatically.
INFO: [XFORM 203-102] Partitioning array 'CONV_SPATIAL_WEIGHT.3.9' in dimension 2 automatically.
INFO: [XFORM 203-102] Partitioning array 'CONV_SPATIAL_WEIGHT.3.10' in dimension 2 automatically.
INFO: [XFORM 203-102] Partitioning array 'CONV_SPATIAL_WEIGHT.3.11' in dimension 2 automatically.
INFO: [XFORM 203-102] Partitioning array 'CONV_SPATIAL_WEIGHT.3.12' in dimension 2 automatically.
INFO: [XFORM 203-102] Partitioning array 'CONV_SPATIAL_WEIGHT.3.13' in dimension 2 automatically.
INFO: [XFORM 203-102] Partitioning array 'CONV_SPATIAL_WEIGHT.3.14' in dimension 2 automatically.
INFO: [XFORM 203-102] Partitioning array 'CONV_SPATIAL_WEIGHT.4' in dimension 2 automatically.
INFO: [XFORM 203-102] Partitioning array 'CONV_SPATIAL_WEIGHT.4.0' in dimension 2 automatically.
INFO: [XFORM 203-102] Partitioning array 'CONV_SPATIAL_WEIGHT.4.1' in dimension 2 automatically.
INFO: [XFORM 203-102] Partitioning array 'CONV_SPATIAL_WEIGHT.4.2' in dimension 2 automatically.
INFO: [XFORM 203-102] Partitioning array 'CONV_SPATIAL_WEIGHT.4.3' in dimension 2 automatically.
INFO: [XFORM 203-102] Partitioning array 'CONV_SPATIAL_WEIGHT.4.4' in dimension 2 automatically.
INFO: [XFORM 203-102] Partitioning array 'CONV_SPATIAL_WEIGHT.4.5' in dimension 2 automatically.
INFO: [XFORM 203-102] Partitioning array 'CONV_SPATIAL_WEIGHT.4.6' in dimension 2 automatically.
INFO: [XFORM 203-102] Partitioning array 'CONV_SPATIAL_WEIGHT.4.7' in dimension 2 automatically.
INFO: [XFORM 203-102] Partitioning array 'CONV_SPATIAL_WEIGHT.4.8' in dimension 2 automatically.
INFO: [XFORM 203-102] Partitioning array 'CONV_SPATIAL_WEIGHT.4.9' in dimension 2 automatically.
INFO: [XFORM 203-102] Partitioning array 'CONV_SPATIAL_WEIGHT.4.10' in dimension 2 automatically.
INFO: [XFORM 203-102] Partitioning array 'CONV_SPATIAL_WEIGHT.4.11' in dimension 2 automatically.
INFO: [XFORM 203-102] Partitioning array 'CONV_SPATIAL_WEIGHT.4.12' in dimension 2 automatically.
INFO: [XFORM 203-102] Partitioning array 'CONV_SPATIAL_WEIGHT.4.13' in dimension 2 automatically.
INFO: [XFORM 203-102] Partitioning array 'CONV_SPATIAL_WEIGHT.4.14' in dimension 2 automatically.
INFO: [XFORM 203-102] Partitioning array 'CONV_SPATIAL_WEIGHT.5' in dimension 2 automatically.
INFO: [XFORM 203-102] Partitioning array 'CONV_SPATIAL_WEIGHT.5.0' in dimension 2 automatically.
INFO: [XFORM 203-102] Partitioning array 'CONV_SPATIAL_WEIGHT.5.1' in dimension 2 automatically.
INFO: [XFORM 203-102] Partitioning array 'CONV_SPATIAL_WEIGHT.5.2' in dimension 2 automatically.
INFO: [XFORM 203-102] Partitioning array 'CONV_SPATIAL_WEIGHT.5.3' in dimension 2 automatically.
INFO: [XFORM 203-102] Partitioning array 'CONV_SPATIAL_WEIGHT.5.4' in dimension 2 automatically.
INFO: [XFORM 203-102] Partitioning array 'CONV_SPATIAL_WEIGHT.5.5' in dimension 2 automatically.
INFO: [XFORM 203-102] Partitioning array 'CONV_SPATIAL_WEIGHT.5.6' in dimension 2 automatically.
INFO: [XFORM 203-102] Partitioning array 'CONV_SPATIAL_WEIGHT.5.7' in dimension 2 automatically.
INFO: [XFORM 203-102] Partitioning array 'CONV_SPATIAL_WEIGHT.5.8' in dimension 2 automatically.
INFO: [XFORM 203-102] Partitioning array 'CONV_SPATIAL_WEIGHT.5.9' in dimension 2 automatically.
INFO: [XFORM 203-102] Partitioning array 'CONV_SPATIAL_WEIGHT.5.10' in dimension 2 automatically.
INFO: [XFORM 203-102] Partitioning array 'CONV_SPATIAL_WEIGHT.5.11' in dimension 2 automatically.
INFO: [XFORM 203-102] Partitioning array 'CONV_SPATIAL_WEIGHT.5.12' in dimension 2 automatically.
INFO: [XFORM 203-102] Partitioning array 'CONV_SPATIAL_WEIGHT.5.13' in dimension 2 automatically.
INFO: [XFORM 203-102] Partitioning array 'CONV_SPATIAL_WEIGHT.5.14' in dimension 2 automatically.
INFO: [XFORM 203-102] Partitioning array 'CONV_SPATIAL_WEIGHT.6' in dimension 2 automatically.
INFO: [XFORM 203-102] Partitioning array 'CONV_SPATIAL_WEIGHT.6.0' in dimension 2 automatically.
INFO: [XFORM 203-102] Partitioning array 'CONV_SPATIAL_WEIGHT.6.1' in dimension 2 automatically.
INFO: [XFORM 203-102] Partitioning array 'CONV_SPATIAL_WEIGHT.6.2' in dimension 2 automatically.
INFO: [XFORM 203-102] Partitioning array 'CONV_SPATIAL_WEIGHT.6.3' in dimension 2 automatically.
INFO: [XFORM 203-102] Partitioning array 'CONV_SPATIAL_WEIGHT.6.4' in dimension 2 automatically.
INFO: [XFORM 203-102] Partitioning array 'CONV_SPATIAL_WEIGHT.6.5' in dimension 2 automatically.
INFO: [XFORM 203-102] Partitioning array 'CONV_SPATIAL_WEIGHT.6.6' in dimension 2 automatically.
INFO: [XFORM 203-102] Partitioning array 'CONV_SPATIAL_WEIGHT.6.7' in dimension 2 automatically.
INFO: [XFORM 203-102] Partitioning array 'CONV_SPATIAL_WEIGHT.6.8' in dimension 2 automatically.
INFO: [XFORM 203-102] Partitioning array 'CONV_SPATIAL_WEIGHT.6.9' in dimension 2 automatically.
INFO: [XFORM 203-102] Partitioning array 'CONV_SPATIAL_WEIGHT.6.10' in dimension 2 automatically.
INFO: [XFORM 203-102] Partitioning array 'CONV_SPATIAL_WEIGHT.6.11' in dimension 2 automatically.
INFO: [XFORM 203-102] Partitioning array 'CONV_SPATIAL_WEIGHT.6.12' in dimension 2 automatically.
INFO: [XFORM 203-102] Partitioning array 'CONV_SPATIAL_WEIGHT.6.13' in dimension 2 automatically.
INFO: [XFORM 203-102] Partitioning array 'CONV_SPATIAL_WEIGHT.6.14' in dimension 2 automatically.
INFO: [XFORM 203-102] Partitioning array 'CONV_SPATIAL_WEIGHT.7' in dimension 2 automatically.
INFO: [XFORM 203-102] Partitioning array 'CONV_SPATIAL_WEIGHT.7.0' in dimension 2 automatically.
INFO: [XFORM 203-102] Partitioning array 'CONV_SPATIAL_WEIGHT.7.1' in dimension 2 automatically.
INFO: [XFORM 203-102] Partitioning array 'CONV_SPATIAL_WEIGHT.7.2' in dimension 2 automatically.
INFO: [XFORM 203-102] Partitioning array 'CONV_SPATIAL_WEIGHT.7.3' in dimension 2 automatically.
INFO: [XFORM 203-102] Partitioning array 'CONV_SPATIAL_WEIGHT.7.4' in dimension 2 automatically.
INFO: [XFORM 203-102] Partitioning array 'CONV_SPATIAL_WEIGHT.7.5' in dimension 2 automatically.
INFO: [XFORM 203-102] Partitioning array 'CONV_SPATIAL_WEIGHT.7.6' in dimension 2 automatically.
INFO: [XFORM 203-102] Partitioning array 'CONV_SPATIAL_WEIGHT.7.7' in dimension 2 automatically.
INFO: [XFORM 203-102] Partitioning array 'CONV_SPATIAL_WEIGHT.7.8' in dimension 2 automatically.
INFO: [XFORM 203-102] Partitioning array 'CONV_SPATIAL_WEIGHT.7.9' in dimension 2 automatically.
INFO: [XFORM 203-102] Partitioning array 'CONV_SPATIAL_WEIGHT.7.10' in dimension 2 automatically.
INFO: [XFORM 203-102] Partitioning array 'CONV_SPATIAL_WEIGHT.7.11' in dimension 2 automatically.
INFO: [XFORM 203-102] Partitioning array 'CONV_SPATIAL_WEIGHT.7.12' in dimension 2 automatically.
INFO: [XFORM 203-102] Partitioning array 'CONV_SPATIAL_WEIGHT.7.13' in dimension 2 automatically.
INFO: [XFORM 203-102] Partitioning array 'CONV_SPATIAL_WEIGHT.7.14' in dimension 2 automatically.
INFO: [XFORM 203-102] Partitioning array 'CONV_SPATIAL_WEIGHT.8' in dimension 2 automatically.
INFO: [XFORM 203-102] Partitioning array 'CONV_SPATIAL_WEIGHT.8.0' in dimension 2 automatically.
INFO: [XFORM 203-102] Partitioning array 'CONV_SPATIAL_WEIGHT.8.1' in dimension 2 automatically.
INFO: [XFORM 203-102] Partitioning array 'CONV_SPATIAL_WEIGHT.8.2' in dimension 2 automatically.
INFO: [XFORM 203-102] Partitioning array 'CONV_SPATIAL_WEIGHT.8.3' in dimension 2 automatically.
INFO: [XFORM 203-102] Partitioning array 'CONV_SPATIAL_WEIGHT.8.4' in dimension 2 automatically.
INFO: [XFORM 203-102] Partitioning array 'CONV_SPATIAL_WEIGHT.8.5' in dimension 2 automatically.
INFO: [XFORM 203-102] Partitioning array 'CONV_SPATIAL_WEIGHT.8.6' in dimension 2 automatically.
INFO: [XFORM 203-102] Partitioning array 'CONV_SPATIAL_WEIGHT.8.7' in dimension 2 automatically.
INFO: [XFORM 203-102] Partitioning array 'CONV_SPATIAL_WEIGHT.8.8' in dimension 2 automatically.
INFO: [XFORM 203-102] Partitioning array 'CONV_SPATIAL_WEIGHT.8.9' in dimension 2 automatically.
INFO: [XFORM 203-102] Partitioning array 'CONV_SPATIAL_WEIGHT.8.10' in dimension 2 automatically.
INFO: [XFORM 203-102] Partitioning array 'CONV_SPATIAL_WEIGHT.8.11' in dimension 2 automatically.
INFO: [XFORM 203-102] Partitioning array 'CONV_SPATIAL_WEIGHT.8.12' in dimension 2 automatically.
INFO: [XFORM 203-102] Partitioning array 'CONV_SPATIAL_WEIGHT.8.13' in dimension 2 automatically.
INFO: [XFORM 203-102] Partitioning array 'CONV_SPATIAL_WEIGHT.8.14' in dimension 2 automatically.
INFO: [XFORM 203-102] Partitioning array 'CONV_SPATIAL_WEIGHT.9' in dimension 2 automatically.
INFO: [XFORM 203-102] Partitioning array 'CONV_SPATIAL_WEIGHT.9.0' in dimension 2 automatically.
INFO: [XFORM 203-102] Partitioning array 'CONV_SPATIAL_WEIGHT.9.1' in dimension 2 automatically.
INFO: [XFORM 203-102] Partitioning array 'CONV_SPATIAL_WEIGHT.9.2' in dimension 2 automatically.
INFO: [XFORM 203-102] Partitioning array 'CONV_SPATIAL_WEIGHT.9.3' in dimension 2 automatically.
INFO: [XFORM 203-102] Partitioning array 'CONV_SPATIAL_WEIGHT.9.4' in dimension 2 automatically.
INFO: [XFORM 203-102] Partitioning array 'CONV_SPATIAL_WEIGHT.9.5' in dimension 2 automatically.
INFO: [XFORM 203-102] Partitioning array 'CONV_SPATIAL_WEIGHT.9.6' in dimension 2 automatically.
INFO: [XFORM 203-102] Partitioning array 'CONV_SPATIAL_WEIGHT.9.7' in dimension 2 automatically.
INFO: [XFORM 203-102] Partitioning array 'CONV_SPATIAL_WEIGHT.9.8' in dimension 2 automatically.
INFO: [XFORM 203-102] Partitioning array 'CONV_SPATIAL_WEIGHT.9.9' in dimension 2 automatically.
INFO: [XFORM 203-102] Partitioning array 'CONV_SPATIAL_WEIGHT.9.10' in dimension 2 automatically.
INFO: [XFORM 203-102] Partitioning array 'CONV_SPATIAL_WEIGHT.9.11' in dimension 2 automatically.
INFO: [XFORM 203-102] Partitioning array 'CONV_SPATIAL_WEIGHT.9.12' in dimension 2 automatically.
INFO: [XFORM 203-102] Partitioning array 'CONV_SPATIAL_WEIGHT.9.13' in dimension 2 automatically.
INFO: [XFORM 203-102] Partitioning array 'CONV_SPATIAL_WEIGHT.9.14' in dimension 2 automatically.
INFO: [XFORM 203-102] Partitioning array 'CONV_SPATIAL_WEIGHT.10' in dimension 2 automatically.
INFO: [XFORM 203-102] Partitioning array 'CONV_SPATIAL_WEIGHT.10.0' in dimension 2 automatically.
INFO: [XFORM 203-102] Partitioning array 'CONV_SPATIAL_WEIGHT.10.1' in dimension 2 automatically.
INFO: [XFORM 203-102] Partitioning array 'CONV_SPATIAL_WEIGHT.10.2' in dimension 2 automatically.
INFO: [XFORM 203-102] Partitioning array 'CONV_SPATIAL_WEIGHT.10.3' in dimension 2 automatically.
INFO: [XFORM 203-102] Partitioning array 'CONV_SPATIAL_WEIGHT.10.4' in dimension 2 automatically.
INFO: [XFORM 203-102] Partitioning array 'CONV_SPATIAL_WEIGHT.10.5' in dimension 2 automatically.
INFO: [XFORM 203-102] Partitioning array 'CONV_SPATIAL_WEIGHT.10.6' in dimension 2 automatically.
INFO: [XFORM 203-102] Partitioning array 'CONV_SPATIAL_WEIGHT.10.7' in dimension 2 automatically.
INFO: [XFORM 203-102] Partitioning array 'CONV_SPATIAL_WEIGHT.10.8' in dimension 2 automatically.
INFO: [XFORM 203-102] Partitioning array 'CONV_SPATIAL_WEIGHT.10.9' in dimension 2 automatically.
INFO: [XFORM 203-102] Partitioning array 'CONV_SPATIAL_WEIGHT.10.10' in dimension 2 automatically.
INFO: [XFORM 203-102] Partitioning array 'CONV_SPATIAL_WEIGHT.10.11' in dimension 2 automatically.
INFO: [XFORM 203-102] Partitioning array 'CONV_SPATIAL_WEIGHT.10.12' in dimension 2 automatically.
INFO: [XFORM 203-102] Partitioning array 'CONV_SPATIAL_WEIGHT.10.13' in dimension 2 automatically.
INFO: [XFORM 203-102] Partitioning array 'CONV_SPATIAL_WEIGHT.10.14' in dimension 2 automatically.
INFO: [XFORM 203-102] Partitioning array 'CONV_SPATIAL_WEIGHT.11' in dimension 2 automatically.
INFO: [XFORM 203-102] Partitioning array 'CONV_SPATIAL_WEIGHT.11.0' in dimension 2 automatically.
INFO: [XFORM 203-102] Partitioning array 'CONV_SPATIAL_WEIGHT.11.1' in dimension 2 automatically.
INFO: [XFORM 203-102] Partitioning array 'CONV_SPATIAL_WEIGHT.11.2' in dimension 2 automatically.
INFO: [XFORM 203-102] Partitioning array 'CONV_SPATIAL_WEIGHT.11.3' in dimension 2 automatically.
INFO: [XFORM 203-102] Partitioning array 'CONV_SPATIAL_WEIGHT.11.4' in dimension 2 automatically.
INFO: [XFORM 203-102] Partitioning array 'CONV_SPATIAL_WEIGHT.11.5' in dimension 2 automatically.
INFO: [XFORM 203-102] Partitioning array 'CONV_SPATIAL_WEIGHT.11.6' in dimension 2 automatically.
INFO: [XFORM 203-102] Partitioning array 'CONV_SPATIAL_WEIGHT.11.7' in dimension 2 automatically.
INFO: [XFORM 203-102] Partitioning array 'CONV_SPATIAL_WEIGHT.11.8' in dimension 2 automatically.
INFO: [XFORM 203-102] Partitioning array 'CONV_SPATIAL_WEIGHT.11.9' in dimension 2 automatically.
INFO: [XFORM 203-102] Partitioning array 'CONV_SPATIAL_WEIGHT.11.10' in dimension 2 automatically.
INFO: [XFORM 203-102] Partitioning array 'CONV_SPATIAL_WEIGHT.11.11' in dimension 2 automatically.
INFO: [XFORM 203-102] Partitioning array 'CONV_SPATIAL_WEIGHT.11.12' in dimension 2 automatically.
INFO: [XFORM 203-102] Partitioning array 'CONV_SPATIAL_WEIGHT.11.13' in dimension 2 automatically.
INFO: [XFORM 203-102] Partitioning array 'CONV_SPATIAL_WEIGHT.11.14' in dimension 2 automatically.
INFO: [XFORM 203-102] Partitioning array 'CONV_SPATIAL_WEIGHT.12' in dimension 2 automatically.
INFO: [XFORM 203-102] Partitioning array 'CONV_SPATIAL_WEIGHT.12.0' in dimension 2 automatically.
INFO: [XFORM 203-102] Partitioning array 'CONV_SPATIAL_WEIGHT.12.1' in dimension 2 automatically.
INFO: [XFORM 203-102] Partitioning array 'CONV_SPATIAL_WEIGHT.12.2' in dimension 2 automatically.
INFO: [XFORM 203-102] Partitioning array 'CONV_SPATIAL_WEIGHT.12.3' in dimension 2 automatically.
INFO: [XFORM 203-102] Partitioning array 'CONV_SPATIAL_WEIGHT.12.4' in dimension 2 automatically.
INFO: [XFORM 203-102] Partitioning array 'CONV_SPATIAL_WEIGHT.12.5' in dimension 2 automatically.
INFO: [XFORM 203-102] Partitioning array 'CONV_SPATIAL_WEIGHT.12.6' in dimension 2 automatically.
INFO: [XFORM 203-102] Partitioning array 'CONV_SPATIAL_WEIGHT.12.7' in dimension 2 automatically.
INFO: [XFORM 203-102] Partitioning array 'CONV_SPATIAL_WEIGHT.12.8' in dimension 2 automatically.
INFO: [XFORM 203-102] Partitioning array 'CONV_SPATIAL_WEIGHT.12.9' in dimension 2 automatically.
INFO: [XFORM 203-102] Partitioning array 'CONV_SPATIAL_WEIGHT.12.10' in dimension 2 automatically.
INFO: [XFORM 203-102] Partitioning array 'CONV_SPATIAL_WEIGHT.12.11' in dimension 2 automatically.
INFO: [XFORM 203-102] Partitioning array 'CONV_SPATIAL_WEIGHT.12.12' in dimension 2 automatically.
INFO: [XFORM 203-102] Partitioning array 'CONV_SPATIAL_WEIGHT.12.13' in dimension 2 automatically.
INFO: [XFORM 203-102] Partitioning array 'CONV_SPATIAL_WEIGHT.12.14' in dimension 2 automatically.
INFO: [XFORM 203-102] Partitioning array 'CONV_SPATIAL_WEIGHT.13' in dimension 2 automatically.
INFO: [XFORM 203-102] Partitioning array 'CONV_SPATIAL_WEIGHT.13.0' in dimension 2 automatically.
INFO: [XFORM 203-102] Partitioning array 'CONV_SPATIAL_WEIGHT.13.1' in dimension 2 automatically.
INFO: [XFORM 203-102] Partitioning array 'CONV_SPATIAL_WEIGHT.13.2' in dimension 2 automatically.
INFO: [XFORM 203-102] Partitioning array 'CONV_SPATIAL_WEIGHT.13.3' in dimension 2 automatically.
INFO: [XFORM 203-102] Partitioning array 'CONV_SPATIAL_WEIGHT.13.4' in dimension 2 automatically.
INFO: [XFORM 203-102] Partitioning array 'CONV_SPATIAL_WEIGHT.13.5' in dimension 2 automatically.
INFO: [XFORM 203-102] Partitioning array 'CONV_SPATIAL_WEIGHT.13.6' in dimension 2 automatically.
INFO: [XFORM 203-102] Partitioning array 'CONV_SPATIAL_WEIGHT.13.7' in dimension 2 automatically.
INFO: [XFORM 203-102] Partitioning array 'CONV_SPATIAL_WEIGHT.13.8' in dimension 2 automatically.
INFO: [XFORM 203-102] Partitioning array 'CONV_SPATIAL_WEIGHT.13.9' in dimension 2 automatically.
INFO: [XFORM 203-102] Partitioning array 'CONV_SPATIAL_WEIGHT.13.10' in dimension 2 automatically.
INFO: [XFORM 203-102] Partitioning array 'CONV_SPATIAL_WEIGHT.13.11' in dimension 2 automatically.
INFO: [XFORM 203-102] Partitioning array 'CONV_SPATIAL_WEIGHT.13.12' in dimension 2 automatically.
INFO: [XFORM 203-102] Partitioning array 'CONV_SPATIAL_WEIGHT.13.13' in dimension 2 automatically.
INFO: [XFORM 203-102] Partitioning array 'CONV_SPATIAL_WEIGHT.13.14' in dimension 2 automatically.
INFO: [XFORM 203-102] Partitioning array 'CONV_SPATIAL_WEIGHT.14' in dimension 2 automatically.
INFO: [XFORM 203-102] Partitioning array 'CONV_SPATIAL_WEIGHT.14.0' in dimension 2 automatically.
INFO: [XFORM 203-102] Partitioning array 'CONV_SPATIAL_WEIGHT.14.1' in dimension 2 automatically.
INFO: [XFORM 203-102] Partitioning array 'CONV_SPATIAL_WEIGHT.14.2' in dimension 2 automatically.
INFO: [XFORM 203-102] Partitioning array 'CONV_SPATIAL_WEIGHT.14.3' in dimension 2 automatically.
INFO: [XFORM 203-102] Partitioning array 'CONV_SPATIAL_WEIGHT.14.4' in dimension 2 automatically.
INFO: [XFORM 203-102] Partitioning array 'CONV_SPATIAL_WEIGHT.14.5' in dimension 2 automatically.
INFO: [XFORM 203-102] Partitioning array 'CONV_SPATIAL_WEIGHT.14.6' in dimension 2 automatically.
INFO: [XFORM 203-102] Partitioning array 'CONV_SPATIAL_WEIGHT.14.7' in dimension 2 automatically.
INFO: [XFORM 203-102] Partitioning array 'CONV_SPATIAL_WEIGHT.14.8' in dimension 2 automatically.
INFO: [XFORM 203-102] Partitioning array 'CONV_SPATIAL_WEIGHT.14.9' in dimension 2 automatically.
INFO: [XFORM 203-102] Partitioning array 'CONV_SPATIAL_WEIGHT.14.10' in dimension 2 automatically.
INFO: [XFORM 203-102] Partitioning array 'CONV_SPATIAL_WEIGHT.14.11' in dimension 2 automatically.
INFO: [XFORM 203-102] Partitioning array 'CONV_SPATIAL_WEIGHT.14.12' in dimension 2 automatically.
INFO: [XFORM 203-102] Partitioning array 'CONV_SPATIAL_WEIGHT.14.13' in dimension 2 automatically.
INFO: [XFORM 203-102] Partitioning array 'CONV_SPATIAL_WEIGHT.14.14' in dimension 2 automatically.
INFO: [XFORM 203-102] Partitioning array 'CONV_SPATIAL_WEIGHT.15' in dimension 2 automatically.
INFO: [XFORM 203-102] Partitioning array 'CONV_SPATIAL_WEIGHT.15.0' in dimension 2 automatically.
INFO: [XFORM 203-102] Partitioning array 'CONV_SPATIAL_WEIGHT.15.1' in dimension 2 automatically.
INFO: [XFORM 203-102] Partitioning array 'CONV_SPATIAL_WEIGHT.15.2' in dimension 2 automatically.
INFO: [XFORM 203-102] Partitioning array 'CONV_SPATIAL_WEIGHT.15.3' in dimension 2 automatically.
INFO: [XFORM 203-102] Partitioning array 'CONV_SPATIAL_WEIGHT.15.4' in dimension 2 automatically.
INFO: [XFORM 203-102] Partitioning array 'CONV_SPATIAL_WEIGHT.15.5' in dimension 2 automatically.
INFO: [XFORM 203-102] Partitioning array 'CONV_SPATIAL_WEIGHT.15.6' in dimension 2 automatically.
INFO: [XFORM 203-102] Partitioning array 'CONV_SPATIAL_WEIGHT.15.7' in dimension 2 automatically.
INFO: [XFORM 203-102] Partitioning array 'CONV_SPATIAL_WEIGHT.15.8' in dimension 2 automatically.
INFO: [XFORM 203-102] Partitioning array 'CONV_SPATIAL_WEIGHT.15.9' in dimension 2 automatically.
INFO: [XFORM 203-102] Partitioning array 'CONV_SPATIAL_WEIGHT.15.10' in dimension 2 automatically.
INFO: [XFORM 203-102] Partitioning array 'CONV_SPATIAL_WEIGHT.15.11' in dimension 2 automatically.
INFO: [XFORM 203-102] Partitioning array 'CONV_SPATIAL_WEIGHT.15.12' in dimension 2 automatically.
INFO: [XFORM 203-102] Partitioning array 'CONV_SPATIAL_WEIGHT.15.13' in dimension 2 automatically.
INFO: [XFORM 203-102] Partitioning array 'CONV_SPATIAL_WEIGHT.15.14' in dimension 2 automatically.
INFO: [XFORM 203-102] Partitioning array 'CONV_SPATIAL_WEIGHT.16' in dimension 2 automatically.
INFO: [XFORM 203-102] Partitioning array 'CONV_SPATIAL_WEIGHT.16.0' in dimension 2 automatically.
INFO: [XFORM 203-102] Partitioning array 'CONV_SPATIAL_WEIGHT.16.1' in dimension 2 automatically.
INFO: [XFORM 203-102] Partitioning array 'CONV_SPATIAL_WEIGHT.16.2' in dimension 2 automatically.
INFO: [XFORM 203-102] Partitioning array 'CONV_SPATIAL_WEIGHT.16.3' in dimension 2 automatically.
INFO: [XFORM 203-102] Partitioning array 'CONV_SPATIAL_WEIGHT.16.4' in dimension 2 automatically.
INFO: [XFORM 203-102] Partitioning array 'CONV_SPATIAL_WEIGHT.16.5' in dimension 2 automatically.
INFO: [XFORM 203-102] Partitioning array 'CONV_SPATIAL_WEIGHT.16.6' in dimension 2 automatically.
INFO: [XFORM 203-102] Partitioning array 'CONV_SPATIAL_WEIGHT.16.7' in dimension 2 automatically.
INFO: [XFORM 203-102] Partitioning array 'CONV_SPATIAL_WEIGHT.16.8' in dimension 2 automatically.
INFO: [XFORM 203-102] Partitioning array 'CONV_SPATIAL_WEIGHT.16.9' in dimension 2 automatically.
INFO: [XFORM 203-102] Partitioning array 'CONV_SPATIAL_WEIGHT.16.10' in dimension 2 automatically.
INFO: [XFORM 203-102] Partitioning array 'CONV_SPATIAL_WEIGHT.16.11' in dimension 2 automatically.
INFO: [XFORM 203-102] Partitioning array 'CONV_SPATIAL_WEIGHT.16.12' in dimension 2 automatically.
INFO: [XFORM 203-102] Partitioning array 'CONV_SPATIAL_WEIGHT.16.13' in dimension 2 automatically.
INFO: [XFORM 203-102] Partitioning array 'CONV_SPATIAL_WEIGHT.16.14' in dimension 2 automatically.
INFO: [XFORM 203-102] Partitioning array 'CONV_SPATIAL_WEIGHT.17' in dimension 2 automatically.
INFO: [XFORM 203-102] Partitioning array 'CONV_SPATIAL_WEIGHT.17.0' in dimension 2 automatically.
INFO: [XFORM 203-102] Partitioning array 'CONV_SPATIAL_WEIGHT.17.1' in dimension 2 automatically.
INFO: [XFORM 203-102] Partitioning array 'CONV_SPATIAL_WEIGHT.17.2' in dimension 2 automatically.
INFO: [XFORM 203-102] Partitioning array 'CONV_SPATIAL_WEIGHT.17.3' in dimension 2 automatically.
INFO: [XFORM 203-102] Partitioning array 'CONV_SPATIAL_WEIGHT.17.4' in dimension 2 automatically.
INFO: [XFORM 203-102] Partitioning array 'CONV_SPATIAL_WEIGHT.17.5' in dimension 2 automatically.
INFO: [XFORM 203-102] Partitioning array 'CONV_SPATIAL_WEIGHT.17.6' in dimension 2 automatically.
INFO: [XFORM 203-102] Partitioning array 'CONV_SPATIAL_WEIGHT.17.7' in dimension 2 automatically.
INFO: [XFORM 203-102] Partitioning array 'CONV_SPATIAL_WEIGHT.17.8' in dimension 2 automatically.
INFO: [XFORM 203-102] Partitioning array 'CONV_SPATIAL_WEIGHT.17.9' in dimension 2 automatically.
INFO: [XFORM 203-102] Partitioning array 'CONV_SPATIAL_WEIGHT.17.10' in dimension 2 automatically.
INFO: [XFORM 203-102] Partitioning array 'CONV_SPATIAL_WEIGHT.17.11' in dimension 2 automatically.
INFO: [XFORM 203-102] Partitioning array 'CONV_SPATIAL_WEIGHT.17.12' in dimension 2 automatically.
INFO: [XFORM 203-102] Partitioning array 'CONV_SPATIAL_WEIGHT.17.13' in dimension 2 automatically.
INFO: [XFORM 203-102] Partitioning array 'CONV_SPATIAL_WEIGHT.17.14' in dimension 2 automatically.
INFO: [XFORM 203-102] Partitioning array 'CONV_SPATIAL_WEIGHT.18' in dimension 2 automatically.
INFO: [XFORM 203-102] Partitioning array 'CONV_SPATIAL_WEIGHT.18.0' in dimension 2 automatically.
INFO: [XFORM 203-102] Partitioning array 'CONV_SPATIAL_WEIGHT.18.1' in dimension 2 automatically.
INFO: [XFORM 203-102] Partitioning array 'CONV_SPATIAL_WEIGHT.18.2' in dimension 2 automatically.
INFO: [XFORM 203-102] Partitioning array 'CONV_SPATIAL_WEIGHT.18.3' in dimension 2 automatically.
INFO: [XFORM 203-102] Partitioning array 'CONV_SPATIAL_WEIGHT.18.4' in dimension 2 automatically.
INFO: [XFORM 203-102] Partitioning array 'CONV_SPATIAL_WEIGHT.18.5' in dimension 2 automatically.
INFO: [XFORM 203-102] Partitioning array 'CONV_SPATIAL_WEIGHT.18.6' in dimension 2 automatically.
INFO: [XFORM 203-102] Partitioning array 'CONV_SPATIAL_WEIGHT.18.7' in dimension 2 automatically.
INFO: [XFORM 203-102] Partitioning array 'CONV_SPATIAL_WEIGHT.18.8' in dimension 2 automatically.
INFO: [XFORM 203-102] Partitioning array 'CONV_SPATIAL_WEIGHT.18.9' in dimension 2 automatically.
INFO: [XFORM 203-102] Partitioning array 'CONV_SPATIAL_WEIGHT.18.10' in dimension 2 automatically.
INFO: [XFORM 203-102] Partitioning array 'CONV_SPATIAL_WEIGHT.18.11' in dimension 2 automatically.
INFO: [XFORM 203-102] Partitioning array 'CONV_SPATIAL_WEIGHT.18.12' in dimension 2 automatically.
INFO: [XFORM 203-102] Partitioning array 'CONV_SPATIAL_WEIGHT.18.13' in dimension 2 automatically.
INFO: [XFORM 203-102] Partitioning array 'CONV_SPATIAL_WEIGHT.18.14' in dimension 2 automatically.
INFO: [XFORM 203-102] Partitioning array 'CONV_SPATIAL_WEIGHT.19' in dimension 2 automatically.
INFO: [XFORM 203-102] Partitioning array 'CONV_SPATIAL_WEIGHT.19.0' in dimension 2 automatically.
INFO: [XFORM 203-102] Partitioning array 'CONV_SPATIAL_WEIGHT.19.1' in dimension 2 automatically.
INFO: [XFORM 203-102] Partitioning array 'CONV_SPATIAL_WEIGHT.19.2' in dimension 2 automatically.
INFO: [XFORM 203-102] Partitioning array 'CONV_SPATIAL_WEIGHT.19.3' in dimension 2 automatically.
INFO: [XFORM 203-102] Partitioning array 'CONV_SPATIAL_WEIGHT.19.4' in dimension 2 automatically.
INFO: [XFORM 203-102] Partitioning array 'CONV_SPATIAL_WEIGHT.19.5' in dimension 2 automatically.
INFO: [XFORM 203-102] Partitioning array 'CONV_SPATIAL_WEIGHT.19.6' in dimension 2 automatically.
INFO: [XFORM 203-102] Partitioning array 'CONV_SPATIAL_WEIGHT.19.7' in dimension 2 automatically.
INFO: [XFORM 203-102] Partitioning array 'CONV_SPATIAL_WEIGHT.19.8' in dimension 2 automatically.
INFO: [XFORM 203-102] Partitioning array 'CONV_SPATIAL_WEIGHT.19.9' in dimension 2 automatically.
INFO: [XFORM 203-102] Partitioning array 'CONV_SPATIAL_WEIGHT.19.10' in dimension 2 automatically.
INFO: [XFORM 203-102] Partitioning array 'CONV_SPATIAL_WEIGHT.19.11' in dimension 2 automatically.
INFO: [XFORM 203-102] Partitioning array 'CONV_SPATIAL_WEIGHT.19.12' in dimension 2 automatically.
INFO: [XFORM 203-102] Partitioning array 'CONV_SPATIAL_WEIGHT.19.13' in dimension 2 automatically.
INFO: [XFORM 203-102] Partitioning array 'CONV_SPATIAL_WEIGHT.19.14' in dimension 2 automatically.
INFO: [XFORM 203-102] Partitioning array 'CONV_SPATIAL_WEIGHT.20' in dimension 2 automatically.
INFO: [XFORM 203-102] Partitioning array 'CONV_SPATIAL_WEIGHT.20.0' in dimension 2 automatically.
INFO: [XFORM 203-102] Partitioning array 'CONV_SPATIAL_WEIGHT.20.1' in dimension 2 automatically.
INFO: [XFORM 203-102] Partitioning array 'CONV_SPATIAL_WEIGHT.20.2' in dimension 2 automatically.
INFO: [XFORM 203-102] Partitioning array 'CONV_SPATIAL_WEIGHT.20.3' in dimension 2 automatically.
INFO: [XFORM 203-102] Partitioning array 'CONV_SPATIAL_WEIGHT.20.4' in dimension 2 automatically.
INFO: [XFORM 203-102] Partitioning array 'CONV_SPATIAL_WEIGHT.20.5' in dimension 2 automatically.
INFO: [XFORM 203-102] Partitioning array 'CONV_SPATIAL_WEIGHT.20.6' in dimension 2 automatically.
INFO: [XFORM 203-102] Partitioning array 'CONV_SPATIAL_WEIGHT.20.7' in dimension 2 automatically.
INFO: [XFORM 203-102] Partitioning array 'CONV_SPATIAL_WEIGHT.20.8' in dimension 2 automatically.
INFO: [XFORM 203-102] Partitioning array 'CONV_SPATIAL_WEIGHT.20.9' in dimension 2 automatically.
INFO: [XFORM 203-102] Partitioning array 'CONV_SPATIAL_WEIGHT.20.10' in dimension 2 automatically.
INFO: [XFORM 203-102] Partitioning array 'CONV_SPATIAL_WEIGHT.20.11' in dimension 2 automatically.
INFO: [XFORM 203-102] Partitioning array 'CONV_SPATIAL_WEIGHT.20.12' in dimension 2 automatically.
INFO: [XFORM 203-102] Partitioning array 'CONV_SPATIAL_WEIGHT.20.13' in dimension 2 automatically.
INFO: [XFORM 203-102] Partitioning array 'CONV_SPATIAL_WEIGHT.20.14' in dimension 2 automatically.
INFO: [XFORM 203-102] Partitioning array 'CONV_SPATIAL_WEIGHT.21' in dimension 2 automatically.
INFO: [XFORM 203-102] Partitioning array 'CONV_SPATIAL_WEIGHT.21.0' in dimension 2 automatically.
INFO: [XFORM 203-102] Partitioning array 'CONV_SPATIAL_WEIGHT.21.1' in dimension 2 automatically.
INFO: [XFORM 203-102] Partitioning array 'CONV_SPATIAL_WEIGHT.21.2' in dimension 2 automatically.
INFO: [XFORM 203-102] Partitioning array 'CONV_SPATIAL_WEIGHT.21.3' in dimension 2 automatically.
INFO: [XFORM 203-102] Partitioning array 'CONV_SPATIAL_WEIGHT.21.4' in dimension 2 automatically.
INFO: [XFORM 203-102] Partitioning array 'CONV_SPATIAL_WEIGHT.21.5' in dimension 2 automatically.
INFO: [XFORM 203-102] Partitioning array 'CONV_SPATIAL_WEIGHT.21.6' in dimension 2 automatically.
INFO: [XFORM 203-102] Partitioning array 'CONV_SPATIAL_WEIGHT.21.7' in dimension 2 automatically.
INFO: [XFORM 203-102] Partitioning array 'CONV_SPATIAL_WEIGHT.21.8' in dimension 2 automatically.
INFO: [XFORM 203-102] Partitioning array 'CONV_SPATIAL_WEIGHT.21.9' in dimension 2 automatically.
INFO: [XFORM 203-102] Partitioning array 'CONV_SPATIAL_WEIGHT.21.10' in dimension 2 automatically.
INFO: [XFORM 203-102] Partitioning array 'CONV_SPATIAL_WEIGHT.21.11' in dimension 2 automatically.
INFO: [XFORM 203-102] Partitioning array 'CONV_SPATIAL_WEIGHT.21.12' in dimension 2 automatically.
INFO: [XFORM 203-102] Partitioning array 'CONV_SPATIAL_WEIGHT.21.13' in dimension 2 automatically.
INFO: [XFORM 203-102] Partitioning array 'CONV_SPATIAL_WEIGHT.21.14' in dimension 2 automatically.
INFO: [XFORM 203-102] Partitioning array 'CONV_SPATIAL_WEIGHT.22' in dimension 2 automatically.
INFO: [XFORM 203-102] Partitioning array 'CONV_SPATIAL_WEIGHT.22.0' in dimension 2 automatically.
INFO: [XFORM 203-102] Partitioning array 'CONV_SPATIAL_WEIGHT.22.1' in dimension 2 automatically.
INFO: [XFORM 203-102] Partitioning array 'CONV_SPATIAL_WEIGHT.22.2' in dimension 2 automatically.
INFO: [XFORM 203-102] Partitioning array 'CONV_SPATIAL_WEIGHT.22.3' in dimension 2 automatically.
INFO: [XFORM 203-102] Partitioning array 'CONV_SPATIAL_WEIGHT.22.4' in dimension 2 automatically.
INFO: [XFORM 203-102] Partitioning array 'CONV_SPATIAL_WEIGHT.22.5' in dimension 2 automatically.
INFO: [XFORM 203-102] Partitioning array 'CONV_SPATIAL_WEIGHT.22.6' in dimension 2 automatically.
INFO: [XFORM 203-102] Partitioning array 'CONV_SPATIAL_WEIGHT.22.7' in dimension 2 automatically.
INFO: [XFORM 203-102] Partitioning array 'CONV_SPATIAL_WEIGHT.22.8' in dimension 2 automatically.
INFO: [XFORM 203-102] Partitioning array 'CONV_SPATIAL_WEIGHT.22.9' in dimension 2 automatically.
INFO: [XFORM 203-102] Partitioning array 'CONV_SPATIAL_WEIGHT.22.10' in dimension 2 automatically.
INFO: [XFORM 203-102] Partitioning array 'CONV_SPATIAL_WEIGHT.22.11' in dimension 2 automatically.
INFO: [XFORM 203-102] Partitioning array 'CONV_SPATIAL_WEIGHT.22.12' in dimension 2 automatically.
INFO: [XFORM 203-102] Partitioning array 'CONV_SPATIAL_WEIGHT.22.13' in dimension 2 automatically.
INFO: [XFORM 203-102] Partitioning array 'CONV_SPATIAL_WEIGHT.22.14' in dimension 2 automatically.
INFO: [XFORM 203-102] Partitioning array 'CONV_SPATIAL_WEIGHT.23' in dimension 2 automatically.
INFO: [XFORM 203-102] Partitioning array 'CONV_SPATIAL_WEIGHT.23.0' in dimension 2 automatically.
INFO: [XFORM 203-102] Partitioning array 'CONV_SPATIAL_WEIGHT.23.1' in dimension 2 automatically.
INFO: [XFORM 203-102] Partitioning array 'CONV_SPATIAL_WEIGHT.23.2' in dimension 2 automatically.
INFO: [XFORM 203-102] Partitioning array 'CONV_SPATIAL_WEIGHT.23.3' in dimension 2 automatically.
INFO: [XFORM 203-102] Partitioning array 'CONV_SPATIAL_WEIGHT.23.4' in dimension 2 automatically.
INFO: [XFORM 203-102] Partitioning array 'CONV_SPATIAL_WEIGHT.23.5' in dimension 2 automatically.
INFO: [XFORM 203-102] Partitioning array 'CONV_SPATIAL_WEIGHT.23.6' in dimension 2 automatically.
INFO: [XFORM 203-102] Partitioning array 'CONV_SPATIAL_WEIGHT.23.7' in dimension 2 automatically.
INFO: [XFORM 203-102] Partitioning array 'CONV_SPATIAL_WEIGHT.23.8' in dimension 2 automatically.
INFO: [XFORM 203-102] Partitioning array 'CONV_SPATIAL_WEIGHT.23.9' in dimension 2 automatically.
INFO: [XFORM 203-102] Partitioning array 'CONV_SPATIAL_WEIGHT.23.10' in dimension 2 automatically.
INFO: [XFORM 203-102] Partitioning array 'CONV_SPATIAL_WEIGHT.23.11' in dimension 2 automatically.
INFO: [XFORM 203-102] Partitioning array 'CONV_SPATIAL_WEIGHT.23.12' in dimension 2 automatically.
INFO: [XFORM 203-102] Partitioning array 'CONV_SPATIAL_WEIGHT.23.13' in dimension 2 automatically.
INFO: [XFORM 203-102] Partitioning array 'CONV_SPATIAL_WEIGHT.23.14' in dimension 2 automatically.
INFO: [XFORM 203-102] Partitioning array 'CONV_SPATIAL_WEIGHT.24' in dimension 2 automatically.
INFO: [XFORM 203-102] Partitioning array 'CONV_SPATIAL_WEIGHT.24.0' in dimension 2 automatically.
INFO: [XFORM 203-102] Partitioning array 'CONV_SPATIAL_WEIGHT.24.1' in dimension 2 automatically.
INFO: [XFORM 203-102] Partitioning array 'CONV_SPATIAL_WEIGHT.24.2' in dimension 2 automatically.
INFO: [XFORM 203-102] Partitioning array 'CONV_SPATIAL_WEIGHT.24.3' in dimension 2 automatically.
INFO: [XFORM 203-102] Partitioning array 'CONV_SPATIAL_WEIGHT.24.4' in dimension 2 automatically.
INFO: [XFORM 203-102] Partitioning array 'CONV_SPATIAL_WEIGHT.24.5' in dimension 2 automatically.
INFO: [XFORM 203-102] Partitioning array 'CONV_SPATIAL_WEIGHT.24.6' in dimension 2 automatically.
INFO: [XFORM 203-102] Partitioning array 'CONV_SPATIAL_WEIGHT.24.7' in dimension 2 automatically.
INFO: [XFORM 203-102] Partitioning array 'CONV_SPATIAL_WEIGHT.24.8' in dimension 2 automatically.
INFO: [XFORM 203-102] Partitioning array 'CONV_SPATIAL_WEIGHT.24.9' in dimension 2 automatically.
INFO: [XFORM 203-102] Partitioning array 'CONV_SPATIAL_WEIGHT.24.10' in dimension 2 automatically.
INFO: [XFORM 203-102] Partitioning array 'CONV_SPATIAL_WEIGHT.24.11' in dimension 2 automatically.
INFO: [XFORM 203-102] Partitioning array 'CONV_SPATIAL_WEIGHT.24.12' in dimension 2 automatically.
INFO: [XFORM 203-102] Partitioning array 'CONV_SPATIAL_WEIGHT.24.13' in dimension 2 automatically.
INFO: [XFORM 203-102] Partitioning array 'CONV_SPATIAL_WEIGHT.24.14' in dimension 2 automatically.
INFO: [XFORM 203-102] Partitioning array 'CONV_SPATIAL_WEIGHT.25' in dimension 2 automatically.
INFO: [XFORM 203-102] Partitioning array 'CONV_SPATIAL_WEIGHT.25.0' in dimension 2 automatically.
INFO: [XFORM 203-102] Partitioning array 'CONV_SPATIAL_WEIGHT.25.1' in dimension 2 automatically.
INFO: [XFORM 203-102] Partitioning array 'CONV_SPATIAL_WEIGHT.25.2' in dimension 2 automatically.
INFO: [XFORM 203-102] Partitioning array 'CONV_SPATIAL_WEIGHT.25.3' in dimension 2 automatically.
INFO: [XFORM 203-102] Partitioning array 'CONV_SPATIAL_WEIGHT.25.4' in dimension 2 automatically.
INFO: [XFORM 203-102] Partitioning array 'CONV_SPATIAL_WEIGHT.25.5' in dimension 2 automatically.
INFO: [XFORM 203-102] Partitioning array 'CONV_SPATIAL_WEIGHT.25.6' in dimension 2 automatically.
INFO: [XFORM 203-102] Partitioning array 'CONV_SPATIAL_WEIGHT.25.7' in dimension 2 automatically.
INFO: [XFORM 203-102] Partitioning array 'CONV_SPATIAL_WEIGHT.25.8' in dimension 2 automatically.
INFO: [XFORM 203-102] Partitioning array 'CONV_SPATIAL_WEIGHT.25.9' in dimension 2 automatically.
INFO: [XFORM 203-102] Partitioning array 'CONV_SPATIAL_WEIGHT.25.10' in dimension 2 automatically.
INFO: [XFORM 203-102] Partitioning array 'CONV_SPATIAL_WEIGHT.25.11' in dimension 2 automatically.
INFO: [XFORM 203-102] Partitioning array 'CONV_SPATIAL_WEIGHT.25.12' in dimension 2 automatically.
INFO: [XFORM 203-102] Partitioning array 'CONV_SPATIAL_WEIGHT.25.13' in dimension 2 automatically.
INFO: [XFORM 203-102] Partitioning array 'CONV_SPATIAL_WEIGHT.25.14' in dimension 2 automatically.
INFO: [XFORM 203-102] Partitioning array 'CONV_SPATIAL_WEIGHT.26' in dimension 2 automatically.
INFO: [XFORM 203-102] Partitioning array 'CONV_SPATIAL_WEIGHT.26.0' in dimension 2 automatically.
INFO: [XFORM 203-102] Partitioning array 'CONV_SPATIAL_WEIGHT.26.1' in dimension 2 automatically.
INFO: [XFORM 203-102] Partitioning array 'CONV_SPATIAL_WEIGHT.26.2' in dimension 2 automatically.
INFO: [XFORM 203-102] Partitioning array 'CONV_SPATIAL_WEIGHT.26.3' in dimension 2 automatically.
INFO: [XFORM 203-102] Partitioning array 'CONV_SPATIAL_WEIGHT.26.4' in dimension 2 automatically.
INFO: [XFORM 203-102] Partitioning array 'CONV_SPATIAL_WEIGHT.26.5' in dimension 2 automatically.
INFO: [XFORM 203-102] Partitioning array 'CONV_SPATIAL_WEIGHT.26.6' in dimension 2 automatically.
INFO: [XFORM 203-102] Partitioning array 'CONV_SPATIAL_WEIGHT.26.7' in dimension 2 automatically.
INFO: [XFORM 203-102] Partitioning array 'CONV_SPATIAL_WEIGHT.26.8' in dimension 2 automatically.
INFO: [XFORM 203-102] Partitioning array 'CONV_SPATIAL_WEIGHT.26.9' in dimension 2 automatically.
INFO: [XFORM 203-102] Partitioning array 'CONV_SPATIAL_WEIGHT.26.10' in dimension 2 automatically.
INFO: [XFORM 203-102] Partitioning array 'CONV_SPATIAL_WEIGHT.26.11' in dimension 2 automatically.
INFO: [XFORM 203-102] Partitioning array 'CONV_SPATIAL_WEIGHT.26.12' in dimension 2 automatically.
INFO: [XFORM 203-102] Partitioning array 'CONV_SPATIAL_WEIGHT.26.13' in dimension 2 automatically.
INFO: [XFORM 203-102] Partitioning array 'CONV_SPATIAL_WEIGHT.26.14' in dimension 2 automatically.
INFO: [XFORM 203-102] Partitioning array 'CONV_SPATIAL_WEIGHT.27' in dimension 2 automatically.
INFO: [XFORM 203-102] Partitioning array 'CONV_SPATIAL_WEIGHT.27.0' in dimension 2 automatically.
INFO: [XFORM 203-102] Partitioning array 'CONV_SPATIAL_WEIGHT.27.1' in dimension 2 automatically.
INFO: [XFORM 203-102] Partitioning array 'CONV_SPATIAL_WEIGHT.27.2' in dimension 2 automatically.
INFO: [XFORM 203-102] Partitioning array 'CONV_SPATIAL_WEIGHT.27.3' in dimension 2 automatically.
INFO: [XFORM 203-102] Partitioning array 'CONV_SPATIAL_WEIGHT.27.4' in dimension 2 automatically.
INFO: [XFORM 203-102] Partitioning array 'CONV_SPATIAL_WEIGHT.27.5' in dimension 2 automatically.
INFO: [XFORM 203-102] Partitioning array 'CONV_SPATIAL_WEIGHT.27.6' in dimension 2 automatically.
INFO: [XFORM 203-102] Partitioning array 'CONV_SPATIAL_WEIGHT.27.7' in dimension 2 automatically.
INFO: [XFORM 203-102] Partitioning array 'CONV_SPATIAL_WEIGHT.27.8' in dimension 2 automatically.
INFO: [XFORM 203-102] Partitioning array 'CONV_SPATIAL_WEIGHT.27.9' in dimension 2 automatically.
INFO: [XFORM 203-102] Partitioning array 'CONV_SPATIAL_WEIGHT.27.10' in dimension 2 automatically.
INFO: [XFORM 203-102] Partitioning array 'CONV_SPATIAL_WEIGHT.27.11' in dimension 2 automatically.
INFO: [XFORM 203-102] Partitioning array 'CONV_SPATIAL_WEIGHT.27.12' in dimension 2 automatically.
INFO: [XFORM 203-102] Partitioning array 'CONV_SPATIAL_WEIGHT.27.13' in dimension 2 automatically.
INFO: [XFORM 203-102] Partitioning array 'CONV_SPATIAL_WEIGHT.27.14' in dimension 2 automatically.
INFO: [XFORM 203-102] Partitioning array 'CONV_SPATIAL_WEIGHT.28' in dimension 2 automatically.
INFO: [XFORM 203-102] Partitioning array 'CONV_SPATIAL_WEIGHT.28.0' in dimension 2 automatically.
INFO: [XFORM 203-102] Partitioning array 'CONV_SPATIAL_WEIGHT.28.1' in dimension 2 automatically.
INFO: [XFORM 203-102] Partitioning array 'CONV_SPATIAL_WEIGHT.28.2' in dimension 2 automatically.
INFO: [XFORM 203-102] Partitioning array 'CONV_SPATIAL_WEIGHT.28.3' in dimension 2 automatically.
INFO: [XFORM 203-102] Partitioning array 'CONV_SPATIAL_WEIGHT.28.4' in dimension 2 automatically.
INFO: [XFORM 203-102] Partitioning array 'CONV_SPATIAL_WEIGHT.28.5' in dimension 2 automatically.
INFO: [XFORM 203-102] Partitioning array 'CONV_SPATIAL_WEIGHT.28.6' in dimension 2 automatically.
INFO: [XFORM 203-102] Partitioning array 'CONV_SPATIAL_WEIGHT.28.7' in dimension 2 automatically.
INFO: [XFORM 203-102] Partitioning array 'CONV_SPATIAL_WEIGHT.28.8' in dimension 2 automatically.
INFO: [XFORM 203-102] Partitioning array 'CONV_SPATIAL_WEIGHT.28.9' in dimension 2 automatically.
INFO: [XFORM 203-102] Partitioning array 'CONV_SPATIAL_WEIGHT.28.10' in dimension 2 automatically.
INFO: [XFORM 203-102] Partitioning array 'CONV_SPATIAL_WEIGHT.28.11' in dimension 2 automatically.
INFO: [XFORM 203-102] Partitioning array 'CONV_SPATIAL_WEIGHT.28.12' in dimension 2 automatically.
INFO: [XFORM 203-102] Partitioning array 'CONV_SPATIAL_WEIGHT.28.13' in dimension 2 automatically.
INFO: [XFORM 203-102] Partitioning array 'CONV_SPATIAL_WEIGHT.28.14' in dimension 2 automatically.
INFO: [XFORM 203-102] Partitioning array 'CONV_SPATIAL_WEIGHT.29' in dimension 2 automatically.
INFO: [XFORM 203-102] Partitioning array 'CONV_SPATIAL_WEIGHT.29.0' in dimension 2 automatically.
INFO: [XFORM 203-102] Partitioning array 'CONV_SPATIAL_WEIGHT.29.1' in dimension 2 automatically.
INFO: [XFORM 203-102] Partitioning array 'CONV_SPATIAL_WEIGHT.29.2' in dimension 2 automatically.
INFO: [XFORM 203-102] Partitioning array 'CONV_SPATIAL_WEIGHT.29.3' in dimension 2 automatically.
INFO: [XFORM 203-102] Partitioning array 'CONV_SPATIAL_WEIGHT.29.4' in dimension 2 automatically.
INFO: [XFORM 203-102] Partitioning array 'CONV_SPATIAL_WEIGHT.29.5' in dimension 2 automatically.
INFO: [XFORM 203-102] Partitioning array 'CONV_SPATIAL_WEIGHT.29.6' in dimension 2 automatically.
INFO: [XFORM 203-102] Partitioning array 'CONV_SPATIAL_WEIGHT.29.7' in dimension 2 automatically.
INFO: [XFORM 203-102] Partitioning array 'CONV_SPATIAL_WEIGHT.29.8' in dimension 2 automatically.
INFO: [XFORM 203-102] Partitioning array 'CONV_SPATIAL_WEIGHT.29.9' in dimension 2 automatically.
INFO: [XFORM 203-102] Partitioning array 'CONV_SPATIAL_WEIGHT.29.10' in dimension 2 automatically.
INFO: [XFORM 203-102] Partitioning array 'CONV_SPATIAL_WEIGHT.29.11' in dimension 2 automatically.
INFO: [XFORM 203-102] Partitioning array 'CONV_SPATIAL_WEIGHT.29.12' in dimension 2 automatically.
INFO: [XFORM 203-102] Partitioning array 'CONV_SPATIAL_WEIGHT.29.13' in dimension 2 automatically.
INFO: [XFORM 203-102] Partitioning array 'CONV_SPATIAL_WEIGHT.29.14' in dimension 2 automatically.
INFO: [XFORM 203-102] Partitioning array 'CONV_SPATIAL_WEIGHT.30' in dimension 2 automatically.
INFO: [XFORM 203-102] Partitioning array 'CONV_SPATIAL_WEIGHT.30.0' in dimension 2 automatically.
INFO: [XFORM 203-102] Partitioning array 'CONV_SPATIAL_WEIGHT.30.1' in dimension 2 automatically.
INFO: [XFORM 203-102] Partitioning array 'CONV_SPATIAL_WEIGHT.30.2' in dimension 2 automatically.
INFO: [XFORM 203-102] Partitioning array 'CONV_SPATIAL_WEIGHT.30.3' in dimension 2 automatically.
INFO: [XFORM 203-102] Partitioning array 'CONV_SPATIAL_WEIGHT.30.4' in dimension 2 automatically.
INFO: [XFORM 203-102] Partitioning array 'CONV_SPATIAL_WEIGHT.30.5' in dimension 2 automatically.
INFO: [XFORM 203-102] Partitioning array 'CONV_SPATIAL_WEIGHT.30.6' in dimension 2 automatically.
INFO: [XFORM 203-102] Partitioning array 'CONV_SPATIAL_WEIGHT.30.7' in dimension 2 automatically.
INFO: [XFORM 203-102] Partitioning array 'CONV_SPATIAL_WEIGHT.30.8' in dimension 2 automatically.
INFO: [XFORM 203-102] Partitioning array 'CONV_SPATIAL_WEIGHT.30.9' in dimension 2 automatically.
INFO: [XFORM 203-102] Partitioning array 'CONV_SPATIAL_WEIGHT.30.10' in dimension 2 automatically.
INFO: [XFORM 203-102] Partitioning array 'CONV_SPATIAL_WEIGHT.30.11' in dimension 2 automatically.
INFO: [XFORM 203-102] Partitioning array 'CONV_SPATIAL_WEIGHT.30.12' in dimension 2 automatically.
INFO: [XFORM 203-102] Partitioning array 'CONV_SPATIAL_WEIGHT.30.13' in dimension 2 automatically.
INFO: [XFORM 203-102] Partitioning array 'CONV_SPATIAL_WEIGHT.30.14' in dimension 2 automatically.
INFO: [XFORM 203-102] Partitioning array 'CONV_SPATIAL_WEIGHT.31' in dimension 2 automatically.
INFO: [XFORM 203-102] Partitioning array 'CONV_SPATIAL_WEIGHT.31.0' in dimension 2 automatically.
INFO: [XFORM 203-102] Partitioning array 'CONV_SPATIAL_WEIGHT.31.1' in dimension 2 automatically.
INFO: [XFORM 203-102] Partitioning array 'CONV_SPATIAL_WEIGHT.31.2' in dimension 2 automatically.
INFO: [XFORM 203-102] Partitioning array 'CONV_SPATIAL_WEIGHT.31.3' in dimension 2 automatically.
INFO: [XFORM 203-102] Partitioning array 'CONV_SPATIAL_WEIGHT.31.4' in dimension 2 automatically.
INFO: [XFORM 203-102] Partitioning array 'CONV_SPATIAL_WEIGHT.31.5' in dimension 2 automatically.
INFO: [XFORM 203-102] Partitioning array 'CONV_SPATIAL_WEIGHT.31.6' in dimension 2 automatically.
INFO: [XFORM 203-102] Partitioning array 'CONV_SPATIAL_WEIGHT.31.7' in dimension 2 automatically.
INFO: [XFORM 203-102] Partitioning array 'CONV_SPATIAL_WEIGHT.31.8' in dimension 2 automatically.
INFO: [XFORM 203-102] Partitioning array 'CONV_SPATIAL_WEIGHT.31.9' in dimension 2 automatically.
INFO: [XFORM 203-102] Partitioning array 'CONV_SPATIAL_WEIGHT.31.10' in dimension 2 automatically.
INFO: [XFORM 203-102] Partitioning array 'CONV_SPATIAL_WEIGHT.31.11' in dimension 2 automatically.
INFO: [XFORM 203-102] Partitioning array 'CONV_SPATIAL_WEIGHT.31.12' in dimension 2 automatically.
INFO: [XFORM 203-102] Partitioning array 'CONV_SPATIAL_WEIGHT.31.13' in dimension 2 automatically.
INFO: [XFORM 203-102] Partitioning array 'CONV_SPATIAL_WEIGHT.31.14' in dimension 2 automatically.
INFO: [XFORM 203-102] Partitioning array 'CONV_SPATIAL_WEIGHT.32' in dimension 2 automatically.
INFO: [XFORM 203-102] Partitioning array 'CONV_SPATIAL_WEIGHT.32.0' in dimension 2 automatically.
INFO: [XFORM 203-102] Partitioning array 'CONV_SPATIAL_WEIGHT.32.1' in dimension 2 automatically.
INFO: [XFORM 203-102] Partitioning array 'CONV_SPATIAL_WEIGHT.32.2' in dimension 2 automatically.
INFO: [XFORM 203-102] Partitioning array 'CONV_SPATIAL_WEIGHT.32.3' in dimension 2 automatically.
INFO: [XFORM 203-102] Partitioning array 'CONV_SPATIAL_WEIGHT.32.4' in dimension 2 automatically.
INFO: [XFORM 203-102] Partitioning array 'CONV_SPATIAL_WEIGHT.32.5' in dimension 2 automatically.
INFO: [XFORM 203-102] Partitioning array 'CONV_SPATIAL_WEIGHT.32.6' in dimension 2 automatically.
INFO: [XFORM 203-102] Partitioning array 'CONV_SPATIAL_WEIGHT.32.7' in dimension 2 automatically.
INFO: [XFORM 203-102] Partitioning array 'CONV_SPATIAL_WEIGHT.32.8' in dimension 2 automatically.
INFO: [XFORM 203-102] Partitioning array 'CONV_SPATIAL_WEIGHT.32.9' in dimension 2 automatically.
INFO: [XFORM 203-102] Partitioning array 'CONV_SPATIAL_WEIGHT.32.10' in dimension 2 automatically.
INFO: [XFORM 203-102] Partitioning array 'CONV_SPATIAL_WEIGHT.32.11' in dimension 2 automatically.
INFO: [XFORM 203-102] Partitioning array 'CONV_SPATIAL_WEIGHT.32.12' in dimension 2 automatically.
INFO: [XFORM 203-102] Partitioning array 'CONV_SPATIAL_WEIGHT.32.13' in dimension 2 automatically.
INFO: [XFORM 203-102] Partitioning array 'CONV_SPATIAL_WEIGHT.32.14' in dimension 2 automatically.
INFO: [XFORM 203-102] Partitioning array 'CONV_SPATIAL_WEIGHT.33' in dimension 2 automatically.
INFO: [XFORM 203-102] Partitioning array 'CONV_SPATIAL_WEIGHT.33.0' in dimension 2 automatically.
INFO: [XFORM 203-102] Partitioning array 'CONV_SPATIAL_WEIGHT.33.1' in dimension 2 automatically.
INFO: [XFORM 203-102] Partitioning array 'CONV_SPATIAL_WEIGHT.33.2' in dimension 2 automatically.
INFO: [XFORM 203-102] Partitioning array 'CONV_SPATIAL_WEIGHT.33.3' in dimension 2 automatically.
INFO: [XFORM 203-102] Partitioning array 'CONV_SPATIAL_WEIGHT.33.4' in dimension 2 automatically.
INFO: [XFORM 203-102] Partitioning array 'CONV_SPATIAL_WEIGHT.33.5' in dimension 2 automatically.
INFO: [XFORM 203-102] Partitioning array 'CONV_SPATIAL_WEIGHT.33.6' in dimension 2 automatically.
INFO: [XFORM 203-102] Partitioning array 'CONV_SPATIAL_WEIGHT.33.7' in dimension 2 automatically.
INFO: [XFORM 203-102] Partitioning array 'CONV_SPATIAL_WEIGHT.33.8' in dimension 2 automatically.
INFO: [XFORM 203-102] Partitioning array 'CONV_SPATIAL_WEIGHT.33.9' in dimension 2 automatically.
INFO: [XFORM 203-102] Partitioning array 'CONV_SPATIAL_WEIGHT.33.10' in dimension 2 automatically.
INFO: [XFORM 203-102] Partitioning array 'CONV_SPATIAL_WEIGHT.33.11' in dimension 2 automatically.
INFO: [XFORM 203-102] Partitioning array 'CONV_SPATIAL_WEIGHT.33.12' in dimension 2 automatically.
INFO: [XFORM 203-102] Partitioning array 'CONV_SPATIAL_WEIGHT.33.13' in dimension 2 automatically.
INFO: [XFORM 203-102] Partitioning array 'CONV_SPATIAL_WEIGHT.33.14' in dimension 2 automatically.
INFO: [XFORM 203-102] Partitioning array 'CONV_SPATIAL_WEIGHT.34' in dimension 2 automatically.
INFO: [XFORM 203-102] Partitioning array 'CONV_SPATIAL_WEIGHT.34.0' in dimension 2 automatically.
INFO: [XFORM 203-102] Partitioning array 'CONV_SPATIAL_WEIGHT.34.1' in dimension 2 automatically.
INFO: [XFORM 203-102] Partitioning array 'CONV_SPATIAL_WEIGHT.34.2' in dimension 2 automatically.
INFO: [XFORM 203-102] Partitioning array 'CONV_SPATIAL_WEIGHT.34.3' in dimension 2 automatically.
INFO: [XFORM 203-102] Partitioning array 'CONV_SPATIAL_WEIGHT.34.4' in dimension 2 automatically.
INFO: [XFORM 203-102] Partitioning array 'CONV_SPATIAL_WEIGHT.34.5' in dimension 2 automatically.
INFO: [XFORM 203-102] Partitioning array 'CONV_SPATIAL_WEIGHT.34.6' in dimension 2 automatically.
INFO: [XFORM 203-102] Partitioning array 'CONV_SPATIAL_WEIGHT.34.7' in dimension 2 automatically.
INFO: [XFORM 203-102] Partitioning array 'CONV_SPATIAL_WEIGHT.34.8' in dimension 2 automatically.
INFO: [XFORM 203-102] Partitioning array 'CONV_SPATIAL_WEIGHT.34.9' in dimension 2 automatically.
INFO: [XFORM 203-102] Partitioning array 'CONV_SPATIAL_WEIGHT.34.10' in dimension 2 automatically.
INFO: [XFORM 203-102] Partitioning array 'CONV_SPATIAL_WEIGHT.34.11' in dimension 2 automatically.
INFO: [XFORM 203-102] Partitioning array 'CONV_SPATIAL_WEIGHT.34.12' in dimension 2 automatically.
INFO: [XFORM 203-102] Partitioning array 'CONV_SPATIAL_WEIGHT.34.13' in dimension 2 automatically.
INFO: [XFORM 203-102] Partitioning array 'CONV_SPATIAL_WEIGHT.34.14' in dimension 2 automatically.
INFO: [XFORM 203-102] Partitioning array 'CONV_SPATIAL_WEIGHT.35' in dimension 2 automatically.
INFO: [XFORM 203-102] Partitioning array 'CONV_SPATIAL_WEIGHT.35.0' in dimension 2 automatically.
INFO: [XFORM 203-102] Partitioning array 'CONV_SPATIAL_WEIGHT.35.1' in dimension 2 automatically.
INFO: [XFORM 203-102] Partitioning array 'CONV_SPATIAL_WEIGHT.35.2' in dimension 2 automatically.
INFO: [XFORM 203-102] Partitioning array 'CONV_SPATIAL_WEIGHT.35.3' in dimension 2 automatically.
INFO: [XFORM 203-102] Partitioning array 'CONV_SPATIAL_WEIGHT.35.4' in dimension 2 automatically.
INFO: [XFORM 203-102] Partitioning array 'CONV_SPATIAL_WEIGHT.35.5' in dimension 2 automatically.
INFO: [XFORM 203-102] Partitioning array 'CONV_SPATIAL_WEIGHT.35.6' in dimension 2 automatically.
INFO: [XFORM 203-102] Partitioning array 'CONV_SPATIAL_WEIGHT.35.7' in dimension 2 automatically.
INFO: [XFORM 203-102] Partitioning array 'CONV_SPATIAL_WEIGHT.35.8' in dimension 2 automatically.
INFO: [XFORM 203-102] Partitioning array 'CONV_SPATIAL_WEIGHT.35.9' in dimension 2 automatically.
INFO: [XFORM 203-102] Partitioning array 'CONV_SPATIAL_WEIGHT.35.10' in dimension 2 automatically.
INFO: [XFORM 203-102] Partitioning array 'CONV_SPATIAL_WEIGHT.35.11' in dimension 2 automatically.
INFO: [XFORM 203-102] Partitioning array 'CONV_SPATIAL_WEIGHT.35.12' in dimension 2 automatically.
INFO: [XFORM 203-102] Partitioning array 'CONV_SPATIAL_WEIGHT.35.13' in dimension 2 automatically.
INFO: [XFORM 203-102] Partitioning array 'CONV_SPATIAL_WEIGHT.35.14' in dimension 2 automatically.
INFO: [XFORM 203-102] Partitioning array 'CONV_SPATIAL_WEIGHT.36' in dimension 2 automatically.
INFO: [XFORM 203-102] Partitioning array 'CONV_SPATIAL_WEIGHT.36.0' in dimension 2 automatically.
INFO: [XFORM 203-102] Partitioning array 'CONV_SPATIAL_WEIGHT.36.1' in dimension 2 automatically.
INFO: [XFORM 203-102] Partitioning array 'CONV_SPATIAL_WEIGHT.36.2' in dimension 2 automatically.
INFO: [XFORM 203-102] Partitioning array 'CONV_SPATIAL_WEIGHT.36.3' in dimension 2 automatically.
INFO: [XFORM 203-102] Partitioning array 'CONV_SPATIAL_WEIGHT.36.4' in dimension 2 automatically.
INFO: [XFORM 203-102] Partitioning array 'CONV_SPATIAL_WEIGHT.36.5' in dimension 2 automatically.
INFO: [XFORM 203-102] Partitioning array 'CONV_SPATIAL_WEIGHT.36.6' in dimension 2 automatically.
INFO: [XFORM 203-102] Partitioning array 'CONV_SPATIAL_WEIGHT.36.7' in dimension 2 automatically.
INFO: [XFORM 203-102] Partitioning array 'CONV_SPATIAL_WEIGHT.36.8' in dimension 2 automatically.
INFO: [XFORM 203-102] Partitioning array 'CONV_SPATIAL_WEIGHT.36.9' in dimension 2 automatically.
INFO: [XFORM 203-102] Partitioning array 'CONV_SPATIAL_WEIGHT.36.10' in dimension 2 automatically.
INFO: [XFORM 203-102] Partitioning array 'CONV_SPATIAL_WEIGHT.36.11' in dimension 2 automatically.
INFO: [XFORM 203-102] Partitioning array 'CONV_SPATIAL_WEIGHT.36.12' in dimension 2 automatically.
INFO: [XFORM 203-102] Partitioning array 'CONV_SPATIAL_WEIGHT.36.13' in dimension 2 automatically.
INFO: [XFORM 203-102] Partitioning array 'CONV_SPATIAL_WEIGHT.36.14' in dimension 2 automatically.
INFO: [XFORM 203-102] Partitioning array 'CONV_SPATIAL_WEIGHT.37' in dimension 2 automatically.
INFO: [XFORM 203-102] Partitioning array 'CONV_SPATIAL_WEIGHT.37.0' in dimension 2 automatically.
INFO: [XFORM 203-102] Partitioning array 'CONV_SPATIAL_WEIGHT.37.1' in dimension 2 automatically.
INFO: [XFORM 203-102] Partitioning array 'CONV_SPATIAL_WEIGHT.37.2' in dimension 2 automatically.
INFO: [XFORM 203-102] Partitioning array 'CONV_SPATIAL_WEIGHT.37.3' in dimension 2 automatically.
INFO: [XFORM 203-102] Partitioning array 'CONV_SPATIAL_WEIGHT.37.4' in dimension 2 automatically.
INFO: [XFORM 203-102] Partitioning array 'CONV_SPATIAL_WEIGHT.37.5' in dimension 2 automatically.
INFO: [XFORM 203-102] Partitioning array 'CONV_SPATIAL_WEIGHT.37.6' in dimension 2 automatically.
INFO: [XFORM 203-102] Partitioning array 'CONV_SPATIAL_WEIGHT.37.7' in dimension 2 automatically.
INFO: [XFORM 203-102] Partitioning array 'CONV_SPATIAL_WEIGHT.37.8' in dimension 2 automatically.
INFO: [XFORM 203-102] Partitioning array 'CONV_SPATIAL_WEIGHT.37.9' in dimension 2 automatically.
INFO: [XFORM 203-102] Partitioning array 'CONV_SPATIAL_WEIGHT.37.10' in dimension 2 automatically.
INFO: [XFORM 203-102] Partitioning array 'CONV_SPATIAL_WEIGHT.37.11' in dimension 2 automatically.
INFO: [XFORM 203-102] Partitioning array 'CONV_SPATIAL_WEIGHT.37.12' in dimension 2 automatically.
INFO: [XFORM 203-102] Partitioning array 'CONV_SPATIAL_WEIGHT.37.13' in dimension 2 automatically.
INFO: [XFORM 203-102] Partitioning array 'CONV_SPATIAL_WEIGHT.37.14' in dimension 2 automatically.
INFO: [XFORM 203-102] Partitioning array 'CONV_SPATIAL_WEIGHT.38' in dimension 2 automatically.
INFO: [XFORM 203-102] Partitioning array 'CONV_SPATIAL_WEIGHT.38.0' in dimension 2 automatically.
INFO: [XFORM 203-102] Partitioning array 'CONV_SPATIAL_WEIGHT.38.1' in dimension 2 automatically.
INFO: [XFORM 203-102] Partitioning array 'CONV_SPATIAL_WEIGHT.38.2' in dimension 2 automatically.
INFO: [XFORM 203-102] Partitioning array 'CONV_SPATIAL_WEIGHT.38.3' in dimension 2 automatically.
INFO: [XFORM 203-102] Partitioning array 'CONV_SPATIAL_WEIGHT.38.4' in dimension 2 automatically.
INFO: [XFORM 203-102] Partitioning array 'CONV_SPATIAL_WEIGHT.38.5' in dimension 2 automatically.
INFO: [XFORM 203-102] Partitioning array 'CONV_SPATIAL_WEIGHT.38.6' in dimension 2 automatically.
INFO: [XFORM 203-102] Partitioning array 'CONV_SPATIAL_WEIGHT.38.7' in dimension 2 automatically.
INFO: [XFORM 203-102] Partitioning array 'CONV_SPATIAL_WEIGHT.38.8' in dimension 2 automatically.
INFO: [XFORM 203-102] Partitioning array 'CONV_SPATIAL_WEIGHT.38.9' in dimension 2 automatically.
INFO: [XFORM 203-102] Partitioning array 'CONV_SPATIAL_WEIGHT.38.10' in dimension 2 automatically.
INFO: [XFORM 203-102] Partitioning array 'CONV_SPATIAL_WEIGHT.38.11' in dimension 2 automatically.
INFO: [XFORM 203-102] Partitioning array 'CONV_SPATIAL_WEIGHT.38.12' in dimension 2 automatically.
INFO: [XFORM 203-102] Partitioning array 'CONV_SPATIAL_WEIGHT.38.13' in dimension 2 automatically.
INFO: [XFORM 203-102] Partitioning array 'CONV_SPATIAL_WEIGHT.38.14' in dimension 2 automatically.
INFO: [XFORM 203-102] Partitioning array 'CONV_SPATIAL_WEIGHT.39' in dimension 2 automatically.
INFO: [XFORM 203-102] Partitioning array 'CONV_SPATIAL_WEIGHT.39.0' in dimension 2 automatically.
INFO: [XFORM 203-102] Partitioning array 'CONV_SPATIAL_WEIGHT.39.1' in dimension 2 automatically.
INFO: [XFORM 203-102] Partitioning array 'CONV_SPATIAL_WEIGHT.39.2' in dimension 2 automatically.
INFO: [XFORM 203-102] Partitioning array 'CONV_SPATIAL_WEIGHT.39.3' in dimension 2 automatically.
INFO: [XFORM 203-102] Partitioning array 'CONV_SPATIAL_WEIGHT.39.4' in dimension 2 automatically.
INFO: [XFORM 203-102] Partitioning array 'CONV_SPATIAL_WEIGHT.39.5' in dimension 2 automatically.
INFO: [XFORM 203-102] Partitioning array 'CONV_SPATIAL_WEIGHT.39.6' in dimension 2 automatically.
INFO: [XFORM 203-102] Partitioning array 'CONV_SPATIAL_WEIGHT.39.7' in dimension 2 automatically.
INFO: [XFORM 203-102] Partitioning array 'CONV_SPATIAL_WEIGHT.39.8' in dimension 2 automatically.
INFO: [XFORM 203-102] Partitioning array 'CONV_SPATIAL_WEIGHT.39.9' in dimension 2 automatically.
INFO: [XFORM 203-102] Partitioning array 'CONV_SPATIAL_WEIGHT.39.10' in dimension 2 automatically.
INFO: [XFORM 203-102] Partitioning array 'CONV_SPATIAL_WEIGHT.39.11' in dimension 2 automatically.
INFO: [XFORM 203-102] Partitioning array 'CONV_SPATIAL_WEIGHT.39.12' in dimension 2 automatically.
INFO: [XFORM 203-102] Partitioning array 'CONV_SPATIAL_WEIGHT.39.13' in dimension 2 automatically.
INFO: [XFORM 203-102] Partitioning array 'CONV_SPATIAL_WEIGHT.39.14' in dimension 2 automatically.
INFO: [XFORM 203-401] Performing if-conversion on hyperblock from (/data/home/songqiangxu/project/CNN/src/conv2d.h:132:9) to (/data/home/songqiangxu/project/CNN/src/conv2d.h:130:17) in function 'ConvSpatial<ap_uint<8>, ap_uint<8> >::do_conv_spatial'... converting 6 basic blocks.
INFO: [XFORM 203-11] Balancing expressions in function 'ConvSpatial<ap_uint<8>, ap_uint<8> >::do_conv_spatial' (/data/home/songqiangxu/project/CNN/src/conv2d.h:104:18)...1414 expression(s) balanced.
INFO: [HLS 200-111] Finished Loop, function and other optimizations: CPU user time: 210.69 seconds. CPU system time: 0.29 seconds. Elapsed time: 211 seconds; current allocated memory: 738.801 MB.
WARNING: [HLS 200-960] Cannot flatten loop 'Loop-1.1' (/data/home/songqiangxu/project/CNN/src/conv2d.h:116:17) in function 'ConvSpatial<ap_uint<8>, ap_uint<8> >::do_conv_spatial' the outer loop is not a perfect loop.
Resolution: For help on HLS 200-960 see www.xilinx.com/cgi-bin/docs/rdoc?v=2022.1;t=hls+guidance;d=200-960.html
INFO: [XFORM 203-541] Flattening a loop nest 'Loop-1' (/data/home/songqiangxu/project/CNN/src/conv2d.h:114:13) in function 'ConvSpatial<ap_uint<8>, ap_uint<8> >::do_conv_spatial'.
WARNING: [HLS 200-960] Cannot flatten loop 'Loop-2' (/data/home/songqiangxu/project/CNN/src/conv2d.h:127:13) in function 'ConvSpatial<ap_uint<8>, ap_uint<8> >::do_conv_spatial' the outer loop is not a perfect loop because there is nontrivial logic in the loop latch.
Resolution: For help on HLS 200-960 see www.xilinx.com/cgi-bin/docs/rdoc?v=2022.1;t=hls+guidance;d=200-960.html
INFO: [HLS 200-472] Inferring partial write operation for 'buf.V' (/data/home/songqiangxu/project/CNN/src/conv2d.h:122:18)
INFO: [HLS 200-111] Finished Architecture Synthesis: CPU user time: 34.19 seconds. CPU system time: 0.08 seconds. Elapsed time: 34.28 seconds; current allocated memory: 863.996 MB.
INFO: [HLS 200-10] Starting hardware synthesis ...
INFO: [HLS 200-10] Synthesizing 'top' ...
INFO: [HLS 200-10] ----------------------------------------------------------------
INFO: [HLS 200-42] -- Implementing module 'do_conv_spatial_Pipeline_1' 
INFO: [HLS 200-10] ----------------------------------------------------------------
INFO: [SCHED 204-11] Starting scheduling ...
INFO: [SCHED 204-61] Pipelining loop 'Loop 1'.
INFO: [HLS 200-1470] Pipelining result : Target II = 1, Final II = 1, Depth = 8, loop 'Loop 1'
WARNING: [HLS 200-871] Estimated clock period (2.18863ns) exceeds the target (target clock period: 2.5ns, clock uncertainty: 0.675ns, effective delay budget: 1.825ns).
Resolution: For help on HLS 200-871 see www.xilinx.com/cgi-bin/docs/rdoc?v=2022.1;t=hls+guidance;d=200-871.html
WARNING: [HLS 200-1016] The critical path in module 'do_conv_spatial_Pipeline_1' consists of the following:	'alloca' operation ('t') [604]  (0 ns)
	'load' operation ('t', /data/home/songqiangxu/project/CNN/src/conv2d.h:119) on local variable 't' [1211]  (0 ns)
	'add' operation ('add_ln119', /data/home/songqiangxu/project/CNN/src/conv2d.h:119) [1214]  (1.36 ns)
	'store' operation ('t_1_write_ln119', /data/home/songqiangxu/project/CNN/src/conv2d.h:119) of variable 'add_ln119', /data/home/songqiangxu/project/CNN/src/conv2d.h:119 on local variable 't' [3785]  (0.833 ns)

Resolution: For help on HLS 200-1016 see www.xilinx.com/cgi-bin/docs/rdoc?v=2022.1;t=hls+guidance;d=200-1016.html
INFO: [SCHED 204-11] Finished scheduling.
INFO: [HLS 200-111] Finished Scheduling: CPU user time: 6.1 seconds. CPU system time: 0.08 seconds. Elapsed time: 6.18 seconds; current allocated memory: 873.941 MB.
INFO: [BIND 205-100] Starting micro-architecture generation ...
INFO: [BIND 205-101] Performing variable lifetime analysis.
INFO: [BIND 205-101] Exploring resource sharing.
INFO: [BIND 205-101] Binding ...
INFO: [BIND 205-100] Finished micro-architecture generation.
INFO: [HLS 200-111] Finished Binding: CPU user time: 0.72 seconds. CPU system time: 0.01 seconds. Elapsed time: 0.75 seconds; current allocated memory: 873.941 MB.
INFO: [HLS 200-10] ----------------------------------------------------------------
INFO: [HLS 200-42] -- Implementing module 'do_conv_spatial_Pipeline_2' 
INFO: [HLS 200-10] ----------------------------------------------------------------
INFO: [SCHED 204-11] Starting scheduling ...
INFO: [HLS 200-486] Changing DSP latency (root=mul_ln140_547) to 3 in order to utilize available DSP registers.
INFO: [HLS 200-486] Changing DSP latency (root=mul_ln140_546) to 3 in order to utilize available DSP registers.
INFO: [HLS 200-486] Changing DSP latency (root=mul_ln140_543) to 3 in order to utilize available DSP registers.
INFO: [HLS 200-486] Changing DSP latency (root=mul_ln140_540) to 3 in order to utilize available DSP registers.
INFO: [HLS 200-486] Changing DSP latency (root=mul_ln140_542) to 3 in order to utilize available DSP registers.
INFO: [HLS 200-486] Changing DSP latency (root=mul_ln140_538) to 3 in order to utilize available DSP registers.
INFO: [HLS 200-486] Changing DSP latency (root=mul_ln140_535) to 3 in order to utilize available DSP registers.
INFO: [HLS 200-486] Changing DSP latency (root=mul_ln140_537) to 3 in order to utilize available DSP registers.
INFO: [HLS 200-486] Changing DSP latency (root=mul_ln140_534) to 3 in order to utilize available DSP registers.
INFO: [HLS 200-486] Changing DSP latency (root=mul_ln140_532) to 3 in order to utilize available DSP registers.
INFO: [HLS 200-486] Changing DSP latency (root=mul_ln140_531) to 3 in order to utilize available DSP registers.
INFO: [HLS 200-486] Changing DSP latency (root=mul_ln140_527) to 3 in order to utilize available DSP registers.
INFO: [HLS 200-486] Changing DSP latency (root=mul_ln140_529) to 3 in order to utilize available DSP registers.
INFO: [HLS 200-486] Changing DSP latency (root=mul_ln140_526) to 3 in order to utilize available DSP registers.
INFO: [HLS 200-486] Changing DSP latency (root=mul_ln140_523) to 3 in order to utilize available DSP registers.
INFO: [HLS 200-486] Changing DSP latency (root=mul_ln140_525) to 3 in order to utilize available DSP registers.
INFO: [HLS 200-486] Changing DSP latency (root=mul_ln140_522) to 3 in order to utilize available DSP registers.
INFO: [HLS 200-486] Changing DSP latency (root=mul_ln140_518) to 3 in order to utilize available DSP registers.
INFO: [HLS 200-486] Changing DSP latency (root=mul_ln140_520) to 3 in order to utilize available DSP registers.
INFO: [HLS 200-486] Changing DSP latency (root=mul_ln140_517) to 3 in order to utilize available DSP registers.
INFO: [HLS 200-486] Changing DSP latency (root=mul_ln140_516) to 3 in order to utilize available DSP registers.
INFO: [HLS 200-486] Changing DSP latency (root=mul_ln140_514) to 3 in order to utilize available DSP registers.
INFO: [HLS 200-486] Changing DSP latency (root=mul_ln140_510) to 3 in order to utilize available DSP registers.
INFO: [HLS 200-486] Changing DSP latency (root=mul_ln140_512) to 3 in order to utilize available DSP registers.
INFO: [HLS 200-486] Changing DSP latency (root=mul_ln140_509) to 3 in order to utilize available DSP registers.
INFO: [HLS 200-486] Changing DSP latency (root=mul_ln140_505) to 3 in order to utilize available DSP registers.
INFO: [HLS 200-486] Changing DSP latency (root=mul_ln140_507) to 3 in order to utilize available DSP registers.
INFO: [HLS 200-486] Changing DSP latency (root=mul_ln140_504) to 3 in order to utilize available DSP registers.
INFO: [HLS 200-486] Changing DSP latency (root=mul_ln140_500) to 3 in order to utilize available DSP registers.
INFO: [HLS 200-486] Changing DSP latency (root=mul_ln140_502) to 3 in order to utilize available DSP registers.
INFO: [HLS 200-486] Changing DSP latency (root=mul_ln140_499) to 3 in order to utilize available DSP registers.
INFO: [HLS 200-486] Changing DSP latency (root=mul_ln140_497) to 3 in order to utilize available DSP registers.
INFO: [HLS 200-486] Changing DSP latency (root=mul_ln140_495) to 3 in order to utilize available DSP registers.
INFO: [HLS 200-486] Changing DSP latency (root=mul_ln140_491) to 3 in order to utilize available DSP registers.
INFO: [HLS 200-486] Changing DSP latency (root=mul_ln140_493) to 3 in order to utilize available DSP registers.
INFO: [HLS 200-486] Changing DSP latency (root=mul_ln140_490) to 3 in order to utilize available DSP registers.
INFO: [HLS 200-486] Changing DSP latency (root=mul_ln140_486) to 3 in order to utilize available DSP registers.
INFO: [HLS 200-486] Changing DSP latency (root=mul_ln140_488) to 3 in order to utilize available DSP registers.
INFO: [HLS 200-486] Changing DSP latency (root=mul_ln140_485) to 3 in order to utilize available DSP registers.
INFO: [HLS 200-486] Changing DSP latency (root=mul_ln140_481) to 3 in order to utilize available DSP registers.
INFO: [HLS 200-486] Changing DSP latency (root=mul_ln140_483) to 3 in order to utilize available DSP registers.
INFO: [HLS 200-486] Changing DSP latency (root=mul_ln140_480) to 3 in order to utilize available DSP registers.
INFO: [HLS 200-486] Changing DSP latency (root=mul_ln587_48) to 3 in order to utilize available DSP registers.
INFO: [HLS 200-486] Changing DSP latency (root=mul_ln140_477) to 3 in order to utilize available DSP registers.
INFO: [HLS 200-486] Changing DSP latency (root=mul_ln140_473) to 3 in order to utilize available DSP registers.
INFO: [HLS 200-486] Changing DSP latency (root=mul_ln140_475) to 3 in order to utilize available DSP registers.
INFO: [HLS 200-486] Changing DSP latency (root=mul_ln140_472) to 3 in order to utilize available DSP registers.
INFO: [HLS 200-486] Changing DSP latency (root=mul_ln140_469) to 3 in order to utilize available DSP registers.
INFO: [HLS 200-486] Changing DSP latency (root=mul_ln140_470) to 3 in order to utilize available DSP registers.
INFO: [HLS 200-486] Changing DSP latency (root=mul_ln140_468) to 3 in order to utilize available DSP registers.
INFO: [HLS 200-486] Changing DSP latency (root=mul_ln140_465) to 3 in order to utilize available DSP registers.
INFO: [HLS 200-486] Changing DSP latency (root=mul_ln140_467) to 3 in order to utilize available DSP registers.
INFO: [HLS 200-486] Changing DSP latency (root=mul_ln140_464) to 3 in order to utilize available DSP registers.
INFO: [HLS 200-486] Changing DSP latency (root=mul_ln140_462) to 3 in order to utilize available DSP registers.
INFO: [HLS 200-486] Changing DSP latency (root=mul_ln140_460) to 3 in order to utilize available DSP registers.
INFO: [HLS 200-486] Changing DSP latency (root=mul_ln140_457) to 3 in order to utilize available DSP registers.
INFO: [HLS 200-486] Changing DSP latency (root=mul_ln140_458) to 3 in order to utilize available DSP registers.
INFO: [HLS 200-486] Changing DSP latency (root=mul_ln140_456) to 3 in order to utilize available DSP registers.
INFO: [HLS 200-486] Changing DSP latency (root=mul_ln140_452) to 3 in order to utilize available DSP registers.
INFO: [HLS 200-486] Changing DSP latency (root=mul_ln140_454) to 3 in order to utilize available DSP registers.
INFO: [HLS 200-486] Changing DSP latency (root=mul_ln140_451) to 3 in order to utilize available DSP registers.
INFO: [HLS 200-486] Changing DSP latency (root=mul_ln140_447) to 3 in order to utilize available DSP registers.
INFO: [HLS 200-486] Changing DSP latency (root=mul_ln140_449) to 3 in order to utilize available DSP registers.
INFO: [HLS 200-486] Changing DSP latency (root=mul_ln140_446) to 3 in order to utilize available DSP registers.
INFO: [HLS 200-486] Changing DSP latency (root=mul_ln140_444) to 3 in order to utilize available DSP registers.
INFO: [HLS 200-486] Changing DSP latency (root=mul_ln140_442) to 3 in order to utilize available DSP registers.
INFO: [HLS 200-486] Changing DSP latency (root=mul_ln140_438) to 3 in order to utilize available DSP registers.
INFO: [HLS 200-486] Changing DSP latency (root=mul_ln140_440) to 3 in order to utilize available DSP registers.
INFO: [HLS 200-486] Changing DSP latency (root=mul_ln140_437) to 3 in order to utilize available DSP registers.
INFO: [HLS 200-486] Changing DSP latency (root=mul_ln140_433) to 3 in order to utilize available DSP registers.
INFO: [HLS 200-486] Changing DSP latency (root=mul_ln140_435) to 3 in order to utilize available DSP registers.
INFO: [HLS 200-486] Changing DSP latency (root=mul_ln140_432) to 3 in order to utilize available DSP registers.
INFO: [HLS 200-486] Changing DSP latency (root=mul_ln140_428) to 3 in order to utilize available DSP registers.
INFO: [HLS 200-486] Changing DSP latency (root=mul_ln140_430) to 3 in order to utilize available DSP registers.
INFO: [HLS 200-486] Changing DSP latency (root=mul_ln140_427) to 3 in order to utilize available DSP registers.
INFO: [HLS 200-486] Changing DSP latency (root=mul_ln140_425) to 3 in order to utilize available DSP registers.
INFO: [HLS 200-486] Changing DSP latency (root=mul_ln140_423) to 3 in order to utilize available DSP registers.
INFO: [HLS 200-486] Changing DSP latency (root=mul_ln140_419) to 3 in order to utilize available DSP registers.
INFO: [HLS 200-486] Changing DSP latency (root=mul_ln140_421) to 3 in order to utilize available DSP registers.
INFO: [HLS 200-486] Changing DSP latency (root=mul_ln140_418) to 3 in order to utilize available DSP registers.
INFO: [HLS 200-486] Changing DSP latency (root=mul_ln587_44) to 3 in order to utilize available DSP registers.
INFO: [HLS 200-486] Changing DSP latency (root=mul_ln140_415) to 3 in order to utilize available DSP registers.
INFO: [HLS 200-486] Changing DSP latency (root=mul_ln140_412) to 3 in order to utilize available DSP registers.
INFO: [HLS 200-486] Changing DSP latency (root=mul_ln140_411) to 3 in order to utilize available DSP registers.
INFO: [HLS 200-486] Changing DSP latency (root=mul_ln140_408) to 3 in order to utilize available DSP registers.
INFO: [HLS 200-486] Changing DSP latency (root=mul_ln140_407) to 3 in order to utilize available DSP registers.
INFO: [HLS 200-486] Changing DSP latency (root=mul_ln140_404) to 3 in order to utilize available DSP registers.
INFO: [HLS 200-486] Changing DSP latency (root=mul_ln140_403) to 3 in order to utilize available DSP registers.
INFO: [HLS 200-486] Changing DSP latency (root=mul_ln140_399) to 3 in order to utilize available DSP registers.
INFO: [HLS 200-486] Changing DSP latency (root=mul_ln140_401) to 3 in order to utilize available DSP registers.
INFO: [HLS 200-486] Changing DSP latency (root=mul_ln140_398) to 3 in order to utilize available DSP registers.
INFO: [HLS 200-486] Changing DSP latency (root=mul_ln140_395) to 3 in order to utilize available DSP registers.
INFO: [HLS 200-486] Changing DSP latency (root=mul_ln140_397) to 3 in order to utilize available DSP registers.
INFO: [HLS 200-486] Changing DSP latency (root=mul_ln140_394) to 3 in order to utilize available DSP registers.
INFO: [HLS 200-486] Changing DSP latency (root=mul_ln140_392) to 3 in order to utilize available DSP registers.
INFO: [HLS 200-486] Changing DSP latency (root=mul_ln140_390) to 3 in order to utilize available DSP registers.
INFO: [HLS 200-486] Changing DSP latency (root=mul_ln140_387) to 3 in order to utilize available DSP registers.
INFO: [HLS 200-486] Changing DSP latency (root=mul_ln140_388) to 3 in order to utilize available DSP registers.
INFO: [HLS 200-486] Changing DSP latency (root=mul_ln140_386) to 3 in order to utilize available DSP registers.
INFO: [HLS 200-486] Changing DSP latency (root=mul_ln140_382) to 3 in order to utilize available DSP registers.
INFO: [HLS 200-486] Changing DSP latency (root=mul_ln140_384) to 3 in order to utilize available DSP registers.
INFO: [HLS 200-486] Changing DSP latency (root=mul_ln140_381) to 3 in order to utilize available DSP registers.
INFO: [HLS 200-486] Changing DSP latency (root=mul_ln140_377) to 3 in order to utilize available DSP registers.
INFO: [HLS 200-486] Changing DSP latency (root=mul_ln140_379) to 3 in order to utilize available DSP registers.
INFO: [HLS 200-486] Changing DSP latency (root=mul_ln140_376) to 3 in order to utilize available DSP registers.
INFO: [HLS 200-486] Changing DSP latency (root=mul_ln140_375) to 3 in order to utilize available DSP registers.
INFO: [HLS 200-486] Changing DSP latency (root=mul_ln140_373) to 3 in order to utilize available DSP registers.
INFO: [HLS 200-486] Changing DSP latency (root=mul_ln140_369) to 3 in order to utilize available DSP registers.
INFO: [HLS 200-486] Changing DSP latency (root=mul_ln140_371) to 3 in order to utilize available DSP registers.
INFO: [HLS 200-486] Changing DSP latency (root=mul_ln140_368) to 3 in order to utilize available DSP registers.
INFO: [HLS 200-486] Changing DSP latency (root=mul_ln140_364) to 3 in order to utilize available DSP registers.
INFO: [HLS 200-486] Changing DSP latency (root=mul_ln140_366) to 3 in order to utilize available DSP registers.
INFO: [HLS 200-486] Changing DSP latency (root=mul_ln140_363) to 3 in order to utilize available DSP registers.
INFO: [HLS 200-486] Changing DSP latency (root=mul_ln140_359) to 3 in order to utilize available DSP registers.
INFO: [HLS 200-486] Changing DSP latency (root=mul_ln140_361) to 3 in order to utilize available DSP registers.
INFO: [HLS 200-486] Changing DSP latency (root=mul_ln140_358) to 3 in order to utilize available DSP registers.
INFO: [HLS 200-486] Changing DSP latency (root=mul_ln140_356) to 3 in order to utilize available DSP registers.
INFO: [HLS 200-486] Changing DSP latency (root=mul_ln140_354) to 3 in order to utilize available DSP registers.
INFO: [HLS 200-486] Changing DSP latency (root=mul_ln140_350) to 3 in order to utilize available DSP registers.
INFO: [HLS 200-486] Changing DSP latency (root=mul_ln140_352) to 3 in order to utilize available DSP registers.
INFO: [HLS 200-486] Changing DSP latency (root=mul_ln140_349) to 3 in order to utilize available DSP registers.
INFO: [HLS 200-486] Changing DSP latency (root=mul_ln140_346) to 3 in order to utilize available DSP registers.
INFO: [HLS 200-486] Changing DSP latency (root=mul_ln587_38) to 3 in order to utilize available DSP registers.
INFO: [HLS 200-486] Changing DSP latency (root=mul_ln140_342) to 3 in order to utilize available DSP registers.
INFO: [HLS 200-486] Changing DSP latency (root=mul_ln140_344) to 3 in order to utilize available DSP registers.
INFO: [HLS 200-486] Changing DSP latency (root=mul_ln140_341) to 3 in order to utilize available DSP registers.
INFO: [HLS 200-486] Changing DSP latency (root=mul_ln140_340) to 3 in order to utilize available DSP registers.
INFO: [HLS 200-486] Changing DSP latency (root=mul_ln140_338) to 3 in order to utilize available DSP registers.
INFO: [HLS 200-486] Changing DSP latency (root=mul_ln140_334) to 3 in order to utilize available DSP registers.
INFO: [HLS 200-486] Changing DSP latency (root=mul_ln140_336) to 3 in order to utilize available DSP registers.
INFO: [HLS 200-486] Changing DSP latency (root=mul_ln140_333) to 3 in order to utilize available DSP registers.
INFO: [HLS 200-486] Changing DSP latency (root=mul_ln140_329) to 3 in order to utilize available DSP registers.
INFO: [HLS 200-486] Changing DSP latency (root=mul_ln140_331) to 3 in order to utilize available DSP registers.
INFO: [HLS 200-486] Changing DSP latency (root=mul_ln140_328) to 3 in order to utilize available DSP registers.
INFO: [HLS 200-486] Changing DSP latency (root=mul_ln140_324) to 3 in order to utilize available DSP registers.
INFO: [HLS 200-486] Changing DSP latency (root=mul_ln140_326) to 3 in order to utilize available DSP registers.
INFO: [HLS 200-486] Changing DSP latency (root=mul_ln140_323) to 3 in order to utilize available DSP registers.
INFO: [HLS 200-486] Changing DSP latency (root=mul_ln140_322) to 3 in order to utilize available DSP registers.
INFO: [HLS 200-486] Changing DSP latency (root=mul_ln140_320) to 3 in order to utilize available DSP registers.
INFO: [HLS 200-486] Changing DSP latency (root=mul_ln140_316) to 3 in order to utilize available DSP registers.
INFO: [HLS 200-486] Changing DSP latency (root=mul_ln140_318) to 3 in order to utilize available DSP registers.
INFO: [HLS 200-486] Changing DSP latency (root=mul_ln140_315) to 3 in order to utilize available DSP registers.
INFO: [HLS 200-486] Changing DSP latency (root=mul_ln140_312) to 3 in order to utilize available DSP registers.
INFO: [HLS 200-486] Changing DSP latency (root=mul_ln587_35) to 3 in order to utilize available DSP registers.
INFO: [HLS 200-486] Changing DSP latency (root=mul_ln140_311) to 3 in order to utilize available DSP registers.
INFO: [HLS 200-486] Changing DSP latency (root=mul_ln140_307) to 3 in order to utilize available DSP registers.
INFO: [HLS 200-486] Changing DSP latency (root=mul_ln140_309) to 3 in order to utilize available DSP registers.
INFO: [HLS 200-486] Changing DSP latency (root=mul_ln587_34) to 3 in order to utilize available DSP registers.
INFO: [HLS 200-486] Changing DSP latency (root=mul_ln140_305) to 3 in order to utilize available DSP registers.
INFO: [HLS 200-486] Changing DSP latency (root=mul_ln140_303) to 3 in order to utilize available DSP registers.
INFO: [HLS 200-486] Changing DSP latency (root=mul_ln140_299) to 3 in order to utilize available DSP registers.
INFO: [HLS 200-486] Changing DSP latency (root=mul_ln140_300) to 3 in order to utilize available DSP registers.
INFO: [HLS 200-486] Changing DSP latency (root=mul_ln140_297) to 3 in order to utilize available DSP registers.
INFO: [HLS 200-486] Changing DSP latency (root=mul_ln140_294) to 3 in order to utilize available DSP registers.
INFO: [HLS 200-486] Changing DSP latency (root=mul_ln140_296) to 3 in order to utilize available DSP registers.
INFO: [HLS 200-486] Changing DSP latency (root=mul_ln140_293) to 3 in order to utilize available DSP registers.
INFO: [HLS 200-486] Changing DSP latency (root=mul_ln140_289) to 3 in order to utilize available DSP registers.
INFO: [HLS 200-486] Changing DSP latency (root=mul_ln140_291) to 3 in order to utilize available DSP registers.
INFO: [HLS 200-486] Changing DSP latency (root=mul_ln140_288) to 3 in order to utilize available DSP registers.
INFO: [HLS 200-486] Changing DSP latency (root=mul_ln140_286) to 3 in order to utilize available DSP registers.
INFO: [HLS 200-486] Changing DSP latency (root=mul_ln140_284) to 3 in order to utilize available DSP registers.
INFO: [HLS 200-486] Changing DSP latency (root=mul_ln140_280) to 3 in order to utilize available DSP registers.
INFO: [HLS 200-486] Changing DSP latency (root=mul_ln140_282) to 3 in order to utilize available DSP registers.
INFO: [HLS 200-486] Changing DSP latency (root=mul_ln140_279) to 3 in order to utilize available DSP registers.
INFO: [HLS 200-486] Changing DSP latency (root=mul_ln140_277) to 3 in order to utilize available DSP registers.
INFO: [HLS 200-486] Changing DSP latency (root=mul_ln140_275) to 3 in order to utilize available DSP registers.
INFO: [HLS 200-486] Changing DSP latency (root=mul_ln140_271) to 3 in order to utilize available DSP registers.
INFO: [HLS 200-486] Changing DSP latency (root=mul_ln140_273) to 3 in order to utilize available DSP registers.
INFO: [HLS 200-486] Changing DSP latency (root=mul_ln140_269) to 3 in order to utilize available DSP registers.
INFO: [HLS 200-486] Changing DSP latency (root=mul_ln140_268) to 3 in order to utilize available DSP registers.
INFO: [HLS 200-486] Changing DSP latency (root=mul_ln140_266) to 3 in order to utilize available DSP registers.
INFO: [HLS 200-486] Changing DSP latency (root=mul_ln140_262) to 3 in order to utilize available DSP registers.
INFO: [HLS 200-486] Changing DSP latency (root=mul_ln140_263) to 3 in order to utilize available DSP registers.
INFO: [HLS 200-486] Changing DSP latency (root=mul_ln140_261) to 3 in order to utilize available DSP registers.
INFO: [HLS 200-486] Changing DSP latency (root=mul_ln140_258) to 3 in order to utilize available DSP registers.
INFO: [HLS 200-486] Changing DSP latency (root=mul_ln140_259) to 3 in order to utilize available DSP registers.
INFO: [HLS 200-486] Changing DSP latency (root=mul_ln140_257) to 3 in order to utilize available DSP registers.
INFO: [HLS 200-486] Changing DSP latency (root=mul_ln140_253) to 3 in order to utilize available DSP registers.
INFO: [HLS 200-486] Changing DSP latency (root=mul_ln140_255) to 3 in order to utilize available DSP registers.
INFO: [HLS 200-486] Changing DSP latency (root=mul_ln140_252) to 3 in order to utilize available DSP registers.
INFO: [HLS 200-486] Changing DSP latency (root=mul_ln140_250) to 3 in order to utilize available DSP registers.
INFO: [HLS 200-486] Changing DSP latency (root=mul_ln140_248) to 3 in order to utilize available DSP registers.
INFO: [HLS 200-486] Changing DSP latency (root=mul_ln140_244) to 3 in order to utilize available DSP registers.
INFO: [HLS 200-486] Changing DSP latency (root=mul_ln140_246) to 3 in order to utilize available DSP registers.
INFO: [HLS 200-486] Changing DSP latency (root=mul_ln140_243) to 3 in order to utilize available DSP registers.
INFO: [HLS 200-486] Changing DSP latency (root=mul_ln140_240) to 3 in order to utilize available DSP registers.
INFO: [HLS 200-486] Changing DSP latency (root=mul_ln140_242) to 3 in order to utilize available DSP registers.
INFO: [HLS 200-486] Changing DSP latency (root=mul_ln140_239) to 3 in order to utilize available DSP registers.
INFO: [HLS 200-486] Changing DSP latency (root=mul_ln140_235) to 3 in order to utilize available DSP registers.
INFO: [HLS 200-486] Changing DSP latency (root=mul_ln140_237) to 3 in order to utilize available DSP registers.
INFO: [HLS 200-486] Changing DSP latency (root=mul_ln140_233) to 3 in order to utilize available DSP registers.
INFO: [HLS 200-486] Changing DSP latency (root=mul_ln140_232) to 3 in order to utilize available DSP registers.
INFO: [HLS 200-486] Changing DSP latency (root=mul_ln140_230) to 3 in order to utilize available DSP registers.
INFO: [HLS 200-486] Changing DSP latency (root=mul_ln140_226) to 3 in order to utilize available DSP registers.
INFO: [HLS 200-486] Changing DSP latency (root=mul_ln140_228) to 3 in order to utilize available DSP registers.
INFO: [HLS 200-486] Changing DSP latency (root=mul_ln140_225) to 3 in order to utilize available DSP registers.
INFO: [HLS 200-486] Changing DSP latency (root=mul_ln140_221) to 3 in order to utilize available DSP registers.
INFO: [HLS 200-486] Changing DSP latency (root=mul_ln140_223) to 3 in order to utilize available DSP registers.
INFO: [HLS 200-486] Changing DSP latency (root=mul_ln140_220) to 3 in order to utilize available DSP registers.
INFO: [HLS 200-486] Changing DSP latency (root=mul_ln140_217) to 3 in order to utilize available DSP registers.
INFO: [HLS 200-486] Changing DSP latency (root=mul_ln140_218) to 3 in order to utilize available DSP registers.
INFO: [HLS 200-486] Changing DSP latency (root=mul_ln140_216) to 3 in order to utilize available DSP registers.
INFO: [HLS 200-486] Changing DSP latency (root=mul_ln140_214) to 3 in order to utilize available DSP registers.
INFO: [HLS 200-486] Changing DSP latency (root=mul_ln140_211) to 3 in order to utilize available DSP registers.
INFO: [HLS 200-486] Changing DSP latency (root=mul_ln140_208) to 3 in order to utilize available DSP registers.
INFO: [HLS 200-486] Changing DSP latency (root=mul_ln140_210) to 3 in order to utilize available DSP registers.
INFO: [HLS 200-486] Changing DSP latency (root=mul_ln140_207) to 3 in order to utilize available DSP registers.
INFO: [HLS 200-486] Changing DSP latency (root=mul_ln140_205) to 3 in order to utilize available DSP registers.
INFO: [HLS 200-486] Changing DSP latency (root=mul_ln140_203) to 3 in order to utilize available DSP registers.
INFO: [HLS 200-486] Changing DSP latency (root=mul_ln140_199) to 3 in order to utilize available DSP registers.
INFO: [HLS 200-486] Changing DSP latency (root=mul_ln140_201) to 3 in order to utilize available DSP registers.
INFO: [HLS 200-486] Changing DSP latency (root=mul_ln140_198) to 3 in order to utilize available DSP registers.
INFO: [HLS 200-486] Changing DSP latency (root=mul_ln140_195) to 3 in order to utilize available DSP registers.
INFO: [HLS 200-486] Changing DSP latency (root=mul_ln140_194) to 3 in order to utilize available DSP registers.
INFO: [HLS 200-486] Changing DSP latency (root=mul_ln140_190) to 3 in order to utilize available DSP registers.
INFO: [HLS 200-486] Changing DSP latency (root=mul_ln140_192) to 3 in order to utilize available DSP registers.
INFO: [HLS 200-486] Changing DSP latency (root=mul_ln140_189) to 3 in order to utilize available DSP registers.
INFO: [HLS 200-486] Changing DSP latency (root=mul_ln140_187) to 3 in order to utilize available DSP registers.
INFO: [HLS 200-486] Changing DSP latency (root=mul_ln140_188) to 3 in order to utilize available DSP registers.
INFO: [HLS 200-486] Changing DSP latency (root=mul_ln140_186) to 3 in order to utilize available DSP registers.
INFO: [HLS 200-486] Changing DSP latency (root=mul_ln140_182) to 3 in order to utilize available DSP registers.
INFO: [HLS 200-486] Changing DSP latency (root=mul_ln140_184) to 3 in order to utilize available DSP registers.
INFO: [HLS 200-486] Changing DSP latency (root=mul_ln140_181) to 3 in order to utilize available DSP registers.
INFO: [HLS 200-486] Changing DSP latency (root=mul_ln587_28) to 3 in order to utilize available DSP registers.
INFO: [HLS 200-486] Changing DSP latency (root=mul_ln587_27) to 3 in order to utilize available DSP registers.
INFO: [HLS 200-486] Changing DSP latency (root=mul_ln140_175) to 3 in order to utilize available DSP registers.
INFO: [HLS 200-486] Changing DSP latency (root=mul_ln140_177) to 3 in order to utilize available DSP registers.
INFO: [HLS 200-486] Changing DSP latency (root=mul_ln140_174) to 3 in order to utilize available DSP registers.
INFO: [HLS 200-486] Changing DSP latency (root=mul_ln140_171) to 3 in order to utilize available DSP registers.
INFO: [HLS 200-486] Changing DSP latency (root=mul_ln140_173) to 3 in order to utilize available DSP registers.
INFO: [HLS 200-486] Changing DSP latency (root=mul_ln140_170) to 3 in order to utilize available DSP registers.
INFO: [HLS 200-486] Changing DSP latency (root=mul_ln140_167) to 3 in order to utilize available DSP registers.
INFO: [HLS 200-486] Changing DSP latency (root=mul_ln140_166) to 3 in order to utilize available DSP registers.
INFO: [HLS 200-486] Changing DSP latency (root=mul_ln140_164) to 3 in order to utilize available DSP registers.
INFO: [HLS 200-486] Changing DSP latency (root=mul_ln140_162) to 3 in order to utilize available DSP registers.
INFO: [HLS 200-486] Changing DSP latency (root=mul_ln140_158) to 3 in order to utilize available DSP registers.
INFO: [HLS 200-486] Changing DSP latency (root=mul_ln140_160) to 3 in order to utilize available DSP registers.
INFO: [HLS 200-486] Changing DSP latency (root=mul_ln140_157) to 3 in order to utilize available DSP registers.
INFO: [HLS 200-486] Changing DSP latency (root=mul_ln140_153) to 3 in order to utilize available DSP registers.
INFO: [HLS 200-486] Changing DSP latency (root=mul_ln140_155) to 3 in order to utilize available DSP registers.
INFO: [HLS 200-486] Changing DSP latency (root=mul_ln587_24) to 3 in order to utilize available DSP registers.
INFO: [HLS 200-486] Changing DSP latency (root=mul_ln140_149) to 3 in order to utilize available DSP registers.
INFO: [HLS 200-486] Changing DSP latency (root=mul_ln140_151) to 3 in order to utilize available DSP registers.
INFO: [HLS 200-486] Changing DSP latency (root=mul_ln140_148) to 3 in order to utilize available DSP registers.
INFO: [HLS 200-486] Changing DSP latency (root=mul_ln140_147) to 3 in order to utilize available DSP registers.
INFO: [HLS 200-486] Changing DSP latency (root=mul_ln587_22) to 3 in order to utilize available DSP registers.
INFO: [HLS 200-486] Changing DSP latency (root=mul_ln140_142) to 3 in order to utilize available DSP registers.
INFO: [HLS 200-486] Changing DSP latency (root=mul_ln140_144) to 3 in order to utilize available DSP registers.
INFO: [HLS 200-486] Changing DSP latency (root=mul_ln140_141) to 3 in order to utilize available DSP registers.
INFO: [HLS 200-486] Changing DSP latency (root=mul_ln140_139) to 3 in order to utilize available DSP registers.
INFO: [HLS 200-486] Changing DSP latency (root=mul_ln587_21) to 3 in order to utilize available DSP registers.
INFO: [HLS 200-486] Changing DSP latency (root=mul_ln140_134) to 3 in order to utilize available DSP registers.
INFO: [HLS 200-486] Changing DSP latency (root=mul_ln140_136) to 3 in order to utilize available DSP registers.
INFO: [HLS 200-486] Changing DSP latency (root=mul_ln140_133) to 3 in order to utilize available DSP registers.
INFO: [HLS 200-486] Changing DSP latency (root=mul_ln140_131) to 3 in order to utilize available DSP registers.
INFO: [HLS 200-486] Changing DSP latency (root=mul_ln587_19) to 3 in order to utilize available DSP registers.
INFO: [HLS 200-486] Changing DSP latency (root=mul_ln140_128) to 3 in order to utilize available DSP registers.
INFO: [HLS 200-486] Changing DSP latency (root=mul_ln140_130) to 3 in order to utilize available DSP registers.
INFO: [HLS 200-486] Changing DSP latency (root=mul_ln140_127) to 3 in order to utilize available DSP registers.
INFO: [HLS 200-486] Changing DSP latency (root=mul_ln140_123) to 3 in order to utilize available DSP registers.
INFO: [HLS 200-486] Changing DSP latency (root=mul_ln140_125) to 3 in order to utilize available DSP registers.
INFO: [HLS 200-486] Changing DSP latency (root=mul_ln140_122) to 3 in order to utilize available DSP registers.
INFO: [HLS 200-486] Changing DSP latency (root=mul_ln140_119) to 3 in order to utilize available DSP registers.
INFO: [HLS 200-486] Changing DSP latency (root=mul_ln140_121) to 3 in order to utilize available DSP registers.
INFO: [HLS 200-486] Changing DSP latency (root=mul_ln140_118) to 3 in order to utilize available DSP registers.
INFO: [HLS 200-486] Changing DSP latency (root=mul_ln140_117) to 3 in order to utilize available DSP registers.
INFO: [HLS 200-486] Changing DSP latency (root=mul_ln140_115) to 3 in order to utilize available DSP registers.
INFO: [HLS 200-486] Changing DSP latency (root=mul_ln140_111) to 3 in order to utilize available DSP registers.
INFO: [HLS 200-486] Changing DSP latency (root=mul_ln140_113) to 3 in order to utilize available DSP registers.
INFO: [HLS 200-486] Changing DSP latency (root=mul_ln140_110) to 3 in order to utilize available DSP registers.
INFO: [HLS 200-486] Changing DSP latency (root=mul_ln140_107) to 3 in order to utilize available DSP registers.
INFO: [HLS 200-486] Changing DSP latency (root=mul_ln587_15) to 3 in order to utilize available DSP registers.
INFO: [HLS 200-486] Changing DSP latency (root=mul_ln140_105) to 3 in order to utilize available DSP registers.
INFO: [HLS 200-486] Changing DSP latency (root=mul_ln140_102) to 3 in order to utilize available DSP registers.
INFO: [HLS 200-486] Changing DSP latency (root=mul_ln140_104) to 3 in order to utilize available DSP registers.
INFO: [HLS 200-486] Changing DSP latency (root=mul_ln140_100) to 3 in order to utilize available DSP registers.
INFO: [HLS 200-486] Changing DSP latency (root=mul_ln140_99) to 3 in order to utilize available DSP registers.
INFO: [HLS 200-486] Changing DSP latency (root=mul_ln140_97) to 3 in order to utilize available DSP registers.
INFO: [HLS 200-486] Changing DSP latency (root=mul_ln140_93) to 3 in order to utilize available DSP registers.
INFO: [HLS 200-486] Changing DSP latency (root=mul_ln140_95) to 3 in order to utilize available DSP registers.
INFO: [HLS 200-486] Changing DSP latency (root=mul_ln140_92) to 3 in order to utilize available DSP registers.
INFO: [HLS 200-486] Changing DSP latency (root=mul_ln140_88) to 3 in order to utilize available DSP registers.
INFO: [HLS 200-486] Changing DSP latency (root=mul_ln140_90) to 3 in order to utilize available DSP registers.
INFO: [HLS 200-486] Changing DSP latency (root=mul_ln140_86) to 3 in order to utilize available DSP registers.
INFO: [HLS 200-486] Changing DSP latency (root=mul_ln140_84) to 3 in order to utilize available DSP registers.
INFO: [HLS 200-486] Changing DSP latency (root=mul_ln140_85) to 3 in order to utilize available DSP registers.
INFO: [HLS 200-486] Changing DSP latency (root=mul_ln140_83) to 3 in order to utilize available DSP registers.
INFO: [HLS 200-486] Changing DSP latency (root=mul_ln140_81) to 3 in order to utilize available DSP registers.
INFO: [HLS 200-486] Changing DSP latency (root=mul_ln140_79) to 3 in order to utilize available DSP registers.
INFO: [HLS 200-486] Changing DSP latency (root=mul_ln140_76) to 3 in order to utilize available DSP registers.
INFO: [HLS 200-486] Changing DSP latency (root=mul_ln587_13) to 3 in order to utilize available DSP registers.
INFO: [HLS 200-486] Changing DSP latency (root=mul_ln140_75) to 3 in order to utilize available DSP registers.
INFO: [HLS 200-486] Changing DSP latency (root=mul_ln140_73) to 3 in order to utilize available DSP registers.
INFO: [HLS 200-486] Changing DSP latency (root=mul_ln140_71) to 3 in order to utilize available DSP registers.
INFO: [HLS 200-486] Changing DSP latency (root=mul_ln140_68) to 3 in order to utilize available DSP registers.
INFO: [HLS 200-486] Changing DSP latency (root=mul_ln140_70) to 3 in order to utilize available DSP registers.
INFO: [HLS 200-486] Changing DSP latency (root=mul_ln140_67) to 3 in order to utilize available DSP registers.
INFO: [HLS 200-486] Changing DSP latency (root=mul_ln140_65) to 3 in order to utilize available DSP registers.
INFO: [HLS 200-486] Changing DSP latency (root=mul_ln140_63) to 3 in order to utilize available DSP registers.
INFO: [HLS 200-486] Changing DSP latency (root=mul_ln140_60) to 3 in order to utilize available DSP registers.
INFO: [HLS 200-486] Changing DSP latency (root=mul_ln140_62) to 3 in order to utilize available DSP registers.
INFO: [HLS 200-486] Changing DSP latency (root=mul_ln140_59) to 3 in order to utilize available DSP registers.
INFO: [HLS 200-486] Changing DSP latency (root=mul_ln140_55) to 3 in order to utilize available DSP registers.
INFO: [HLS 200-486] Changing DSP latency (root=mul_ln140_57) to 3 in order to utilize available DSP registers.
INFO: [HLS 200-486] Changing DSP latency (root=mul_ln140_54) to 3 in order to utilize available DSP registers.
INFO: [HLS 200-486] Changing DSP latency (root=mul_ln140_50) to 3 in order to utilize available DSP registers.
INFO: [HLS 200-486] Changing DSP latency (root=mul_ln140_52) to 3 in order to utilize available DSP registers.
INFO: [HLS 200-486] Changing DSP latency (root=mul_ln140_49) to 3 in order to utilize available DSP registers.
INFO: [HLS 200-486] Changing DSP latency (root=mul_ln140_47) to 3 in order to utilize available DSP registers.
INFO: [HLS 200-486] Changing DSP latency (root=mul_ln140_45) to 3 in order to utilize available DSP registers.
INFO: [HLS 200-486] Changing DSP latency (root=mul_ln140_41) to 3 in order to utilize available DSP registers.
INFO: [HLS 200-486] Changing DSP latency (root=mul_ln140_43) to 3 in order to utilize available DSP registers.
INFO: [HLS 200-486] Changing DSP latency (root=mul_ln140_40) to 3 in order to utilize available DSP registers.
INFO: [HLS 200-486] Changing DSP latency (root=mul_ln140_36) to 3 in order to utilize available DSP registers.
INFO: [HLS 200-486] Changing DSP latency (root=mul_ln140_38) to 3 in order to utilize available DSP registers.
INFO: [HLS 200-486] Changing DSP latency (root=mul_ln140_34) to 3 in order to utilize available DSP registers.
INFO: [HLS 200-486] Changing DSP latency (root=mul_ln140_31) to 3 in order to utilize available DSP registers.
INFO: [HLS 200-486] Changing DSP latency (root=mul_ln140_33) to 3 in order to utilize available DSP registers.
INFO: [HLS 200-486] Changing DSP latency (root=mul_ln140_30) to 3 in order to utilize available DSP registers.
INFO: [HLS 200-486] Changing DSP latency (root=mul_ln587_10) to 3 in order to utilize available DSP registers.
INFO: [HLS 200-486] Changing DSP latency (root=mul_ln140_27) to 3 in order to utilize available DSP registers.
INFO: [HLS 200-486] Changing DSP latency (root=mul_ln140_23) to 3 in order to utilize available DSP registers.
INFO: [HLS 200-486] Changing DSP latency (root=mul_ln140_25) to 3 in order to utilize available DSP registers.
INFO: [HLS 200-486] Changing DSP latency (root=mul_ln140_22) to 3 in order to utilize available DSP registers.
INFO: [HLS 200-486] Changing DSP latency (root=mul_ln140_20) to 3 in order to utilize available DSP registers.
INFO: [HLS 200-486] Changing DSP latency (root=mul_ln140_21) to 3 in order to utilize available DSP registers.
INFO: [HLS 200-486] Changing DSP latency (root=mul_ln140_19) to 3 in order to utilize available DSP registers.
INFO: [HLS 200-486] Changing DSP latency (root=mul_ln140_17) to 3 in order to utilize available DSP registers.
INFO: [HLS 200-486] Changing DSP latency (root=mul_ln140_18) to 3 in order to utilize available DSP registers.
INFO: [HLS 200-486] Changing DSP latency (root=mul_ln587_5) to 3 in order to utilize available DSP registers.
INFO: [HLS 200-486] Changing DSP latency (root=mul_ln140_15) to 3 in order to utilize available DSP registers.
INFO: [HLS 200-486] Changing DSP latency (root=mul_ln140_13) to 3 in order to utilize available DSP registers.
INFO: [HLS 200-486] Changing DSP latency (root=mul_ln140_9) to 3 in order to utilize available DSP registers.
INFO: [HLS 200-486] Changing DSP latency (root=mul_ln140_11) to 3 in order to utilize available DSP registers.
INFO: [HLS 200-486] Changing DSP latency (root=mul_ln140_8) to 3 in order to utilize available DSP registers.
INFO: [HLS 200-486] Changing DSP latency (root=mul_ln587_4) to 3 in order to utilize available DSP registers.
INFO: [HLS 200-486] Changing DSP latency (root=mul_ln140_5) to 3 in order to utilize available DSP registers.
INFO: [HLS 200-486] Changing DSP latency (root=mul_ln140_2) to 3 in order to utilize available DSP registers.
INFO: [HLS 200-486] Changing DSP latency (root=mul_ln140_4) to 3 in order to utilize available DSP registers.
INFO: [HLS 200-486] Changing DSP latency (root=mul_ln587_2) to 3 in order to utilize available DSP registers.
INFO: [HLS 200-486] Changing DSP latency (root=mul_ln140) to 3 in order to utilize available DSP registers.
WARNING: [HLS 200-1015] Estimated delay Estimated delay (3.24ns)  of 'sitofp' operation ('conv', /data/home/songqiangxu/project/CNN/src/conv2d.h:143) exceeds the target cycle time (target cycle time: 2.5ns, clock uncertainty: 0.675ns, effective cycle time: 1.83ns).

Resolution: For help on HLS 200-1015 see www.xilinx.com/cgi-bin/docs/rdoc?v=2022.1;t=hls+guidance;d=200-1015.html
INFO: [SCHED 204-61] Pipelining loop 'Loop 1'.
INFO: [HLS 200-1470] Pipelining result : Target II = NA, Final II = 1, Depth = 88, loop 'Loop 1'
WARNING: [HLS 200-871] Estimated clock period (3.239ns) exceeds the target (target clock period: 2.5ns, clock uncertainty: 0.675ns, effective delay budget: 1.825ns).
Resolution: For help on HLS 200-871 see www.xilinx.com/cgi-bin/docs/rdoc?v=2022.1;t=hls+guidance;d=200-871.html
WARNING: [HLS 200-1016] The critical path in module 'do_conv_spatial_Pipeline_2' consists of the following:	'sitofp' operation ('conv', /data/home/songqiangxu/project/CNN/src/conv2d.h:143) [7811]  (3.24 ns)

Resolution: For help on HLS 200-1016 see www.xilinx.com/cgi-bin/docs/rdoc?v=2022.1;t=hls+guidance;d=200-1016.html
INFO: [SCHED 204-11] Finished scheduling.
INFO: [HLS 200-111] Finished Scheduling: CPU user time: 13.94 seconds. CPU system time: 0.14 seconds. Elapsed time: 14.08 seconds; current allocated memory: 909.172 MB.
INFO: [BIND 205-100] Starting micro-architecture generation ...
INFO: [BIND 205-101] Performing variable lifetime analysis.
INFO: [BIND 205-101] Exploring resource sharing.
INFO: [BIND 205-101] Binding ...
INFO: [BIND 205-100] Finished micro-architecture generation.
INFO: [HLS 200-111] Finished Binding: CPU user time: 5.89 seconds. CPU system time: 0.04 seconds. Elapsed time: 5.93 seconds; current allocated memory: 909.172 MB.
INFO: [HLS 200-10] ----------------------------------------------------------------
INFO: [HLS 200-42] -- Implementing module 'do_conv_spatial' 
INFO: [HLS 200-10] ----------------------------------------------------------------
INFO: [SCHED 204-11] Starting scheduling ...
WARNING: [HLS 200-871] Estimated clock period (1.833ns) exceeds the target (target clock period: 2.5ns, clock uncertainty: 0.675ns, effective delay budget: 1.825ns).
Resolution: For help on HLS 200-871 see www.xilinx.com/cgi-bin/docs/rdoc?v=2022.1;t=hls+guidance;d=200-871.html
WARNING: [HLS 200-1016] The critical path in module 'do_conv_spatial' consists of the following:	axis read operation ('i_stream_read', /data/home/songqiangxu/Xilinx/2022.1/Vitis_HLS/2022.1/common/technology/autopilot/hls_stream_39.h:145) on port 'i_stream' (/data/home/songqiangxu/Xilinx/2022.1/Vitis_HLS/2022.1/common/technology/autopilot/hls_stream_39.h:145) [1827]  (0 ns)
	'call' operation ('_ln114', /data/home/songqiangxu/project/CNN/src/conv2d.h:114) to 'do_conv_spatial_Pipeline_1' [1828]  (1.83 ns)

Resolution: For help on HLS 200-1016 see www.xilinx.com/cgi-bin/docs/rdoc?v=2022.1;t=hls+guidance;d=200-1016.html
INFO: [SCHED 204-11] Finished scheduling.
INFO: [HLS 200-111] Finished Scheduling: CPU user time: 5.78 seconds. CPU system time: 0.06 seconds. Elapsed time: 5.85 seconds; current allocated memory: 927.270 MB.
INFO: [BIND 205-100] Starting micro-architecture generation ...
INFO: [BIND 205-101] Performing variable lifetime analysis.
INFO: [BIND 205-101] Exploring resource sharing.
INFO: [BIND 205-101] Binding ...
INFO: [BIND 205-100] Finished micro-architecture generation.
INFO: [HLS 200-111] Finished Binding: CPU user time: 1.82 seconds. CPU system time: 0.02 seconds. Elapsed time: 1.84 seconds; current allocated memory: 928.062 MB.
INFO: [HLS 200-10] ----------------------------------------------------------------
INFO: [HLS 200-42] -- Implementing module 'top' 
INFO: [HLS 200-10] ----------------------------------------------------------------
INFO: [SCHED 204-11] Starting scheduling ...
WARNING: [HLS 200-871] Estimated clock period (1.833ns) exceeds the target (target clock period: 2.5ns, clock uncertainty: 0.675ns, effective delay budget: 1.825ns).
Resolution: For help on HLS 200-871 see www.xilinx.com/cgi-bin/docs/rdoc?v=2022.1;t=hls+guidance;d=200-871.html
WARNING: [HLS 200-1016] The critical path in module 'top' consists of the following:	'call' operation ('_ln19', case/CONV_SPATIAL.cpp:19) to 'do_conv_spatial' [610]  (1.83 ns)

Resolution: For help on HLS 200-1016 see www.xilinx.com/cgi-bin/docs/rdoc?v=2022.1;t=hls+guidance;d=200-1016.html
INFO: [SCHED 204-11] Finished scheduling.
INFO: [HLS 200-111] Finished Scheduling: CPU user time: 3.43 seconds. CPU system time: 0.02 seconds. Elapsed time: 3.46 seconds; current allocated memory: 929.363 MB.
INFO: [BIND 205-100] Starting micro-architecture generation ...
INFO: [BIND 205-101] Performing variable lifetime analysis.
INFO: [BIND 205-101] Exploring resource sharing.
INFO: [BIND 205-101] Binding ...
INFO: [BIND 205-100] Finished micro-architecture generation.
INFO: [HLS 200-111] Finished Binding: CPU user time: 1.29 seconds. CPU system time: 0 seconds. Elapsed time: 1.3 seconds; current allocated memory: 931.184 MB.
INFO: [HLS 200-10] ----------------------------------------------------------------
INFO: [HLS 200-10] -- Generating RTL for module 'do_conv_spatial_Pipeline_1' 
INFO: [HLS 200-10] ----------------------------------------------------------------
INFO: [RTGEN 206-104] Estimated max fanout for 'do_conv_spatial_Pipeline_1' is 10800 from HDL expression: (1'b1 == ap_CS_iter7_fsm_state8)
INFO: [RTGEN 206-100] Generating core module 'lshr_3280ns_12ns_3280_7_1': 1 instance(s).
INFO: [RTGEN 206-100] Finished creating RTL model for 'do_conv_spatial_Pipeline_1'.
INFO: [HLS 200-111] Finished Creating RTL model: CPU user time: 3.7 seconds. CPU system time: 0.03 seconds. Elapsed time: 3.73 seconds; current allocated memory: 942.086 MB.
INFO: [HLS 200-10] ----------------------------------------------------------------
INFO: [HLS 200-10] -- Generating RTL for module 'do_conv_spatial_Pipeline_2' 
INFO: [HLS 200-10] ----------------------------------------------------------------
INFO: [RTGEN 206-104] Estimated max fanout for 'do_conv_spatial_Pipeline_2' is 14886 from HDL expression: ((1'b1 == ap_CS_iter0_fsm_state1) & (ap_start_int == 1'b1))
INFO: [RTGEN 206-100] Generating core module 'fadd_32ns_32ns_32_12_no_dsp_1': 1 instance(s).
INFO: [RTGEN 206-100] Generating core module 'fcmp_32ns_32ns_1_4_no_dsp_1': 4 instance(s).
INFO: [RTGEN 206-100] Generating core module 'fmul_32ns_32ns_32_8_max_dsp_1': 1 instance(s).
INFO: [RTGEN 206-100] Generating core module 'fsub_32ns_32ns_32_12_no_dsp_1': 2 instance(s).
INFO: [RTGEN 206-100] Generating core module 'lshr_79ns_32ns_79_4_1': 1 instance(s).
INFO: [RTGEN 206-100] Generating core module 'mac_muladd_9s_6s_14s_15_4_1': 1 instance(s).
INFO: [RTGEN 206-100] Generating core module 'mac_muladd_9s_6s_15ns_15_4_1': 1 instance(s).
INFO: [RTGEN 206-100] Generating core module 'mac_muladd_9s_6s_15s_15_4_1': 36 instance(s).
INFO: [RTGEN 206-100] Generating core module 'mac_muladd_9s_6s_15s_16_4_1': 5 instance(s).
INFO: [RTGEN 206-100] Generating core module 'mac_muladd_9s_6s_16s_16_4_1': 47 instance(s).
INFO: [RTGEN 206-100] Generating core module 'mac_muladd_9s_6s_17s_17_4_1': 1 instance(s).
INFO: [RTGEN 206-100] Generating core module 'mac_muladd_9s_7s_15s_15_4_1': 13 instance(s).
INFO: [RTGEN 206-100] Generating core module 'mac_muladd_9s_7s_15s_16_4_1': 8 instance(s).
INFO: [RTGEN 206-100] Generating core module 'mac_muladd_9s_7s_16ns_16_4_1': 31 instance(s).
INFO: [RTGEN 206-100] Generating core module 'mac_muladd_9s_7s_16s_16_4_1': 166 instance(s).
INFO: [RTGEN 206-100] Generating core module 'mac_muladd_9s_7s_16s_17_4_1': 22 instance(s).
INFO: [RTGEN 206-100] Generating core module 'mac_muladd_9s_7s_17s_17_4_1': 1 instance(s).
INFO: [RTGEN 206-100] Generating core module 'mac_muladd_9s_8s_16s_16_4_1': 4 instance(s).
INFO: [RTGEN 206-100] Generating core module 'mac_muladd_9s_8s_16s_17_4_1': 3 instance(s).
INFO: [RTGEN 206-100] Generating core module 'mac_muladd_9s_8s_17s_17_4_1': 2 instance(s).
INFO: [RTGEN 206-100] Generating core module 'mul_9s_6s_15_4_1': 29 instance(s).
INFO: [RTGEN 206-100] Generating core module 'mul_9s_7s_14_4_1': 1 instance(s).
INFO: [RTGEN 206-100] Generating core module 'mul_9s_7s_15_4_1': 21 instance(s).
INFO: [RTGEN 206-100] Generating core module 'mul_9s_7s_16_4_1': 192 instance(s).
INFO: [RTGEN 206-100] Generating core module 'mul_9s_8s_15_4_1': 3 instance(s).
INFO: [RTGEN 206-100] Generating core module 'mul_9s_8s_16_4_1': 10 instance(s).
INFO: [RTGEN 206-100] Generating core module 'mul_9s_8s_17_4_1': 3 instance(s).
INFO: [RTGEN 206-100] Generating core module 'shl_3280ns_12ns_3280_2_1': 2 instance(s).
INFO: [RTGEN 206-100] Generating core module 'shl_79ns_32ns_79_4_1': 1 instance(s).
INFO: [RTGEN 206-100] Generating core module 'sitofp_32ns_32_7_no_dsp_1': 2 instance(s).
INFO: [RTGEN 206-100] Generating core module 'sitofp_32s_32_7_no_dsp_1': 1 instance(s).
INFO: [RTGEN 206-100] Finished creating RTL model for 'do_conv_spatial_Pipeline_2'.
INFO: [HLS 200-111] Finished Creating RTL model: CPU user time: 3.68 seconds. CPU system time: 0.12 seconds. Elapsed time: 3.81 seconds; current allocated memory: 1.026 GB.
INFO: [HLS 200-10] ----------------------------------------------------------------
INFO: [HLS 200-10] -- Generating RTL for module 'do_conv_spatial' 
INFO: [HLS 200-10] ----------------------------------------------------------------
INFO: [RTGEN 206-100] Finished creating RTL model for 'do_conv_spatial'.
INFO: [HLS 200-111] Finished Creating RTL model: CPU user time: 53.5 seconds. CPU system time: 0.29 seconds. Elapsed time: 53.8 seconds; current allocated memory: 1.173 GB.
INFO: [HLS 200-10] ----------------------------------------------------------------
INFO: [HLS 200-10] -- Generating RTL for module 'top' 
INFO: [HLS 200-10] ----------------------------------------------------------------
WARNING: [RTGEN 206-101] Design contains AXI ports. Reset is fixed to synchronous and active low.
INFO: [RTGEN 206-500] Setting interface mode on port 'top/i_stream' to 'axis' (register, both mode).
INFO: [RTGEN 206-500] Setting interface mode on port 'top/o_stream' to 'axis' (register, both mode).
INFO: [RTGEN 206-500] Setting interface mode on function 'top' to 'ap_ctrl_chain'.
INFO: [RTGEN 206-100] Finished creating RTL model for 'top'.
INFO: [HLS 200-111] Finished Creating RTL model: CPU user time: 5.59 seconds. CPU system time: 0.13 seconds. Elapsed time: 5.72 seconds; current allocated memory: 1.230 GB.
INFO: [RTMG 210-286] Generating pipelined shifter : 'top_lshr_3280ns_12ns_3280_7_1'
INFO: [RTMG 210-286] Generating pipelined shifter : 'top_lshr_79ns_32ns_79_4_1'
INFO: [RTMG 210-286] Generating pipelined shifter : 'top_shl_79ns_32ns_79_4_1'
INFO: [RTMG 210-286] Generating pipelined shifter : 'top_shl_3280ns_12ns_3280_2_1'
INFO: [RTMG 210-279] Implementing memory 'top_do_conv_spatial_CONV_SPATIAL_BIAS_ROM_AUTO_1R' using auto ROMs.
INFO: [RTMG 210-279] Implementing memory 'top_do_conv_spatial_CONV_SPATIAL_WEIGHT_0_0_0_ROM_AUTO_1R' using auto ROMs.
INFO: [RTMG 210-279] Implementing memory 'top_do_conv_spatial_CONV_SPATIAL_WEIGHT_0_1_0_ROM_AUTO_1R' using auto ROMs.
INFO: [RTMG 210-279] Implementing memory 'top_do_conv_spatial_CONV_SPATIAL_WEIGHT_0_2_0_ROM_AUTO_1R' using auto ROMs.
INFO: [RTMG 210-279] Implementing memory 'top_do_conv_spatial_CONV_SPATIAL_WEIGHT_0_3_0_ROM_AUTO_1R' using auto ROMs.
INFO: [RTMG 210-279] Implementing memory 'top_do_conv_spatial_CONV_SPATIAL_WEIGHT_0_4_0_ROM_AUTO_1R' using auto ROMs.
INFO: [RTMG 210-279] Implementing memory 'top_do_conv_spatial_CONV_SPATIAL_WEIGHT_0_5_0_ROM_AUTO_1R' using auto ROMs.
INFO: [RTMG 210-279] Implementing memory 'top_do_conv_spatial_CONV_SPATIAL_WEIGHT_0_6_0_ROM_AUTO_1R' using auto ROMs.
INFO: [RTMG 210-279] Implementing memory 'top_do_conv_spatial_CONV_SPATIAL_WEIGHT_0_7_0_ROM_AUTO_1R' using auto ROMs.
INFO: [RTMG 210-279] Implementing memory 'top_do_conv_spatial_CONV_SPATIAL_WEIGHT_0_8_0_ROM_AUTO_1R' using auto ROMs.
INFO: [RTMG 210-279] Implementing memory 'top_do_conv_spatial_CONV_SPATIAL_WEIGHT_0_9_0_ROM_AUTO_1R' using auto ROMs.
INFO: [RTMG 210-279] Implementing memory 'top_do_conv_spatial_CONV_SPATIAL_WEIGHT_0_10_0_ROM_AUTO_1R' using auto ROMs.
INFO: [RTMG 210-279] Implementing memory 'top_do_conv_spatial_CONV_SPATIAL_WEIGHT_0_11_0_ROM_AUTO_1R' using auto ROMs.
INFO: [RTMG 210-279] Implementing memory 'top_do_conv_spatial_CONV_SPATIAL_WEIGHT_0_12_0_ROM_AUTO_1R' using auto ROMs.
INFO: [RTMG 210-279] Implementing memory 'top_do_conv_spatial_CONV_SPATIAL_WEIGHT_0_13_0_ROM_AUTO_1R' using auto ROMs.
INFO: [RTMG 210-279] Implementing memory 'top_do_conv_spatial_CONV_SPATIAL_WEIGHT_0_14_0_ROM_AUTO_1R' using auto ROMs.
INFO: [RTMG 210-279] Implementing memory 'top_do_conv_spatial_CONV_SPATIAL_WEIGHT_1_0_0_ROM_AUTO_1R' using auto ROMs.
INFO: [RTMG 210-279] Implementing memory 'top_do_conv_spatial_CONV_SPATIAL_WEIGHT_1_1_0_ROM_AUTO_1R' using auto ROMs.
INFO: [RTMG 210-279] Implementing memory 'top_do_conv_spatial_CONV_SPATIAL_WEIGHT_1_2_0_ROM_AUTO_1R' using auto ROMs.
INFO: [RTMG 210-279] Implementing memory 'top_do_conv_spatial_CONV_SPATIAL_WEIGHT_1_3_0_ROM_AUTO_1R' using auto ROMs.
INFO: [RTMG 210-279] Implementing memory 'top_do_conv_spatial_CONV_SPATIAL_WEIGHT_1_4_0_ROM_AUTO_1R' using auto ROMs.
INFO: [RTMG 210-279] Implementing memory 'top_do_conv_spatial_CONV_SPATIAL_WEIGHT_1_5_0_ROM_AUTO_1R' using auto ROMs.
INFO: [RTMG 210-279] Implementing memory 'top_do_conv_spatial_CONV_SPATIAL_WEIGHT_1_6_0_ROM_AUTO_1R' using auto ROMs.
INFO: [RTMG 210-279] Implementing memory 'top_do_conv_spatial_CONV_SPATIAL_WEIGHT_1_7_0_ROM_AUTO_1R' using auto ROMs.
INFO: [RTMG 210-279] Implementing memory 'top_do_conv_spatial_CONV_SPATIAL_WEIGHT_1_8_0_ROM_AUTO_1R' using auto ROMs.
INFO: [RTMG 210-279] Implementing memory 'top_do_conv_spatial_CONV_SPATIAL_WEIGHT_1_9_0_ROM_AUTO_1R' using auto ROMs.
INFO: [RTMG 210-279] Implementing memory 'top_do_conv_spatial_CONV_SPATIAL_WEIGHT_1_10_0_ROM_AUTO_1R' using auto ROMs.
INFO: [RTMG 210-279] Implementing memory 'top_do_conv_spatial_CONV_SPATIAL_WEIGHT_1_11_0_ROM_AUTO_1R' using auto ROMs.
INFO: [RTMG 210-279] Implementing memory 'top_do_conv_spatial_CONV_SPATIAL_WEIGHT_1_12_0_ROM_AUTO_1R' using auto ROMs.
INFO: [RTMG 210-279] Implementing memory 'top_do_conv_spatial_CONV_SPATIAL_WEIGHT_1_13_0_ROM_AUTO_1R' using auto ROMs.
INFO: [RTMG 210-279] Implementing memory 'top_do_conv_spatial_CONV_SPATIAL_WEIGHT_1_14_0_ROM_AUTO_1R' using auto ROMs.
INFO: [RTMG 210-279] Implementing memory 'top_do_conv_spatial_CONV_SPATIAL_WEIGHT_2_0_0_ROM_AUTO_1R' using auto ROMs.
INFO: [RTMG 210-279] Implementing memory 'top_do_conv_spatial_CONV_SPATIAL_WEIGHT_2_1_0_ROM_AUTO_1R' using auto ROMs.
INFO: [RTMG 210-279] Implementing memory 'top_do_conv_spatial_CONV_SPATIAL_WEIGHT_2_2_0_ROM_AUTO_1R' using auto ROMs.
INFO: [RTMG 210-279] Implementing memory 'top_do_conv_spatial_CONV_SPATIAL_WEIGHT_2_3_0_ROM_AUTO_1R' using auto ROMs.
INFO: [RTMG 210-279] Implementing memory 'top_do_conv_spatial_CONV_SPATIAL_WEIGHT_2_4_0_ROM_AUTO_1R' using auto ROMs.
INFO: [RTMG 210-279] Implementing memory 'top_do_conv_spatial_CONV_SPATIAL_WEIGHT_2_5_0_ROM_AUTO_1R' using auto ROMs.
INFO: [RTMG 210-279] Implementing memory 'top_do_conv_spatial_CONV_SPATIAL_WEIGHT_2_6_0_ROM_AUTO_1R' using auto ROMs.
INFO: [RTMG 210-279] Implementing memory 'top_do_conv_spatial_CONV_SPATIAL_WEIGHT_2_7_0_ROM_AUTO_1R' using auto ROMs.
INFO: [RTMG 210-279] Implementing memory 'top_do_conv_spatial_CONV_SPATIAL_WEIGHT_2_8_0_ROM_AUTO_1R' using auto ROMs.
INFO: [RTMG 210-279] Implementing memory 'top_do_conv_spatial_CONV_SPATIAL_WEIGHT_2_9_0_ROM_AUTO_1R' using auto ROMs.
INFO: [RTMG 210-279] Implementing memory 'top_do_conv_spatial_CONV_SPATIAL_WEIGHT_2_10_0_ROM_AUTO_1R' using auto ROMs.
INFO: [RTMG 210-279] Implementing memory 'top_do_conv_spatial_CONV_SPATIAL_WEIGHT_2_11_0_ROM_AUTO_1R' using auto ROMs.
INFO: [RTMG 210-279] Implementing memory 'top_do_conv_spatial_CONV_SPATIAL_WEIGHT_2_12_0_ROM_AUTO_1R' using auto ROMs.
INFO: [RTMG 210-279] Implementing memory 'top_do_conv_spatial_CONV_SPATIAL_WEIGHT_2_13_0_ROM_AUTO_1R' using auto ROMs.
INFO: [RTMG 210-279] Implementing memory 'top_do_conv_spatial_CONV_SPATIAL_WEIGHT_2_14_0_ROM_AUTO_1R' using auto ROMs.
INFO: [RTMG 210-279] Implementing memory 'top_do_conv_spatial_CONV_SPATIAL_WEIGHT_3_0_0_ROM_AUTO_1R' using auto ROMs.
INFO: [RTMG 210-279] Implementing memory 'top_do_conv_spatial_CONV_SPATIAL_WEIGHT_3_1_0_ROM_AUTO_1R' using auto ROMs.
INFO: [RTMG 210-279] Implementing memory 'top_do_conv_spatial_CONV_SPATIAL_WEIGHT_3_2_0_ROM_AUTO_1R' using auto ROMs.
INFO: [RTMG 210-279] Implementing memory 'top_do_conv_spatial_CONV_SPATIAL_WEIGHT_3_3_0_ROM_AUTO_1R' using auto ROMs.
INFO: [RTMG 210-279] Implementing memory 'top_do_conv_spatial_CONV_SPATIAL_WEIGHT_3_4_0_ROM_AUTO_1R' using auto ROMs.
INFO: [RTMG 210-279] Implementing memory 'top_do_conv_spatial_CONV_SPATIAL_WEIGHT_3_5_0_ROM_AUTO_1R' using auto ROMs.
INFO: [RTMG 210-279] Implementing memory 'top_do_conv_spatial_CONV_SPATIAL_WEIGHT_3_6_0_ROM_AUTO_1R' using auto ROMs.
INFO: [RTMG 210-279] Implementing memory 'top_do_conv_spatial_CONV_SPATIAL_WEIGHT_3_7_0_ROM_AUTO_1R' using auto ROMs.
INFO: [RTMG 210-279] Implementing memory 'top_do_conv_spatial_CONV_SPATIAL_WEIGHT_3_8_0_ROM_AUTO_1R' using auto ROMs.
INFO: [RTMG 210-279] Implementing memory 'top_do_conv_spatial_CONV_SPATIAL_WEIGHT_3_9_0_ROM_AUTO_1R' using auto ROMs.
INFO: [RTMG 210-279] Implementing memory 'top_do_conv_spatial_CONV_SPATIAL_WEIGHT_3_10_0_ROM_AUTO_1R' using auto ROMs.
INFO: [RTMG 210-279] Implementing memory 'top_do_conv_spatial_CONV_SPATIAL_WEIGHT_3_11_0_ROM_AUTO_1R' using auto ROMs.
INFO: [RTMG 210-279] Implementing memory 'top_do_conv_spatial_CONV_SPATIAL_WEIGHT_3_12_0_ROM_AUTO_1R' using auto ROMs.
INFO: [RTMG 210-279] Implementing memory 'top_do_conv_spatial_CONV_SPATIAL_WEIGHT_3_13_0_ROM_AUTO_1R' using auto ROMs.
INFO: [RTMG 210-279] Implementing memory 'top_do_conv_spatial_CONV_SPATIAL_WEIGHT_3_14_0_ROM_AUTO_1R' using auto ROMs.
INFO: [RTMG 210-279] Implementing memory 'top_do_conv_spatial_CONV_SPATIAL_WEIGHT_4_0_0_ROM_AUTO_1R' using auto ROMs.
INFO: [RTMG 210-279] Implementing memory 'top_do_conv_spatial_CONV_SPATIAL_WEIGHT_4_1_0_ROM_AUTO_1R' using auto ROMs.
INFO: [RTMG 210-279] Implementing memory 'top_do_conv_spatial_CONV_SPATIAL_WEIGHT_4_2_0_ROM_AUTO_1R' using auto ROMs.
INFO: [RTMG 210-279] Implementing memory 'top_do_conv_spatial_CONV_SPATIAL_WEIGHT_4_3_0_ROM_AUTO_1R' using auto ROMs.
INFO: [RTMG 210-279] Implementing memory 'top_do_conv_spatial_CONV_SPATIAL_WEIGHT_4_4_0_ROM_AUTO_1R' using auto ROMs.
INFO: [RTMG 210-279] Implementing memory 'top_do_conv_spatial_CONV_SPATIAL_WEIGHT_4_5_0_ROM_AUTO_1R' using auto ROMs.
INFO: [RTMG 210-279] Implementing memory 'top_do_conv_spatial_CONV_SPATIAL_WEIGHT_4_6_0_ROM_AUTO_1R' using auto ROMs.
INFO: [RTMG 210-279] Implementing memory 'top_do_conv_spatial_CONV_SPATIAL_WEIGHT_4_7_0_ROM_AUTO_1R' using auto ROMs.
INFO: [RTMG 210-279] Implementing memory 'top_do_conv_spatial_CONV_SPATIAL_WEIGHT_4_8_0_ROM_AUTO_1R' using auto ROMs.
INFO: [RTMG 210-279] Implementing memory 'top_do_conv_spatial_CONV_SPATIAL_WEIGHT_4_9_0_ROM_AUTO_1R' using auto ROMs.
INFO: [RTMG 210-279] Implementing memory 'top_do_conv_spatial_CONV_SPATIAL_WEIGHT_4_10_0_ROM_AUTO_1R' using auto ROMs.
INFO: [RTMG 210-279] Implementing memory 'top_do_conv_spatial_CONV_SPATIAL_WEIGHT_4_11_0_ROM_AUTO_1R' using auto ROMs.
INFO: [RTMG 210-279] Implementing memory 'top_do_conv_spatial_CONV_SPATIAL_WEIGHT_4_12_0_ROM_AUTO_1R' using auto ROMs.
INFO: [RTMG 210-279] Implementing memory 'top_do_conv_spatial_CONV_SPATIAL_WEIGHT_4_13_0_ROM_AUTO_1R' using auto ROMs.
INFO: [RTMG 210-279] Implementing memory 'top_do_conv_spatial_CONV_SPATIAL_WEIGHT_4_14_0_ROM_AUTO_1R' using auto ROMs.
INFO: [RTMG 210-279] Implementing memory 'top_do_conv_spatial_CONV_SPATIAL_WEIGHT_5_0_0_ROM_AUTO_1R' using auto ROMs.
INFO: [RTMG 210-279] Implementing memory 'top_do_conv_spatial_CONV_SPATIAL_WEIGHT_5_1_0_ROM_AUTO_1R' using auto ROMs.
INFO: [RTMG 210-279] Implementing memory 'top_do_conv_spatial_CONV_SPATIAL_WEIGHT_5_2_0_ROM_AUTO_1R' using auto ROMs.
INFO: [RTMG 210-279] Implementing memory 'top_do_conv_spatial_CONV_SPATIAL_WEIGHT_5_3_0_ROM_AUTO_1R' using auto ROMs.
INFO: [RTMG 210-279] Implementing memory 'top_do_conv_spatial_CONV_SPATIAL_WEIGHT_5_4_0_ROM_AUTO_1R' using auto ROMs.
INFO: [RTMG 210-279] Implementing memory 'top_do_conv_spatial_CONV_SPATIAL_WEIGHT_5_5_0_ROM_AUTO_1R' using auto ROMs.
INFO: [RTMG 210-279] Implementing memory 'top_do_conv_spatial_CONV_SPATIAL_WEIGHT_5_6_0_ROM_AUTO_1R' using auto ROMs.
INFO: [RTMG 210-279] Implementing memory 'top_do_conv_spatial_CONV_SPATIAL_WEIGHT_5_7_0_ROM_AUTO_1R' using auto ROMs.
INFO: [RTMG 210-279] Implementing memory 'top_do_conv_spatial_CONV_SPATIAL_WEIGHT_5_8_0_ROM_AUTO_1R' using auto ROMs.
INFO: [RTMG 210-279] Implementing memory 'top_do_conv_spatial_CONV_SPATIAL_WEIGHT_5_9_0_ROM_AUTO_1R' using auto ROMs.
INFO: [RTMG 210-279] Implementing memory 'top_do_conv_spatial_CONV_SPATIAL_WEIGHT_5_10_0_ROM_AUTO_1R' using auto ROMs.
INFO: [RTMG 210-279] Implementing memory 'top_do_conv_spatial_CONV_SPATIAL_WEIGHT_5_11_0_ROM_AUTO_1R' using auto ROMs.
INFO: [RTMG 210-279] Implementing memory 'top_do_conv_spatial_CONV_SPATIAL_WEIGHT_5_12_0_ROM_AUTO_1R' using auto ROMs.
INFO: [RTMG 210-279] Implementing memory 'top_do_conv_spatial_CONV_SPATIAL_WEIGHT_5_13_0_ROM_AUTO_1R' using auto ROMs.
INFO: [RTMG 210-279] Implementing memory 'top_do_conv_spatial_CONV_SPATIAL_WEIGHT_5_14_0_ROM_AUTO_1R' using auto ROMs.
INFO: [RTMG 210-279] Implementing memory 'top_do_conv_spatial_CONV_SPATIAL_WEIGHT_6_0_0_ROM_AUTO_1R' using auto ROMs.
INFO: [RTMG 210-279] Implementing memory 'top_do_conv_spatial_CONV_SPATIAL_WEIGHT_6_1_0_ROM_AUTO_1R' using auto ROMs.
INFO: [RTMG 210-279] Implementing memory 'top_do_conv_spatial_CONV_SPATIAL_WEIGHT_6_2_0_ROM_AUTO_1R' using auto ROMs.
INFO: [RTMG 210-279] Implementing memory 'top_do_conv_spatial_CONV_SPATIAL_WEIGHT_6_3_0_ROM_AUTO_1R' using auto ROMs.
INFO: [RTMG 210-279] Implementing memory 'top_do_conv_spatial_CONV_SPATIAL_WEIGHT_6_4_0_ROM_AUTO_1R' using auto ROMs.
INFO: [RTMG 210-279] Implementing memory 'top_do_conv_spatial_CONV_SPATIAL_WEIGHT_6_5_0_ROM_AUTO_1R' using auto ROMs.
INFO: [RTMG 210-279] Implementing memory 'top_do_conv_spatial_CONV_SPATIAL_WEIGHT_6_6_0_ROM_AUTO_1R' using auto ROMs.
INFO: [RTMG 210-279] Implementing memory 'top_do_conv_spatial_CONV_SPATIAL_WEIGHT_6_7_0_ROM_AUTO_1R' using auto ROMs.
INFO: [RTMG 210-279] Implementing memory 'top_do_conv_spatial_CONV_SPATIAL_WEIGHT_6_8_0_ROM_AUTO_1R' using auto ROMs.
INFO: [RTMG 210-279] Implementing memory 'top_do_conv_spatial_CONV_SPATIAL_WEIGHT_6_9_0_ROM_AUTO_1R' using auto ROMs.
INFO: [RTMG 210-279] Implementing memory 'top_do_conv_spatial_CONV_SPATIAL_WEIGHT_6_10_0_ROM_AUTO_1R' using auto ROMs.
INFO: [RTMG 210-279] Implementing memory 'top_do_conv_spatial_CONV_SPATIAL_WEIGHT_6_11_0_ROM_AUTO_1R' using auto ROMs.
INFO: [RTMG 210-279] Implementing memory 'top_do_conv_spatial_CONV_SPATIAL_WEIGHT_6_12_0_ROM_AUTO_1R' using auto ROMs.
INFO: [RTMG 210-279] Implementing memory 'top_do_conv_spatial_CONV_SPATIAL_WEIGHT_6_13_0_ROM_AUTO_1R' using auto ROMs.
INFO: [RTMG 210-279] Implementing memory 'top_do_conv_spatial_CONV_SPATIAL_WEIGHT_6_14_0_ROM_AUTO_1R' using auto ROMs.
INFO: [RTMG 210-279] Implementing memory 'top_do_conv_spatial_CONV_SPATIAL_WEIGHT_7_0_0_ROM_AUTO_1R' using auto ROMs.
INFO: [RTMG 210-279] Implementing memory 'top_do_conv_spatial_CONV_SPATIAL_WEIGHT_7_1_0_ROM_AUTO_1R' using auto ROMs.
INFO: [RTMG 210-279] Implementing memory 'top_do_conv_spatial_CONV_SPATIAL_WEIGHT_7_2_0_ROM_AUTO_1R' using auto ROMs.
INFO: [RTMG 210-279] Implementing memory 'top_do_conv_spatial_CONV_SPATIAL_WEIGHT_7_3_0_ROM_AUTO_1R' using auto ROMs.
INFO: [RTMG 210-279] Implementing memory 'top_do_conv_spatial_CONV_SPATIAL_WEIGHT_7_4_0_ROM_AUTO_1R' using auto ROMs.
INFO: [RTMG 210-279] Implementing memory 'top_do_conv_spatial_CONV_SPATIAL_WEIGHT_7_5_0_ROM_AUTO_1R' using auto ROMs.
INFO: [RTMG 210-279] Implementing memory 'top_do_conv_spatial_CONV_SPATIAL_WEIGHT_7_6_0_ROM_AUTO_1R' using auto ROMs.
INFO: [RTMG 210-279] Implementing memory 'top_do_conv_spatial_CONV_SPATIAL_WEIGHT_7_7_0_ROM_AUTO_1R' using auto ROMs.
INFO: [RTMG 210-279] Implementing memory 'top_do_conv_spatial_CONV_SPATIAL_WEIGHT_7_8_0_ROM_AUTO_1R' using auto ROMs.
INFO: [RTMG 210-279] Implementing memory 'top_do_conv_spatial_CONV_SPATIAL_WEIGHT_7_9_0_ROM_AUTO_1R' using auto ROMs.
INFO: [RTMG 210-279] Implementing memory 'top_do_conv_spatial_CONV_SPATIAL_WEIGHT_7_10_0_ROM_AUTO_1R' using auto ROMs.
INFO: [RTMG 210-279] Implementing memory 'top_do_conv_spatial_CONV_SPATIAL_WEIGHT_7_11_0_ROM_AUTO_1R' using auto ROMs.
INFO: [RTMG 210-279] Implementing memory 'top_do_conv_spatial_CONV_SPATIAL_WEIGHT_7_12_0_ROM_AUTO_1R' using auto ROMs.
INFO: [RTMG 210-279] Implementing memory 'top_do_conv_spatial_CONV_SPATIAL_WEIGHT_7_13_0_ROM_AUTO_1R' using auto ROMs.
INFO: [RTMG 210-279] Implementing memory 'top_do_conv_spatial_CONV_SPATIAL_WEIGHT_7_14_0_ROM_AUTO_1R' using auto ROMs.
INFO: [RTMG 210-279] Implementing memory 'top_do_conv_spatial_CONV_SPATIAL_WEIGHT_8_0_0_ROM_AUTO_1R' using auto ROMs.
INFO: [RTMG 210-279] Implementing memory 'top_do_conv_spatial_CONV_SPATIAL_WEIGHT_8_1_0_ROM_AUTO_1R' using auto ROMs.
INFO: [RTMG 210-279] Implementing memory 'top_do_conv_spatial_CONV_SPATIAL_WEIGHT_8_2_0_ROM_AUTO_1R' using auto ROMs.
INFO: [RTMG 210-279] Implementing memory 'top_do_conv_spatial_CONV_SPATIAL_WEIGHT_8_3_0_ROM_AUTO_1R' using auto ROMs.
INFO: [RTMG 210-279] Implementing memory 'top_do_conv_spatial_CONV_SPATIAL_WEIGHT_8_4_0_ROM_AUTO_1R' using auto ROMs.
INFO: [RTMG 210-279] Implementing memory 'top_do_conv_spatial_CONV_SPATIAL_WEIGHT_8_5_0_ROM_AUTO_1R' using auto ROMs.
INFO: [RTMG 210-279] Implementing memory 'top_do_conv_spatial_CONV_SPATIAL_WEIGHT_8_6_0_ROM_AUTO_1R' using auto ROMs.
INFO: [RTMG 210-279] Implementing memory 'top_do_conv_spatial_CONV_SPATIAL_WEIGHT_8_7_0_ROM_AUTO_1R' using auto ROMs.
INFO: [RTMG 210-279] Implementing memory 'top_do_conv_spatial_CONV_SPATIAL_WEIGHT_8_8_0_ROM_AUTO_1R' using auto ROMs.
INFO: [RTMG 210-279] Implementing memory 'top_do_conv_spatial_CONV_SPATIAL_WEIGHT_8_9_0_ROM_AUTO_1R' using auto ROMs.
INFO: [RTMG 210-279] Implementing memory 'top_do_conv_spatial_CONV_SPATIAL_WEIGHT_8_10_0_ROM_AUTO_1R' using auto ROMs.
INFO: [RTMG 210-279] Implementing memory 'top_do_conv_spatial_CONV_SPATIAL_WEIGHT_8_11_0_ROM_AUTO_1R' using auto ROMs.
INFO: [RTMG 210-279] Implementing memory 'top_do_conv_spatial_CONV_SPATIAL_WEIGHT_8_12_0_ROM_AUTO_1R' using auto ROMs.
INFO: [RTMG 210-279] Implementing memory 'top_do_conv_spatial_CONV_SPATIAL_WEIGHT_8_13_0_ROM_AUTO_1R' using auto ROMs.
INFO: [RTMG 210-279] Implementing memory 'top_do_conv_spatial_CONV_SPATIAL_WEIGHT_8_14_0_ROM_AUTO_1R' using auto ROMs.
INFO: [RTMG 210-279] Implementing memory 'top_do_conv_spatial_CONV_SPATIAL_WEIGHT_9_0_0_ROM_AUTO_1R' using auto ROMs.
INFO: [RTMG 210-279] Implementing memory 'top_do_conv_spatial_CONV_SPATIAL_WEIGHT_9_1_0_ROM_AUTO_1R' using auto ROMs.
INFO: [RTMG 210-279] Implementing memory 'top_do_conv_spatial_CONV_SPATIAL_WEIGHT_9_2_0_ROM_AUTO_1R' using auto ROMs.
INFO: [RTMG 210-279] Implementing memory 'top_do_conv_spatial_CONV_SPATIAL_WEIGHT_9_3_0_ROM_AUTO_1R' using auto ROMs.
INFO: [RTMG 210-279] Implementing memory 'top_do_conv_spatial_CONV_SPATIAL_WEIGHT_9_4_0_ROM_AUTO_1R' using auto ROMs.
INFO: [RTMG 210-279] Implementing memory 'top_do_conv_spatial_CONV_SPATIAL_WEIGHT_9_5_0_ROM_AUTO_1R' using auto ROMs.
INFO: [RTMG 210-279] Implementing memory 'top_do_conv_spatial_CONV_SPATIAL_WEIGHT_9_6_0_ROM_AUTO_1R' using auto ROMs.
INFO: [RTMG 210-279] Implementing memory 'top_do_conv_spatial_CONV_SPATIAL_WEIGHT_9_7_0_ROM_AUTO_1R' using auto ROMs.
INFO: [RTMG 210-279] Implementing memory 'top_do_conv_spatial_CONV_SPATIAL_WEIGHT_9_8_0_ROM_AUTO_1R' using auto ROMs.
INFO: [RTMG 210-279] Implementing memory 'top_do_conv_spatial_CONV_SPATIAL_WEIGHT_9_9_0_ROM_AUTO_1R' using auto ROMs.
INFO: [RTMG 210-279] Implementing memory 'top_do_conv_spatial_CONV_SPATIAL_WEIGHT_9_10_0_ROM_AUTO_1R' using auto ROMs.
INFO: [RTMG 210-279] Implementing memory 'top_do_conv_spatial_CONV_SPATIAL_WEIGHT_9_11_0_ROM_AUTO_1R' using auto ROMs.
INFO: [RTMG 210-279] Implementing memory 'top_do_conv_spatial_CONV_SPATIAL_WEIGHT_9_12_0_ROM_AUTO_1R' using auto ROMs.
INFO: [RTMG 210-279] Implementing memory 'top_do_conv_spatial_CONV_SPATIAL_WEIGHT_9_13_0_ROM_AUTO_1R' using auto ROMs.
INFO: [RTMG 210-279] Implementing memory 'top_do_conv_spatial_CONV_SPATIAL_WEIGHT_9_14_0_ROM_AUTO_1R' using auto ROMs.
INFO: [RTMG 210-279] Implementing memory 'top_do_conv_spatial_CONV_SPATIAL_WEIGHT_10_0_0_ROM_AUTO_1R' using auto ROMs.
INFO: [RTMG 210-279] Implementing memory 'top_do_conv_spatial_CONV_SPATIAL_WEIGHT_10_1_0_ROM_AUTO_1R' using auto ROMs.
INFO: [RTMG 210-279] Implementing memory 'top_do_conv_spatial_CONV_SPATIAL_WEIGHT_10_2_0_ROM_AUTO_1R' using auto ROMs.
INFO: [RTMG 210-279] Implementing memory 'top_do_conv_spatial_CONV_SPATIAL_WEIGHT_10_3_0_ROM_AUTO_1R' using auto ROMs.
INFO: [RTMG 210-279] Implementing memory 'top_do_conv_spatial_CONV_SPATIAL_WEIGHT_10_4_0_ROM_AUTO_1R' using auto ROMs.
INFO: [RTMG 210-279] Implementing memory 'top_do_conv_spatial_CONV_SPATIAL_WEIGHT_10_5_0_ROM_AUTO_1R' using auto ROMs.
INFO: [RTMG 210-279] Implementing memory 'top_do_conv_spatial_CONV_SPATIAL_WEIGHT_10_6_0_ROM_AUTO_1R' using auto ROMs.
INFO: [RTMG 210-279] Implementing memory 'top_do_conv_spatial_CONV_SPATIAL_WEIGHT_10_7_0_ROM_AUTO_1R' using auto ROMs.
INFO: [RTMG 210-279] Implementing memory 'top_do_conv_spatial_CONV_SPATIAL_WEIGHT_10_8_0_ROM_AUTO_1R' using auto ROMs.
INFO: [RTMG 210-279] Implementing memory 'top_do_conv_spatial_CONV_SPATIAL_WEIGHT_10_9_0_ROM_AUTO_1R' using auto ROMs.
INFO: [RTMG 210-279] Implementing memory 'top_do_conv_spatial_CONV_SPATIAL_WEIGHT_10_10_0_ROM_AUTO_1R' using auto ROMs.
INFO: [RTMG 210-279] Implementing memory 'top_do_conv_spatial_CONV_SPATIAL_WEIGHT_10_11_0_ROM_AUTO_1R' using auto ROMs.
INFO: [RTMG 210-279] Implementing memory 'top_do_conv_spatial_CONV_SPATIAL_WEIGHT_10_12_0_ROM_AUTO_1R' using auto ROMs.
INFO: [RTMG 210-279] Implementing memory 'top_do_conv_spatial_CONV_SPATIAL_WEIGHT_10_13_0_ROM_AUTO_1R' using auto ROMs.
INFO: [RTMG 210-279] Implementing memory 'top_do_conv_spatial_CONV_SPATIAL_WEIGHT_10_14_0_ROM_AUTO_1R' using auto ROMs.
INFO: [RTMG 210-279] Implementing memory 'top_do_conv_spatial_CONV_SPATIAL_WEIGHT_11_0_0_ROM_AUTO_1R' using auto ROMs.
INFO: [RTMG 210-279] Implementing memory 'top_do_conv_spatial_CONV_SPATIAL_WEIGHT_11_1_0_ROM_AUTO_1R' using auto ROMs.
INFO: [RTMG 210-279] Implementing memory 'top_do_conv_spatial_CONV_SPATIAL_WEIGHT_11_2_0_ROM_AUTO_1R' using auto ROMs.
INFO: [RTMG 210-279] Implementing memory 'top_do_conv_spatial_CONV_SPATIAL_WEIGHT_11_3_0_ROM_AUTO_1R' using auto ROMs.
INFO: [RTMG 210-279] Implementing memory 'top_do_conv_spatial_CONV_SPATIAL_WEIGHT_11_4_0_ROM_AUTO_1R' using auto ROMs.
INFO: [RTMG 210-279] Implementing memory 'top_do_conv_spatial_CONV_SPATIAL_WEIGHT_11_5_0_ROM_AUTO_1R' using auto ROMs.
INFO: [RTMG 210-279] Implementing memory 'top_do_conv_spatial_CONV_SPATIAL_WEIGHT_11_6_0_ROM_AUTO_1R' using auto ROMs.
INFO: [RTMG 210-279] Implementing memory 'top_do_conv_spatial_CONV_SPATIAL_WEIGHT_11_7_0_ROM_AUTO_1R' using auto ROMs.
INFO: [RTMG 210-279] Implementing memory 'top_do_conv_spatial_CONV_SPATIAL_WEIGHT_11_8_0_ROM_AUTO_1R' using auto ROMs.
INFO: [RTMG 210-279] Implementing memory 'top_do_conv_spatial_CONV_SPATIAL_WEIGHT_11_9_0_ROM_AUTO_1R' using auto ROMs.
INFO: [RTMG 210-279] Implementing memory 'top_do_conv_spatial_CONV_SPATIAL_WEIGHT_11_10_0_ROM_AUTO_1R' using auto ROMs.
INFO: [RTMG 210-279] Implementing memory 'top_do_conv_spatial_CONV_SPATIAL_WEIGHT_11_11_0_ROM_AUTO_1R' using auto ROMs.
INFO: [RTMG 210-279] Implementing memory 'top_do_conv_spatial_CONV_SPATIAL_WEIGHT_11_12_0_ROM_AUTO_1R' using auto ROMs.
INFO: [RTMG 210-279] Implementing memory 'top_do_conv_spatial_CONV_SPATIAL_WEIGHT_11_13_0_ROM_AUTO_1R' using auto ROMs.
INFO: [RTMG 210-279] Implementing memory 'top_do_conv_spatial_CONV_SPATIAL_WEIGHT_11_14_0_ROM_AUTO_1R' using auto ROMs.
INFO: [RTMG 210-279] Implementing memory 'top_do_conv_spatial_CONV_SPATIAL_WEIGHT_12_0_0_ROM_AUTO_1R' using auto ROMs.
INFO: [RTMG 210-279] Implementing memory 'top_do_conv_spatial_CONV_SPATIAL_WEIGHT_12_1_0_ROM_AUTO_1R' using auto ROMs.
INFO: [RTMG 210-279] Implementing memory 'top_do_conv_spatial_CONV_SPATIAL_WEIGHT_12_2_0_ROM_AUTO_1R' using auto ROMs.
INFO: [RTMG 210-279] Implementing memory 'top_do_conv_spatial_CONV_SPATIAL_WEIGHT_12_3_0_ROM_AUTO_1R' using auto ROMs.
INFO: [RTMG 210-279] Implementing memory 'top_do_conv_spatial_CONV_SPATIAL_WEIGHT_12_4_0_ROM_AUTO_1R' using auto ROMs.
INFO: [RTMG 210-279] Implementing memory 'top_do_conv_spatial_CONV_SPATIAL_WEIGHT_12_5_0_ROM_AUTO_1R' using auto ROMs.
INFO: [RTMG 210-279] Implementing memory 'top_do_conv_spatial_CONV_SPATIAL_WEIGHT_12_6_0_ROM_AUTO_1R' using auto ROMs.
INFO: [RTMG 210-279] Implementing memory 'top_do_conv_spatial_CONV_SPATIAL_WEIGHT_12_7_0_ROM_AUTO_1R' using auto ROMs.
INFO: [RTMG 210-279] Implementing memory 'top_do_conv_spatial_CONV_SPATIAL_WEIGHT_12_8_0_ROM_AUTO_1R' using auto ROMs.
INFO: [RTMG 210-279] Implementing memory 'top_do_conv_spatial_CONV_SPATIAL_WEIGHT_12_9_0_ROM_AUTO_1R' using auto ROMs.
INFO: [RTMG 210-279] Implementing memory 'top_do_conv_spatial_CONV_SPATIAL_WEIGHT_12_10_0_ROM_AUTO_1R' using auto ROMs.
INFO: [RTMG 210-279] Implementing memory 'top_do_conv_spatial_CONV_SPATIAL_WEIGHT_12_11_0_ROM_AUTO_1R' using auto ROMs.
INFO: [RTMG 210-279] Implementing memory 'top_do_conv_spatial_CONV_SPATIAL_WEIGHT_12_12_0_ROM_AUTO_1R' using auto ROMs.
INFO: [RTMG 210-279] Implementing memory 'top_do_conv_spatial_CONV_SPATIAL_WEIGHT_12_13_0_ROM_AUTO_1R' using auto ROMs.
INFO: [RTMG 210-279] Implementing memory 'top_do_conv_spatial_CONV_SPATIAL_WEIGHT_12_14_0_ROM_AUTO_1R' using auto ROMs.
INFO: [RTMG 210-279] Implementing memory 'top_do_conv_spatial_CONV_SPATIAL_WEIGHT_13_0_0_ROM_AUTO_1R' using auto ROMs.
INFO: [RTMG 210-279] Implementing memory 'top_do_conv_spatial_CONV_SPATIAL_WEIGHT_13_1_0_ROM_AUTO_1R' using auto ROMs.
INFO: [RTMG 210-279] Implementing memory 'top_do_conv_spatial_CONV_SPATIAL_WEIGHT_13_2_0_ROM_AUTO_1R' using auto ROMs.
INFO: [RTMG 210-279] Implementing memory 'top_do_conv_spatial_CONV_SPATIAL_WEIGHT_13_3_0_ROM_AUTO_1R' using auto ROMs.
INFO: [RTMG 210-279] Implementing memory 'top_do_conv_spatial_CONV_SPATIAL_WEIGHT_13_4_0_ROM_AUTO_1R' using auto ROMs.
INFO: [RTMG 210-279] Implementing memory 'top_do_conv_spatial_CONV_SPATIAL_WEIGHT_13_5_0_ROM_AUTO_1R' using auto ROMs.
INFO: [RTMG 210-279] Implementing memory 'top_do_conv_spatial_CONV_SPATIAL_WEIGHT_13_6_0_ROM_AUTO_1R' using auto ROMs.
INFO: [RTMG 210-279] Implementing memory 'top_do_conv_spatial_CONV_SPATIAL_WEIGHT_13_7_0_ROM_AUTO_1R' using auto ROMs.
INFO: [RTMG 210-279] Implementing memory 'top_do_conv_spatial_CONV_SPATIAL_WEIGHT_13_8_0_ROM_AUTO_1R' using auto ROMs.
INFO: [RTMG 210-279] Implementing memory 'top_do_conv_spatial_CONV_SPATIAL_WEIGHT_13_9_0_ROM_AUTO_1R' using auto ROMs.
INFO: [RTMG 210-279] Implementing memory 'top_do_conv_spatial_CONV_SPATIAL_WEIGHT_13_10_0_ROM_AUTO_1R' using auto ROMs.
INFO: [RTMG 210-279] Implementing memory 'top_do_conv_spatial_CONV_SPATIAL_WEIGHT_13_11_0_ROM_AUTO_1R' using auto ROMs.
INFO: [RTMG 210-279] Implementing memory 'top_do_conv_spatial_CONV_SPATIAL_WEIGHT_13_12_0_ROM_AUTO_1R' using auto ROMs.
INFO: [RTMG 210-279] Implementing memory 'top_do_conv_spatial_CONV_SPATIAL_WEIGHT_13_13_0_ROM_AUTO_1R' using auto ROMs.
INFO: [RTMG 210-279] Implementing memory 'top_do_conv_spatial_CONV_SPATIAL_WEIGHT_13_14_0_ROM_AUTO_1R' using auto ROMs.
INFO: [RTMG 210-279] Implementing memory 'top_do_conv_spatial_CONV_SPATIAL_WEIGHT_14_0_0_ROM_AUTO_1R' using auto ROMs.
INFO: [RTMG 210-279] Implementing memory 'top_do_conv_spatial_CONV_SPATIAL_WEIGHT_14_1_0_ROM_AUTO_1R' using auto ROMs.
INFO: [RTMG 210-279] Implementing memory 'top_do_conv_spatial_CONV_SPATIAL_WEIGHT_14_2_0_ROM_AUTO_1R' using auto ROMs.
INFO: [RTMG 210-279] Implementing memory 'top_do_conv_spatial_CONV_SPATIAL_WEIGHT_14_3_0_ROM_AUTO_1R' using auto ROMs.
INFO: [RTMG 210-279] Implementing memory 'top_do_conv_spatial_CONV_SPATIAL_WEIGHT_14_4_0_ROM_AUTO_1R' using auto ROMs.
INFO: [RTMG 210-279] Implementing memory 'top_do_conv_spatial_CONV_SPATIAL_WEIGHT_14_5_0_ROM_AUTO_1R' using auto ROMs.
INFO: [RTMG 210-279] Implementing memory 'top_do_conv_spatial_CONV_SPATIAL_WEIGHT_14_6_0_ROM_AUTO_1R' using auto ROMs.
INFO: [RTMG 210-279] Implementing memory 'top_do_conv_spatial_CONV_SPATIAL_WEIGHT_14_7_0_ROM_AUTO_1R' using auto ROMs.
INFO: [RTMG 210-279] Implementing memory 'top_do_conv_spatial_CONV_SPATIAL_WEIGHT_14_8_0_ROM_AUTO_1R' using auto ROMs.
INFO: [RTMG 210-279] Implementing memory 'top_do_conv_spatial_CONV_SPATIAL_WEIGHT_14_9_0_ROM_AUTO_1R' using auto ROMs.
INFO: [RTMG 210-279] Implementing memory 'top_do_conv_spatial_CONV_SPATIAL_WEIGHT_14_10_0_ROM_AUTO_1R' using auto ROMs.
INFO: [RTMG 210-279] Implementing memory 'top_do_conv_spatial_CONV_SPATIAL_WEIGHT_14_11_0_ROM_AUTO_1R' using auto ROMs.
INFO: [RTMG 210-279] Implementing memory 'top_do_conv_spatial_CONV_SPATIAL_WEIGHT_14_12_0_ROM_AUTO_1R' using auto ROMs.
INFO: [RTMG 210-279] Implementing memory 'top_do_conv_spatial_CONV_SPATIAL_WEIGHT_14_13_0_ROM_AUTO_1R' using auto ROMs.
INFO: [RTMG 210-279] Implementing memory 'top_do_conv_spatial_CONV_SPATIAL_WEIGHT_14_14_0_ROM_AUTO_1R' using auto ROMs.
INFO: [RTMG 210-279] Implementing memory 'top_do_conv_spatial_CONV_SPATIAL_WEIGHT_15_0_0_ROM_AUTO_1R' using auto ROMs.
INFO: [RTMG 210-279] Implementing memory 'top_do_conv_spatial_CONV_SPATIAL_WEIGHT_15_1_0_ROM_AUTO_1R' using auto ROMs.
INFO: [RTMG 210-279] Implementing memory 'top_do_conv_spatial_CONV_SPATIAL_WEIGHT_15_2_0_ROM_AUTO_1R' using auto ROMs.
INFO: [RTMG 210-279] Implementing memory 'top_do_conv_spatial_CONV_SPATIAL_WEIGHT_15_3_0_ROM_AUTO_1R' using auto ROMs.
INFO: [RTMG 210-279] Implementing memory 'top_do_conv_spatial_CONV_SPATIAL_WEIGHT_15_4_0_ROM_AUTO_1R' using auto ROMs.
INFO: [RTMG 210-279] Implementing memory 'top_do_conv_spatial_CONV_SPATIAL_WEIGHT_15_5_0_ROM_AUTO_1R' using auto ROMs.
INFO: [RTMG 210-279] Implementing memory 'top_do_conv_spatial_CONV_SPATIAL_WEIGHT_15_6_0_ROM_AUTO_1R' using auto ROMs.
INFO: [RTMG 210-279] Implementing memory 'top_do_conv_spatial_CONV_SPATIAL_WEIGHT_15_7_0_ROM_AUTO_1R' using auto ROMs.
INFO: [RTMG 210-279] Implementing memory 'top_do_conv_spatial_CONV_SPATIAL_WEIGHT_15_8_0_ROM_AUTO_1R' using auto ROMs.
INFO: [RTMG 210-279] Implementing memory 'top_do_conv_spatial_CONV_SPATIAL_WEIGHT_15_9_0_ROM_AUTO_1R' using auto ROMs.
INFO: [RTMG 210-279] Implementing memory 'top_do_conv_spatial_CONV_SPATIAL_WEIGHT_15_10_0_ROM_AUTO_1R' using auto ROMs.
INFO: [RTMG 210-279] Implementing memory 'top_do_conv_spatial_CONV_SPATIAL_WEIGHT_15_11_0_ROM_AUTO_1R' using auto ROMs.
INFO: [RTMG 210-279] Implementing memory 'top_do_conv_spatial_CONV_SPATIAL_WEIGHT_15_12_0_ROM_AUTO_1R' using auto ROMs.
INFO: [RTMG 210-279] Implementing memory 'top_do_conv_spatial_CONV_SPATIAL_WEIGHT_15_13_0_ROM_AUTO_1R' using auto ROMs.
INFO: [RTMG 210-279] Implementing memory 'top_do_conv_spatial_CONV_SPATIAL_WEIGHT_15_14_0_ROM_AUTO_1R' using auto ROMs.
INFO: [RTMG 210-279] Implementing memory 'top_do_conv_spatial_CONV_SPATIAL_WEIGHT_16_0_0_ROM_AUTO_1R' using auto ROMs.
INFO: [RTMG 210-279] Implementing memory 'top_do_conv_spatial_CONV_SPATIAL_WEIGHT_16_1_0_ROM_AUTO_1R' using auto ROMs.
INFO: [RTMG 210-279] Implementing memory 'top_do_conv_spatial_CONV_SPATIAL_WEIGHT_16_2_0_ROM_AUTO_1R' using auto ROMs.
INFO: [RTMG 210-279] Implementing memory 'top_do_conv_spatial_CONV_SPATIAL_WEIGHT_16_3_0_ROM_AUTO_1R' using auto ROMs.
INFO: [RTMG 210-279] Implementing memory 'top_do_conv_spatial_CONV_SPATIAL_WEIGHT_16_4_0_ROM_AUTO_1R' using auto ROMs.
INFO: [RTMG 210-279] Implementing memory 'top_do_conv_spatial_CONV_SPATIAL_WEIGHT_16_5_0_ROM_AUTO_1R' using auto ROMs.
INFO: [RTMG 210-279] Implementing memory 'top_do_conv_spatial_CONV_SPATIAL_WEIGHT_16_6_0_ROM_AUTO_1R' using auto ROMs.
INFO: [RTMG 210-279] Implementing memory 'top_do_conv_spatial_CONV_SPATIAL_WEIGHT_16_7_0_ROM_AUTO_1R' using auto ROMs.
INFO: [RTMG 210-279] Implementing memory 'top_do_conv_spatial_CONV_SPATIAL_WEIGHT_16_8_0_ROM_AUTO_1R' using auto ROMs.
INFO: [RTMG 210-279] Implementing memory 'top_do_conv_spatial_CONV_SPATIAL_WEIGHT_16_9_0_ROM_AUTO_1R' using auto ROMs.
INFO: [RTMG 210-279] Implementing memory 'top_do_conv_spatial_CONV_SPATIAL_WEIGHT_16_10_0_ROM_AUTO_1R' using auto ROMs.
INFO: [RTMG 210-279] Implementing memory 'top_do_conv_spatial_CONV_SPATIAL_WEIGHT_16_11_0_ROM_AUTO_1R' using auto ROMs.
INFO: [RTMG 210-279] Implementing memory 'top_do_conv_spatial_CONV_SPATIAL_WEIGHT_16_12_0_ROM_AUTO_1R' using auto ROMs.
INFO: [RTMG 210-279] Implementing memory 'top_do_conv_spatial_CONV_SPATIAL_WEIGHT_16_13_0_ROM_AUTO_1R' using auto ROMs.
INFO: [RTMG 210-279] Implementing memory 'top_do_conv_spatial_CONV_SPATIAL_WEIGHT_16_14_0_ROM_AUTO_1R' using auto ROMs.
INFO: [RTMG 210-279] Implementing memory 'top_do_conv_spatial_CONV_SPATIAL_WEIGHT_17_0_0_ROM_AUTO_1R' using auto ROMs.
INFO: [RTMG 210-279] Implementing memory 'top_do_conv_spatial_CONV_SPATIAL_WEIGHT_17_1_0_ROM_AUTO_1R' using auto ROMs.
INFO: [RTMG 210-279] Implementing memory 'top_do_conv_spatial_CONV_SPATIAL_WEIGHT_17_2_0_ROM_AUTO_1R' using auto ROMs.
INFO: [RTMG 210-279] Implementing memory 'top_do_conv_spatial_CONV_SPATIAL_WEIGHT_17_3_0_ROM_AUTO_1R' using auto ROMs.
INFO: [RTMG 210-279] Implementing memory 'top_do_conv_spatial_CONV_SPATIAL_WEIGHT_17_4_0_ROM_AUTO_1R' using auto ROMs.
INFO: [RTMG 210-279] Implementing memory 'top_do_conv_spatial_CONV_SPATIAL_WEIGHT_17_5_0_ROM_AUTO_1R' using auto ROMs.
INFO: [RTMG 210-279] Implementing memory 'top_do_conv_spatial_CONV_SPATIAL_WEIGHT_17_6_0_ROM_AUTO_1R' using auto ROMs.
INFO: [RTMG 210-279] Implementing memory 'top_do_conv_spatial_CONV_SPATIAL_WEIGHT_17_7_0_ROM_AUTO_1R' using auto ROMs.
INFO: [RTMG 210-279] Implementing memory 'top_do_conv_spatial_CONV_SPATIAL_WEIGHT_17_8_0_ROM_AUTO_1R' using auto ROMs.
INFO: [RTMG 210-279] Implementing memory 'top_do_conv_spatial_CONV_SPATIAL_WEIGHT_17_9_0_ROM_AUTO_1R' using auto ROMs.
INFO: [RTMG 210-279] Implementing memory 'top_do_conv_spatial_CONV_SPATIAL_WEIGHT_17_10_0_ROM_AUTO_1R' using auto ROMs.
INFO: [RTMG 210-279] Implementing memory 'top_do_conv_spatial_CONV_SPATIAL_WEIGHT_17_11_0_ROM_AUTO_1R' using auto ROMs.
INFO: [RTMG 210-279] Implementing memory 'top_do_conv_spatial_CONV_SPATIAL_WEIGHT_17_12_0_ROM_AUTO_1R' using auto ROMs.
INFO: [RTMG 210-279] Implementing memory 'top_do_conv_spatial_CONV_SPATIAL_WEIGHT_17_13_0_ROM_AUTO_1R' using auto ROMs.
INFO: [RTMG 210-279] Implementing memory 'top_do_conv_spatial_CONV_SPATIAL_WEIGHT_17_14_0_ROM_AUTO_1R' using auto ROMs.
INFO: [RTMG 210-279] Implementing memory 'top_do_conv_spatial_CONV_SPATIAL_WEIGHT_18_0_0_ROM_AUTO_1R' using auto ROMs.
INFO: [RTMG 210-279] Implementing memory 'top_do_conv_spatial_CONV_SPATIAL_WEIGHT_18_1_0_ROM_AUTO_1R' using auto ROMs.
INFO: [RTMG 210-279] Implementing memory 'top_do_conv_spatial_CONV_SPATIAL_WEIGHT_18_2_0_ROM_AUTO_1R' using auto ROMs.
INFO: [RTMG 210-279] Implementing memory 'top_do_conv_spatial_CONV_SPATIAL_WEIGHT_18_3_0_ROM_AUTO_1R' using auto ROMs.
INFO: [RTMG 210-279] Implementing memory 'top_do_conv_spatial_CONV_SPATIAL_WEIGHT_18_4_0_ROM_AUTO_1R' using auto ROMs.
INFO: [RTMG 210-279] Implementing memory 'top_do_conv_spatial_CONV_SPATIAL_WEIGHT_18_5_0_ROM_AUTO_1R' using auto ROMs.
INFO: [RTMG 210-279] Implementing memory 'top_do_conv_spatial_CONV_SPATIAL_WEIGHT_18_6_0_ROM_AUTO_1R' using auto ROMs.
INFO: [RTMG 210-279] Implementing memory 'top_do_conv_spatial_CONV_SPATIAL_WEIGHT_18_7_0_ROM_AUTO_1R' using auto ROMs.
INFO: [RTMG 210-279] Implementing memory 'top_do_conv_spatial_CONV_SPATIAL_WEIGHT_18_8_0_ROM_AUTO_1R' using auto ROMs.
INFO: [RTMG 210-279] Implementing memory 'top_do_conv_spatial_CONV_SPATIAL_WEIGHT_18_9_0_ROM_AUTO_1R' using auto ROMs.
INFO: [RTMG 210-279] Implementing memory 'top_do_conv_spatial_CONV_SPATIAL_WEIGHT_18_10_0_ROM_AUTO_1R' using auto ROMs.
INFO: [RTMG 210-279] Implementing memory 'top_do_conv_spatial_CONV_SPATIAL_WEIGHT_18_11_0_ROM_AUTO_1R' using auto ROMs.
INFO: [RTMG 210-279] Implementing memory 'top_do_conv_spatial_CONV_SPATIAL_WEIGHT_18_12_0_ROM_AUTO_1R' using auto ROMs.
INFO: [RTMG 210-279] Implementing memory 'top_do_conv_spatial_CONV_SPATIAL_WEIGHT_18_13_0_ROM_AUTO_1R' using auto ROMs.
INFO: [RTMG 210-279] Implementing memory 'top_do_conv_spatial_CONV_SPATIAL_WEIGHT_18_14_0_ROM_AUTO_1R' using auto ROMs.
INFO: [RTMG 210-279] Implementing memory 'top_do_conv_spatial_CONV_SPATIAL_WEIGHT_19_0_0_ROM_AUTO_1R' using auto ROMs.
INFO: [RTMG 210-279] Implementing memory 'top_do_conv_spatial_CONV_SPATIAL_WEIGHT_19_1_0_ROM_AUTO_1R' using auto ROMs.
INFO: [RTMG 210-279] Implementing memory 'top_do_conv_spatial_CONV_SPATIAL_WEIGHT_19_2_0_ROM_AUTO_1R' using auto ROMs.
INFO: [RTMG 210-279] Implementing memory 'top_do_conv_spatial_CONV_SPATIAL_WEIGHT_19_3_0_ROM_AUTO_1R' using auto ROMs.
INFO: [RTMG 210-279] Implementing memory 'top_do_conv_spatial_CONV_SPATIAL_WEIGHT_19_4_0_ROM_AUTO_1R' using auto ROMs.
INFO: [RTMG 210-279] Implementing memory 'top_do_conv_spatial_CONV_SPATIAL_WEIGHT_19_5_0_ROM_AUTO_1R' using auto ROMs.
INFO: [RTMG 210-279] Implementing memory 'top_do_conv_spatial_CONV_SPATIAL_WEIGHT_19_6_0_ROM_AUTO_1R' using auto ROMs.
INFO: [RTMG 210-279] Implementing memory 'top_do_conv_spatial_CONV_SPATIAL_WEIGHT_19_7_0_ROM_AUTO_1R' using auto ROMs.
INFO: [RTMG 210-279] Implementing memory 'top_do_conv_spatial_CONV_SPATIAL_WEIGHT_19_8_0_ROM_AUTO_1R' using auto ROMs.
INFO: [RTMG 210-279] Implementing memory 'top_do_conv_spatial_CONV_SPATIAL_WEIGHT_19_9_0_ROM_AUTO_1R' using auto ROMs.
INFO: [RTMG 210-279] Implementing memory 'top_do_conv_spatial_CONV_SPATIAL_WEIGHT_19_10_0_ROM_AUTO_1R' using auto ROMs.
INFO: [RTMG 210-279] Implementing memory 'top_do_conv_spatial_CONV_SPATIAL_WEIGHT_19_11_0_ROM_AUTO_1R' using auto ROMs.
INFO: [RTMG 210-279] Implementing memory 'top_do_conv_spatial_CONV_SPATIAL_WEIGHT_19_12_0_ROM_AUTO_1R' using auto ROMs.
INFO: [RTMG 210-279] Implementing memory 'top_do_conv_spatial_CONV_SPATIAL_WEIGHT_19_13_0_ROM_AUTO_1R' using auto ROMs.
INFO: [RTMG 210-279] Implementing memory 'top_do_conv_spatial_CONV_SPATIAL_WEIGHT_19_14_0_ROM_AUTO_1R' using auto ROMs.
INFO: [RTMG 210-279] Implementing memory 'top_do_conv_spatial_CONV_SPATIAL_WEIGHT_20_0_0_ROM_AUTO_1R' using auto ROMs.
INFO: [RTMG 210-279] Implementing memory 'top_do_conv_spatial_CONV_SPATIAL_WEIGHT_20_1_0_ROM_AUTO_1R' using auto ROMs.
INFO: [RTMG 210-279] Implementing memory 'top_do_conv_spatial_CONV_SPATIAL_WEIGHT_20_2_0_ROM_AUTO_1R' using auto ROMs.
INFO: [RTMG 210-279] Implementing memory 'top_do_conv_spatial_CONV_SPATIAL_WEIGHT_20_3_0_ROM_AUTO_1R' using auto ROMs.
INFO: [RTMG 210-279] Implementing memory 'top_do_conv_spatial_CONV_SPATIAL_WEIGHT_20_4_0_ROM_AUTO_1R' using auto ROMs.
INFO: [RTMG 210-279] Implementing memory 'top_do_conv_spatial_CONV_SPATIAL_WEIGHT_20_5_0_ROM_AUTO_1R' using auto ROMs.
INFO: [RTMG 210-279] Implementing memory 'top_do_conv_spatial_CONV_SPATIAL_WEIGHT_20_6_0_ROM_AUTO_1R' using auto ROMs.
INFO: [RTMG 210-279] Implementing memory 'top_do_conv_spatial_CONV_SPATIAL_WEIGHT_20_7_0_ROM_AUTO_1R' using auto ROMs.
INFO: [RTMG 210-279] Implementing memory 'top_do_conv_spatial_CONV_SPATIAL_WEIGHT_20_8_0_ROM_AUTO_1R' using auto ROMs.
INFO: [RTMG 210-279] Implementing memory 'top_do_conv_spatial_CONV_SPATIAL_WEIGHT_20_9_0_ROM_AUTO_1R' using auto ROMs.
INFO: [RTMG 210-279] Implementing memory 'top_do_conv_spatial_CONV_SPATIAL_WEIGHT_20_10_0_ROM_AUTO_1R' using auto ROMs.
INFO: [RTMG 210-279] Implementing memory 'top_do_conv_spatial_CONV_SPATIAL_WEIGHT_20_11_0_ROM_AUTO_1R' using auto ROMs.
INFO: [RTMG 210-279] Implementing memory 'top_do_conv_spatial_CONV_SPATIAL_WEIGHT_20_12_0_ROM_AUTO_1R' using auto ROMs.
INFO: [RTMG 210-279] Implementing memory 'top_do_conv_spatial_CONV_SPATIAL_WEIGHT_20_13_0_ROM_AUTO_1R' using auto ROMs.
INFO: [RTMG 210-279] Implementing memory 'top_do_conv_spatial_CONV_SPATIAL_WEIGHT_20_14_0_ROM_AUTO_1R' using auto ROMs.
INFO: [RTMG 210-279] Implementing memory 'top_do_conv_spatial_CONV_SPATIAL_WEIGHT_21_0_0_ROM_AUTO_1R' using auto ROMs.
INFO: [RTMG 210-279] Implementing memory 'top_do_conv_spatial_CONV_SPATIAL_WEIGHT_21_1_0_ROM_AUTO_1R' using auto ROMs.
INFO: [RTMG 210-279] Implementing memory 'top_do_conv_spatial_CONV_SPATIAL_WEIGHT_21_2_0_ROM_AUTO_1R' using auto ROMs.
INFO: [RTMG 210-279] Implementing memory 'top_do_conv_spatial_CONV_SPATIAL_WEIGHT_21_3_0_ROM_AUTO_1R' using auto ROMs.
INFO: [RTMG 210-279] Implementing memory 'top_do_conv_spatial_CONV_SPATIAL_WEIGHT_21_4_0_ROM_AUTO_1R' using auto ROMs.
INFO: [RTMG 210-279] Implementing memory 'top_do_conv_spatial_CONV_SPATIAL_WEIGHT_21_5_0_ROM_AUTO_1R' using auto ROMs.
INFO: [RTMG 210-279] Implementing memory 'top_do_conv_spatial_CONV_SPATIAL_WEIGHT_21_6_0_ROM_AUTO_1R' using auto ROMs.
INFO: [RTMG 210-279] Implementing memory 'top_do_conv_spatial_CONV_SPATIAL_WEIGHT_21_7_0_ROM_AUTO_1R' using auto ROMs.
INFO: [RTMG 210-279] Implementing memory 'top_do_conv_spatial_CONV_SPATIAL_WEIGHT_21_8_0_ROM_AUTO_1R' using auto ROMs.
INFO: [RTMG 210-279] Implementing memory 'top_do_conv_spatial_CONV_SPATIAL_WEIGHT_21_9_0_ROM_AUTO_1R' using auto ROMs.
INFO: [RTMG 210-279] Implementing memory 'top_do_conv_spatial_CONV_SPATIAL_WEIGHT_21_10_0_ROM_AUTO_1R' using auto ROMs.
INFO: [RTMG 210-279] Implementing memory 'top_do_conv_spatial_CONV_SPATIAL_WEIGHT_21_11_0_ROM_AUTO_1R' using auto ROMs.
INFO: [RTMG 210-279] Implementing memory 'top_do_conv_spatial_CONV_SPATIAL_WEIGHT_21_12_0_ROM_AUTO_1R' using auto ROMs.
INFO: [RTMG 210-279] Implementing memory 'top_do_conv_spatial_CONV_SPATIAL_WEIGHT_21_13_0_ROM_AUTO_1R' using auto ROMs.
INFO: [RTMG 210-279] Implementing memory 'top_do_conv_spatial_CONV_SPATIAL_WEIGHT_21_14_0_ROM_AUTO_1R' using auto ROMs.
INFO: [RTMG 210-279] Implementing memory 'top_do_conv_spatial_CONV_SPATIAL_WEIGHT_22_0_0_ROM_AUTO_1R' using auto ROMs.
INFO: [RTMG 210-279] Implementing memory 'top_do_conv_spatial_CONV_SPATIAL_WEIGHT_22_1_0_ROM_AUTO_1R' using auto ROMs.
INFO: [RTMG 210-279] Implementing memory 'top_do_conv_spatial_CONV_SPATIAL_WEIGHT_22_2_0_ROM_AUTO_1R' using auto ROMs.
INFO: [RTMG 210-279] Implementing memory 'top_do_conv_spatial_CONV_SPATIAL_WEIGHT_22_3_0_ROM_AUTO_1R' using auto ROMs.
INFO: [RTMG 210-279] Implementing memory 'top_do_conv_spatial_CONV_SPATIAL_WEIGHT_22_4_0_ROM_AUTO_1R' using auto ROMs.
INFO: [RTMG 210-279] Implementing memory 'top_do_conv_spatial_CONV_SPATIAL_WEIGHT_22_5_0_ROM_AUTO_1R' using auto ROMs.
INFO: [RTMG 210-279] Implementing memory 'top_do_conv_spatial_CONV_SPATIAL_WEIGHT_22_6_0_ROM_AUTO_1R' using auto ROMs.
INFO: [RTMG 210-279] Implementing memory 'top_do_conv_spatial_CONV_SPATIAL_WEIGHT_22_7_0_ROM_AUTO_1R' using auto ROMs.
INFO: [RTMG 210-279] Implementing memory 'top_do_conv_spatial_CONV_SPATIAL_WEIGHT_22_8_0_ROM_AUTO_1R' using auto ROMs.
INFO: [RTMG 210-279] Implementing memory 'top_do_conv_spatial_CONV_SPATIAL_WEIGHT_22_9_0_ROM_AUTO_1R' using auto ROMs.
INFO: [RTMG 210-279] Implementing memory 'top_do_conv_spatial_CONV_SPATIAL_WEIGHT_22_10_0_ROM_AUTO_1R' using auto ROMs.
INFO: [RTMG 210-279] Implementing memory 'top_do_conv_spatial_CONV_SPATIAL_WEIGHT_22_11_0_ROM_AUTO_1R' using auto ROMs.
INFO: [RTMG 210-279] Implementing memory 'top_do_conv_spatial_CONV_SPATIAL_WEIGHT_22_12_0_ROM_AUTO_1R' using auto ROMs.
INFO: [RTMG 210-279] Implementing memory 'top_do_conv_spatial_CONV_SPATIAL_WEIGHT_22_13_0_ROM_AUTO_1R' using auto ROMs.
INFO: [RTMG 210-279] Implementing memory 'top_do_conv_spatial_CONV_SPATIAL_WEIGHT_22_14_0_ROM_AUTO_1R' using auto ROMs.
INFO: [RTMG 210-279] Implementing memory 'top_do_conv_spatial_CONV_SPATIAL_WEIGHT_23_0_0_ROM_AUTO_1R' using auto ROMs.
INFO: [RTMG 210-279] Implementing memory 'top_do_conv_spatial_CONV_SPATIAL_WEIGHT_23_1_0_ROM_AUTO_1R' using auto ROMs.
INFO: [RTMG 210-279] Implementing memory 'top_do_conv_spatial_CONV_SPATIAL_WEIGHT_23_2_0_ROM_AUTO_1R' using auto ROMs.
INFO: [RTMG 210-279] Implementing memory 'top_do_conv_spatial_CONV_SPATIAL_WEIGHT_23_3_0_ROM_AUTO_1R' using auto ROMs.
INFO: [RTMG 210-279] Implementing memory 'top_do_conv_spatial_CONV_SPATIAL_WEIGHT_23_4_0_ROM_AUTO_1R' using auto ROMs.
INFO: [RTMG 210-279] Implementing memory 'top_do_conv_spatial_CONV_SPATIAL_WEIGHT_23_5_0_ROM_AUTO_1R' using auto ROMs.
INFO: [RTMG 210-279] Implementing memory 'top_do_conv_spatial_CONV_SPATIAL_WEIGHT_23_6_0_ROM_AUTO_1R' using auto ROMs.
INFO: [RTMG 210-279] Implementing memory 'top_do_conv_spatial_CONV_SPATIAL_WEIGHT_23_7_0_ROM_AUTO_1R' using auto ROMs.
INFO: [RTMG 210-279] Implementing memory 'top_do_conv_spatial_CONV_SPATIAL_WEIGHT_23_8_0_ROM_AUTO_1R' using auto ROMs.
INFO: [RTMG 210-279] Implementing memory 'top_do_conv_spatial_CONV_SPATIAL_WEIGHT_23_9_0_ROM_AUTO_1R' using auto ROMs.
INFO: [RTMG 210-279] Implementing memory 'top_do_conv_spatial_CONV_SPATIAL_WEIGHT_23_10_0_ROM_AUTO_1R' using auto ROMs.
INFO: [RTMG 210-279] Implementing memory 'top_do_conv_spatial_CONV_SPATIAL_WEIGHT_23_11_0_ROM_AUTO_1R' using auto ROMs.
INFO: [RTMG 210-279] Implementing memory 'top_do_conv_spatial_CONV_SPATIAL_WEIGHT_23_12_0_ROM_AUTO_1R' using auto ROMs.
INFO: [RTMG 210-279] Implementing memory 'top_do_conv_spatial_CONV_SPATIAL_WEIGHT_23_13_0_ROM_AUTO_1R' using auto ROMs.
INFO: [RTMG 210-279] Implementing memory 'top_do_conv_spatial_CONV_SPATIAL_WEIGHT_23_14_0_ROM_AUTO_1R' using auto ROMs.
INFO: [RTMG 210-279] Implementing memory 'top_do_conv_spatial_CONV_SPATIAL_WEIGHT_24_0_0_ROM_AUTO_1R' using auto ROMs.
INFO: [RTMG 210-279] Implementing memory 'top_do_conv_spatial_CONV_SPATIAL_WEIGHT_24_1_0_ROM_AUTO_1R' using auto ROMs.
INFO: [RTMG 210-279] Implementing memory 'top_do_conv_spatial_CONV_SPATIAL_WEIGHT_24_2_0_ROM_AUTO_1R' using auto ROMs.
INFO: [RTMG 210-279] Implementing memory 'top_do_conv_spatial_CONV_SPATIAL_WEIGHT_24_3_0_ROM_AUTO_1R' using auto ROMs.
INFO: [RTMG 210-279] Implementing memory 'top_do_conv_spatial_CONV_SPATIAL_WEIGHT_24_4_0_ROM_AUTO_1R' using auto ROMs.
INFO: [RTMG 210-279] Implementing memory 'top_do_conv_spatial_CONV_SPATIAL_WEIGHT_24_5_0_ROM_AUTO_1R' using auto ROMs.
INFO: [RTMG 210-279] Implementing memory 'top_do_conv_spatial_CONV_SPATIAL_WEIGHT_24_6_0_ROM_AUTO_1R' using auto ROMs.
INFO: [RTMG 210-279] Implementing memory 'top_do_conv_spatial_CONV_SPATIAL_WEIGHT_24_7_0_ROM_AUTO_1R' using auto ROMs.
INFO: [RTMG 210-279] Implementing memory 'top_do_conv_spatial_CONV_SPATIAL_WEIGHT_24_8_0_ROM_AUTO_1R' using auto ROMs.
INFO: [RTMG 210-279] Implementing memory 'top_do_conv_spatial_CONV_SPATIAL_WEIGHT_24_9_0_ROM_AUTO_1R' using auto ROMs.
INFO: [RTMG 210-279] Implementing memory 'top_do_conv_spatial_CONV_SPATIAL_WEIGHT_24_10_0_ROM_AUTO_1R' using auto ROMs.
INFO: [RTMG 210-279] Implementing memory 'top_do_conv_spatial_CONV_SPATIAL_WEIGHT_24_11_0_ROM_AUTO_1R' using auto ROMs.
INFO: [RTMG 210-279] Implementing memory 'top_do_conv_spatial_CONV_SPATIAL_WEIGHT_24_12_0_ROM_AUTO_1R' using auto ROMs.
INFO: [RTMG 210-279] Implementing memory 'top_do_conv_spatial_CONV_SPATIAL_WEIGHT_24_13_0_ROM_AUTO_1R' using auto ROMs.
INFO: [RTMG 210-279] Implementing memory 'top_do_conv_spatial_CONV_SPATIAL_WEIGHT_24_14_0_ROM_AUTO_1R' using auto ROMs.
INFO: [RTMG 210-279] Implementing memory 'top_do_conv_spatial_CONV_SPATIAL_WEIGHT_25_0_0_ROM_AUTO_1R' using auto ROMs.
INFO: [RTMG 210-279] Implementing memory 'top_do_conv_spatial_CONV_SPATIAL_WEIGHT_25_1_0_ROM_AUTO_1R' using auto ROMs.
INFO: [RTMG 210-279] Implementing memory 'top_do_conv_spatial_CONV_SPATIAL_WEIGHT_25_2_0_ROM_AUTO_1R' using auto ROMs.
INFO: [RTMG 210-279] Implementing memory 'top_do_conv_spatial_CONV_SPATIAL_WEIGHT_25_3_0_ROM_AUTO_1R' using auto ROMs.
INFO: [RTMG 210-279] Implementing memory 'top_do_conv_spatial_CONV_SPATIAL_WEIGHT_25_4_0_ROM_AUTO_1R' using auto ROMs.
INFO: [RTMG 210-279] Implementing memory 'top_do_conv_spatial_CONV_SPATIAL_WEIGHT_25_5_0_ROM_AUTO_1R' using auto ROMs.
INFO: [RTMG 210-279] Implementing memory 'top_do_conv_spatial_CONV_SPATIAL_WEIGHT_25_6_0_ROM_AUTO_1R' using auto ROMs.
INFO: [RTMG 210-279] Implementing memory 'top_do_conv_spatial_CONV_SPATIAL_WEIGHT_25_7_0_ROM_AUTO_1R' using auto ROMs.
INFO: [RTMG 210-279] Implementing memory 'top_do_conv_spatial_CONV_SPATIAL_WEIGHT_25_8_0_ROM_AUTO_1R' using auto ROMs.
INFO: [RTMG 210-279] Implementing memory 'top_do_conv_spatial_CONV_SPATIAL_WEIGHT_25_9_0_ROM_AUTO_1R' using auto ROMs.
INFO: [RTMG 210-279] Implementing memory 'top_do_conv_spatial_CONV_SPATIAL_WEIGHT_25_10_0_ROM_AUTO_1R' using auto ROMs.
INFO: [RTMG 210-279] Implementing memory 'top_do_conv_spatial_CONV_SPATIAL_WEIGHT_25_11_0_ROM_AUTO_1R' using auto ROMs.
INFO: [RTMG 210-279] Implementing memory 'top_do_conv_spatial_CONV_SPATIAL_WEIGHT_25_12_0_ROM_AUTO_1R' using auto ROMs.
INFO: [RTMG 210-279] Implementing memory 'top_do_conv_spatial_CONV_SPATIAL_WEIGHT_25_13_0_ROM_AUTO_1R' using auto ROMs.
INFO: [RTMG 210-279] Implementing memory 'top_do_conv_spatial_CONV_SPATIAL_WEIGHT_25_14_0_ROM_AUTO_1R' using auto ROMs.
INFO: [RTMG 210-279] Implementing memory 'top_do_conv_spatial_CONV_SPATIAL_WEIGHT_26_0_0_ROM_AUTO_1R' using auto ROMs.
INFO: [RTMG 210-279] Implementing memory 'top_do_conv_spatial_CONV_SPATIAL_WEIGHT_26_1_0_ROM_AUTO_1R' using auto ROMs.
INFO: [RTMG 210-279] Implementing memory 'top_do_conv_spatial_CONV_SPATIAL_WEIGHT_26_2_0_ROM_AUTO_1R' using auto ROMs.
INFO: [RTMG 210-279] Implementing memory 'top_do_conv_spatial_CONV_SPATIAL_WEIGHT_26_3_0_ROM_AUTO_1R' using auto ROMs.
INFO: [RTMG 210-279] Implementing memory 'top_do_conv_spatial_CONV_SPATIAL_WEIGHT_26_4_0_ROM_AUTO_1R' using auto ROMs.
INFO: [RTMG 210-279] Implementing memory 'top_do_conv_spatial_CONV_SPATIAL_WEIGHT_26_5_0_ROM_AUTO_1R' using auto ROMs.
INFO: [RTMG 210-279] Implementing memory 'top_do_conv_spatial_CONV_SPATIAL_WEIGHT_26_6_0_ROM_AUTO_1R' using auto ROMs.
INFO: [RTMG 210-279] Implementing memory 'top_do_conv_spatial_CONV_SPATIAL_WEIGHT_26_7_0_ROM_AUTO_1R' using auto ROMs.
INFO: [RTMG 210-279] Implementing memory 'top_do_conv_spatial_CONV_SPATIAL_WEIGHT_26_8_0_ROM_AUTO_1R' using auto ROMs.
INFO: [RTMG 210-279] Implementing memory 'top_do_conv_spatial_CONV_SPATIAL_WEIGHT_26_9_0_ROM_AUTO_1R' using auto ROMs.
INFO: [RTMG 210-279] Implementing memory 'top_do_conv_spatial_CONV_SPATIAL_WEIGHT_26_10_0_ROM_AUTO_1R' using auto ROMs.
INFO: [RTMG 210-279] Implementing memory 'top_do_conv_spatial_CONV_SPATIAL_WEIGHT_26_11_0_ROM_AUTO_1R' using auto ROMs.
INFO: [RTMG 210-279] Implementing memory 'top_do_conv_spatial_CONV_SPATIAL_WEIGHT_26_12_0_ROM_AUTO_1R' using auto ROMs.
INFO: [RTMG 210-279] Implementing memory 'top_do_conv_spatial_CONV_SPATIAL_WEIGHT_26_13_0_ROM_AUTO_1R' using auto ROMs.
INFO: [RTMG 210-279] Implementing memory 'top_do_conv_spatial_CONV_SPATIAL_WEIGHT_26_14_0_ROM_AUTO_1R' using auto ROMs.
INFO: [RTMG 210-279] Implementing memory 'top_do_conv_spatial_CONV_SPATIAL_WEIGHT_27_0_0_ROM_AUTO_1R' using auto ROMs.
INFO: [RTMG 210-279] Implementing memory 'top_do_conv_spatial_CONV_SPATIAL_WEIGHT_27_1_0_ROM_AUTO_1R' using auto ROMs.
INFO: [RTMG 210-279] Implementing memory 'top_do_conv_spatial_CONV_SPATIAL_WEIGHT_27_2_0_ROM_AUTO_1R' using auto ROMs.
INFO: [RTMG 210-279] Implementing memory 'top_do_conv_spatial_CONV_SPATIAL_WEIGHT_27_3_0_ROM_AUTO_1R' using auto ROMs.
INFO: [RTMG 210-279] Implementing memory 'top_do_conv_spatial_CONV_SPATIAL_WEIGHT_27_4_0_ROM_AUTO_1R' using auto ROMs.
INFO: [RTMG 210-279] Implementing memory 'top_do_conv_spatial_CONV_SPATIAL_WEIGHT_27_5_0_ROM_AUTO_1R' using auto ROMs.
INFO: [RTMG 210-279] Implementing memory 'top_do_conv_spatial_CONV_SPATIAL_WEIGHT_27_6_0_ROM_AUTO_1R' using auto ROMs.
INFO: [RTMG 210-279] Implementing memory 'top_do_conv_spatial_CONV_SPATIAL_WEIGHT_27_7_0_ROM_AUTO_1R' using auto ROMs.
INFO: [RTMG 210-279] Implementing memory 'top_do_conv_spatial_CONV_SPATIAL_WEIGHT_27_8_0_ROM_AUTO_1R' using auto ROMs.
INFO: [RTMG 210-279] Implementing memory 'top_do_conv_spatial_CONV_SPATIAL_WEIGHT_27_9_0_ROM_AUTO_1R' using auto ROMs.
INFO: [RTMG 210-279] Implementing memory 'top_do_conv_spatial_CONV_SPATIAL_WEIGHT_27_10_0_ROM_AUTO_1R' using auto ROMs.
INFO: [RTMG 210-279] Implementing memory 'top_do_conv_spatial_CONV_SPATIAL_WEIGHT_27_11_0_ROM_AUTO_1R' using auto ROMs.
INFO: [RTMG 210-279] Implementing memory 'top_do_conv_spatial_CONV_SPATIAL_WEIGHT_27_12_0_ROM_AUTO_1R' using auto ROMs.
INFO: [RTMG 210-279] Implementing memory 'top_do_conv_spatial_CONV_SPATIAL_WEIGHT_27_13_0_ROM_AUTO_1R' using auto ROMs.
INFO: [RTMG 210-279] Implementing memory 'top_do_conv_spatial_CONV_SPATIAL_WEIGHT_27_14_0_ROM_AUTO_1R' using auto ROMs.
INFO: [RTMG 210-279] Implementing memory 'top_do_conv_spatial_CONV_SPATIAL_WEIGHT_28_0_0_ROM_AUTO_1R' using auto ROMs.
INFO: [RTMG 210-279] Implementing memory 'top_do_conv_spatial_CONV_SPATIAL_WEIGHT_28_1_0_ROM_AUTO_1R' using auto ROMs.
INFO: [RTMG 210-279] Implementing memory 'top_do_conv_spatial_CONV_SPATIAL_WEIGHT_28_2_0_ROM_AUTO_1R' using auto ROMs.
INFO: [RTMG 210-279] Implementing memory 'top_do_conv_spatial_CONV_SPATIAL_WEIGHT_28_3_0_ROM_AUTO_1R' using auto ROMs.
INFO: [RTMG 210-279] Implementing memory 'top_do_conv_spatial_CONV_SPATIAL_WEIGHT_28_4_0_ROM_AUTO_1R' using auto ROMs.
INFO: [RTMG 210-279] Implementing memory 'top_do_conv_spatial_CONV_SPATIAL_WEIGHT_28_5_0_ROM_AUTO_1R' using auto ROMs.
INFO: [RTMG 210-279] Implementing memory 'top_do_conv_spatial_CONV_SPATIAL_WEIGHT_28_6_0_ROM_AUTO_1R' using auto ROMs.
INFO: [RTMG 210-279] Implementing memory 'top_do_conv_spatial_CONV_SPATIAL_WEIGHT_28_7_0_ROM_AUTO_1R' using auto ROMs.
INFO: [RTMG 210-279] Implementing memory 'top_do_conv_spatial_CONV_SPATIAL_WEIGHT_28_8_0_ROM_AUTO_1R' using auto ROMs.
INFO: [RTMG 210-279] Implementing memory 'top_do_conv_spatial_CONV_SPATIAL_WEIGHT_28_9_0_ROM_AUTO_1R' using auto ROMs.
INFO: [RTMG 210-279] Implementing memory 'top_do_conv_spatial_CONV_SPATIAL_WEIGHT_28_10_0_ROM_AUTO_1R' using auto ROMs.
INFO: [RTMG 210-279] Implementing memory 'top_do_conv_spatial_CONV_SPATIAL_WEIGHT_28_11_0_ROM_AUTO_1R' using auto ROMs.
INFO: [RTMG 210-279] Implementing memory 'top_do_conv_spatial_CONV_SPATIAL_WEIGHT_28_12_0_ROM_AUTO_1R' using auto ROMs.
INFO: [RTMG 210-279] Implementing memory 'top_do_conv_spatial_CONV_SPATIAL_WEIGHT_28_13_0_ROM_AUTO_1R' using auto ROMs.
INFO: [RTMG 210-279] Implementing memory 'top_do_conv_spatial_CONV_SPATIAL_WEIGHT_28_14_0_ROM_AUTO_1R' using auto ROMs.
INFO: [RTMG 210-279] Implementing memory 'top_do_conv_spatial_CONV_SPATIAL_WEIGHT_29_0_0_ROM_AUTO_1R' using auto ROMs.
INFO: [RTMG 210-279] Implementing memory 'top_do_conv_spatial_CONV_SPATIAL_WEIGHT_29_1_0_ROM_AUTO_1R' using auto ROMs.
INFO: [RTMG 210-279] Implementing memory 'top_do_conv_spatial_CONV_SPATIAL_WEIGHT_29_2_0_ROM_AUTO_1R' using auto ROMs.
INFO: [RTMG 210-279] Implementing memory 'top_do_conv_spatial_CONV_SPATIAL_WEIGHT_29_3_0_ROM_AUTO_1R' using auto ROMs.
INFO: [RTMG 210-279] Implementing memory 'top_do_conv_spatial_CONV_SPATIAL_WEIGHT_29_4_0_ROM_AUTO_1R' using auto ROMs.
INFO: [RTMG 210-279] Implementing memory 'top_do_conv_spatial_CONV_SPATIAL_WEIGHT_29_5_0_ROM_AUTO_1R' using auto ROMs.
INFO: [RTMG 210-279] Implementing memory 'top_do_conv_spatial_CONV_SPATIAL_WEIGHT_29_6_0_ROM_AUTO_1R' using auto ROMs.
INFO: [RTMG 210-279] Implementing memory 'top_do_conv_spatial_CONV_SPATIAL_WEIGHT_29_7_0_ROM_AUTO_1R' using auto ROMs.
INFO: [RTMG 210-279] Implementing memory 'top_do_conv_spatial_CONV_SPATIAL_WEIGHT_29_8_0_ROM_AUTO_1R' using auto ROMs.
INFO: [RTMG 210-279] Implementing memory 'top_do_conv_spatial_CONV_SPATIAL_WEIGHT_29_9_0_ROM_AUTO_1R' using auto ROMs.
INFO: [RTMG 210-279] Implementing memory 'top_do_conv_spatial_CONV_SPATIAL_WEIGHT_29_10_0_ROM_AUTO_1R' using auto ROMs.
INFO: [RTMG 210-279] Implementing memory 'top_do_conv_spatial_CONV_SPATIAL_WEIGHT_29_11_0_ROM_AUTO_1R' using auto ROMs.
INFO: [RTMG 210-279] Implementing memory 'top_do_conv_spatial_CONV_SPATIAL_WEIGHT_29_12_0_ROM_AUTO_1R' using auto ROMs.
INFO: [RTMG 210-279] Implementing memory 'top_do_conv_spatial_CONV_SPATIAL_WEIGHT_29_13_0_ROM_AUTO_1R' using auto ROMs.
INFO: [RTMG 210-279] Implementing memory 'top_do_conv_spatial_CONV_SPATIAL_WEIGHT_29_14_0_ROM_AUTO_1R' using auto ROMs.
INFO: [RTMG 210-279] Implementing memory 'top_do_conv_spatial_CONV_SPATIAL_WEIGHT_30_0_0_ROM_AUTO_1R' using auto ROMs.
INFO: [RTMG 210-279] Implementing memory 'top_do_conv_spatial_CONV_SPATIAL_WEIGHT_30_1_0_ROM_AUTO_1R' using auto ROMs.
INFO: [RTMG 210-279] Implementing memory 'top_do_conv_spatial_CONV_SPATIAL_WEIGHT_30_2_0_ROM_AUTO_1R' using auto ROMs.
INFO: [RTMG 210-279] Implementing memory 'top_do_conv_spatial_CONV_SPATIAL_WEIGHT_30_3_0_ROM_AUTO_1R' using auto ROMs.
INFO: [RTMG 210-279] Implementing memory 'top_do_conv_spatial_CONV_SPATIAL_WEIGHT_30_4_0_ROM_AUTO_1R' using auto ROMs.
INFO: [RTMG 210-279] Implementing memory 'top_do_conv_spatial_CONV_SPATIAL_WEIGHT_30_5_0_ROM_AUTO_1R' using auto ROMs.
INFO: [RTMG 210-279] Implementing memory 'top_do_conv_spatial_CONV_SPATIAL_WEIGHT_30_6_0_ROM_AUTO_1R' using auto ROMs.
INFO: [RTMG 210-279] Implementing memory 'top_do_conv_spatial_CONV_SPATIAL_WEIGHT_30_7_0_ROM_AUTO_1R' using auto ROMs.
INFO: [RTMG 210-279] Implementing memory 'top_do_conv_spatial_CONV_SPATIAL_WEIGHT_30_8_0_ROM_AUTO_1R' using auto ROMs.
INFO: [RTMG 210-279] Implementing memory 'top_do_conv_spatial_CONV_SPATIAL_WEIGHT_30_9_0_ROM_AUTO_1R' using auto ROMs.
INFO: [RTMG 210-279] Implementing memory 'top_do_conv_spatial_CONV_SPATIAL_WEIGHT_30_10_0_ROM_AUTO_1R' using auto ROMs.
INFO: [RTMG 210-279] Implementing memory 'top_do_conv_spatial_CONV_SPATIAL_WEIGHT_30_11_0_ROM_AUTO_1R' using auto ROMs.
INFO: [RTMG 210-279] Implementing memory 'top_do_conv_spatial_CONV_SPATIAL_WEIGHT_30_12_0_ROM_AUTO_1R' using auto ROMs.
INFO: [RTMG 210-279] Implementing memory 'top_do_conv_spatial_CONV_SPATIAL_WEIGHT_30_13_0_ROM_AUTO_1R' using auto ROMs.
INFO: [RTMG 210-279] Implementing memory 'top_do_conv_spatial_CONV_SPATIAL_WEIGHT_30_14_0_ROM_AUTO_1R' using auto ROMs.
INFO: [RTMG 210-279] Implementing memory 'top_do_conv_spatial_CONV_SPATIAL_WEIGHT_31_0_0_ROM_AUTO_1R' using auto ROMs.
INFO: [RTMG 210-279] Implementing memory 'top_do_conv_spatial_CONV_SPATIAL_WEIGHT_31_1_0_ROM_AUTO_1R' using auto ROMs.
INFO: [RTMG 210-279] Implementing memory 'top_do_conv_spatial_CONV_SPATIAL_WEIGHT_31_2_0_ROM_AUTO_1R' using auto ROMs.
INFO: [RTMG 210-279] Implementing memory 'top_do_conv_spatial_CONV_SPATIAL_WEIGHT_31_3_0_ROM_AUTO_1R' using auto ROMs.
INFO: [RTMG 210-279] Implementing memory 'top_do_conv_spatial_CONV_SPATIAL_WEIGHT_31_4_0_ROM_AUTO_1R' using auto ROMs.
INFO: [RTMG 210-279] Implementing memory 'top_do_conv_spatial_CONV_SPATIAL_WEIGHT_31_5_0_ROM_AUTO_1R' using auto ROMs.
INFO: [RTMG 210-279] Implementing memory 'top_do_conv_spatial_CONV_SPATIAL_WEIGHT_31_6_0_ROM_AUTO_1R' using auto ROMs.
INFO: [RTMG 210-279] Implementing memory 'top_do_conv_spatial_CONV_SPATIAL_WEIGHT_31_7_0_ROM_AUTO_1R' using auto ROMs.
INFO: [RTMG 210-279] Implementing memory 'top_do_conv_spatial_CONV_SPATIAL_WEIGHT_31_8_0_ROM_AUTO_1R' using auto ROMs.
INFO: [RTMG 210-279] Implementing memory 'top_do_conv_spatial_CONV_SPATIAL_WEIGHT_31_9_0_ROM_AUTO_1R' using auto ROMs.
INFO: [RTMG 210-279] Implementing memory 'top_do_conv_spatial_CONV_SPATIAL_WEIGHT_31_10_0_ROM_AUTO_1R' using auto ROMs.
INFO: [RTMG 210-279] Implementing memory 'top_do_conv_spatial_CONV_SPATIAL_WEIGHT_31_11_0_ROM_AUTO_1R' using auto ROMs.
INFO: [RTMG 210-279] Implementing memory 'top_do_conv_spatial_CONV_SPATIAL_WEIGHT_31_12_0_ROM_AUTO_1R' using auto ROMs.
INFO: [RTMG 210-279] Implementing memory 'top_do_conv_spatial_CONV_SPATIAL_WEIGHT_31_13_0_ROM_AUTO_1R' using auto ROMs.
INFO: [RTMG 210-279] Implementing memory 'top_do_conv_spatial_CONV_SPATIAL_WEIGHT_31_14_0_ROM_AUTO_1R' using auto ROMs.
INFO: [RTMG 210-279] Implementing memory 'top_do_conv_spatial_CONV_SPATIAL_WEIGHT_32_0_0_ROM_AUTO_1R' using auto ROMs.
INFO: [RTMG 210-279] Implementing memory 'top_do_conv_spatial_CONV_SPATIAL_WEIGHT_32_1_0_ROM_AUTO_1R' using auto ROMs.
INFO: [RTMG 210-279] Implementing memory 'top_do_conv_spatial_CONV_SPATIAL_WEIGHT_32_2_0_ROM_AUTO_1R' using auto ROMs.
INFO: [RTMG 210-279] Implementing memory 'top_do_conv_spatial_CONV_SPATIAL_WEIGHT_32_3_0_ROM_AUTO_1R' using auto ROMs.
INFO: [RTMG 210-279] Implementing memory 'top_do_conv_spatial_CONV_SPATIAL_WEIGHT_32_4_0_ROM_AUTO_1R' using auto ROMs.
INFO: [RTMG 210-279] Implementing memory 'top_do_conv_spatial_CONV_SPATIAL_WEIGHT_32_5_0_ROM_AUTO_1R' using auto ROMs.
INFO: [RTMG 210-279] Implementing memory 'top_do_conv_spatial_CONV_SPATIAL_WEIGHT_32_6_0_ROM_AUTO_1R' using auto ROMs.
INFO: [RTMG 210-279] Implementing memory 'top_do_conv_spatial_CONV_SPATIAL_WEIGHT_32_7_0_ROM_AUTO_1R' using auto ROMs.
INFO: [RTMG 210-279] Implementing memory 'top_do_conv_spatial_CONV_SPATIAL_WEIGHT_32_8_0_ROM_AUTO_1R' using auto ROMs.
INFO: [RTMG 210-279] Implementing memory 'top_do_conv_spatial_CONV_SPATIAL_WEIGHT_32_9_0_ROM_AUTO_1R' using auto ROMs.
INFO: [RTMG 210-279] Implementing memory 'top_do_conv_spatial_CONV_SPATIAL_WEIGHT_32_10_0_ROM_AUTO_1R' using auto ROMs.
INFO: [RTMG 210-279] Implementing memory 'top_do_conv_spatial_CONV_SPATIAL_WEIGHT_32_11_0_ROM_AUTO_1R' using auto ROMs.
INFO: [RTMG 210-279] Implementing memory 'top_do_conv_spatial_CONV_SPATIAL_WEIGHT_32_12_0_ROM_AUTO_1R' using auto ROMs.
INFO: [RTMG 210-279] Implementing memory 'top_do_conv_spatial_CONV_SPATIAL_WEIGHT_32_13_0_ROM_AUTO_1R' using auto ROMs.
INFO: [RTMG 210-279] Implementing memory 'top_do_conv_spatial_CONV_SPATIAL_WEIGHT_32_14_0_ROM_AUTO_1R' using auto ROMs.
INFO: [RTMG 210-279] Implementing memory 'top_do_conv_spatial_CONV_SPATIAL_WEIGHT_33_0_0_ROM_AUTO_1R' using auto ROMs.
INFO: [RTMG 210-279] Implementing memory 'top_do_conv_spatial_CONV_SPATIAL_WEIGHT_33_1_0_ROM_AUTO_1R' using auto ROMs.
INFO: [RTMG 210-279] Implementing memory 'top_do_conv_spatial_CONV_SPATIAL_WEIGHT_33_2_0_ROM_AUTO_1R' using auto ROMs.
INFO: [RTMG 210-279] Implementing memory 'top_do_conv_spatial_CONV_SPATIAL_WEIGHT_33_3_0_ROM_AUTO_1R' using auto ROMs.
INFO: [RTMG 210-279] Implementing memory 'top_do_conv_spatial_CONV_SPATIAL_WEIGHT_33_4_0_ROM_AUTO_1R' using auto ROMs.
INFO: [RTMG 210-279] Implementing memory 'top_do_conv_spatial_CONV_SPATIAL_WEIGHT_33_5_0_ROM_AUTO_1R' using auto ROMs.
INFO: [RTMG 210-279] Implementing memory 'top_do_conv_spatial_CONV_SPATIAL_WEIGHT_33_6_0_ROM_AUTO_1R' using auto ROMs.
INFO: [RTMG 210-279] Implementing memory 'top_do_conv_spatial_CONV_SPATIAL_WEIGHT_33_7_0_ROM_AUTO_1R' using auto ROMs.
INFO: [RTMG 210-279] Implementing memory 'top_do_conv_spatial_CONV_SPATIAL_WEIGHT_33_8_0_ROM_AUTO_1R' using auto ROMs.
INFO: [RTMG 210-279] Implementing memory 'top_do_conv_spatial_CONV_SPATIAL_WEIGHT_33_9_0_ROM_AUTO_1R' using auto ROMs.
INFO: [RTMG 210-279] Implementing memory 'top_do_conv_spatial_CONV_SPATIAL_WEIGHT_33_10_0_ROM_AUTO_1R' using auto ROMs.
INFO: [RTMG 210-279] Implementing memory 'top_do_conv_spatial_CONV_SPATIAL_WEIGHT_33_11_0_ROM_AUTO_1R' using auto ROMs.
INFO: [RTMG 210-279] Implementing memory 'top_do_conv_spatial_CONV_SPATIAL_WEIGHT_33_12_0_ROM_AUTO_1R' using auto ROMs.
INFO: [RTMG 210-279] Implementing memory 'top_do_conv_spatial_CONV_SPATIAL_WEIGHT_33_13_0_ROM_AUTO_1R' using auto ROMs.
INFO: [RTMG 210-279] Implementing memory 'top_do_conv_spatial_CONV_SPATIAL_WEIGHT_33_14_0_ROM_AUTO_1R' using auto ROMs.
INFO: [RTMG 210-279] Implementing memory 'top_do_conv_spatial_CONV_SPATIAL_WEIGHT_34_0_0_ROM_AUTO_1R' using auto ROMs.
INFO: [RTMG 210-279] Implementing memory 'top_do_conv_spatial_CONV_SPATIAL_WEIGHT_34_1_0_ROM_AUTO_1R' using auto ROMs.
INFO: [RTMG 210-279] Implementing memory 'top_do_conv_spatial_CONV_SPATIAL_WEIGHT_34_2_0_ROM_AUTO_1R' using auto ROMs.
INFO: [RTMG 210-279] Implementing memory 'top_do_conv_spatial_CONV_SPATIAL_WEIGHT_34_3_0_ROM_AUTO_1R' using auto ROMs.
INFO: [RTMG 210-279] Implementing memory 'top_do_conv_spatial_CONV_SPATIAL_WEIGHT_34_4_0_ROM_AUTO_1R' using auto ROMs.
INFO: [RTMG 210-279] Implementing memory 'top_do_conv_spatial_CONV_SPATIAL_WEIGHT_34_5_0_ROM_AUTO_1R' using auto ROMs.
INFO: [RTMG 210-279] Implementing memory 'top_do_conv_spatial_CONV_SPATIAL_WEIGHT_34_6_0_ROM_AUTO_1R' using auto ROMs.
INFO: [RTMG 210-279] Implementing memory 'top_do_conv_spatial_CONV_SPATIAL_WEIGHT_34_7_0_ROM_AUTO_1R' using auto ROMs.
INFO: [RTMG 210-279] Implementing memory 'top_do_conv_spatial_CONV_SPATIAL_WEIGHT_34_8_0_ROM_AUTO_1R' using auto ROMs.
INFO: [RTMG 210-279] Implementing memory 'top_do_conv_spatial_CONV_SPATIAL_WEIGHT_34_9_0_ROM_AUTO_1R' using auto ROMs.
INFO: [RTMG 210-279] Implementing memory 'top_do_conv_spatial_CONV_SPATIAL_WEIGHT_34_10_0_ROM_AUTO_1R' using auto ROMs.
INFO: [RTMG 210-279] Implementing memory 'top_do_conv_spatial_CONV_SPATIAL_WEIGHT_34_11_0_ROM_AUTO_1R' using auto ROMs.
INFO: [RTMG 210-279] Implementing memory 'top_do_conv_spatial_CONV_SPATIAL_WEIGHT_34_12_0_ROM_AUTO_1R' using auto ROMs.
INFO: [RTMG 210-279] Implementing memory 'top_do_conv_spatial_CONV_SPATIAL_WEIGHT_34_13_0_ROM_AUTO_1R' using auto ROMs.
INFO: [RTMG 210-279] Implementing memory 'top_do_conv_spatial_CONV_SPATIAL_WEIGHT_34_14_0_ROM_AUTO_1R' using auto ROMs.
INFO: [RTMG 210-279] Implementing memory 'top_do_conv_spatial_CONV_SPATIAL_WEIGHT_35_0_0_ROM_AUTO_1R' using auto ROMs.
INFO: [RTMG 210-279] Implementing memory 'top_do_conv_spatial_CONV_SPATIAL_WEIGHT_35_1_0_ROM_AUTO_1R' using auto ROMs.
INFO: [RTMG 210-279] Implementing memory 'top_do_conv_spatial_CONV_SPATIAL_WEIGHT_35_2_0_ROM_AUTO_1R' using auto ROMs.
INFO: [RTMG 210-279] Implementing memory 'top_do_conv_spatial_CONV_SPATIAL_WEIGHT_35_3_0_ROM_AUTO_1R' using auto ROMs.
INFO: [RTMG 210-279] Implementing memory 'top_do_conv_spatial_CONV_SPATIAL_WEIGHT_35_4_0_ROM_AUTO_1R' using auto ROMs.
INFO: [RTMG 210-279] Implementing memory 'top_do_conv_spatial_CONV_SPATIAL_WEIGHT_35_5_0_ROM_AUTO_1R' using auto ROMs.
INFO: [RTMG 210-279] Implementing memory 'top_do_conv_spatial_CONV_SPATIAL_WEIGHT_35_6_0_ROM_AUTO_1R' using auto ROMs.
INFO: [RTMG 210-279] Implementing memory 'top_do_conv_spatial_CONV_SPATIAL_WEIGHT_35_7_0_ROM_AUTO_1R' using auto ROMs.
INFO: [RTMG 210-279] Implementing memory 'top_do_conv_spatial_CONV_SPATIAL_WEIGHT_35_8_0_ROM_AUTO_1R' using auto ROMs.
INFO: [RTMG 210-279] Implementing memory 'top_do_conv_spatial_CONV_SPATIAL_WEIGHT_35_9_0_ROM_AUTO_1R' using auto ROMs.
INFO: [RTMG 210-279] Implementing memory 'top_do_conv_spatial_CONV_SPATIAL_WEIGHT_35_10_0_ROM_AUTO_1R' using auto ROMs.
INFO: [RTMG 210-279] Implementing memory 'top_do_conv_spatial_CONV_SPATIAL_WEIGHT_35_11_0_ROM_AUTO_1R' using auto ROMs.
INFO: [RTMG 210-279] Implementing memory 'top_do_conv_spatial_CONV_SPATIAL_WEIGHT_35_12_0_ROM_AUTO_1R' using auto ROMs.
INFO: [RTMG 210-279] Implementing memory 'top_do_conv_spatial_CONV_SPATIAL_WEIGHT_35_13_0_ROM_AUTO_1R' using auto ROMs.
INFO: [RTMG 210-279] Implementing memory 'top_do_conv_spatial_CONV_SPATIAL_WEIGHT_35_14_0_ROM_AUTO_1R' using auto ROMs.
INFO: [RTMG 210-279] Implementing memory 'top_do_conv_spatial_CONV_SPATIAL_WEIGHT_36_0_0_ROM_AUTO_1R' using auto ROMs.
INFO: [RTMG 210-279] Implementing memory 'top_do_conv_spatial_CONV_SPATIAL_WEIGHT_36_1_0_ROM_AUTO_1R' using auto ROMs.
INFO: [RTMG 210-279] Implementing memory 'top_do_conv_spatial_CONV_SPATIAL_WEIGHT_36_2_0_ROM_AUTO_1R' using auto ROMs.
INFO: [RTMG 210-279] Implementing memory 'top_do_conv_spatial_CONV_SPATIAL_WEIGHT_36_3_0_ROM_AUTO_1R' using auto ROMs.
INFO: [RTMG 210-279] Implementing memory 'top_do_conv_spatial_CONV_SPATIAL_WEIGHT_36_4_0_ROM_AUTO_1R' using auto ROMs.
INFO: [RTMG 210-279] Implementing memory 'top_do_conv_spatial_CONV_SPATIAL_WEIGHT_36_5_0_ROM_AUTO_1R' using auto ROMs.
INFO: [RTMG 210-279] Implementing memory 'top_do_conv_spatial_CONV_SPATIAL_WEIGHT_36_6_0_ROM_AUTO_1R' using auto ROMs.
INFO: [RTMG 210-279] Implementing memory 'top_do_conv_spatial_CONV_SPATIAL_WEIGHT_36_7_0_ROM_AUTO_1R' using auto ROMs.
INFO: [RTMG 210-279] Implementing memory 'top_do_conv_spatial_CONV_SPATIAL_WEIGHT_36_8_0_ROM_AUTO_1R' using auto ROMs.
INFO: [RTMG 210-279] Implementing memory 'top_do_conv_spatial_CONV_SPATIAL_WEIGHT_36_9_0_ROM_AUTO_1R' using auto ROMs.
INFO: [RTMG 210-279] Implementing memory 'top_do_conv_spatial_CONV_SPATIAL_WEIGHT_36_10_0_ROM_AUTO_1R' using auto ROMs.
INFO: [RTMG 210-279] Implementing memory 'top_do_conv_spatial_CONV_SPATIAL_WEIGHT_36_11_0_ROM_AUTO_1R' using auto ROMs.
INFO: [RTMG 210-279] Implementing memory 'top_do_conv_spatial_CONV_SPATIAL_WEIGHT_36_12_0_ROM_AUTO_1R' using auto ROMs.
INFO: [RTMG 210-279] Implementing memory 'top_do_conv_spatial_CONV_SPATIAL_WEIGHT_36_13_0_ROM_AUTO_1R' using auto ROMs.
INFO: [RTMG 210-279] Implementing memory 'top_do_conv_spatial_CONV_SPATIAL_WEIGHT_36_14_0_ROM_AUTO_1R' using auto ROMs.
INFO: [RTMG 210-279] Implementing memory 'top_do_conv_spatial_CONV_SPATIAL_WEIGHT_37_0_0_ROM_AUTO_1R' using auto ROMs.
INFO: [RTMG 210-279] Implementing memory 'top_do_conv_spatial_CONV_SPATIAL_WEIGHT_37_1_0_ROM_AUTO_1R' using auto ROMs.
INFO: [RTMG 210-279] Implementing memory 'top_do_conv_spatial_CONV_SPATIAL_WEIGHT_37_2_0_ROM_AUTO_1R' using auto ROMs.
INFO: [RTMG 210-279] Implementing memory 'top_do_conv_spatial_CONV_SPATIAL_WEIGHT_37_3_0_ROM_AUTO_1R' using auto ROMs.
INFO: [RTMG 210-279] Implementing memory 'top_do_conv_spatial_CONV_SPATIAL_WEIGHT_37_4_0_ROM_AUTO_1R' using auto ROMs.
INFO: [RTMG 210-279] Implementing memory 'top_do_conv_spatial_CONV_SPATIAL_WEIGHT_37_5_0_ROM_AUTO_1R' using auto ROMs.
INFO: [RTMG 210-279] Implementing memory 'top_do_conv_spatial_CONV_SPATIAL_WEIGHT_37_6_0_ROM_AUTO_1R' using auto ROMs.
INFO: [RTMG 210-279] Implementing memory 'top_do_conv_spatial_CONV_SPATIAL_WEIGHT_37_7_0_ROM_AUTO_1R' using auto ROMs.
INFO: [RTMG 210-279] Implementing memory 'top_do_conv_spatial_CONV_SPATIAL_WEIGHT_37_8_0_ROM_AUTO_1R' using auto ROMs.
INFO: [RTMG 210-279] Implementing memory 'top_do_conv_spatial_CONV_SPATIAL_WEIGHT_37_9_0_ROM_AUTO_1R' using auto ROMs.
INFO: [RTMG 210-279] Implementing memory 'top_do_conv_spatial_CONV_SPATIAL_WEIGHT_37_10_0_ROM_AUTO_1R' using auto ROMs.
INFO: [RTMG 210-279] Implementing memory 'top_do_conv_spatial_CONV_SPATIAL_WEIGHT_37_11_0_ROM_AUTO_1R' using auto ROMs.
INFO: [RTMG 210-279] Implementing memory 'top_do_conv_spatial_CONV_SPATIAL_WEIGHT_37_12_0_ROM_AUTO_1R' using auto ROMs.
INFO: [RTMG 210-279] Implementing memory 'top_do_conv_spatial_CONV_SPATIAL_WEIGHT_37_13_0_ROM_AUTO_1R' using auto ROMs.
INFO: [RTMG 210-279] Implementing memory 'top_do_conv_spatial_CONV_SPATIAL_WEIGHT_37_14_0_ROM_AUTO_1R' using auto ROMs.
INFO: [RTMG 210-279] Implementing memory 'top_do_conv_spatial_CONV_SPATIAL_WEIGHT_38_0_0_ROM_AUTO_1R' using auto ROMs.
INFO: [RTMG 210-279] Implementing memory 'top_do_conv_spatial_CONV_SPATIAL_WEIGHT_38_1_0_ROM_AUTO_1R' using auto ROMs.
INFO: [RTMG 210-279] Implementing memory 'top_do_conv_spatial_CONV_SPATIAL_WEIGHT_38_2_0_ROM_AUTO_1R' using auto ROMs.
INFO: [RTMG 210-279] Implementing memory 'top_do_conv_spatial_CONV_SPATIAL_WEIGHT_38_3_0_ROM_AUTO_1R' using auto ROMs.
INFO: [RTMG 210-279] Implementing memory 'top_do_conv_spatial_CONV_SPATIAL_WEIGHT_38_4_0_ROM_AUTO_1R' using auto ROMs.
INFO: [RTMG 210-279] Implementing memory 'top_do_conv_spatial_CONV_SPATIAL_WEIGHT_38_5_0_ROM_AUTO_1R' using auto ROMs.
INFO: [RTMG 210-279] Implementing memory 'top_do_conv_spatial_CONV_SPATIAL_WEIGHT_38_6_0_ROM_AUTO_1R' using auto ROMs.
INFO: [RTMG 210-279] Implementing memory 'top_do_conv_spatial_CONV_SPATIAL_WEIGHT_38_7_0_ROM_AUTO_1R' using auto ROMs.
INFO: [RTMG 210-279] Implementing memory 'top_do_conv_spatial_CONV_SPATIAL_WEIGHT_38_8_0_ROM_AUTO_1R' using auto ROMs.
INFO: [RTMG 210-279] Implementing memory 'top_do_conv_spatial_CONV_SPATIAL_WEIGHT_38_9_0_ROM_AUTO_1R' using auto ROMs.
INFO: [RTMG 210-279] Implementing memory 'top_do_conv_spatial_CONV_SPATIAL_WEIGHT_38_10_0_ROM_AUTO_1R' using auto ROMs.
INFO: [RTMG 210-279] Implementing memory 'top_do_conv_spatial_CONV_SPATIAL_WEIGHT_38_11_0_ROM_AUTO_1R' using auto ROMs.
INFO: [RTMG 210-279] Implementing memory 'top_do_conv_spatial_CONV_SPATIAL_WEIGHT_38_12_0_ROM_AUTO_1R' using auto ROMs.
INFO: [RTMG 210-279] Implementing memory 'top_do_conv_spatial_CONV_SPATIAL_WEIGHT_38_13_0_ROM_AUTO_1R' using auto ROMs.
INFO: [RTMG 210-279] Implementing memory 'top_do_conv_spatial_CONV_SPATIAL_WEIGHT_38_14_0_ROM_AUTO_1R' using auto ROMs.
INFO: [RTMG 210-279] Implementing memory 'top_do_conv_spatial_CONV_SPATIAL_WEIGHT_39_0_0_ROM_AUTO_1R' using auto ROMs.
INFO: [RTMG 210-279] Implementing memory 'top_do_conv_spatial_CONV_SPATIAL_WEIGHT_39_1_0_ROM_AUTO_1R' using auto ROMs.
INFO: [RTMG 210-279] Implementing memory 'top_do_conv_spatial_CONV_SPATIAL_WEIGHT_39_2_0_ROM_AUTO_1R' using auto ROMs.
INFO: [RTMG 210-279] Implementing memory 'top_do_conv_spatial_CONV_SPATIAL_WEIGHT_39_3_0_ROM_AUTO_1R' using auto ROMs.
INFO: [RTMG 210-279] Implementing memory 'top_do_conv_spatial_CONV_SPATIAL_WEIGHT_39_4_0_ROM_AUTO_1R' using auto ROMs.
INFO: [RTMG 210-279] Implementing memory 'top_do_conv_spatial_CONV_SPATIAL_WEIGHT_39_5_0_ROM_AUTO_1R' using auto ROMs.
INFO: [RTMG 210-279] Implementing memory 'top_do_conv_spatial_CONV_SPATIAL_WEIGHT_39_6_0_ROM_AUTO_1R' using auto ROMs.
INFO: [RTMG 210-279] Implementing memory 'top_do_conv_spatial_CONV_SPATIAL_WEIGHT_39_7_0_ROM_AUTO_1R' using auto ROMs.
INFO: [RTMG 210-279] Implementing memory 'top_do_conv_spatial_CONV_SPATIAL_WEIGHT_39_8_0_ROM_AUTO_1R' using auto ROMs.
INFO: [RTMG 210-279] Implementing memory 'top_do_conv_spatial_CONV_SPATIAL_WEIGHT_39_9_0_ROM_AUTO_1R' using auto ROMs.
INFO: [RTMG 210-279] Implementing memory 'top_do_conv_spatial_CONV_SPATIAL_WEIGHT_39_10_0_ROM_AUTO_1R' using auto ROMs.
INFO: [RTMG 210-279] Implementing memory 'top_do_conv_spatial_CONV_SPATIAL_WEIGHT_39_11_0_ROM_AUTO_1R' using auto ROMs.
INFO: [RTMG 210-279] Implementing memory 'top_do_conv_spatial_CONV_SPATIAL_WEIGHT_39_12_0_ROM_AUTO_1R' using auto ROMs.
INFO: [RTMG 210-279] Implementing memory 'top_do_conv_spatial_CONV_SPATIAL_WEIGHT_39_13_0_ROM_AUTO_1R' using auto ROMs.
INFO: [RTMG 210-279] Implementing memory 'top_do_conv_spatial_CONV_SPATIAL_WEIGHT_39_14_0_ROM_AUTO_1R' using auto ROMs.
INFO: [RTMG 210-278] Implementing memory 'top_do_conv_spatial_buf_V_RAM_2P_BRAM_2R1W_ram (RAM_2P_BRAM)' using block RAMs.
INFO: [HLS 200-111] Finished Generating all RTL models: CPU user time: 58.18 seconds. CPU system time: 1.13 seconds. Elapsed time: 59.32 seconds; current allocated memory: 1.238 GB.
INFO: [HLS 200-111] Finished Updating report files: CPU user time: 4.56 seconds. CPU system time: 0.06 seconds. Elapsed time: 4.62 seconds; current allocated memory: 1.285 GB.
INFO: [VHDL 208-304] Generating VHDL RTL for top.
INFO: [VLOG 209-307] Generating Verilog RTL for top.
INFO: [HLS 200-790] **** Loop Constraint Status: All loop constraints were satisfied.
INFO: [HLS 200-789] **** Estimated Fmax: 308.74 MHz
INFO: [HLS 200-111] Finished Command csynth_design CPU user time: 987.26 seconds. CPU system time: 7.95 seconds. Elapsed time: 994.31 seconds; current allocated memory: -174.945 MB.
INFO: [HLS 200-1510] Running: export_design -description CONV_SPATIAL_DESC -display_name CONV_SPATIAL_DISP -flow syn -library HLS -vendor PKU -version 1.0 -taxonomy IP Core -output export_ip/CONV_SPATIAL -ipname CONV_SPATIAL 
INFO: [IMPL 213-8] Exporting RTL as a Vivado IP.

****** Vivado v2022.1 (64-bit)
  **** SW Build 3526262 on Mon Apr 18 15:47:01 MDT 2022
  **** IP Build 3524634 on Mon Apr 18 20:55:01 MDT 2022
    ** Copyright 1986-2022 Xilinx, Inc. All Rights Reserved.

source run_ippack.tcl -notrace
INFO: [IP_Flow 19-234] Refreshing IP repositories
INFO: [IP_Flow 19-1704] No user IP repositories specified
INFO: [IP_Flow 19-2313] Loaded Vivado IP repository '/data/home/songqiangxu/Xilinx/2022.1/Vivado/2022.1/data/ip'.
WARNING: [IP_Flow 19-4832] The IP name 'top_fadd_32ns_32ns_32_12_no_dsp_1_ip' you have specified is long. The Windows operating system has path length limitations. It is recommended you use shorter names to reduce the likelihood of issues.
INFO: [IP_Flow 19-1686] Generating 'Synthesis' target for IP 'top_fadd_32ns_32ns_32_12_no_dsp_1_ip'...
INFO: [IP_Flow 19-1686] Generating 'Simulation' target for IP 'top_fadd_32ns_32ns_32_12_no_dsp_1_ip'...
WARNING: [IP_Flow 19-4832] The IP name 'top_fcmp_32ns_32ns_1_4_no_dsp_1_ip' you have specified is long. The Windows operating system has path length limitations. It is recommended you use shorter names to reduce the likelihood of issues.
INFO: [IP_Flow 19-1686] Generating 'Synthesis' target for IP 'top_fcmp_32ns_32ns_1_4_no_dsp_1_ip'...
INFO: [IP_Flow 19-1686] Generating 'Simulation' target for IP 'top_fcmp_32ns_32ns_1_4_no_dsp_1_ip'...
WARNING: [IP_Flow 19-4832] The IP name 'top_fmul_32ns_32ns_32_8_max_dsp_1_ip' you have specified is long. The Windows operating system has path length limitations. It is recommended you use shorter names to reduce the likelihood of issues.
INFO: [IP_Flow 19-1686] Generating 'Synthesis' target for IP 'top_fmul_32ns_32ns_32_8_max_dsp_1_ip'...
INFO: [IP_Flow 19-1686] Generating 'Simulation' target for IP 'top_fmul_32ns_32ns_32_8_max_dsp_1_ip'...
WARNING: [IP_Flow 19-4832] The IP name 'top_fsub_32ns_32ns_32_12_no_dsp_1_ip' you have specified is long. The Windows operating system has path length limitations. It is recommended you use shorter names to reduce the likelihood of issues.
INFO: [IP_Flow 19-1686] Generating 'Synthesis' target for IP 'top_fsub_32ns_32ns_32_12_no_dsp_1_ip'...
INFO: [IP_Flow 19-1686] Generating 'Simulation' target for IP 'top_fsub_32ns_32ns_32_12_no_dsp_1_ip'...
WARNING: [IP_Flow 19-4832] The IP name 'top_sitofp_32ns_32_7_no_dsp_1_ip' you have specified is long. The Windows operating system has path length limitations. It is recommended you use shorter names to reduce the likelihood of issues.
INFO: [IP_Flow 19-1686] Generating 'Synthesis' target for IP 'top_sitofp_32ns_32_7_no_dsp_1_ip'...
INFO: [IP_Flow 19-1686] Generating 'Simulation' target for IP 'top_sitofp_32ns_32_7_no_dsp_1_ip'...
WARNING: [IP_Flow 19-4832] The IP name 'top_sitofp_32s_32_7_no_dsp_1_ip' you have specified is long. The Windows operating system has path length limitations. It is recommended you use shorter names to reduce the likelihood of issues.
INFO: [IP_Flow 19-1686] Generating 'Synthesis' target for IP 'top_sitofp_32s_32_7_no_dsp_1_ip'...
INFO: [IP_Flow 19-1686] Generating 'Simulation' target for IP 'top_sitofp_32s_32_7_no_dsp_1_ip'...
INFO: [IP_Flow 19-234] Refreshing IP repositories
INFO: [IP_Flow 19-1704] No user IP repositories specified
INFO: [IP_Flow 19-2313] Loaded Vivado IP repository '/data/home/songqiangxu/Xilinx/2022.1/Vivado/2022.1/data/ip'.
INFO: [Common 17-206] Exiting Vivado at Tue May  5 16:03:38 2026...
INFO: [IMPL 213-8] Starting RTL evaluation using Vivado ...

****** Vivado v2022.1 (64-bit)
  **** SW Build 3526262 on Mon Apr 18 15:47:01 MDT 2022
  **** IP Build 3524634 on Mon Apr 18 20:55:01 MDT 2022
    ** Copyright 1986-2022 Xilinx, Inc. All Rights Reserved.

source run_vivadosyn.tcl
# source ./settings.tcl
## set top_module top
## set language verilog
## set family kintex7
## set device xc7k325t
## set package -ffg900
## set speed -2
## set clock ap_clk
## set fsm_ext "off"
## set add_io_buffers false ;
# source -notrace ./extraction.tcl
# set vivado_proj_name project
# set vivado_proj_dir .
# set target_device "${device}${package}${speed}"
# set target_clk_period_ns "2.5"
# set target_clk_freq_hz [expr {floor(1000 / $target_clk_period_ns) * 1000000}]
# set ip_vlnv PKU:HLS:CONV_SPATIAL:1.0
# set ip_repo_path ../ip
# set bd_design_name bd_0
# set bd_inst_name hls_inst
# set bd_props {}
# set has_synth true
# set synth_design_args {-directive sdx_optimization_effort_high}
# set synth_dcp ""
# set synth_props {}
# set has_impl false
# set impl_props {}
# set report_options [dict create]
# dict set report_options report_level 2
# dict set report_options report_max_paths 10
# dict set report_options stdout_hls_reports 1
# dict set report_options stdout_vivado_reports 0
# dict set report_options hls_project work
# dict set report_options hls_solution solution
# dict set report_options has_synth $has_synth
# dict set report_options has_impl $has_impl
# dict set report_options vivado_reportbasename $top_module
# dict set report_options vivado_reportdir ./report
# dict set report_options hls_impl_dir ..
# dict set report_options hls_reportdir ../report/$language
# dict set report_options target_clk_period $target_clk_period_ns
# dict set report_options target_device $target_device
# dict set report_options language $language
# dict set report_options clock_name $clock
# dict set report_options error_if_impl_timing_fails false
# dict set report_options bindmodules {top_lshr_3280ns_12ns_3280_7_1 top_flow_control_loop_pipe_sequential_init top_fadd_32ns_32ns_32_12_no_dsp_1 top_fsub_32ns_32ns_32_12_no_dsp_1 top_fmul_32ns_32ns_32_8_max_dsp_1 top_sitofp_32s_32_7_no_dsp_1 top_sitofp_32ns_32_7_no_dsp_1 top_fcmp_32ns_32ns_1_4_no_dsp_1 top_mul_9s_7s_14_4_1 top_mul_9s_6s_15_4_1 top_mul_9s_7s_15_4_1 top_mul_9s_7s_16_4_1 top_mul_9s_8s_15_4_1 top_mul_9s_8s_16_4_1 top_mul_9s_8s_17_4_1 top_lshr_79ns_32ns_79_4_1 top_shl_79ns_32ns_79_4_1 top_shl_3280ns_12ns_3280_2_1 top_mac_muladd_9s_6s_14s_15_4_1 top_mac_muladd_9s_7s_15s_15_4_1 top_mac_muladd_9s_7s_16s_16_4_1 top_mac_muladd_9s_6s_16s_16_4_1 top_mac_muladd_9s_6s_15s_15_4_1 top_mac_muladd_9s_8s_16s_16_4_1 top_mac_muladd_9s_6s_17s_17_4_1 top_mac_muladd_9s_8s_17s_17_4_1 top_mac_muladd_9s_7s_16s_17_4_1 top_mac_muladd_9s_6s_15s_16_4_1 top_mac_muladd_9s_7s_15s_16_4_1 top_mac_muladd_9s_7s_16ns_16_4_1 top_mac_muladd_9s_6s_15ns_15_4_1 top_mac_muladd_9s_8s_16s_17_4_1 top_mac_muladd_9s_7s_17s_17_4_1 top_do_conv_spatial_CONV_SPATIAL_BIAS_ROM_AUTO_1R top_do_conv_spatial_CONV_SPATIAL_WEIGHT_0_0_0_ROM_AUTO_1R top_do_conv_spatial_CONV_SPATIAL_WEIGHT_0_1_0_ROM_AUTO_1R top_do_conv_spatial_CONV_SPATIAL_WEIGHT_0_2_0_ROM_AUTO_1R top_do_conv_spatial_CONV_SPATIAL_WEIGHT_0_3_0_ROM_AUTO_1R top_do_conv_spatial_CONV_SPATIAL_WEIGHT_0_4_0_ROM_AUTO_1R top_do_conv_spatial_CONV_SPATIAL_WEIGHT_0_5_0_ROM_AUTO_1R top_do_conv_spatial_CONV_SPATIAL_WEIGHT_0_6_0_ROM_AUTO_1R top_do_conv_spatial_CONV_SPATIAL_WEIGHT_0_7_0_ROM_AUTO_1R top_do_conv_spatial_CONV_SPATIAL_WEIGHT_0_8_0_ROM_AUTO_1R top_do_conv_spatial_CONV_SPATIAL_WEIGHT_0_9_0_ROM_AUTO_1R top_do_conv_spatial_CONV_SPATIAL_WEIGHT_0_10_0_ROM_AUTO_1R top_do_conv_spatial_CONV_SPATIAL_WEIGHT_0_11_0_ROM_AUTO_1R top_do_conv_spatial_CONV_SPATIAL_WEIGHT_0_12_0_ROM_AUTO_1R top_do_conv_spatial_CONV_SPATIAL_WEIGHT_0_13_0_ROM_AUTO_1R top_do_conv_spatial_CONV_SPATIAL_WEIGHT_0_14_0_ROM_AUTO_1R top_do_conv_spatial_CONV_SPATIAL_WEIGHT_1_0_0_ROM_AUTO_1R top_do_conv_spatial_CONV_SPATIAL_WEIGHT_1_1_0_ROM_AUTO_1R top_do_conv_spatial_CONV_SPATIAL_WEIGHT_1_2_0_ROM_AUTO_1R top_do_conv_spatial_CONV_SPATIAL_WEIGHT_1_3_0_ROM_AUTO_1R top_do_conv_spatial_CONV_SPATIAL_WEIGHT_1_4_0_ROM_AUTO_1R top_do_conv_spatial_CONV_SPATIAL_WEIGHT_1_5_0_ROM_AUTO_1R top_do_conv_spatial_CONV_SPATIAL_WEIGHT_1_6_0_ROM_AUTO_1R top_do_conv_spatial_CONV_SPATIAL_WEIGHT_1_7_0_ROM_AUTO_1R top_do_conv_spatial_CONV_SPATIAL_WEIGHT_1_8_0_ROM_AUTO_1R top_do_conv_spatial_CONV_SPATIAL_WEIGHT_1_9_0_ROM_AUTO_1R top_do_conv_spatial_CONV_SPATIAL_WEIGHT_1_10_0_ROM_AUTO_1R top_do_conv_spatial_CONV_SPATIAL_WEIGHT_1_11_0_ROM_AUTO_1R top_do_conv_spatial_CONV_SPATIAL_WEIGHT_1_12_0_ROM_AUTO_1R top_do_conv_spatial_CONV_SPATIAL_WEIGHT_1_13_0_ROM_AUTO_1R top_do_conv_spatial_CONV_SPATIAL_WEIGHT_1_14_0_ROM_AUTO_1R top_do_conv_spatial_CONV_SPATIAL_WEIGHT_2_0_0_ROM_AUTO_1R top_do_conv_spatial_CONV_SPATIAL_WEIGHT_2_1_0_ROM_AUTO_1R top_do_conv_spatial_CONV_SPATIAL_WEIGHT_2_2_0_ROM_AUTO_1R top_do_conv_spatial_CONV_SPATIAL_WEIGHT_2_3_0_ROM_AUTO_1R top_do_conv_spatial_CONV_SPATIAL_WEIGHT_2_4_0_ROM_AUTO_1R top_do_conv_spatial_CONV_SPATIAL_WEIGHT_2_5_0_ROM_AUTO_1R top_do_conv_spatial_CONV_SPATIAL_WEIGHT_2_6_0_ROM_AUTO_1R top_do_conv_spatial_CONV_SPATIAL_WEIGHT_2_7_0_ROM_AUTO_1R top_do_conv_spatial_CONV_SPATIAL_WEIGHT_2_8_0_ROM_AUTO_1R top_do_conv_spatial_CONV_SPATIAL_WEIGHT_2_9_0_ROM_AUTO_1R top_do_conv_spatial_CONV_SPATIAL_WEIGHT_2_10_0_ROM_AUTO_1R top_do_conv_spatial_CONV_SPATIAL_WEIGHT_2_11_0_ROM_AUTO_1R top_do_conv_spatial_CONV_SPATIAL_WEIGHT_2_12_0_ROM_AUTO_1R top_do_conv_spatial_CONV_SPATIAL_WEIGHT_2_13_0_ROM_AUTO_1R top_do_conv_spatial_CONV_SPATIAL_WEIGHT_2_14_0_ROM_AUTO_1R top_do_conv_spatial_CONV_SPATIAL_WEIGHT_3_0_0_ROM_AUTO_1R top_do_conv_spatial_CONV_SPATIAL_WEIGHT_3_1_0_ROM_AUTO_1R top_do_conv_spatial_CONV_SPATIAL_WEIGHT_3_2_0_ROM_AUTO_1R top_do_conv_spatial_CONV_SPATIAL_WEIGHT_3_3_0_ROM_AUTO_1R top_do_conv_spatial_CONV_SPATIAL_WEIGHT_3_4_0_ROM_AUTO_1R top_do_conv_spatial_CONV_SPATIAL_WEIGHT_3_5_0_ROM_AUTO_1R top_do_conv_spatial_CONV_SPATIAL_WEIGHT_3_6_0_ROM_AUTO_1R top_do_conv_spatial_CONV_SPATIAL_WEIGHT_3_7_0_ROM_AUTO_1R top_do_conv_spatial_CONV_SPATIAL_WEIGHT_3_8_0_ROM_AUTO_1R top_do_conv_spatial_CONV_SPATIAL_WEIGHT_3_9_0_ROM_AUTO_1R top_do_conv_spatial_CONV_SPATIAL_WEIGHT_3_10_0_ROM_AUTO_1R top_do_conv_spatial_CONV_SPATIAL_WEIGHT_3_11_0_ROM_AUTO_1R top_do_conv_spatial_CONV_SPATIAL_WEIGHT_3_12_0_ROM_AUTO_1R top_do_conv_spatial_CONV_SPATIAL_WEIGHT_3_13_0_ROM_AUTO_1R top_do_conv_spatial_CONV_SPATIAL_WEIGHT_3_14_0_ROM_AUTO_1R top_do_conv_spatial_CONV_SPATIAL_WEIGHT_4_0_0_ROM_AUTO_1R top_do_conv_spatial_CONV_SPATIAL_WEIGHT_4_1_0_ROM_AUTO_1R top_do_conv_spatial_CONV_SPATIAL_WEIGHT_4_2_0_ROM_AUTO_1R top_do_conv_spatial_CONV_SPATIAL_WEIGHT_4_3_0_ROM_AUTO_1R top_do_conv_spatial_CONV_SPATIAL_WEIGHT_4_4_0_ROM_AUTO_1R top_do_conv_spatial_CONV_SPATIAL_WEIGHT_4_5_0_ROM_AUTO_1R top_do_conv_spatial_CONV_SPATIAL_WEIGHT_4_6_0_ROM_AUTO_1R top_do_conv_spatial_CONV_SPATIAL_WEIGHT_4_7_0_ROM_AUTO_1R top_do_conv_spatial_CONV_SPATIAL_WEIGHT_4_8_0_ROM_AUTO_1R top_do_conv_spatial_CONV_SPATIAL_WEIGHT_4_9_0_ROM_AUTO_1R top_do_conv_spatial_CONV_SPATIAL_WEIGHT_4_10_0_ROM_AUTO_1R top_do_conv_spatial_CONV_SPATIAL_WEIGHT_4_11_0_ROM_AUTO_1R top_do_conv_spatial_CONV_SPATIAL_WEIGHT_4_12_0_ROM_AUTO_1R top_do_conv_spatial_CONV_SPATIAL_WEIGHT_4_13_0_ROM_AUTO_1R top_do_conv_spatial_CONV_SPATIAL_WEIGHT_4_14_0_ROM_AUTO_1R top_do_conv_spatial_CONV_SPATIAL_WEIGHT_5_0_0_ROM_AUTO_1R top_do_conv_spatial_CONV_SPATIAL_WEIGHT_5_1_0_ROM_AUTO_1R top_do_conv_spatial_CONV_SPATIAL_WEIGHT_5_2_0_ROM_AUTO_1R top_do_conv_spatial_CONV_SPATIAL_WEIGHT_5_3_0_ROM_AUTO_1R top_do_conv_spatial_CONV_SPATIAL_WEIGHT_5_4_0_ROM_AUTO_1R top_do_conv_spatial_CONV_SPATIAL_WEIGHT_5_5_0_ROM_AUTO_1R top_do_conv_spatial_CONV_SPATIAL_WEIGHT_5_6_0_ROM_AUTO_1R top_do_conv_spatial_CONV_SPATIAL_WEIGHT_5_7_0_ROM_AUTO_1R top_do_conv_spatial_CONV_SPATIAL_WEIGHT_5_8_0_ROM_AUTO_1R top_do_conv_spatial_CONV_SPATIAL_WEIGHT_5_9_0_ROM_AUTO_1R top_do_conv_spatial_CONV_SPATIAL_WEIGHT_5_10_0_ROM_AUTO_1R top_do_conv_spatial_CONV_SPATIAL_WEIGHT_5_11_0_ROM_AUTO_1R top_do_conv_spatial_CONV_SPATIAL_WEIGHT_5_12_0_ROM_AUTO_1R top_do_conv_spatial_CONV_SPATIAL_WEIGHT_5_13_0_ROM_AUTO_1R top_do_conv_spatial_CONV_SPATIAL_WEIGHT_5_14_0_ROM_AUTO_1R top_do_conv_spatial_CONV_SPATIAL_WEIGHT_6_0_0_ROM_AUTO_1R top_do_conv_spatial_CONV_SPATIAL_WEIGHT_6_1_0_ROM_AUTO_1R top_do_conv_spatial_CONV_SPATIAL_WEIGHT_6_2_0_ROM_AUTO_1R top_do_conv_spatial_CONV_SPATIAL_WEIGHT_6_3_0_ROM_AUTO_1R top_do_conv_spatial_CONV_SPATIAL_WEIGHT_6_4_0_ROM_AUTO_1R top_do_conv_spatial_CONV_SPATIAL_WEIGHT_6_5_0_ROM_AUTO_1R top_do_conv_spatial_CONV_SPATIAL_WEIGHT_6_6_0_ROM_AUTO_1R top_do_conv_spatial_CONV_SPATIAL_WEIGHT_6_7_0_ROM_AUTO_1R top_do_conv_spatial_CONV_SPATIAL_WEIGHT_6_8_0_ROM_AUTO_1R top_do_conv_spatial_CONV_SPATIAL_WEIGHT_6_9_0_ROM_AUTO_1R top_do_conv_spatial_CONV_SPATIAL_WEIGHT_6_10_0_ROM_AUTO_1R top_do_conv_spatial_CONV_SPATIAL_WEIGHT_6_11_0_ROM_AUTO_1R top_do_conv_spatial_CONV_SPATIAL_WEIGHT_6_12_0_ROM_AUTO_1R top_do_conv_spatial_CONV_SPATIAL_WEIGHT_6_13_0_ROM_AUTO_1R top_do_conv_spatial_CONV_SPATIAL_WEIGHT_6_14_0_ROM_AUTO_1R top_do_conv_spatial_CONV_SPATIAL_WEIGHT_7_0_0_ROM_AUTO_1R top_do_conv_spatial_CONV_SPATIAL_WEIGHT_7_1_0_ROM_AUTO_1R top_do_conv_spatial_CONV_SPATIAL_WEIGHT_7_2_0_ROM_AUTO_1R top_do_conv_spatial_CONV_SPATIAL_WEIGHT_7_3_0_ROM_AUTO_1R top_do_conv_spatial_CONV_SPATIAL_WEIGHT_7_4_0_ROM_AUTO_1R top_do_conv_spatial_CONV_SPATIAL_WEIGHT_7_5_0_ROM_AUTO_1R top_do_conv_spatial_CONV_SPATIAL_WEIGHT_7_6_0_ROM_AUTO_1R top_do_conv_spatial_CONV_SPATIAL_WEIGHT_7_7_0_ROM_AUTO_1R top_do_conv_spatial_CONV_SPATIAL_WEIGHT_7_8_0_ROM_AUTO_1R top_do_conv_spatial_CONV_SPATIAL_WEIGHT_7_9_0_ROM_AUTO_1R top_do_conv_spatial_CONV_SPATIAL_WEIGHT_7_10_0_ROM_AUTO_1R top_do_conv_spatial_CONV_SPATIAL_WEIGHT_7_11_0_ROM_AUTO_1R top_do_conv_spatial_CONV_SPATIAL_WEIGHT_7_12_0_ROM_AUTO_1R top_do_conv_spatial_CONV_SPATIAL_WEIGHT_7_13_0_ROM_AUTO_1R top_do_conv_spatial_CONV_SPATIAL_WEIGHT_7_14_0_ROM_AUTO_1R top_do_conv_spatial_CONV_SPATIAL_WEIGHT_8_0_0_ROM_AUTO_1R top_do_conv_spatial_CONV_SPATIAL_WEIGHT_8_1_0_ROM_AUTO_1R top_do_conv_spatial_CONV_SPATIAL_WEIGHT_8_2_0_ROM_AUTO_1R top_do_conv_spatial_CONV_SPATIAL_WEIGHT_8_3_0_ROM_AUTO_1R top_do_conv_spatial_CONV_SPATIAL_WEIGHT_8_4_0_ROM_AUTO_1R top_do_conv_spatial_CONV_SPATIAL_WEIGHT_8_5_0_ROM_AUTO_1R top_do_conv_spatial_CONV_SPATIAL_WEIGHT_8_6_0_ROM_AUTO_1R top_do_conv_spatial_CONV_SPATIAL_WEIGHT_8_7_0_ROM_AUTO_1R top_do_conv_spatial_CONV_SPATIAL_WEIGHT_8_8_0_ROM_AUTO_1R top_do_conv_spatial_CONV_SPATIAL_WEIGHT_8_9_0_ROM_AUTO_1R top_do_conv_spatial_CONV_SPATIAL_WEIGHT_8_10_0_ROM_AUTO_1R top_do_conv_spatial_CONV_SPATIAL_WEIGHT_8_11_0_ROM_AUTO_1R top_do_conv_spatial_CONV_SPATIAL_WEIGHT_8_12_0_ROM_AUTO_1R top_do_conv_spatial_CONV_SPATIAL_WEIGHT_8_13_0_ROM_AUTO_1R top_do_conv_spatial_CONV_SPATIAL_WEIGHT_8_14_0_ROM_AUTO_1R top_do_conv_spatial_CONV_SPATIAL_WEIGHT_9_0_0_ROM_AUTO_1R top_do_conv_spatial_CONV_SPATIAL_WEIGHT_9_1_0_ROM_AUTO_1R top_do_conv_spatial_CONV_SPATIAL_WEIGHT_9_2_0_ROM_AUTO_1R top_do_conv_spatial_CONV_SPATIAL_WEIGHT_9_3_0_ROM_AUTO_1R top_do_conv_spatial_CONV_SPATIAL_WEIGHT_9_4_0_ROM_AUTO_1R top_do_conv_spatial_CONV_SPATIAL_WEIGHT_9_5_0_ROM_AUTO_1R top_do_conv_spatial_CONV_SPATIAL_WEIGHT_9_6_0_ROM_AUTO_1R top_do_conv_spatial_CONV_SPATIAL_WEIGHT_9_7_0_ROM_AUTO_1R top_do_conv_spatial_CONV_SPATIAL_WEIGHT_9_8_0_ROM_AUTO_1R top_do_conv_spatial_CONV_SPATIAL_WEIGHT_9_9_0_ROM_AUTO_1R top_do_conv_spatial_CONV_SPATIAL_WEIGHT_9_10_0_ROM_AUTO_1R top_do_conv_spatial_CONV_SPATIAL_WEIGHT_9_11_0_ROM_AUTO_1R top_do_conv_spatial_CONV_SPATIAL_WEIGHT_9_12_0_ROM_AUTO_1R top_do_conv_spatial_CONV_SPATIAL_WEIGHT_9_13_0_ROM_AUTO_1R top_do_conv_spatial_CONV_SPATIAL_WEIGHT_9_14_0_ROM_AUTO_1R top_do_conv_spatial_CONV_SPATIAL_WEIGHT_10_0_0_ROM_AUTO_1R top_do_conv_spatial_CONV_SPATIAL_WEIGHT_10_1_0_ROM_AUTO_1R top_do_conv_spatial_CONV_SPATIAL_WEIGHT_10_2_0_ROM_AUTO_1R top_do_conv_spatial_CONV_SPATIAL_WEIGHT_10_3_0_ROM_AUTO_1R top_do_conv_spatial_CONV_SPATIAL_WEIGHT_10_4_0_ROM_AUTO_1R top_do_conv_spatial_CONV_SPATIAL_WEIGHT_10_5_0_ROM_AUTO_1R top_do_conv_spatial_CONV_SPATIAL_WEIGHT_10_6_0_ROM_AUTO_1R top_do_conv_spatial_CONV_SPATIAL_WEIGHT_10_7_0_ROM_AUTO_1R top_do_conv_spatial_CONV_SPATIAL_WEIGHT_10_8_0_ROM_AUTO_1R top_do_conv_spatial_CONV_SPATIAL_WEIGHT_10_9_0_ROM_AUTO_1R top_do_conv_spatial_CONV_SPATIAL_WEIGHT_10_10_0_ROM_AUTO_1R top_do_conv_spatial_CONV_SPATIAL_WEIGHT_10_11_0_ROM_AUTO_1R top_do_conv_spatial_CONV_SPATIAL_WEIGHT_10_12_0_ROM_AUTO_1R top_do_conv_spatial_CONV_SPATIAL_WEIGHT_10_13_0_ROM_AUTO_1R top_do_conv_spatial_CONV_SPATIAL_WEIGHT_10_14_0_ROM_AUTO_1R top_do_conv_spatial_CONV_SPATIAL_WEIGHT_11_0_0_ROM_AUTO_1R top_do_conv_spatial_CONV_SPATIAL_WEIGHT_11_1_0_ROM_AUTO_1R top_do_conv_spatial_CONV_SPATIAL_WEIGHT_11_2_0_ROM_AUTO_1R top_do_conv_spatial_CONV_SPATIAL_WEIGHT_11_3_0_ROM_AUTO_1R top_do_conv_spatial_CONV_SPATIAL_WEIGHT_11_4_0_ROM_AUTO_1R top_do_conv_spatial_CONV_SPATIAL_WEIGHT_11_5_0_ROM_AUTO_1R top_do_conv_spatial_CONV_SPATIAL_WEIGHT_11_6_0_ROM_AUTO_1R top_do_conv_spatial_CONV_SPATIAL_WEIGHT_11_7_0_ROM_AUTO_1R top_do_conv_spatial_CONV_SPATIAL_WEIGHT_11_8_0_ROM_AUTO_1R top_do_conv_spatial_CONV_SPATIAL_WEIGHT_11_9_0_ROM_AUTO_1R top_do_conv_spatial_CONV_SPATIAL_WEIGHT_11_10_0_ROM_AUTO_1R top_do_conv_spatial_CONV_SPATIAL_WEIGHT_11_11_0_ROM_AUTO_1R top_do_conv_spatial_CONV_SPATIAL_WEIGHT_11_12_0_ROM_AUTO_1R top_do_conv_spatial_CONV_SPATIAL_WEIGHT_11_13_0_ROM_AUTO_1R top_do_conv_spatial_CONV_SPATIAL_WEIGHT_11_14_0_ROM_AUTO_1R top_do_conv_spatial_CONV_SPATIAL_WEIGHT_12_0_0_ROM_AUTO_1R top_do_conv_spatial_CONV_SPATIAL_WEIGHT_12_1_0_ROM_AUTO_1R top_do_conv_spatial_CONV_SPATIAL_WEIGHT_12_2_0_ROM_AUTO_1R top_do_conv_spatial_CONV_SPATIAL_WEIGHT_12_3_0_ROM_AUTO_1R top_do_conv_spatial_CONV_SPATIAL_WEIGHT_12_4_0_ROM_AUTO_1R top_do_conv_spatial_CONV_SPATIAL_WEIGHT_12_5_0_ROM_AUTO_1R top_do_conv_spatial_CONV_SPATIAL_WEIGHT_12_6_0_ROM_AUTO_1R top_do_conv_spatial_CONV_SPATIAL_WEIGHT_12_7_0_ROM_AUTO_1R top_do_conv_spatial_CONV_SPATIAL_WEIGHT_12_8_0_ROM_AUTO_1R top_do_conv_spatial_CONV_SPATIAL_WEIGHT_12_9_0_ROM_AUTO_1R top_do_conv_spatial_CONV_SPATIAL_WEIGHT_12_10_0_ROM_AUTO_1R top_do_conv_spatial_CONV_SPATIAL_WEIGHT_12_11_0_ROM_AUTO_1R top_do_conv_spatial_CONV_SPATIAL_WEIGHT_12_12_0_ROM_AUTO_1R top_do_conv_spatial_CONV_SPATIAL_WEIGHT_12_13_0_ROM_AUTO_1R top_do_conv_spatial_CONV_SPATIAL_WEIGHT_12_14_0_ROM_AUTO_1R top_do_conv_spatial_CONV_SPATIAL_WEIGHT_13_0_0_ROM_AUTO_1R top_do_conv_spatial_CONV_SPATIAL_WEIGHT_13_1_0_ROM_AUTO_1R top_do_conv_spatial_CONV_SPATIAL_WEIGHT_13_2_0_ROM_AUTO_1R top_do_conv_spatial_CONV_SPATIAL_WEIGHT_13_3_0_ROM_AUTO_1R top_do_conv_spatial_CONV_SPATIAL_WEIGHT_13_4_0_ROM_AUTO_1R top_do_conv_spatial_CONV_SPATIAL_WEIGHT_13_5_0_ROM_AUTO_1R top_do_conv_spatial_CONV_SPATIAL_WEIGHT_13_6_0_ROM_AUTO_1R top_do_conv_spatial_CONV_SPATIAL_WEIGHT_13_7_0_ROM_AUTO_1R top_do_conv_spatial_CONV_SPATIAL_WEIGHT_13_8_0_ROM_AUTO_1R top_do_conv_spatial_CONV_SPATIAL_WEIGHT_13_9_0_ROM_AUTO_1R top_do_conv_spatial_CONV_SPATIAL_WEIGHT_13_10_0_ROM_AUTO_1R top_do_conv_spatial_CONV_SPATIAL_WEIGHT_13_11_0_ROM_AUTO_1R top_do_conv_spatial_CONV_SPATIAL_WEIGHT_13_12_0_ROM_AUTO_1R top_do_conv_spatial_CONV_SPATIAL_WEIGHT_13_13_0_ROM_AUTO_1R top_do_conv_spatial_CONV_SPATIAL_WEIGHT_13_14_0_ROM_AUTO_1R top_do_conv_spatial_CONV_SPATIAL_WEIGHT_14_0_0_ROM_AUTO_1R top_do_conv_spatial_CONV_SPATIAL_WEIGHT_14_1_0_ROM_AUTO_1R top_do_conv_spatial_CONV_SPATIAL_WEIGHT_14_2_0_ROM_AUTO_1R top_do_conv_spatial_CONV_SPATIAL_WEIGHT_14_3_0_ROM_AUTO_1R top_do_conv_spatial_CONV_SPATIAL_WEIGHT_14_4_0_ROM_AUTO_1R top_do_conv_spatial_CONV_SPATIAL_WEIGHT_14_5_0_ROM_AUTO_1R top_do_conv_spatial_CONV_SPATIAL_WEIGHT_14_6_0_ROM_AUTO_1R top_do_conv_spatial_CONV_SPATIAL_WEIGHT_14_7_0_ROM_AUTO_1R top_do_conv_spatial_CONV_SPATIAL_WEIGHT_14_8_0_ROM_AUTO_1R top_do_conv_spatial_CONV_SPATIAL_WEIGHT_14_9_0_ROM_AUTO_1R top_do_conv_spatial_CONV_SPATIAL_WEIGHT_14_10_0_ROM_AUTO_1R top_do_conv_spatial_CONV_SPATIAL_WEIGHT_14_11_0_ROM_AUTO_1R top_do_conv_spatial_CONV_SPATIAL_WEIGHT_14_12_0_ROM_AUTO_1R top_do_conv_spatial_CONV_SPATIAL_WEIGHT_14_13_0_ROM_AUTO_1R top_do_conv_spatial_CONV_SPATIAL_WEIGHT_14_14_0_ROM_AUTO_1R top_do_conv_spatial_CONV_SPATIAL_WEIGHT_15_0_0_ROM_AUTO_1R top_do_conv_spatial_CONV_SPATIAL_WEIGHT_15_1_0_ROM_AUTO_1R top_do_conv_spatial_CONV_SPATIAL_WEIGHT_15_2_0_ROM_AUTO_1R top_do_conv_spatial_CONV_SPATIAL_WEIGHT_15_3_0_ROM_AUTO_1R top_do_conv_spatial_CONV_SPATIAL_WEIGHT_15_4_0_ROM_AUTO_1R top_do_conv_spatial_CONV_SPATIAL_WEIGHT_15_5_0_ROM_AUTO_1R top_do_conv_spatial_CONV_SPATIAL_WEIGHT_15_6_0_ROM_AUTO_1R top_do_conv_spatial_CONV_SPATIAL_WEIGHT_15_7_0_ROM_AUTO_1R top_do_conv_spatial_CONV_SPATIAL_WEIGHT_15_8_0_ROM_AUTO_1R top_do_conv_spatial_CONV_SPATIAL_WEIGHT_15_9_0_ROM_AUTO_1R top_do_conv_spatial_CONV_SPATIAL_WEIGHT_15_10_0_ROM_AUTO_1R top_do_conv_spatial_CONV_SPATIAL_WEIGHT_15_11_0_ROM_AUTO_1R top_do_conv_spatial_CONV_SPATIAL_WEIGHT_15_12_0_ROM_AUTO_1R top_do_conv_spatial_CONV_SPATIAL_WEIGHT_15_13_0_ROM_AUTO_1R top_do_conv_spatial_CONV_SPATIAL_WEIGHT_15_14_0_ROM_AUTO_1R top_do_conv_spatial_CONV_SPATIAL_WEIGHT_16_0_0_ROM_AUTO_1R top_do_conv_spatial_CONV_SPATIAL_WEIGHT_16_1_0_ROM_AUTO_1R top_do_conv_spatial_CONV_SPATIAL_WEIGHT_16_2_0_ROM_AUTO_1R top_do_conv_spatial_CONV_SPATIAL_WEIGHT_16_3_0_ROM_AUTO_1R top_do_conv_spatial_CONV_SPATIAL_WEIGHT_16_4_0_ROM_AUTO_1R top_do_conv_spatial_CONV_SPATIAL_WEIGHT_16_5_0_ROM_AUTO_1R top_do_conv_spatial_CONV_SPATIAL_WEIGHT_16_6_0_ROM_AUTO_1R top_do_conv_spatial_CONV_SPATIAL_WEIGHT_16_7_0_ROM_AUTO_1R top_do_conv_spatial_CONV_SPATIAL_WEIGHT_16_8_0_ROM_AUTO_1R top_do_conv_spatial_CONV_SPATIAL_WEIGHT_16_9_0_ROM_AUTO_1R top_do_conv_spatial_CONV_SPATIAL_WEIGHT_16_10_0_ROM_AUTO_1R top_do_conv_spatial_CONV_SPATIAL_WEIGHT_16_11_0_ROM_AUTO_1R top_do_conv_spatial_CONV_SPATIAL_WEIGHT_16_12_0_ROM_AUTO_1R top_do_conv_spatial_CONV_SPATIAL_WEIGHT_16_13_0_ROM_AUTO_1R top_do_conv_spatial_CONV_SPATIAL_WEIGHT_16_14_0_ROM_AUTO_1R top_do_conv_spatial_CONV_SPATIAL_WEIGHT_17_0_0_ROM_AUTO_1R top_do_conv_spatial_CONV_SPATIAL_WEIGHT_17_1_0_ROM_AUTO_1R top_do_conv_spatial_CONV_SPATIAL_WEIGHT_17_2_0_ROM_AUTO_1R top_do_conv_spatial_CONV_SPATIAL_WEIGHT_17_3_0_ROM_AUTO_1R top_do_conv_spatial_CONV_SPATIAL_WEIGHT_17_4_0_ROM_AUTO_1R top_do_conv_spatial_CONV_SPATIAL_WEIGHT_17_5_0_ROM_AUTO_1R top_do_conv_spatial_CONV_SPATIAL_WEIGHT_17_6_0_ROM_AUTO_1R top_do_conv_spatial_CONV_SPATIAL_WEIGHT_17_7_0_ROM_AUTO_1R top_do_conv_spatial_CONV_SPATIAL_WEIGHT_17_8_0_ROM_AUTO_1R top_do_conv_spatial_CONV_SPATIAL_WEIGHT_17_9_0_ROM_AUTO_1R top_do_conv_spatial_CONV_SPATIAL_WEIGHT_17_10_0_ROM_AUTO_1R top_do_conv_spatial_CONV_SPATIAL_WEIGHT_17_11_0_ROM_AUTO_1R top_do_conv_spatial_CONV_SPATIAL_WEIGHT_17_12_0_ROM_AUTO_1R top_do_conv_spatial_CONV_SPATIAL_WEIGHT_17_13_0_ROM_AUTO_1R top_do_conv_spatial_CONV_SPATIAL_WEIGHT_17_14_0_ROM_AUTO_1R top_do_conv_spatial_CONV_SPATIAL_WEIGHT_18_0_0_ROM_AUTO_1R top_do_conv_spatial_CONV_SPATIAL_WEIGHT_18_1_0_ROM_AUTO_1R top_do_conv_spatial_CONV_SPATIAL_WEIGHT_18_2_0_ROM_AUTO_1R top_do_conv_spatial_CONV_SPATIAL_WEIGHT_18_3_0_ROM_AUTO_1R top_do_conv_spatial_CONV_SPATIAL_WEIGHT_18_4_0_ROM_AUTO_1R top_do_conv_spatial_CONV_SPATIAL_WEIGHT_18_5_0_ROM_AUTO_1R top_do_conv_spatial_CONV_SPATIAL_WEIGHT_18_6_0_ROM_AUTO_1R top_do_conv_spatial_CONV_SPATIAL_WEIGHT_18_7_0_ROM_AUTO_1R top_do_conv_spatial_CONV_SPATIAL_WEIGHT_18_8_0_ROM_AUTO_1R top_do_conv_spatial_CONV_SPATIAL_WEIGHT_18_9_0_ROM_AUTO_1R top_do_conv_spatial_CONV_SPATIAL_WEIGHT_18_10_0_ROM_AUTO_1R top_do_conv_spatial_CONV_SPATIAL_WEIGHT_18_11_0_ROM_AUTO_1R top_do_conv_spatial_CONV_SPATIAL_WEIGHT_18_12_0_ROM_AUTO_1R top_do_conv_spatial_CONV_SPATIAL_WEIGHT_18_13_0_ROM_AUTO_1R top_do_conv_spatial_CONV_SPATIAL_WEIGHT_18_14_0_ROM_AUTO_1R top_do_conv_spatial_CONV_SPATIAL_WEIGHT_19_0_0_ROM_AUTO_1R top_do_conv_spatial_CONV_SPATIAL_WEIGHT_19_1_0_ROM_AUTO_1R top_do_conv_spatial_CONV_SPATIAL_WEIGHT_19_2_0_ROM_AUTO_1R top_do_conv_spatial_CONV_SPATIAL_WEIGHT_19_3_0_ROM_AUTO_1R top_do_conv_spatial_CONV_SPATIAL_WEIGHT_19_4_0_ROM_AUTO_1R top_do_conv_spatial_CONV_SPATIAL_WEIGHT_19_5_0_ROM_AUTO_1R top_do_conv_spatial_CONV_SPATIAL_WEIGHT_19_6_0_ROM_AUTO_1R top_do_conv_spatial_CONV_SPATIAL_WEIGHT_19_7_0_ROM_AUTO_1R top_do_conv_spatial_CONV_SPATIAL_WEIGHT_19_8_0_ROM_AUTO_1R top_do_conv_spatial_CONV_SPATIAL_WEIGHT_19_9_0_ROM_AUTO_1R top_do_conv_spatial_CONV_SPATIAL_WEIGHT_19_10_0_ROM_AUTO_1R top_do_conv_spatial_CONV_SPATIAL_WEIGHT_19_11_0_ROM_AUTO_1R top_do_conv_spatial_CONV_SPATIAL_WEIGHT_19_12_0_ROM_AUTO_1R top_do_conv_spatial_CONV_SPATIAL_WEIGHT_19_13_0_ROM_AUTO_1R top_do_conv_spatial_CONV_SPATIAL_WEIGHT_19_14_0_ROM_AUTO_1R top_do_conv_spatial_CONV_SPATIAL_WEIGHT_20_0_0_ROM_AUTO_1R top_do_conv_spatial_CONV_SPATIAL_WEIGHT_20_1_0_ROM_AUTO_1R top_do_conv_spatial_CONV_SPATIAL_WEIGHT_20_2_0_ROM_AUTO_1R top_do_conv_spatial_CONV_SPATIAL_WEIGHT_20_3_0_ROM_AUTO_1R top_do_conv_spatial_CONV_SPATIAL_WEIGHT_20_4_0_ROM_AUTO_1R top_do_conv_spatial_CONV_SPATIAL_WEIGHT_20_5_0_ROM_AUTO_1R top_do_conv_spatial_CONV_SPATIAL_WEIGHT_20_6_0_ROM_AUTO_1R top_do_conv_spatial_CONV_SPATIAL_WEIGHT_20_7_0_ROM_AUTO_1R top_do_conv_spatial_CONV_SPATIAL_WEIGHT_20_8_0_ROM_AUTO_1R top_do_conv_spatial_CONV_SPATIAL_WEIGHT_20_9_0_ROM_AUTO_1R top_do_conv_spatial_CONV_SPATIAL_WEIGHT_20_10_0_ROM_AUTO_1R top_do_conv_spatial_CONV_SPATIAL_WEIGHT_20_11_0_ROM_AUTO_1R top_do_conv_spatial_CONV_SPATIAL_WEIGHT_20_12_0_ROM_AUTO_1R top_do_conv_spatial_CONV_SPATIAL_WEIGHT_20_13_0_ROM_AUTO_1R top_do_conv_spatial_CONV_SPATIAL_WEIGHT_20_14_0_ROM_AUTO_1R top_do_conv_spatial_CONV_SPATIAL_WEIGHT_21_0_0_ROM_AUTO_1R top_do_conv_spatial_CONV_SPATIAL_WEIGHT_21_1_0_ROM_AUTO_1R top_do_conv_spatial_CONV_SPATIAL_WEIGHT_21_2_0_ROM_AUTO_1R top_do_conv_spatial_CONV_SPATIAL_WEIGHT_21_3_0_ROM_AUTO_1R top_do_conv_spatial_CONV_SPATIAL_WEIGHT_21_4_0_ROM_AUTO_1R top_do_conv_spatial_CONV_SPATIAL_WEIGHT_21_5_0_ROM_AUTO_1R top_do_conv_spatial_CONV_SPATIAL_WEIGHT_21_6_0_ROM_AUTO_1R top_do_conv_spatial_CONV_SPATIAL_WEIGHT_21_7_0_ROM_AUTO_1R top_do_conv_spatial_CONV_SPATIAL_WEIGHT_21_8_0_ROM_AUTO_1R top_do_conv_spatial_CONV_SPATIAL_WEIGHT_21_9_0_ROM_AUTO_1R top_do_conv_spatial_CONV_SPATIAL_WEIGHT_21_10_0_ROM_AUTO_1R top_do_conv_spatial_CONV_SPATIAL_WEIGHT_21_11_0_ROM_AUTO_1R top_do_conv_spatial_CONV_SPATIAL_WEIGHT_21_12_0_ROM_AUTO_1R top_do_conv_spatial_CONV_SPATIAL_WEIGHT_21_13_0_ROM_AUTO_1R top_do_conv_spatial_CONV_SPATIAL_WEIGHT_21_14_0_ROM_AUTO_1R top_do_conv_spatial_CONV_SPATIAL_WEIGHT_22_0_0_ROM_AUTO_1R top_do_conv_spatial_CONV_SPATIAL_WEIGHT_22_1_0_ROM_AUTO_1R top_do_conv_spatial_CONV_SPATIAL_WEIGHT_22_2_0_ROM_AUTO_1R top_do_conv_spatial_CONV_SPATIAL_WEIGHT_22_3_0_ROM_AUTO_1R top_do_conv_spatial_CONV_SPATIAL_WEIGHT_22_4_0_ROM_AUTO_1R top_do_conv_spatial_CONV_SPATIAL_WEIGHT_22_5_0_ROM_AUTO_1R top_do_conv_spatial_CONV_SPATIAL_WEIGHT_22_6_0_ROM_AUTO_1R top_do_conv_spatial_CONV_SPATIAL_WEIGHT_22_7_0_ROM_AUTO_1R top_do_conv_spatial_CONV_SPATIAL_WEIGHT_22_8_0_ROM_AUTO_1R top_do_conv_spatial_CONV_SPATIAL_WEIGHT_22_9_0_ROM_AUTO_1R top_do_conv_spatial_CONV_SPATIAL_WEIGHT_22_10_0_ROM_AUTO_1R top_do_conv_spatial_CONV_SPATIAL_WEIGHT_22_11_0_ROM_AUTO_1R top_do_conv_spatial_CONV_SPATIAL_WEIGHT_22_12_0_ROM_AUTO_1R top_do_conv_spatial_CONV_SPATIAL_WEIGHT_22_13_0_ROM_AUTO_1R top_do_conv_spatial_CONV_SPATIAL_WEIGHT_22_14_0_ROM_AUTO_1R top_do_conv_spatial_CONV_SPATIAL_WEIGHT_23_0_0_ROM_AUTO_1R top_do_conv_spatial_CONV_SPATIAL_WEIGHT_23_1_0_ROM_AUTO_1R top_do_conv_spatial_CONV_SPATIAL_WEIGHT_23_2_0_ROM_AUTO_1R top_do_conv_spatial_CONV_SPATIAL_WEIGHT_23_3_0_ROM_AUTO_1R top_do_conv_spatial_CONV_SPATIAL_WEIGHT_23_4_0_ROM_AUTO_1R top_do_conv_spatial_CONV_SPATIAL_WEIGHT_23_5_0_ROM_AUTO_1R top_do_conv_spatial_CONV_SPATIAL_WEIGHT_23_6_0_ROM_AUTO_1R top_do_conv_spatial_CONV_SPATIAL_WEIGHT_23_7_0_ROM_AUTO_1R top_do_conv_spatial_CONV_SPATIAL_WEIGHT_23_8_0_ROM_AUTO_1R top_do_conv_spatial_CONV_SPATIAL_WEIGHT_23_9_0_ROM_AUTO_1R top_do_conv_spatial_CONV_SPATIAL_WEIGHT_23_10_0_ROM_AUTO_1R top_do_conv_spatial_CONV_SPATIAL_WEIGHT_23_11_0_ROM_AUTO_1R top_do_conv_spatial_CONV_SPATIAL_WEIGHT_23_12_0_ROM_AUTO_1R top_do_conv_spatial_CONV_SPATIAL_WEIGHT_23_13_0_ROM_AUTO_1R top_do_conv_spatial_CONV_SPATIAL_WEIGHT_23_14_0_ROM_AUTO_1R top_do_conv_spatial_CONV_SPATIAL_WEIGHT_24_0_0_ROM_AUTO_1R top_do_conv_spatial_CONV_SPATIAL_WEIGHT_24_1_0_ROM_AUTO_1R top_do_conv_spatial_CONV_SPATIAL_WEIGHT_24_2_0_ROM_AUTO_1R top_do_conv_spatial_CONV_SPATIAL_WEIGHT_24_3_0_ROM_AUTO_1R top_do_conv_spatial_CONV_SPATIAL_WEIGHT_24_4_0_ROM_AUTO_1R top_do_conv_spatial_CONV_SPATIAL_WEIGHT_24_5_0_ROM_AUTO_1R top_do_conv_spatial_CONV_SPATIAL_WEIGHT_24_6_0_ROM_AUTO_1R top_do_conv_spatial_CONV_SPATIAL_WEIGHT_24_7_0_ROM_AUTO_1R top_do_conv_spatial_CONV_SPATIAL_WEIGHT_24_8_0_ROM_AUTO_1R top_do_conv_spatial_CONV_SPATIAL_WEIGHT_24_9_0_ROM_AUTO_1R top_do_conv_spatial_CONV_SPATIAL_WEIGHT_24_10_0_ROM_AUTO_1R top_do_conv_spatial_CONV_SPATIAL_WEIGHT_24_11_0_ROM_AUTO_1R top_do_conv_spatial_CONV_SPATIAL_WEIGHT_24_12_0_ROM_AUTO_1R top_do_conv_spatial_CONV_SPATIAL_WEIGHT_24_13_0_ROM_AUTO_1R top_do_conv_spatial_CONV_SPATIAL_WEIGHT_24_14_0_ROM_AUTO_1R top_do_conv_spatial_CONV_SPATIAL_WEIGHT_25_0_0_ROM_AUTO_1R top_do_conv_spatial_CONV_SPATIAL_WEIGHT_25_1_0_ROM_AUTO_1R top_do_conv_spatial_CONV_SPATIAL_WEIGHT_25_2_0_ROM_AUTO_1R top_do_conv_spatial_CONV_SPATIAL_WEIGHT_25_3_0_ROM_AUTO_1R top_do_conv_spatial_CONV_SPATIAL_WEIGHT_25_4_0_ROM_AUTO_1R top_do_conv_spatial_CONV_SPATIAL_WEIGHT_25_5_0_ROM_AUTO_1R top_do_conv_spatial_CONV_SPATIAL_WEIGHT_25_6_0_ROM_AUTO_1R top_do_conv_spatial_CONV_SPATIAL_WEIGHT_25_7_0_ROM_AUTO_1R top_do_conv_spatial_CONV_SPATIAL_WEIGHT_25_8_0_ROM_AUTO_1R top_do_conv_spatial_CONV_SPATIAL_WEIGHT_25_9_0_ROM_AUTO_1R top_do_conv_spatial_CONV_SPATIAL_WEIGHT_25_10_0_ROM_AUTO_1R top_do_conv_spatial_CONV_SPATIAL_WEIGHT_25_11_0_ROM_AUTO_1R top_do_conv_spatial_CONV_SPATIAL_WEIGHT_25_12_0_ROM_AUTO_1R top_do_conv_spatial_CONV_SPATIAL_WEIGHT_25_13_0_ROM_AUTO_1R top_do_conv_spatial_CONV_SPATIAL_WEIGHT_25_14_0_ROM_AUTO_1R top_do_conv_spatial_CONV_SPATIAL_WEIGHT_26_0_0_ROM_AUTO_1R top_do_conv_spatial_CONV_SPATIAL_WEIGHT_26_1_0_ROM_AUTO_1R top_do_conv_spatial_CONV_SPATIAL_WEIGHT_26_2_0_ROM_AUTO_1R top_do_conv_spatial_CONV_SPATIAL_WEIGHT_26_3_0_ROM_AUTO_1R top_do_conv_spatial_CONV_SPATIAL_WEIGHT_26_4_0_ROM_AUTO_1R top_do_conv_spatial_CONV_SPATIAL_WEIGHT_26_5_0_ROM_AUTO_1R top_do_conv_spatial_CONV_SPATIAL_WEIGHT_26_6_0_ROM_AUTO_1R top_do_conv_spatial_CONV_SPATIAL_WEIGHT_26_7_0_ROM_AUTO_1R top_do_conv_spatial_CONV_SPATIAL_WEIGHT_26_8_0_ROM_AUTO_1R top_do_conv_spatial_CONV_SPATIAL_WEIGHT_26_9_0_ROM_AUTO_1R top_do_conv_spatial_CONV_SPATIAL_WEIGHT_26_10_0_ROM_AUTO_1R top_do_conv_spatial_CONV_SPATIAL_WEIGHT_26_11_0_ROM_AUTO_1R top_do_conv_spatial_CONV_SPATIAL_WEIGHT_26_12_0_ROM_AUTO_1R top_do_conv_spatial_CONV_SPATIAL_WEIGHT_26_13_0_ROM_AUTO_1R top_do_conv_spatial_CONV_SPATIAL_WEIGHT_26_14_0_ROM_AUTO_1R top_do_conv_spatial_CONV_SPATIAL_WEIGHT_27_0_0_ROM_AUTO_1R top_do_conv_spatial_CONV_SPATIAL_WEIGHT_27_1_0_ROM_AUTO_1R top_do_conv_spatial_CONV_SPATIAL_WEIGHT_27_2_0_ROM_AUTO_1R top_do_conv_spatial_CONV_SPATIAL_WEIGHT_27_3_0_ROM_AUTO_1R top_do_conv_spatial_CONV_SPATIAL_WEIGHT_27_4_0_ROM_AUTO_1R top_do_conv_spatial_CONV_SPATIAL_WEIGHT_27_5_0_ROM_AUTO_1R top_do_conv_spatial_CONV_SPATIAL_WEIGHT_27_6_0_ROM_AUTO_1R top_do_conv_spatial_CONV_SPATIAL_WEIGHT_27_7_0_ROM_AUTO_1R top_do_conv_spatial_CONV_SPATIAL_WEIGHT_27_8_0_ROM_AUTO_1R top_do_conv_spatial_CONV_SPATIAL_WEIGHT_27_9_0_ROM_AUTO_1R top_do_conv_spatial_CONV_SPATIAL_WEIGHT_27_10_0_ROM_AUTO_1R top_do_conv_spatial_CONV_SPATIAL_WEIGHT_27_11_0_ROM_AUTO_1R top_do_conv_spatial_CONV_SPATIAL_WEIGHT_27_12_0_ROM_AUTO_1R top_do_conv_spatial_CONV_SPATIAL_WEIGHT_27_13_0_ROM_AUTO_1R top_do_conv_spatial_CONV_SPATIAL_WEIGHT_27_14_0_ROM_AUTO_1R top_do_conv_spatial_CONV_SPATIAL_WEIGHT_28_0_0_ROM_AUTO_1R top_do_conv_spatial_CONV_SPATIAL_WEIGHT_28_1_0_ROM_AUTO_1R top_do_conv_spatial_CONV_SPATIAL_WEIGHT_28_2_0_ROM_AUTO_1R top_do_conv_spatial_CONV_SPATIAL_WEIGHT_28_3_0_ROM_AUTO_1R top_do_conv_spatial_CONV_SPATIAL_WEIGHT_28_4_0_ROM_AUTO_1R top_do_conv_spatial_CONV_SPATIAL_WEIGHT_28_5_0_ROM_AUTO_1R top_do_conv_spatial_CONV_SPATIAL_WEIGHT_28_6_0_ROM_AUTO_1R top_do_conv_spatial_CONV_SPATIAL_WEIGHT_28_7_0_ROM_AUTO_1R top_do_conv_spatial_CONV_SPATIAL_WEIGHT_28_8_0_ROM_AUTO_1R top_do_conv_spatial_CONV_SPATIAL_WEIGHT_28_9_0_ROM_AUTO_1R top_do_conv_spatial_CONV_SPATIAL_WEIGHT_28_10_0_ROM_AUTO_1R top_do_conv_spatial_CONV_SPATIAL_WEIGHT_28_11_0_ROM_AUTO_1R top_do_conv_spatial_CONV_SPATIAL_WEIGHT_28_12_0_ROM_AUTO_1R top_do_conv_spatial_CONV_SPATIAL_WEIGHT_28_13_0_ROM_AUTO_1R top_do_conv_spatial_CONV_SPATIAL_WEIGHT_28_14_0_ROM_AUTO_1R top_do_conv_spatial_CONV_SPATIAL_WEIGHT_29_0_0_ROM_AUTO_1R top_do_conv_spatial_CONV_SPATIAL_WEIGHT_29_1_0_ROM_AUTO_1R top_do_conv_spatial_CONV_SPATIAL_WEIGHT_29_2_0_ROM_AUTO_1R top_do_conv_spatial_CONV_SPATIAL_WEIGHT_29_3_0_ROM_AUTO_1R top_do_conv_spatial_CONV_SPATIAL_WEIGHT_29_4_0_ROM_AUTO_1R top_do_conv_spatial_CONV_SPATIAL_WEIGHT_29_5_0_ROM_AUTO_1R top_do_conv_spatial_CONV_SPATIAL_WEIGHT_29_6_0_ROM_AUTO_1R top_do_conv_spatial_CONV_SPATIAL_WEIGHT_29_7_0_ROM_AUTO_1R top_do_conv_spatial_CONV_SPATIAL_WEIGHT_29_8_0_ROM_AUTO_1R top_do_conv_spatial_CONV_SPATIAL_WEIGHT_29_9_0_ROM_AUTO_1R top_do_conv_spatial_CONV_SPATIAL_WEIGHT_29_10_0_ROM_AUTO_1R top_do_conv_spatial_CONV_SPATIAL_WEIGHT_29_11_0_ROM_AUTO_1R top_do_conv_spatial_CONV_SPATIAL_WEIGHT_29_12_0_ROM_AUTO_1R top_do_conv_spatial_CONV_SPATIAL_WEIGHT_29_13_0_ROM_AUTO_1R top_do_conv_spatial_CONV_SPATIAL_WEIGHT_29_14_0_ROM_AUTO_1R top_do_conv_spatial_CONV_SPATIAL_WEIGHT_30_0_0_ROM_AUTO_1R top_do_conv_spatial_CONV_SPATIAL_WEIGHT_30_1_0_ROM_AUTO_1R top_do_conv_spatial_CONV_SPATIAL_WEIGHT_30_2_0_ROM_AUTO_1R top_do_conv_spatial_CONV_SPATIAL_WEIGHT_30_3_0_ROM_AUTO_1R top_do_conv_spatial_CONV_SPATIAL_WEIGHT_30_4_0_ROM_AUTO_1R top_do_conv_spatial_CONV_SPATIAL_WEIGHT_30_5_0_ROM_AUTO_1R top_do_conv_spatial_CONV_SPATIAL_WEIGHT_30_6_0_ROM_AUTO_1R top_do_conv_spatial_CONV_SPATIAL_WEIGHT_30_7_0_ROM_AUTO_1R top_do_conv_spatial_CONV_SPATIAL_WEIGHT_30_8_0_ROM_AUTO_1R top_do_conv_spatial_CONV_SPATIAL_WEIGHT_30_9_0_ROM_AUTO_1R top_do_conv_spatial_CONV_SPATIAL_WEIGHT_30_10_0_ROM_AUTO_1R top_do_conv_spatial_CONV_SPATIAL_WEIGHT_30_11_0_ROM_AUTO_1R top_do_conv_spatial_CONV_SPATIAL_WEIGHT_30_12_0_ROM_AUTO_1R top_do_conv_spatial_CONV_SPATIAL_WEIGHT_30_13_0_ROM_AUTO_1R top_do_conv_spatial_CONV_SPATIAL_WEIGHT_30_14_0_ROM_AUTO_1R top_do_conv_spatial_CONV_SPATIAL_WEIGHT_31_0_0_ROM_AUTO_1R top_do_conv_spatial_CONV_SPATIAL_WEIGHT_31_1_0_ROM_AUTO_1R top_do_conv_spatial_CONV_SPATIAL_WEIGHT_31_2_0_ROM_AUTO_1R top_do_conv_spatial_CONV_SPATIAL_WEIGHT_31_3_0_ROM_AUTO_1R top_do_conv_spatial_CONV_SPATIAL_WEIGHT_31_4_0_ROM_AUTO_1R top_do_conv_spatial_CONV_SPATIAL_WEIGHT_31_5_0_ROM_AUTO_1R top_do_conv_spatial_CONV_SPATIAL_WEIGHT_31_6_0_ROM_AUTO_1R top_do_conv_spatial_CONV_SPATIAL_WEIGHT_31_7_0_ROM_AUTO_1R top_do_conv_spatial_CONV_SPATIAL_WEIGHT_31_8_0_ROM_AUTO_1R top_do_conv_spatial_CONV_SPATIAL_WEIGHT_31_9_0_ROM_AUTO_1R top_do_conv_spatial_CONV_SPATIAL_WEIGHT_31_10_0_ROM_AUTO_1R top_do_conv_spatial_CONV_SPATIAL_WEIGHT_31_11_0_ROM_AUTO_1R top_do_conv_spatial_CONV_SPATIAL_WEIGHT_31_12_0_ROM_AUTO_1R top_do_conv_spatial_CONV_SPATIAL_WEIGHT_31_13_0_ROM_AUTO_1R top_do_conv_spatial_CONV_SPATIAL_WEIGHT_31_14_0_ROM_AUTO_1R top_do_conv_spatial_CONV_SPATIAL_WEIGHT_32_0_0_ROM_AUTO_1R top_do_conv_spatial_CONV_SPATIAL_WEIGHT_32_1_0_ROM_AUTO_1R top_do_conv_spatial_CONV_SPATIAL_WEIGHT_32_2_0_ROM_AUTO_1R top_do_conv_spatial_CONV_SPATIAL_WEIGHT_32_3_0_ROM_AUTO_1R top_do_conv_spatial_CONV_SPATIAL_WEIGHT_32_4_0_ROM_AUTO_1R top_do_conv_spatial_CONV_SPATIAL_WEIGHT_32_5_0_ROM_AUTO_1R top_do_conv_spatial_CONV_SPATIAL_WEIGHT_32_6_0_ROM_AUTO_1R top_do_conv_spatial_CONV_SPATIAL_WEIGHT_32_7_0_ROM_AUTO_1R top_do_conv_spatial_CONV_SPATIAL_WEIGHT_32_8_0_ROM_AUTO_1R top_do_conv_spatial_CONV_SPATIAL_WEIGHT_32_9_0_ROM_AUTO_1R top_do_conv_spatial_CONV_SPATIAL_WEIGHT_32_10_0_ROM_AUTO_1R top_do_conv_spatial_CONV_SPATIAL_WEIGHT_32_11_0_ROM_AUTO_1R top_do_conv_spatial_CONV_SPATIAL_WEIGHT_32_12_0_ROM_AUTO_1R top_do_conv_spatial_CONV_SPATIAL_WEIGHT_32_13_0_ROM_AUTO_1R top_do_conv_spatial_CONV_SPATIAL_WEIGHT_32_14_0_ROM_AUTO_1R top_do_conv_spatial_CONV_SPATIAL_WEIGHT_33_0_0_ROM_AUTO_1R top_do_conv_spatial_CONV_SPATIAL_WEIGHT_33_1_0_ROM_AUTO_1R top_do_conv_spatial_CONV_SPATIAL_WEIGHT_33_2_0_ROM_AUTO_1R top_do_conv_spatial_CONV_SPATIAL_WEIGHT_33_3_0_ROM_AUTO_1R top_do_conv_spatial_CONV_SPATIAL_WEIGHT_33_4_0_ROM_AUTO_1R top_do_conv_spatial_CONV_SPATIAL_WEIGHT_33_5_0_ROM_AUTO_1R top_do_conv_spatial_CONV_SPATIAL_WEIGHT_33_6_0_ROM_AUTO_1R top_do_conv_spatial_CONV_SPATIAL_WEIGHT_33_7_0_ROM_AUTO_1R top_do_conv_spatial_CONV_SPATIAL_WEIGHT_33_8_0_ROM_AUTO_1R top_do_conv_spatial_CONV_SPATIAL_WEIGHT_33_9_0_ROM_AUTO_1R top_do_conv_spatial_CONV_SPATIAL_WEIGHT_33_10_0_ROM_AUTO_1R top_do_conv_spatial_CONV_SPATIAL_WEIGHT_33_11_0_ROM_AUTO_1R top_do_conv_spatial_CONV_SPATIAL_WEIGHT_33_12_0_ROM_AUTO_1R top_do_conv_spatial_CONV_SPATIAL_WEIGHT_33_13_0_ROM_AUTO_1R top_do_conv_spatial_CONV_SPATIAL_WEIGHT_33_14_0_ROM_AUTO_1R top_do_conv_spatial_CONV_SPATIAL_WEIGHT_34_0_0_ROM_AUTO_1R top_do_conv_spatial_CONV_SPATIAL_WEIGHT_34_1_0_ROM_AUTO_1R top_do_conv_spatial_CONV_SPATIAL_WEIGHT_34_2_0_ROM_AUTO_1R top_do_conv_spatial_CONV_SPATIAL_WEIGHT_34_3_0_ROM_AUTO_1R top_do_conv_spatial_CONV_SPATIAL_WEIGHT_34_4_0_ROM_AUTO_1R top_do_conv_spatial_CONV_SPATIAL_WEIGHT_34_5_0_ROM_AUTO_1R top_do_conv_spatial_CONV_SPATIAL_WEIGHT_34_6_0_ROM_AUTO_1R top_do_conv_spatial_CONV_SPATIAL_WEIGHT_34_7_0_ROM_AUTO_1R top_do_conv_spatial_CONV_SPATIAL_WEIGHT_34_8_0_ROM_AUTO_1R top_do_conv_spatial_CONV_SPATIAL_WEIGHT_34_9_0_ROM_AUTO_1R top_do_conv_spatial_CONV_SPATIAL_WEIGHT_34_10_0_ROM_AUTO_1R top_do_conv_spatial_CONV_SPATIAL_WEIGHT_34_11_0_ROM_AUTO_1R top_do_conv_spatial_CONV_SPATIAL_WEIGHT_34_12_0_ROM_AUTO_1R top_do_conv_spatial_CONV_SPATIAL_WEIGHT_34_13_0_ROM_AUTO_1R top_do_conv_spatial_CONV_SPATIAL_WEIGHT_34_14_0_ROM_AUTO_1R top_do_conv_spatial_CONV_SPATIAL_WEIGHT_35_0_0_ROM_AUTO_1R top_do_conv_spatial_CONV_SPATIAL_WEIGHT_35_1_0_ROM_AUTO_1R top_do_conv_spatial_CONV_SPATIAL_WEIGHT_35_2_0_ROM_AUTO_1R top_do_conv_spatial_CONV_SPATIAL_WEIGHT_35_3_0_ROM_AUTO_1R top_do_conv_spatial_CONV_SPATIAL_WEIGHT_35_4_0_ROM_AUTO_1R top_do_conv_spatial_CONV_SPATIAL_WEIGHT_35_5_0_ROM_AUTO_1R top_do_conv_spatial_CONV_SPATIAL_WEIGHT_35_6_0_ROM_AUTO_1R top_do_conv_spatial_CONV_SPATIAL_WEIGHT_35_7_0_ROM_AUTO_1R top_do_conv_spatial_CONV_SPATIAL_WEIGHT_35_8_0_ROM_AUTO_1R top_do_conv_spatial_CONV_SPATIAL_WEIGHT_35_9_0_ROM_AUTO_1R top_do_conv_spatial_CONV_SPATIAL_WEIGHT_35_10_0_ROM_AUTO_1R top_do_conv_spatial_CONV_SPATIAL_WEIGHT_35_11_0_ROM_AUTO_1R top_do_conv_spatial_CONV_SPATIAL_WEIGHT_35_12_0_ROM_AUTO_1R top_do_conv_spatial_CONV_SPATIAL_WEIGHT_35_13_0_ROM_AUTO_1R top_do_conv_spatial_CONV_SPATIAL_WEIGHT_35_14_0_ROM_AUTO_1R top_do_conv_spatial_CONV_SPATIAL_WEIGHT_36_0_0_ROM_AUTO_1R top_do_conv_spatial_CONV_SPATIAL_WEIGHT_36_1_0_ROM_AUTO_1R top_do_conv_spatial_CONV_SPATIAL_WEIGHT_36_2_0_ROM_AUTO_1R top_do_conv_spatial_CONV_SPATIAL_WEIGHT_36_3_0_ROM_AUTO_1R top_do_conv_spatial_CONV_SPATIAL_WEIGHT_36_4_0_ROM_AUTO_1R top_do_conv_spatial_CONV_SPATIAL_WEIGHT_36_5_0_ROM_AUTO_1R top_do_conv_spatial_CONV_SPATIAL_WEIGHT_36_6_0_ROM_AUTO_1R top_do_conv_spatial_CONV_SPATIAL_WEIGHT_36_7_0_ROM_AUTO_1R top_do_conv_spatial_CONV_SPATIAL_WEIGHT_36_8_0_ROM_AUTO_1R top_do_conv_spatial_CONV_SPATIAL_WEIGHT_36_9_0_ROM_AUTO_1R top_do_conv_spatial_CONV_SPATIAL_WEIGHT_36_10_0_ROM_AUTO_1R top_do_conv_spatial_CONV_SPATIAL_WEIGHT_36_11_0_ROM_AUTO_1R top_do_conv_spatial_CONV_SPATIAL_WEIGHT_36_12_0_ROM_AUTO_1R top_do_conv_spatial_CONV_SPATIAL_WEIGHT_36_13_0_ROM_AUTO_1R top_do_conv_spatial_CONV_SPATIAL_WEIGHT_36_14_0_ROM_AUTO_1R top_do_conv_spatial_CONV_SPATIAL_WEIGHT_37_0_0_ROM_AUTO_1R top_do_conv_spatial_CONV_SPATIAL_WEIGHT_37_1_0_ROM_AUTO_1R top_do_conv_spatial_CONV_SPATIAL_WEIGHT_37_2_0_ROM_AUTO_1R top_do_conv_spatial_CONV_SPATIAL_WEIGHT_37_3_0_ROM_AUTO_1R top_do_conv_spatial_CONV_SPATIAL_WEIGHT_37_4_0_ROM_AUTO_1R top_do_conv_spatial_CONV_SPATIAL_WEIGHT_37_5_0_ROM_AUTO_1R top_do_conv_spatial_CONV_SPATIAL_WEIGHT_37_6_0_ROM_AUTO_1R top_do_conv_spatial_CONV_SPATIAL_WEIGHT_37_7_0_ROM_AUTO_1R top_do_conv_spatial_CONV_SPATIAL_WEIGHT_37_8_0_ROM_AUTO_1R top_do_conv_spatial_CONV_SPATIAL_WEIGHT_37_9_0_ROM_AUTO_1R top_do_conv_spatial_CONV_SPATIAL_WEIGHT_37_10_0_ROM_AUTO_1R top_do_conv_spatial_CONV_SPATIAL_WEIGHT_37_11_0_ROM_AUTO_1R top_do_conv_spatial_CONV_SPATIAL_WEIGHT_37_12_0_ROM_AUTO_1R top_do_conv_spatial_CONV_SPATIAL_WEIGHT_37_13_0_ROM_AUTO_1R top_do_conv_spatial_CONV_SPATIAL_WEIGHT_37_14_0_ROM_AUTO_1R top_do_conv_spatial_CONV_SPATIAL_WEIGHT_38_0_0_ROM_AUTO_1R top_do_conv_spatial_CONV_SPATIAL_WEIGHT_38_1_0_ROM_AUTO_1R top_do_conv_spatial_CONV_SPATIAL_WEIGHT_38_2_0_ROM_AUTO_1R top_do_conv_spatial_CONV_SPATIAL_WEIGHT_38_3_0_ROM_AUTO_1R top_do_conv_spatial_CONV_SPATIAL_WEIGHT_38_4_0_ROM_AUTO_1R top_do_conv_spatial_CONV_SPATIAL_WEIGHT_38_5_0_ROM_AUTO_1R top_do_conv_spatial_CONV_SPATIAL_WEIGHT_38_6_0_ROM_AUTO_1R top_do_conv_spatial_CONV_SPATIAL_WEIGHT_38_7_0_ROM_AUTO_1R top_do_conv_spatial_CONV_SPATIAL_WEIGHT_38_8_0_ROM_AUTO_1R top_do_conv_spatial_CONV_SPATIAL_WEIGHT_38_9_0_ROM_AUTO_1R top_do_conv_spatial_CONV_SPATIAL_WEIGHT_38_10_0_ROM_AUTO_1R top_do_conv_spatial_CONV_SPATIAL_WEIGHT_38_11_0_ROM_AUTO_1R top_do_conv_spatial_CONV_SPATIAL_WEIGHT_38_12_0_ROM_AUTO_1R top_do_conv_spatial_CONV_SPATIAL_WEIGHT_38_13_0_ROM_AUTO_1R top_do_conv_spatial_CONV_SPATIAL_WEIGHT_38_14_0_ROM_AUTO_1R top_do_conv_spatial_CONV_SPATIAL_WEIGHT_39_0_0_ROM_AUTO_1R top_do_conv_spatial_CONV_SPATIAL_WEIGHT_39_1_0_ROM_AUTO_1R top_do_conv_spatial_CONV_SPATIAL_WEIGHT_39_2_0_ROM_AUTO_1R top_do_conv_spatial_CONV_SPATIAL_WEIGHT_39_3_0_ROM_AUTO_1R top_do_conv_spatial_CONV_SPATIAL_WEIGHT_39_4_0_ROM_AUTO_1R top_do_conv_spatial_CONV_SPATIAL_WEIGHT_39_5_0_ROM_AUTO_1R top_do_conv_spatial_CONV_SPATIAL_WEIGHT_39_6_0_ROM_AUTO_1R top_do_conv_spatial_CONV_SPATIAL_WEIGHT_39_7_0_ROM_AUTO_1R top_do_conv_spatial_CONV_SPATIAL_WEIGHT_39_8_0_ROM_AUTO_1R top_do_conv_spatial_CONV_SPATIAL_WEIGHT_39_9_0_ROM_AUTO_1R top_do_conv_spatial_CONV_SPATIAL_WEIGHT_39_10_0_ROM_AUTO_1R top_do_conv_spatial_CONV_SPATIAL_WEIGHT_39_11_0_ROM_AUTO_1R top_do_conv_spatial_CONV_SPATIAL_WEIGHT_39_12_0_ROM_AUTO_1R top_do_conv_spatial_CONV_SPATIAL_WEIGHT_39_13_0_ROM_AUTO_1R top_do_conv_spatial_CONV_SPATIAL_WEIGHT_39_14_0_ROM_AUTO_1R top_do_conv_spatial_buf_V_RAM_2P_BRAM_2R1W top_regslice_both}
# dict set report_options max_module_depth 7
# create_project $vivado_proj_name $vivado_proj_dir -part $target_device -force
# set_property target_language $language [current_project]
# if { ![file exists $ip_repo_path] } {
#   error "Cannot find packaged HLS IP"
# }
# set_property ip_repo_paths [file normalize $ip_repo_path] [current_project]
# update_ip_catalog
INFO: [IP_Flow 19-234] Refreshing IP repositories
INFO: [IP_Flow 19-1700] Loaded user IP repository '/data/home/songqiangxu/project/CNN/instances_tp8_syn_kv260/proj_CONV_SPATIAL/work/solution/impl/ip'.
INFO: [IP_Flow 19-2313] Loaded Vivado IP repository '/data/home/songqiangxu/Xilinx/2022.1/Vivado/2022.1/data/ip'.
# create_bd_design $bd_design_name
Wrote  : </data/home/songqiangxu/project/CNN/instances_tp8_syn_kv260/proj_CONV_SPATIAL/work/solution/impl/verilog/project.srcs/sources_1/bd/bd_0/bd_0.bd> 
# set cell_inst [create_bd_cell -type ip -vlnv $ip_vlnv $bd_inst_name]
# if { [llength $bd_props] } { 
#   set_property -dict $bd_props $cell_inst 
# }
# make_bd_pins_external $cell_inst
# make_bd_intf_pins_external $cell_inst
# set bd_clk_ports [get_bd_ports -filter {TYPE==clk}]
# if { [llength $bd_clk_ports] && $target_clk_freq_hz ne "" } { 
#   set_property CONFIG.FREQ_HZ $target_clk_freq_hz $bd_clk_ports 
# }
# foreach bd_port [get_bd_intf_ports] {
#   set_property name [regsub {_0$} [get_property name $bd_port] {}] $bd_port
# }
# foreach bd_port [get_bd_ports -filter {INTF!=TRUE}] {
#   set_property name [regsub {_0$} [get_property name $bd_port] {}] $bd_port
# }
# set s_axi_addr_width_min 32
WARNING: [BD 5-233] No interface ports matched 'get_bd_intf_ports -filter {MODE == "Slave" && VLNV =~ "xilinx.com:interface:aximm_rtl:*"}'
# foreach bd_port [get_bd_intf_ports -filter {MODE == "Slave" && VLNV =~ "xilinx.com:interface:aximm_rtl:*"}] {
#   set bd_port_addr_width [get_property CONFIG.ADDR_WIDTH $bd_port]
#   if { $bd_port_addr_width < $s_axi_addr_width_min } {
#     puts "INFO: Updating $bd_port CONFIG.ADDR_WIDTH to $s_axi_addr_width_min"
#     set_property CONFIG.ADDR_WIDTH $s_axi_addr_width_min $bd_port
#   }
# }
# set_msg_config -id {[BD 41-1265]} -severity {CRITICAL WARNING} -new_severity {INFO}
# assign_bd_address
Wrote  : </data/home/songqiangxu/project/CNN/instances_tp8_syn_kv260/proj_CONV_SPATIAL/work/solution/impl/verilog/project.srcs/sources_1/bd/bd_0/bd_0.bd> 
Verilog Output written to : /data/home/songqiangxu/project/CNN/instances_tp8_syn_kv260/proj_CONV_SPATIAL/work/solution/impl/verilog/project.gen/sources_1/bd/bd_0/synth/bd_0.v
Verilog Output written to : /data/home/songqiangxu/project/CNN/instances_tp8_syn_kv260/proj_CONV_SPATIAL/work/solution/impl/verilog/project.gen/sources_1/bd/bd_0/sim/bd_0.v
Verilog Output written to : /data/home/songqiangxu/project/CNN/instances_tp8_syn_kv260/proj_CONV_SPATIAL/work/solution/impl/verilog/project.gen/sources_1/bd/bd_0/hdl/bd_0_wrapper.v
# set toprtl [make_wrapper -files [get_files ${bd_design_name}.bd] -top]
# add_files -norecurse $toprtl
# set top_inst_name [file root [file tail $toprtl]]
# puts "Using BD top: $top_inst_name"
Using BD top: bd_0_wrapper
# set xdc_files [glob -nocomplain ./*.xdc]
# if { [llength $xdc_files] } {
#     add_files -fileset constrs_1 -norecurse $xdc_files
# }
# launch_runs synth_1 -scripts_only
INFO: [BD 41-1662] The design 'bd_0.bd' is already validated. Therefore parameter propagation will not be re-run.
Verilog Output written to : /data/home/songqiangxu/project/CNN/instances_tp8_syn_kv260/proj_CONV_SPATIAL/work/solution/impl/verilog/project.gen/sources_1/bd/bd_0/synth/bd_0.v
Verilog Output written to : /data/home/songqiangxu/project/CNN/instances_tp8_syn_kv260/proj_CONV_SPATIAL/work/solution/impl/verilog/project.gen/sources_1/bd/bd_0/sim/bd_0.v
Verilog Output written to : /data/home/songqiangxu/project/CNN/instances_tp8_syn_kv260/proj_CONV_SPATIAL/work/solution/impl/verilog/project.gen/sources_1/bd/bd_0/hdl/bd_0_wrapper.v
INFO: [BD 41-1029] Generation completed for the IP Integrator block hls_inst .
Exporting to file /data/home/songqiangxu/project/CNN/instances_tp8_syn_kv260/proj_CONV_SPATIAL/work/solution/impl/verilog/project.gen/sources_1/bd/bd_0/hw_handoff/bd_0.hwh
Generated Hardware Definition File /data/home/songqiangxu/project/CNN/instances_tp8_syn_kv260/proj_CONV_SPATIAL/work/solution/impl/verilog/project.gen/sources_1/bd/bd_0/synth/bd_0.hwdef
WARNING: [Vivado 12-7122] Auto Incremental Compile:: No reference checkpoint was found in run synth_1. Auto-incremental flow will not be run, the standard flow will be run instead.
launch_runs: Time (s): cpu = 00:00:07 ; elapsed = 00:00:08 . Memory (MB): peak = 3041.727 ; gain = 72.035 ; free physical = 35384 ; free virtual = 104824
# foreach run [get_runs -filter {IS_SYNTHESIS == 1}] {
#   reset_run [get_runs $run]
# }
# set_property XPM_LIBRARIES {XPM_MEMORY XPM_FIFO} [current_project]
# hls_vivado_reports_setup $report_options
TIMESTAMP: HLS-REPORT: initialize report directories: 2026-05-05 16:04:04 CST
# if { $has_synth || $has_impl } {
#   # synth properties setting
#   set_property -name {STEPS.SYNTH_DESIGN.ARGS.MORE OPTIONS} -value {-mode out_of_context} -objects [get_runs synth_1]
#   set ip_inst [get_ips -quiet ${bd_design_name}*${bd_inst_name}*]
#   if { ![llength $ip_inst] } {
#       error "Cannot find HLS IP instance: ${bd_design_name}*${bd_inst_name}*"
#   }
#   set synth_run [get_runs -filter {IS_SYNTHESIS == 1} ${ip_inst}*]
#   if { ![llength $synth_run] } {
#       error "Cannot find synth run for HLS IP: ${ip_inst}*"
#   }
# 
#   if { [llength $synth_design_args] } {
#       set_property -name {STEPS.SYNTH_DESIGN.ARGS.MORE OPTIONS} -value $synth_design_args -objects $synth_run
#   }
# 
#   if { [llength $synth_props] } {
#     set_property -dict $synth_props $synth_run
#   }
# 
#   # launch run synth
#   launch_runs synth_1
#   wait_on_run synth_1
#   # synth reports
#   hls_vivado_reports_synth synth_1 $report_options
#   if { $synth_dcp ne "" } {
#     file mkdir [file dirname $synth_dcp]
#     set run_dcp [glob -nocomplain [get_property DIRECTORY $synth_run]/*.dcp]
#     if { [llength $run_dcp] != 1 } { error "Cannot find single dcp file for run $synth_run" }
#     file copy -force $run_dcp $synth_dcp
#   }
# }
WARNING: [Vivado 12-7122] Auto Incremental Compile:: No reference checkpoint was found in run synth_1. Auto-incremental flow will not be run, the standard flow will be run instead.
[Tue May  5 16:04:05 2026] Launched bd_0_hls_inst_0_synth_1...
Run output will be captured here: /data/home/songqiangxu/project/CNN/instances_tp8_syn_kv260/proj_CONV_SPATIAL/work/solution/impl/verilog/project.runs/bd_0_hls_inst_0_synth_1/runme.log
[Tue May  5 16:04:05 2026] Launched synth_1...
Run output will be captured here: /data/home/songqiangxu/project/CNN/instances_tp8_syn_kv260/proj_CONV_SPATIAL/work/solution/impl/verilog/project.runs/synth_1/runme.log
[Tue May  5 16:04:05 2026] Waiting for synth_1 to finish...

*** Running vivado
    with args -log bd_0_wrapper.vds -m64 -product Vivado -mode batch -messageDb vivado.pb -notrace -source bd_0_wrapper.tcl


****** Vivado v2022.1 (64-bit)
  **** SW Build 3526262 on Mon Apr 18 15:47:01 MDT 2022
  **** IP Build 3524634 on Mon Apr 18 20:55:01 MDT 2022
    ** Copyright 1986-2022 Xilinx, Inc. All Rights Reserved.

source bd_0_wrapper.tcl -notrace
INFO: [IP_Flow 19-234] Refreshing IP repositories
INFO: [IP_Flow 19-1700] Loaded user IP repository '/data/home/songqiangxu/project/CNN/instances_tp8_syn_kv260/proj_CONV_SPATIAL/work/solution/impl/ip'.
INFO: [IP_Flow 19-2313] Loaded Vivado IP repository '/data/home/songqiangxu/Xilinx/2022.1/Vivado/2022.1/data/ip'.
Command: synth_design -top bd_0_wrapper -part xc7k325tffg900-2 -mode out_of_context
Starting synth_design
Attempting to get a license for feature 'Synthesis' and/or device 'xc7k325t'
INFO: [Common 17-349] Got license for feature 'Synthesis' and/or device 'xc7k325t'
INFO: [Device 21-403] Loading part xc7k325tffg900-2
INFO: [Synth 8-7079] Multithreading enabled for synth_design using a maximum of 4 processes.
INFO: [Synth 8-7078] Launching helper process for spawning children vivado processes
INFO: [Synth 8-7075] Helper process launched with PID 706701
WARNING: [Synth 8-9501] generate block is allowed only inside loop and conditional generate in SystemVerilog mode [/data/home/songqiangxu/Xilinx/2022.1/Vivado/2022.1/data/ip/xpm/xpm_fifo/hdl/xpm_fifo.sv:4023]
---------------------------------------------------------------------------------
Starting RTL Elaboration : Time (s): cpu = 00:00:04 ; elapsed = 00:00:04 . Memory (MB): peak = 2914.062 ; gain = 0.000 ; free physical = 29133 ; free virtual = 100376
---------------------------------------------------------------------------------
INFO: [Synth 8-6157] synthesizing module 'bd_0_wrapper' [/data/home/songqiangxu/project/CNN/instances_tp8_syn_kv260/proj_CONV_SPATIAL/work/solution/impl/verilog/project.gen/sources_1/bd/bd_0/hdl/bd_0_wrapper.v:12]
INFO: [Synth 8-6157] synthesizing module 'bd_0' [/data/home/songqiangxu/project/CNN/instances_tp8_syn_kv260/proj_CONV_SPATIAL/work/solution/impl/verilog/project.gen/sources_1/bd/bd_0/synth/bd_0.v:12]
INFO: [Synth 8-6157] synthesizing module 'bd_0_hls_inst_0' [/data/home/songqiangxu/project/CNN/instances_tp8_syn_kv260/proj_CONV_SPATIAL/work/solution/impl/verilog/project.runs/synth_1/.Xil/Vivado-706257-dell-Precision-7920-Tower/realtime/bd_0_hls_inst_0_stub.v:5]
INFO: [Synth 8-6155] done synthesizing module 'bd_0_hls_inst_0' (0#1) [/data/home/songqiangxu/project/CNN/instances_tp8_syn_kv260/proj_CONV_SPATIAL/work/solution/impl/verilog/project.runs/synth_1/.Xil/Vivado-706257-dell-Precision-7920-Tower/realtime/bd_0_hls_inst_0_stub.v:5]
INFO: [Synth 8-6155] done synthesizing module 'bd_0' (0#1) [/data/home/songqiangxu/project/CNN/instances_tp8_syn_kv260/proj_CONV_SPATIAL/work/solution/impl/verilog/project.gen/sources_1/bd/bd_0/synth/bd_0.v:12]
INFO: [Synth 8-6155] done synthesizing module 'bd_0_wrapper' (0#1) [/data/home/songqiangxu/project/CNN/instances_tp8_syn_kv260/proj_CONV_SPATIAL/work/solution/impl/verilog/project.gen/sources_1/bd/bd_0/hdl/bd_0_wrapper.v:12]
---------------------------------------------------------------------------------
Finished RTL Elaboration : Time (s): cpu = 00:00:05 ; elapsed = 00:00:06 . Memory (MB): peak = 2914.062 ; gain = 0.000 ; free physical = 30234 ; free virtual = 101479
---------------------------------------------------------------------------------
---------------------------------------------------------------------------------
Start Handling Custom Attributes
---------------------------------------------------------------------------------
---------------------------------------------------------------------------------
Finished Handling Custom Attributes : Time (s): cpu = 00:00:06 ; elapsed = 00:00:06 . Memory (MB): peak = 2914.062 ; gain = 0.000 ; free physical = 30233 ; free virtual = 101478
---------------------------------------------------------------------------------
---------------------------------------------------------------------------------
Finished RTL Optimization Phase 1 : Time (s): cpu = 00:00:06 ; elapsed = 00:00:06 . Memory (MB): peak = 2914.062 ; gain = 0.000 ; free physical = 30233 ; free virtual = 101478
---------------------------------------------------------------------------------
Netlist sorting complete. Time (s): cpu = 00:00:00.03 ; elapsed = 00:00:00.03 . Memory (MB): peak = 2914.062 ; gain = 0.000 ; free physical = 30227 ; free virtual = 101472
INFO: [Project 1-570] Preparing netlist for logic optimization

Processing XDC Constraints
Initializing timing engine
Parsing XDC File [/data/home/songqiangxu/project/CNN/instances_tp8_syn_kv260/proj_CONV_SPATIAL/work/solution/impl/verilog/project.gen/sources_1/bd/bd_0/ip/bd_0_hls_inst_0/bd_0_hls_inst_0/bd_0_hls_inst_0_in_context.xdc] for cell 'bd_0_i/hls_inst'
Finished Parsing XDC File [/data/home/songqiangxu/project/CNN/instances_tp8_syn_kv260/proj_CONV_SPATIAL/work/solution/impl/verilog/project.gen/sources_1/bd/bd_0/ip/bd_0_hls_inst_0/bd_0_hls_inst_0/bd_0_hls_inst_0_in_context.xdc] for cell 'bd_0_i/hls_inst'
Parsing XDC File [/data/home/songqiangxu/project/CNN/instances_tp8_syn_kv260/proj_CONV_SPATIAL/work/solution/impl/verilog/top.xdc]
Finished Parsing XDC File [/data/home/songqiangxu/project/CNN/instances_tp8_syn_kv260/proj_CONV_SPATIAL/work/solution/impl/verilog/top.xdc]
Parsing XDC File [/data/home/songqiangxu/project/CNN/instances_tp8_syn_kv260/proj_CONV_SPATIAL/work/solution/impl/verilog/project.runs/synth_1/dont_touch.xdc]
Finished Parsing XDC File [/data/home/songqiangxu/project/CNN/instances_tp8_syn_kv260/proj_CONV_SPATIAL/work/solution/impl/verilog/project.runs/synth_1/dont_touch.xdc]
Completed Processing XDC Constraints

Netlist sorting complete. Time (s): cpu = 00:00:00 ; elapsed = 00:00:00 . Memory (MB): peak = 2978.094 ; gain = 0.000 ; free physical = 30130 ; free virtual = 101374
INFO: [Project 1-111] Unisim Transformation Summary:
No Unisim elements were transformed.

Constraint Validation Runtime : Time (s): cpu = 00:00:00.22 ; elapsed = 00:00:00.16 . Memory (MB): peak = 2978.094 ; gain = 0.000 ; free physical = 30130 ; free virtual = 101374
---------------------------------------------------------------------------------
Finished Constraint Validation : Time (s): cpu = 00:00:13 ; elapsed = 00:00:14 . Memory (MB): peak = 2978.094 ; gain = 64.031 ; free physical = 30217 ; free virtual = 101461
---------------------------------------------------------------------------------
---------------------------------------------------------------------------------
Start Loading Part and Timing Information
---------------------------------------------------------------------------------
Loading part: xc7k325tffg900-2
---------------------------------------------------------------------------------
Finished Loading Part and Timing Information : Time (s): cpu = 00:00:13 ; elapsed = 00:00:14 . Memory (MB): peak = 2978.094 ; gain = 64.031 ; free physical = 30217 ; free virtual = 101461
---------------------------------------------------------------------------------
---------------------------------------------------------------------------------
Start Applying 'set_property' XDC Constraints
---------------------------------------------------------------------------------
Applied set_property KEEP_HIERARCHY = SOFT for bd_0_i. (constraint file  auto generated constraint).
Applied set_property KEEP_HIERARCHY = SOFT for bd_0_i/hls_inst. (constraint file  auto generated constraint).
---------------------------------------------------------------------------------
Finished applying 'set_property' XDC Constraints : Time (s): cpu = 00:00:13 ; elapsed = 00:00:14 . Memory (MB): peak = 2978.094 ; gain = 64.031 ; free physical = 30217 ; free virtual = 101461
---------------------------------------------------------------------------------
---------------------------------------------------------------------------------
Finished RTL Optimization Phase 2 : Time (s): cpu = 00:00:13 ; elapsed = 00:00:14 . Memory (MB): peak = 2978.094 ; gain = 64.031 ; free physical = 30220 ; free virtual = 101466
---------------------------------------------------------------------------------
---------------------------------------------------------------------------------
Start RTL Component Statistics 
---------------------------------------------------------------------------------
Detailed RTL Component Info : 
---------------------------------------------------------------------------------
Finished RTL Component Statistics 
---------------------------------------------------------------------------------
---------------------------------------------------------------------------------
Start Part Resource Summary
---------------------------------------------------------------------------------
Part Resources:
DSPs: 840 (col length:140)
BRAMs: 890 (col length: RAMB18 140 RAMB36 70)
---------------------------------------------------------------------------------
Finished Part Resource Summary
---------------------------------------------------------------------------------
---------------------------------------------------------------------------------
Start Cross Boundary and Area Optimization
---------------------------------------------------------------------------------
WARNING: [Synth 8-7080] Parallel synthesis criteria is not met
---------------------------------------------------------------------------------
Finished Cross Boundary and Area Optimization : Time (s): cpu = 00:00:15 ; elapsed = 00:00:15 . Memory (MB): peak = 2978.094 ; gain = 64.031 ; free physical = 30207 ; free virtual = 101456
---------------------------------------------------------------------------------
---------------------------------------------------------------------------------
Start Applying XDC Timing Constraints
---------------------------------------------------------------------------------
---------------------------------------------------------------------------------
Finished Applying XDC Timing Constraints : Time (s): cpu = 00:00:19 ; elapsed = 00:00:20 . Memory (MB): peak = 2978.094 ; gain = 64.031 ; free physical = 30091 ; free virtual = 101340
---------------------------------------------------------------------------------
---------------------------------------------------------------------------------
Start Timing Optimization
---------------------------------------------------------------------------------
---------------------------------------------------------------------------------
Finished Timing Optimization : Time (s): cpu = 00:00:19 ; elapsed = 00:00:20 . Memory (MB): peak = 2978.094 ; gain = 64.031 ; free physical = 30090 ; free virtual = 101339
---------------------------------------------------------------------------------
---------------------------------------------------------------------------------
Start Technology Mapping
---------------------------------------------------------------------------------
---------------------------------------------------------------------------------
Finished Technology Mapping : Time (s): cpu = 00:00:20 ; elapsed = 00:00:20 . Memory (MB): peak = 2978.094 ; gain = 64.031 ; free physical = 30087 ; free virtual = 101337
---------------------------------------------------------------------------------
---------------------------------------------------------------------------------
Start IO Insertion
---------------------------------------------------------------------------------
---------------------------------------------------------------------------------
Start Flattening Before IO Insertion
---------------------------------------------------------------------------------
---------------------------------------------------------------------------------
Finished Flattening Before IO Insertion
---------------------------------------------------------------------------------
---------------------------------------------------------------------------------
Start Final Netlist Cleanup
---------------------------------------------------------------------------------
---------------------------------------------------------------------------------
Finished Final Netlist Cleanup
---------------------------------------------------------------------------------
---------------------------------------------------------------------------------
Finished IO Insertion : Time (s): cpu = 00:00:24 ; elapsed = 00:00:25 . Memory (MB): peak = 2978.094 ; gain = 64.031 ; free physical = 30074 ; free virtual = 101323
---------------------------------------------------------------------------------
---------------------------------------------------------------------------------
Start Renaming Generated Instances
---------------------------------------------------------------------------------
---------------------------------------------------------------------------------
Finished Renaming Generated Instances : Time (s): cpu = 00:00:24 ; elapsed = 00:00:25 . Memory (MB): peak = 2978.094 ; gain = 64.031 ; free physical = 30074 ; free virtual = 101323
---------------------------------------------------------------------------------
---------------------------------------------------------------------------------
Start Rebuilding User Hierarchy
---------------------------------------------------------------------------------
---------------------------------------------------------------------------------
Finished Rebuilding User Hierarchy : Time (s): cpu = 00:00:24 ; elapsed = 00:00:25 . Memory (MB): peak = 2978.094 ; gain = 64.031 ; free physical = 30074 ; free virtual = 101323
---------------------------------------------------------------------------------
---------------------------------------------------------------------------------
Start Renaming Generated Ports
---------------------------------------------------------------------------------
---------------------------------------------------------------------------------
Finished Renaming Generated Ports : Time (s): cpu = 00:00:24 ; elapsed = 00:00:25 . Memory (MB): peak = 2978.094 ; gain = 64.031 ; free physical = 30074 ; free virtual = 101323
---------------------------------------------------------------------------------
---------------------------------------------------------------------------------
Start Handling Custom Attributes
---------------------------------------------------------------------------------
---------------------------------------------------------------------------------
Finished Handling Custom Attributes : Time (s): cpu = 00:00:24 ; elapsed = 00:00:25 . Memory (MB): peak = 2978.094 ; gain = 64.031 ; free physical = 30074 ; free virtual = 101323
---------------------------------------------------------------------------------
---------------------------------------------------------------------------------
Start Renaming Generated Nets
---------------------------------------------------------------------------------
---------------------------------------------------------------------------------
Finished Renaming Generated Nets : Time (s): cpu = 00:00:24 ; elapsed = 00:00:25 . Memory (MB): peak = 2978.094 ; gain = 64.031 ; free physical = 30074 ; free virtual = 101323
---------------------------------------------------------------------------------
---------------------------------------------------------------------------------
Start Writing Synthesis Report
---------------------------------------------------------------------------------

Report BlackBoxes: 
+------+----------------+----------+
|      |BlackBox name   |Instances |
+------+----------------+----------+
|1     |bd_0_hls_inst_0 |         1|
+------+----------------+----------+

Report Cell Usage: 
+------+--------------+------+
|      |Cell          |Count |
+------+--------------+------+
|1     |bd_0_hls_inst |     1|
+------+--------------+------+
---------------------------------------------------------------------------------
Finished Writing Synthesis Report : Time (s): cpu = 00:00:24 ; elapsed = 00:00:25 . Memory (MB): peak = 2978.094 ; gain = 64.031 ; free physical = 30074 ; free virtual = 101323
---------------------------------------------------------------------------------
Synthesis finished with 0 errors, 0 critical warnings and 1 warnings.
Synthesis Optimization Runtime : Time (s): cpu = 00:00:21 ; elapsed = 00:00:22 . Memory (MB): peak = 2978.094 ; gain = 0.000 ; free physical = 30126 ; free virtual = 101375
Synthesis Optimization Complete : Time (s): cpu = 00:00:24 ; elapsed = 00:00:25 . Memory (MB): peak = 2978.094 ; gain = 64.031 ; free physical = 30126 ; free virtual = 101375
INFO: [Project 1-571] Translating synthesized netlist
Netlist sorting complete. Time (s): cpu = 00:00:00.03 ; elapsed = 00:00:00.03 . Memory (MB): peak = 2978.094 ; gain = 0.000 ; free physical = 30221 ; free virtual = 101471
INFO: [Project 1-570] Preparing netlist for logic optimization
INFO: [Opt 31-138] Pushed 0 inverter(s) to 0 load pin(s).
Netlist sorting complete. Time (s): cpu = 00:00:00 ; elapsed = 00:00:00 . Memory (MB): peak = 2978.094 ; gain = 0.000 ; free physical = 30158 ; free virtual = 101408
INFO: [Project 1-111] Unisim Transformation Summary:
No Unisim elements were transformed.

Synth Design complete, checksum: 619c5ea6
INFO: [Common 17-83] Releasing license: Synthesis
21 Infos, 2 Warnings, 0 Critical Warnings and 0 Errors encountered.
synth_design completed successfully
synth_design: Time (s): cpu = 00:00:34 ; elapsed = 00:00:31 . Memory (MB): peak = 2978.094 ; gain = 72.035 ; free physical = 30369 ; free virtual = 101616
INFO: [Common 17-1381] The checkpoint '/data/home/songqiangxu/project/CNN/instances_tp8_syn_kv260/proj_CONV_SPATIAL/work/solution/impl/verilog/project.runs/synth_1/bd_0_wrapper.dcp' has been generated.
INFO: [runtcl-4] Executing : report_utilization -file bd_0_wrapper_utilization_synth.rpt -pb bd_0_wrapper_utilization_synth.pb
INFO: [Common 17-206] Exiting Vivado at Tue May  5 16:13:27 2026...
[Tue May  5 16:13:31 2026] synth_1 finished
wait_on_runs: Time (s): cpu = 00:09:20 ; elapsed = 00:09:27 . Memory (MB): peak = 3041.727 ; gain = 0.000 ; free physical = 31651 ; free virtual = 102893
TIMESTAMP: HLS-REPORT: synthesis open_run: 2026-05-05 16:13:31 CST
INFO: HLS-REPORT: Opening synthesis design database: open_run synth_1
Design is defaulting to impl run constrset: constrs_1
Design is defaulting to synth run part: xc7k325tffg900-2
INFO: [Device 21-403] Loading part xc7k325tffg900-2
INFO: [Project 1-454] Reading design checkpoint '/data/home/songqiangxu/project/CNN/instances_tp8_syn_kv260/proj_CONV_SPATIAL/work/solution/impl/verilog/project.gen/sources_1/bd/bd_0/ip/bd_0_hls_inst_0/bd_0_hls_inst_0.dcp' for cell 'bd_0_i/hls_inst'
Netlist sorting complete. Time (s): cpu = 00:00:00.63 ; elapsed = 00:00:00.63 . Memory (MB): peak = 3041.727 ; gain = 0.000 ; free physical = 31342 ; free virtual = 102584
INFO: [Netlist 29-17] Analyzing 2713 Unisim elements for replacement
INFO: [Netlist 29-28] Unisim Transformation completed in 0 CPU seconds
INFO: [Project 1-479] Netlist was created with Vivado 2022.1
INFO: [Project 1-570] Preparing netlist for logic optimization
Parsing XDC File [/data/home/songqiangxu/project/CNN/instances_tp8_syn_kv260/proj_CONV_SPATIAL/work/solution/impl/verilog/top.xdc]
Finished Parsing XDC File [/data/home/songqiangxu/project/CNN/instances_tp8_syn_kv260/proj_CONV_SPATIAL/work/solution/impl/verilog/top.xdc]
INFO: [Opt 31-138] Pushed 0 inverter(s) to 0 load pin(s).
Netlist sorting complete. Time (s): cpu = 00:00:00.01 ; elapsed = 00:00:00.01 . Memory (MB): peak = 3041.727 ; gain = 0.000 ; free physical = 31237 ; free virtual = 102481
INFO: [Project 1-111] Unisim Transformation Summary:
No Unisim elements were transformed.

open_run: Time (s): cpu = 00:00:20 ; elapsed = 00:00:21 . Memory (MB): peak = 3041.727 ; gain = 0.000 ; free physical = 31237 ; free virtual = 102481
TIMESTAMP: HLS-REPORT: synthesis generate_reports_vivado: 2026-05-05 16:13:52 CST
INFO: HLS-REPORT: Running report: report_utilization -file ./report/top_utilization_synth.rpt
INFO: HLS-REPORT: Running report: report_utilization -hierarchical -hierarchical_depth 7 -file ./report/top_utilization_hierarchical_synth.rpt
INFO: HLS-REPORT: Running report: report_timing_summary -file ./report/top_timing_synth.rpt
INFO: [Timing 38-35] Done setting XDC timing constraints.
INFO: [Timing 38-91] UpdateTimingParams: Speed grade: -2, Delay Type: min_max.
INFO: [Timing 38-191] Multithreading enabled for timing update using a maximum of 8 CPUs
WARNING: [Timing 38-242] The property HD.CLK_SRC of clock port "ap_clk" is not set. In out-of-context mode, this prevents timing estimation for clock delay/skew
Resolution: Set the HD.CLK_SRC property of the out-of-context port to the location of the clock buffer instance in the top-level design
report_timing_summary: Time (s): cpu = 00:00:52 ; elapsed = 00:00:21 . Memory (MB): peak = 3721.746 ; gain = 680.020 ; free physical = 30541 ; free virtual = 101787
INFO: HLS-REPORT: Running report: report_timing -max_paths 10 -file ./report/top_timing_paths_synth.rpt
INFO: [Timing 38-91] UpdateTimingParams: Speed grade: -2, Delay Type: max.
INFO: [Timing 38-191] Multithreading enabled for timing update using a maximum of 8 CPUs
INFO: [Timing 38-78] ReportTimingParams: -max_paths 10 -nworst 1 -delay_type max -sort_by slack.
INFO: HLS-REPORT: Running report: report_design_analysis -file ./report/top_design_analysis_synth.rpt
INFO: [Implflow 30-839]  
INFO: HLS-REPORT: Running report: ::tclapp::xilinx::designutils::report_failfast -detailed_report synth -file ./report/top_failfast_synth.rpt
 -I- design metrics completed in 3 seconds
 -I- DONT_TOUCH metric completed in 0 seconds
 -I- MARK_DEBUG metric completed in 0 seconds
 -I- utilization metrics completed in 3 seconds
 -I- control set metrics completed in 0 seconds
 -I- methodology check metrics completed in 5 seconds
 -I- average fanout metrics completed in 7 seconds (4 modules)
 -I- Generated file /data/home/songqiangxu/project/CNN/instances_tp8_syn_kv260/proj_CONV_SPATIAL/work/solution/impl/verilog/report/synth.AVGFO.rpt
 -I- non-FD high fanout nets completed in 6 seconds
 -I- path budgeting metrics completed in 4 seconds
#  +-----------------------------------------------------------------------------------------+
#  | Design Summary                                                                          |
#  | design_1                                                                                |
#  | xc7k325tffg900-2                                                                        |
#  +-----------------------------------------------------------+-----------+--------+--------+
#  | Criteria                                                  | Guideline | Actual | Status |
#  +-----------------------------------------------------------+-----------+--------+--------+
#  | LUT                                                       | 70%       | 15.02% | OK     |
#  | FD                                                        | 50%       | 19.26% | OK     |
#  | LUTRAM+SRL                                                | 25%       | 0.08%  | OK     |
#  | MUXF7                                                     | 15%       | 0.01%  | OK     |
#  | DSP                                                       | 80%       | 71.79% | OK     |
#  | RAMB/FIFO                                                 | 80%       | 67.42% | OK     |
#  | DSP+RAMB+URAM (Avg)                                       | 70%       | 69.61% | OK     |
#  | BUFGCE* + BUFGCTRL                                        | 24        | 0      | OK     |
#  | DONT_TOUCH (cells/nets)                                   | 0         | 0      | OK     |
#  | MARK_DEBUG (nets)                                         | 0         | 0      | OK     |
#  | Control Sets                                              | 3821      | 168    | OK     |
#  | Average Fanout for modules > 100k cells                   | 4         | 2.59   | OK     |
#  | Non-FD high fanout nets > 10k loads                       | 0         | 0      | OK     |
#  +-----------------------------------------------------------+-----------+--------+--------+
#  | TIMING-6 (No common primary clock between related clocks) | 0         | 0      | OK     |
#  | TIMING-7 (No common node between related clocks)          | 0         | 0      | OK     |
#  | TIMING-8 (No common period between related clocks)        | 0         | 0      | OK     |
#  | TIMING-14 (LUT on the clock tree)                         | 0         | 0      | OK     |
#  | TIMING-35 (No common node in paths with the same clock)   | 0         | 0      | OK     |
#  +-----------------------------------------------------------+-----------+--------+--------+
#  | Number of paths above max LUT budgeting (0.500ns)         | 0         | 0      | OK     |
#  | Number of paths above max Net budgeting (0.350ns)         | 0         | 0      | OK     |
#  +-----------------------------------------------------------+-----------+--------+--------+
 -I- Generated file /data/home/songqiangxu/project/CNN/instances_tp8_syn_kv260/proj_CONV_SPATIAL/work/solution/impl/verilog/report/top_failfast_synth.rpt
 -I- Number of criteria to review: 0
 -I- This report should be run before placing the design and uses conservative guidelines beyond which runtime and timing closure will likely be more challenging
 -I- report_failfast completed in 28 seconds
TIMESTAMP: HLS-REPORT: synthesis gen_data_dict_vivado: 2026-05-05 16:14:45 CST
TIMESTAMP: HLS-REPORT: synth extract_util_hier: 2026-05-05 16:14:45 CST
TIMESTAMP: HLS-REPORT: synth get_cell_hier_data: 2026-05-05 16:14:46 CST
TIMESTAMP: HLS-REPORT: synth get_timing_paths: 2026-05-05 16:15:09 CST
TIMESTAMP: HLS-REPORT: synth process timing paths: 2026-05-05 16:15:09 CST
TIMESTAMP: HLS-REPORT: synth get_all_vv_rpt_files: 2026-05-05 16:15:09 CST
TIMESTAMP: HLS-REPORT: synthesis write_reports_vivado: 2026-05-05 16:15:09 CST
HLS EXTRACTION: synth area_totals:  0 203800 407600 840 890 0 0
HLS EXTRACTION: synth area_current: 0 30611 78522 603 600 0 51 0 0 0
HLS EXTRACTION: synth resources_dict: AVAIL_LUT 203800 LUT 30611 AVAIL_FF 407600 FF 78522 AVAIL_DSP 840 DSP 603 AVAIL_BRAM 890 BRAM 600 AVAIL_URAM 0 URAM 0 LATCH 0 SRL 51 AVAIL_CLB 0 CLB 0
INFO: HLS-REPORT: generated /data/home/songqiangxu/project/CNN/instances_tp8_syn_kv260/proj_CONV_SPATIAL/work/solution/impl/verilog/report/vivado_syn.xml
INFO: HLS-REPORT: generated /data/home/songqiangxu/project/CNN/instances_tp8_syn_kv260/proj_CONV_SPATIAL/work/solution/impl/report/verilog/top_export.rpt


Implementation tool: Xilinx Vivado v.2022.1
Project:             work
Solution:            solution
Device target:       xc7k325t-ffg900-2
Report date:         Tue May 05 16:15:12 CST 2026

#=== Post-Synthesis Resource usage ===
SLICE:            0
LUT:          30611
FF:           78522
DSP:            603
BRAM:           600
URAM:             0
LATCH:            0
SRL:             51
CLB:              0

#=== Final timing ===
CP required:                     2.500
CP achieved post-synthesis:      2.805
Timing not met

TIMESTAMP: HLS-REPORT: synthesis end: 2026-05-05 16:15:12 CST
# if { $has_impl } {
#   # launch run impl
#   if { [llength $impl_props] } {
#     set_property -dict $impl_props [get_runs impl_1]
#   }
#   launch_runs impl_1
#   wait_on_run impl_1
#   # impl reports
#   hls_vivado_reports_impl impl_1 $report_options
# }
# hls_vivado_reports_finalize $report_options
TIMESTAMP: HLS-REPORT: all reports complete: 2026-05-05 16:15:12 CST
INFO: [Common 17-206] Exiting Vivado at Tue May  5 16:15:12 2026...
INFO: [HLS 200-802] Generated output file export_ip/CONV_SPATIAL.zip
INFO: [HLS 200-111] Finished Command export_design CPU user time: 836.15 seconds. CPU system time: 49.69 seconds. Elapsed time: 792.46 seconds; current allocated memory: 48.062 MB.
INFO: [HLS 200-112] Total CPU user time: 1826.43 seconds. Total CPU system time: 58.63 seconds. Total elapsed time: 1789.3 seconds; peak allocated memory: 1.459 GB.
INFO: [Common 17-206] Exiting vitis_hls at Tue May  5 16:15:57 2026...
