
****** Vitis HLS - High-Level Synthesis from C, C++ and OpenCL v2022.1 (64-bit)
  **** SW Build 3526262 on Mon Apr 18 15:47:01 MDT 2022
  **** IP Build 3524634 on Mon Apr 18 20:55:01 MDT 2022
    ** Copyright 1986-2022 Xilinx, Inc. All Rights Reserved.

source /data/home/songqiangxu/Xilinx/2022.1/Vitis_HLS/2022.1/scripts/vitis_hls/hls.tcl -notrace
INFO: [HLS 200-10] Running '/data/home/songqiangxu/Xilinx/2022.1/Vitis_HLS/2022.1/bin/unwrapped/lnx64.o/vitis_hls'
INFO: [HLS 200-10] For user 'songqiangxu' on host 'dell-Precision-7920-Tower' (Linux_x86_64 version 5.15.0-139-generic) on Tue May 05 16:38:58 CST 2026
INFO: [HLS 200-10] On os Ubuntu 20.04.6 LTS
INFO: [HLS 200-10] In directory '/data/home/songqiangxu/project/CNN/instances_tp8_syn_kv260/proj_CNN_top'
WARNING: [HLS 200-40] Environment variable 'CPLUS_INCLUDE_PATH' is set to /data/home/songqiangxu/project/CNN.
Sourcing Tcl script 'run.tcl'
INFO: [HLS 200-1510] Running: open_project work 
INFO: [HLS 200-10] Creating and opening project '/data/home/songqiangxu/project/CNN/instances_tp8_syn_kv260/proj_CNN_top/work'.
INFO: [HLS 200-1510] Running: add_files case/CNN_top.cpp 
INFO: [HLS 200-10] Adding design file 'case/CNN_top.cpp' to the project
INFO: [HLS 200-1510] Running: add_files -tb case/CNN_top.cpp 
INFO: [HLS 200-10] Adding test bench file 'case/CNN_top.cpp' to the project
INFO: [HLS 200-1510] Running: open_solution solution 
INFO: [HLS 200-10] Creating and opening solution '/data/home/songqiangxu/project/CNN/instances_tp8_syn_kv260/proj_CNN_top/work/solution'.
INFO: [HLS 200-1505] Using default flow_target 'vivado'
Resolution: For help on HLS 200-1505 see www.xilinx.com/cgi-bin/docs/rdoc?v=2022.1;t=hls+guidance;d=200-1505.html
INFO: [HLS 200-435] Setting 'open_solution -flow_target vivado' configuration: config_interface -m_axi_latency=0
INFO: [HLS 200-1510] Running: set_part xc7k325tffg900-2 
INFO: [HLS 200-1611] Setting target device to 'xc7k325t-ffg900-2'
INFO: [HLS 200-1510] Running: set_top top 
INFO: [HLS 200-1510] Running: create_clock -period 2.5 
INFO: [SYN 201-201] Setting up clock 'default' with a period of 2.5ns.
INFO: [HLS 200-1510] Running: config_export -format ip_catalog -rtl verilog -vivado_clock 2.5 -vivado_phys_opt none 
INFO: [HLS 200-1510] Running: config_compile -pipeline_style flp 
INFO: [HLS 200-1510] Running: csynth_design 
INFO: [HLS 200-111] Finished File checks and directory preparation: CPU user time: 0.01 seconds. CPU system time: 0 seconds. Elapsed time: 0.01 seconds; current allocated memory: 1.459 GB.
INFO: [HLS 200-10] Analyzing design file 'case/CNN_top.cpp' ... 
INFO: [HLS 200-111] Finished Source Code Analysis and Preprocessing: CPU user time: 7.95 seconds. CPU system time: 1.15 seconds. Elapsed time: 8.1 seconds; current allocated memory: 461.367 MB.
INFO: [HLS 200-777] Using interface defaults for 'Vivado' flow target.
INFO: [HLS 214-131] Inlining function 'hls::vector<float, 15ul>::pragma() const' into 'hls::vector<float, 15ul>::operator[](unsigned long)' (/data/home/songqiangxu/Xilinx/2022.1/Vitis_HLS/2022.1/common/technology/autopilot/hls_vector.h:142:5)
INFO: [HLS 214-131] Inlining function 'hls::vector<ap_uint<8>, 15ul>::pragma() const' into 'hls::vector<ap_uint<8>, 15ul>::operator[](unsigned long)' (/data/home/songqiangxu/Xilinx/2022.1/Vitis_HLS/2022.1/common/technology/autopilot/hls_vector.h:142:5)
INFO: [HLS 214-131] Inlining function 'hls::vector<ap_uint<8>, 15ul>::operator[](unsigned long)' into 'QuantInput<ap_uint<8>, 15>::do_quantize(hls::stream<hls::vector<float, 15ul>, 0>&, hls::stream<hls::vector<ap_uint<8>, 15ul>, 0>&)' (/data/home/songqiangxu/project/CNN/src/quant_input.h:37:2)
INFO: [HLS 214-131] Inlining function 'hls::vector<float, 15ul>::operator[](unsigned long)' into 'QuantInput<ap_uint<8>, 15>::do_quantize(hls::stream<hls::vector<float, 15ul>, 0>&, hls::stream<hls::vector<ap_uint<8>, 15ul>, 0>&)' (/data/home/songqiangxu/project/CNN/src/quant_input.h:37:30)
INFO: [HLS 214-131] Inlining function 'hls::vector<ap_uint<8>, 195ul>::pragma() const' into 'hls::vector<ap_uint<8>, 195ul>::operator[](unsigned long)' (/data/home/songqiangxu/Xilinx/2022.1/Vitis_HLS/2022.1/common/technology/autopilot/hls_vector.h:142:5)
INFO: [HLS 214-131] Inlining function 'hls::vector<ap_uint<8>, 195ul>::operator[](unsigned long)' into 'ConvBrBranch<0>::do_conv_br(hls::stream<hls::vector<ap_uint<8>, 15ul>, 0>&, hls::stream<hls::vector<ap_uint<8>, 195ul>, 0>&)' (/data/home/songqiangxu/project/CNN/src/conv_br.h:85:33)
INFO: [HLS 214-131] Inlining function 'hls::vector<ap_uint<8>, 15ul>::operator[](unsigned long)' into 'ConvBrBranch<0>::do_conv_br(hls::stream<hls::vector<ap_uint<8>, 15ul>, 0>&, hls::stream<hls::vector<ap_uint<8>, 195ul>, 0>&)' (/data/home/songqiangxu/project/CNN/src/conv_br.h:48:56)
INFO: [HLS 214-131] Inlining function 'hls::vector<ap_uint<8>, 195ul>::operator[](unsigned long)' into 'ConvBrBranch<1>::do_conv_br(hls::stream<hls::vector<ap_uint<8>, 15ul>, 0>&, hls::stream<hls::vector<ap_uint<8>, 195ul>, 0>&)' (/data/home/songqiangxu/project/CNN/src/conv_br.h:87:33)
INFO: [HLS 214-131] Inlining function 'hls::vector<ap_uint<8>, 15ul>::operator[](unsigned long)' into 'ConvBrBranch<1>::do_conv_br(hls::stream<hls::vector<ap_uint<8>, 15ul>, 0>&, hls::stream<hls::vector<ap_uint<8>, 195ul>, 0>&)' (/data/home/songqiangxu/project/CNN/src/conv_br.h:48:56)
INFO: [HLS 214-131] Inlining function 'hls::vector<ap_uint<8>, 210ul>::pragma() const' into 'hls::vector<ap_uint<8>, 210ul>::operator[](unsigned long)' (/data/home/songqiangxu/Xilinx/2022.1/Vitis_HLS/2022.1/common/technology/autopilot/hls_vector.h:142:5)
INFO: [HLS 214-131] Inlining function 'hls::vector<ap_uint<8>, 210ul>::operator[](unsigned long)' into 'ConvBrBranch<2>::do_conv_br(hls::stream<hls::vector<ap_uint<8>, 15ul>, 0>&, hls::stream<hls::vector<ap_uint<8>, 210ul>, 0>&)' (/data/home/songqiangxu/project/CNN/src/conv_br.h:89:33)
INFO: [HLS 214-131] Inlining function 'hls::vector<ap_uint<8>, 15ul>::operator[](unsigned long)' into 'ConvBrBranch<2>::do_conv_br(hls::stream<hls::vector<ap_uint<8>, 15ul>, 0>&, hls::stream<hls::vector<ap_uint<8>, 210ul>, 0>&)' (/data/home/songqiangxu/project/CNN/src/conv_br.h:48:56)
INFO: [HLS 214-131] Inlining function 'hls::vector<ap_uint<8>, 410ul>::pragma() const' into 'hls::vector<ap_uint<8>, 410ul>::operator[](unsigned long)' (/data/home/songqiangxu/Xilinx/2022.1/Vitis_HLS/2022.1/common/technology/autopilot/hls_vector.h:142:5)
INFO: [HLS 214-131] Inlining function 'hls::vector<ap_uint<8>, 410ul>::operator[](unsigned long)' into 'Concat<ap_uint<8> >::do_concat(hls::stream<hls::vector<ap_uint<8>, 195ul>, 0>&, hls::stream<hls::vector<ap_uint<8>, 195ul>, 0>&, hls::stream<hls::vector<ap_uint<8>, 210ul>, 0>&, hls::stream<hls::vector<ap_uint<8>, 410ul>, 0>&)' (/data/home/songqiangxu/project/CNN/src/concat.h:132:2)
INFO: [HLS 214-131] Inlining function 'hls::vector<ap_uint<8>, 410ul>::operator[](unsigned long)' into 'Concat<ap_uint<8> >::do_concat(hls::stream<hls::vector<ap_uint<8>, 195ul>, 0>&, hls::stream<hls::vector<ap_uint<8>, 195ul>, 0>&, hls::stream<hls::vector<ap_uint<8>, 210ul>, 0>&, hls::stream<hls::vector<ap_uint<8>, 410ul>, 0>&)' (/data/home/songqiangxu/project/CNN/src/concat.h:121:2)
INFO: [HLS 214-131] Inlining function 'hls::vector<ap_uint<8>, 410ul>::operator[](unsigned long)' into 'Concat<ap_uint<8> >::do_concat(hls::stream<hls::vector<ap_uint<8>, 195ul>, 0>&, hls::stream<hls::vector<ap_uint<8>, 195ul>, 0>&, hls::stream<hls::vector<ap_uint<8>, 210ul>, 0>&, hls::stream<hls::vector<ap_uint<8>, 410ul>, 0>&)' (/data/home/songqiangxu/project/CNN/src/concat.h:110:2)
INFO: [HLS 214-131] Inlining function 'hls::vector<ap_uint<8>, 195ul>::operator[](unsigned long)' into 'Concat<ap_uint<8> >::do_concat(hls::stream<hls::vector<ap_uint<8>, 195ul>, 0>&, hls::stream<hls::vector<ap_uint<8>, 195ul>, 0>&, hls::stream<hls::vector<ap_uint<8>, 210ul>, 0>&, hls::stream<hls::vector<ap_uint<8>, 410ul>, 0>&)' (/data/home/songqiangxu/project/CNN/src/concat.h:87:29)
INFO: [HLS 214-131] Inlining function 'hls::vector<ap_uint<8>, 195ul>::operator[](unsigned long)' into 'Concat<ap_uint<8> >::do_concat(hls::stream<hls::vector<ap_uint<8>, 195ul>, 0>&, hls::stream<hls::vector<ap_uint<8>, 195ul>, 0>&, hls::stream<hls::vector<ap_uint<8>, 210ul>, 0>&, hls::stream<hls::vector<ap_uint<8>, 410ul>, 0>&)' (/data/home/songqiangxu/project/CNN/src/concat.h:93:29)
INFO: [HLS 214-131] Inlining function 'hls::vector<ap_uint<8>, 210ul>::operator[](unsigned long)' into 'Concat<ap_uint<8> >::do_concat(hls::stream<hls::vector<ap_uint<8>, 195ul>, 0>&, hls::stream<hls::vector<ap_uint<8>, 195ul>, 0>&, hls::stream<hls::vector<ap_uint<8>, 210ul>, 0>&, hls::stream<hls::vector<ap_uint<8>, 410ul>, 0>&)' (/data/home/songqiangxu/project/CNN/src/concat.h:99:29)
INFO: [HLS 214-131] Inlining function 'hls::vector<ap_uint<8>, 410ul>::operator[](unsigned long)' into 'ConvSpatial<ap_uint<8>, ap_uint<8> >::do_conv_spatial(hls::stream<hls::vector<ap_uint<8>, 410ul>, 0>&, hls::stream<hls::vector<ap_uint<8>, 410ul>, 0>&)' (/data/home/songqiangxu/project/CNN/src/conv2d.h:145:21)
INFO: [HLS 214-131] Inlining function 'hls::vector<ap_uint<8>, 410ul>::operator[](unsigned long)' into 'ConvSpatial<ap_uint<8>, ap_uint<8> >::do_conv_spatial(hls::stream<hls::vector<ap_uint<8>, 410ul>, 0>&, hls::stream<hls::vector<ap_uint<8>, 410ul>, 0>&)' (/data/home/songqiangxu/project/CNN/src/conv2d.h:122:20)
INFO: [HLS 214-131] Inlining function 'hls::vector<ap_uint<8>, 410ul>::operator[](unsigned long)' into 'SquareLUT<ap_uint<8>, ap_uint<8>, 1, 40, 1, 410>::do_lut_func(hls::stream<hls::vector<ap_uint<8>, 410ul>, 0>&, hls::stream<hls::vector<ap_uint<8>, 410ul>, 0>&)' (/data/home/songqiangxu/project/CNN/src/square.h:44:21)
INFO: [HLS 214-131] Inlining function 'hls::vector<ap_uint<8>, 410ul>::operator[](unsigned long)' into 'SquareLUT<ap_uint<8>, ap_uint<8>, 1, 40, 1, 410>::do_lut_func(hls::stream<hls::vector<ap_uint<8>, 410ul>, 0>&, hls::stream<hls::vector<ap_uint<8>, 410ul>, 0>&)' (/data/home/songqiangxu/project/CNN/src/square.h:43:19)
INFO: [HLS 214-131] Inlining function 'hls::vector<ap_uint<8>, 19ul>::pragma() const' into 'hls::vector<ap_uint<8>, 19ul>::operator[](unsigned long)' (/data/home/songqiangxu/Xilinx/2022.1/Vitis_HLS/2022.1/common/technology/autopilot/hls_vector.h:142:5)
INFO: [HLS 214-131] Inlining function 'hls::vector<ap_uint<8>, 19ul>::operator[](unsigned long)' into 'POOL<ap_uint<8>, ap_uint<8>, 1, 40, 1, 410, 19, 40, 20>::do_pool_func(hls::stream<hls::vector<ap_uint<8>, 410ul>, 0>&, hls::stream<hls::vector<ap_uint<8>, 19ul>, 0>&)' (/data/home/songqiangxu/project/CNN/src/pool.h:50:29)
INFO: [HLS 214-131] Inlining function 'hls::vector<ap_uint<8>, 410ul>::operator[](unsigned long)' into 'POOL<ap_uint<8>, ap_uint<8>, 1, 40, 1, 410, 19, 40, 20>::do_pool_func(hls::stream<hls::vector<ap_uint<8>, 410ul>, 0>&, hls::stream<hls::vector<ap_uint<8>, 19ul>, 0>&)' (/data/home/songqiangxu/project/CNN/src/pool.h:36:9)
INFO: [HLS 214-131] Inlining function 'hls::vector<ap_uint<8>, 19ul>::operator[](unsigned long)' into 'POOL<ap_uint<8>, ap_uint<8>, 1, 40, 1, 410, 19, 40, 20>::do_pool_func(hls::stream<hls::vector<ap_uint<8>, 410ul>, 0>&, hls::stream<hls::vector<ap_uint<8>, 19ul>, 0>&)' (/data/home/songqiangxu/project/CNN/src/pool.h:48:29)
INFO: [HLS 214-131] Inlining function 'hls::vector<ap_uint<8>, 19ul>::operator[](unsigned long)' into 'POOL<ap_uint<8>, ap_uint<8>, 1, 40, 1, 410, 19, 40, 20>::do_pool_func(hls::stream<hls::vector<ap_uint<8>, 410ul>, 0>&, hls::stream<hls::vector<ap_uint<8>, 19ul>, 0>&)' (/data/home/songqiangxu/project/CNN/src/pool.h:46:29)
INFO: [HLS 214-131] Inlining function 'hls::vector<ap_uint<8>, 19ul>::operator[](unsigned long)' into 'LogLUT<ap_uint<8>, ap_uint<8>, 1, 40, 1, 19>::do_lut_func(hls::stream<hls::vector<ap_uint<8>, 19ul>, 0>&, hls::stream<hls::vector<ap_uint<8>, 19ul>, 0>&)' (/data/home/songqiangxu/project/CNN/src/log.h:45:21)
INFO: [HLS 214-131] Inlining function 'hls::vector<ap_uint<8>, 19ul>::operator[](unsigned long)' into 'LogLUT<ap_uint<8>, ap_uint<8>, 1, 40, 1, 19>::do_lut_func(hls::stream<hls::vector<ap_uint<8>, 19ul>, 0>&, hls::stream<hls::vector<ap_uint<8>, 19ul>, 0>&)' (/data/home/songqiangxu/project/CNN/src/log.h:44:19)
INFO: [HLS 214-131] Inlining function 'hls::vector<ap_uint<8>, 7ul>::pragma() const' into 'hls::vector<ap_uint<8>, 7ul>::operator[](unsigned long)' (/data/home/songqiangxu/Xilinx/2022.1/Vitis_HLS/2022.1/common/technology/autopilot/hls_vector.h:142:5)
INFO: [HLS 214-131] Inlining function 'hls::vector<ap_uint<8>, 7ul>::operator[](unsigned long)' into 'LinearCLS<ap_uint<8>, ap_uint<8>, short, long, 1, 40, 1, 19>::do_linear_func(hls::stream<hls::vector<ap_uint<8>, 19ul>, 0>&, hls::stream<hls::vector<ap_uint<8>, 7ul>, 0>&)' (/data/home/songqiangxu/project/CNN/src/linear_cls.h:69:17)
INFO: [HLS 214-131] Inlining function 'hls::vector<ap_uint<8>, 19ul>::operator[](unsigned long)' into 'LinearCLS<ap_uint<8>, ap_uint<8>, short, long, 1, 40, 1, 19>::do_linear_func(hls::stream<hls::vector<ap_uint<8>, 19ul>, 0>&, hls::stream<hls::vector<ap_uint<8>, 7ul>, 0>&)' (/data/home/songqiangxu/project/CNN/src/linear_cls.h:59:66)
INFO: [HLS 214-131] Inlining function 'hls::vector<ap_uint<8>, 2ul>::pragma() const' into 'hls::vector<ap_uint<8>, 2ul>::operator[](unsigned long)' (/data/home/songqiangxu/Xilinx/2022.1/Vitis_HLS/2022.1/common/technology/autopilot/hls_vector.h:142:5)
INFO: [HLS 214-131] Inlining function 'hls::vector<ap_uint<8>, 2ul>::operator[](unsigned long)' into 'LinearHue<ap_uint<8>, ap_uint<8>, short, long, 1, 40, 1, 19>::do_linear_func(hls::stream<hls::vector<ap_uint<8>, 19ul>, 0>&, hls::stream<hls::vector<ap_uint<8>, 2ul>, 0>&)' (/data/home/songqiangxu/project/CNN/src/linear_hue.h:64:17)
INFO: [HLS 214-131] Inlining function 'hls::vector<ap_uint<8>, 19ul>::operator[](unsigned long)' into 'LinearHue<ap_uint<8>, ap_uint<8>, short, long, 1, 40, 1, 19>::do_linear_func(hls::stream<hls::vector<ap_uint<8>, 19ul>, 0>&, hls::stream<hls::vector<ap_uint<8>, 2ul>, 0>&)' (/data/home/songqiangxu/project/CNN/src/linear_hue.h:58:66)
INFO: [HLS 214-291] Loop 'dim1_loop' is marked as complete unroll implied by the pipeline pragma (/data/home/songqiangxu/project/CNN/src/linear_hue.h:54:13)
INFO: [HLS 214-291] Loop 'dim2_loop' is marked as complete unroll implied by the pipeline pragma (/data/home/songqiangxu/project/CNN/src/linear_hue.h:55:36)
INFO: [HLS 214-291] Loop 'dim1_loop' is marked as complete unroll implied by the pipeline pragma (/data/home/songqiangxu/project/CNN/src/linear_cls.h:55:13)
INFO: [HLS 214-291] Loop 'dim2_loop' is marked as complete unroll implied by the pipeline pragma (/data/home/songqiangxu/project/CNN/src/linear_cls.h:56:36)
INFO: [HLS 214-291] Loop 'elem_loop' is marked as complete unroll implied by the pipeline pragma (/data/home/songqiangxu/project/CNN/src/log.h:42:28)
INFO: [HLS 214-291] Loop 'dim1_loop' is marked as complete unroll implied by the pipeline pragma (/data/home/songqiangxu/project/CNN/src/pool.h:31:27)
INFO: [HLS 214-291] Loop 'outdim_loop' is marked as complete unroll implied by the pipeline pragma (/data/home/songqiangxu/project/CNN/src/pool.h:32:33)
INFO: [HLS 214-291] Loop 'k_loop' is marked as complete unroll implied by the pipeline pragma (/data/home/songqiangxu/project/CNN/src/pool.h:34:32)
INFO: [HLS 214-291] Loop 'elem_loop' is marked as complete unroll implied by the pipeline pragma (/data/home/songqiangxu/project/CNN/src/square.h:41:28)
INFO: [HLS 214-291] Loop 'anonymous' is marked as complete unroll implied by the pipeline pragma (/data/home/songqiangxu/project/CNN/src/conv2d.h:134:21)
INFO: [HLS 214-291] Loop 'anonymous' is marked as complete unroll implied by the pipeline pragma (/data/home/songqiangxu/project/CNN/src/conv2d.h:136:25)
INFO: [HLS 214-291] Loop 'anonymous' is marked as complete unroll implied by the pipeline pragma (/data/home/songqiangxu/project/CNN/src/concat.h:83:17)
INFO: [HLS 214-291] Loop 'anonymous' is marked as complete unroll implied by the pipeline pragma (/data/home/songqiangxu/project/CNN/src/concat.h:85:21)
INFO: [HLS 214-291] Loop 'anonymous' is marked as complete unroll implied by the pipeline pragma (/data/home/songqiangxu/project/CNN/src/concat.h:89:17)
INFO: [HLS 214-291] Loop 'anonymous' is marked as complete unroll implied by the pipeline pragma (/data/home/songqiangxu/project/CNN/src/concat.h:91:21)
INFO: [HLS 214-291] Loop 'anonymous' is marked as complete unroll implied by the pipeline pragma (/data/home/songqiangxu/project/CNN/src/concat.h:95:17)
INFO: [HLS 214-291] Loop 'anonymous' is marked as complete unroll implied by the pipeline pragma (/data/home/songqiangxu/project/CNN/src/concat.h:97:21)
INFO: [HLS 214-291] Loop 'anonymous' is marked as complete unroll implied by the pipeline pragma (/data/home/songqiangxu/project/CNN/src/conv_br.h:44:17)
INFO: [HLS 214-291] Loop 'anonymous' is marked as complete unroll implied by the pipeline pragma (/data/home/songqiangxu/project/CNN/src/conv_br.h:46:2)
INFO: [HLS 214-291] Loop 'anonymous' is marked as complete unroll implied by the pipeline pragma (/data/home/songqiangxu/project/CNN/src/conv_br.h:54:21)
INFO: [HLS 214-291] Loop 'anonymous' is marked as complete unroll implied by the pipeline pragma (/data/home/songqiangxu/project/CNN/src/conv_br.h:56:25)
INFO: [HLS 214-291] Loop 'anonymous' is marked as complete unroll implied by the pipeline pragma (/data/home/songqiangxu/project/CNN/src/conv_br.h:59:29)
INFO: [HLS 214-291] Loop 'anonymous' is marked as complete unroll implied by the pipeline pragma (/data/home/songqiangxu/project/CNN/src/quant_input.h:35:17)
INFO: [HLS 214-186] Unrolling loop 'dim1_loop' (/data/home/songqiangxu/project/CNN/src/linear_hue.h:54:13) in function 'LinearHue<ap_uint<8>, ap_uint<8>, short, long, 1, 40, 1, 19>::do_linear_func' completely with a factor of 1 (/data/home/songqiangxu/project/CNN/src/linear_hue.h:44:0)
INFO: [HLS 214-186] Unrolling loop 'dim2_loop' (/data/home/songqiangxu/project/CNN/src/linear_hue.h:55:36) in function 'LinearHue<ap_uint<8>, ap_uint<8>, short, long, 1, 40, 1, 19>::do_linear_func' completely with a factor of 19 (/data/home/songqiangxu/project/CNN/src/linear_hue.h:44:0)
INFO: [HLS 214-186] Unrolling loop 'dim1_loop' (/data/home/songqiangxu/project/CNN/src/linear_cls.h:55:13) in function 'LinearCLS<ap_uint<8>, ap_uint<8>, short, long, 1, 40, 1, 19>::do_linear_func' completely with a factor of 1 (/data/home/songqiangxu/project/CNN/src/linear_cls.h:45:0)
INFO: [HLS 214-186] Unrolling loop 'dim2_loop' (/data/home/songqiangxu/project/CNN/src/linear_cls.h:56:36) in function 'LinearCLS<ap_uint<8>, ap_uint<8>, short, long, 1, 40, 1, 19>::do_linear_func' completely with a factor of 19 (/data/home/songqiangxu/project/CNN/src/linear_cls.h:45:0)
INFO: [HLS 214-186] Unrolling loop 'elem_loop' (/data/home/songqiangxu/project/CNN/src/log.h:42:28) in function 'LogLUT<ap_uint<8>, ap_uint<8>, 1, 40, 1, 19>::do_lut_func' completely with a factor of 19 (/data/home/songqiangxu/project/CNN/src/log.h:34:0)
INFO: [HLS 214-186] Unrolling loop 'dim1_loop' (/data/home/songqiangxu/project/CNN/src/pool.h:31:27) in function 'POOL<ap_uint<8>, ap_uint<8>, 1, 40, 1, 410, 19, 40, 20>::do_pool_func' completely with a factor of 1 (/data/home/songqiangxu/project/CNN/src/pool.h:24:0)
INFO: [HLS 214-186] Unrolling loop 'outdim_loop' (/data/home/songqiangxu/project/CNN/src/pool.h:32:33) in function 'POOL<ap_uint<8>, ap_uint<8>, 1, 40, 1, 410, 19, 40, 20>::do_pool_func' completely with a factor of 19 (/data/home/songqiangxu/project/CNN/src/pool.h:24:0)
INFO: [HLS 214-186] Unrolling loop 'k_loop' (/data/home/songqiangxu/project/CNN/src/pool.h:34:32) in function 'POOL<ap_uint<8>, ap_uint<8>, 1, 40, 1, 410, 19, 40, 20>::do_pool_func' completely with a factor of 40 (/data/home/songqiangxu/project/CNN/src/pool.h:24:0)
INFO: [HLS 214-186] Unrolling loop 'elem_loop' (/data/home/songqiangxu/project/CNN/src/square.h:41:28) in function 'SquareLUT<ap_uint<8>, ap_uint<8>, 1, 40, 1, 410>::do_lut_func' completely with a factor of 410 (/data/home/songqiangxu/project/CNN/src/square.h:33:0)
INFO: [HLS 214-186] Unrolling loop 'anonymous' (/data/home/songqiangxu/project/CNN/src/conv2d.h:134:21) in function 'ConvSpatial<ap_uint<8>, ap_uint<8> >::do_conv_spatial' completely with a factor of 40 (/data/home/songqiangxu/project/CNN/src/conv2d.h:103:0)
INFO: [HLS 214-186] Unrolling loop 'anonymous' (/data/home/songqiangxu/project/CNN/src/conv2d.h:136:25) in function 'ConvSpatial<ap_uint<8>, ap_uint<8> >::do_conv_spatial' completely with a factor of 15 (/data/home/songqiangxu/project/CNN/src/conv2d.h:103:0)
INFO: [HLS 214-186] Unrolling loop 'anonymous' (/data/home/songqiangxu/project/CNN/src/concat.h:83:17) in function 'Concat<ap_uint<8> >::do_concat' completely with a factor of 13 (/data/home/songqiangxu/project/CNN/src/concat.h:66:0)
INFO: [HLS 214-186] Unrolling loop 'anonymous' (/data/home/songqiangxu/project/CNN/src/concat.h:85:21) in function 'Concat<ap_uint<8> >::do_concat' completely with a factor of 15 (/data/home/songqiangxu/project/CNN/src/concat.h:66:0)
INFO: [HLS 214-186] Unrolling loop 'anonymous' (/data/home/songqiangxu/project/CNN/src/concat.h:89:17) in function 'Concat<ap_uint<8> >::do_concat' completely with a factor of 13 (/data/home/songqiangxu/project/CNN/src/concat.h:66:0)
INFO: [HLS 214-186] Unrolling loop 'anonymous' (/data/home/songqiangxu/project/CNN/src/concat.h:91:21) in function 'Concat<ap_uint<8> >::do_concat' completely with a factor of 15 (/data/home/songqiangxu/project/CNN/src/concat.h:66:0)
INFO: [HLS 214-186] Unrolling loop 'anonymous' (/data/home/songqiangxu/project/CNN/src/concat.h:95:17) in function 'Concat<ap_uint<8> >::do_concat' completely with a factor of 14 (/data/home/songqiangxu/project/CNN/src/concat.h:66:0)
INFO: [HLS 214-186] Unrolling loop 'anonymous' (/data/home/songqiangxu/project/CNN/src/concat.h:97:21) in function 'Concat<ap_uint<8> >::do_concat' completely with a factor of 15 (/data/home/songqiangxu/project/CNN/src/concat.h:66:0)
INFO: [HLS 214-186] Unrolling loop 'anonymous' (/data/home/songqiangxu/project/CNN/src/conv_br.h:32:17) in function 'ConvBrBranch<2>::do_conv_br' completely with a factor of 64 (/data/home/songqiangxu/project/CNN/src/conv_br.h:26:0)
INFO: [HLS 214-186] Unrolling loop 'anonymous' (/data/home/songqiangxu/project/CNN/src/conv_br.h:44:17) in function 'ConvBrBranch<2>::do_conv_br' completely with a factor of 15 (/data/home/songqiangxu/project/CNN/src/conv_br.h:26:0)
INFO: [HLS 214-186] Unrolling loop 'anonymous' (/data/home/songqiangxu/project/CNN/src/conv_br.h:46:2) in function 'ConvBrBranch<2>::do_conv_br' completely with a factor of 63 (/data/home/songqiangxu/project/CNN/src/conv_br.h:26:0)
INFO: [HLS 214-186] Unrolling loop 'anonymous' (/data/home/songqiangxu/project/CNN/src/conv_br.h:54:21) in function 'ConvBrBranch<2>::do_conv_br' completely with a factor of 14 (/data/home/songqiangxu/project/CNN/src/conv_br.h:26:0)
INFO: [HLS 214-186] Unrolling loop 'anonymous' (/data/home/songqiangxu/project/CNN/src/conv_br.h:56:25) in function 'ConvBrBranch<2>::do_conv_br' completely with a factor of 15 (/data/home/songqiangxu/project/CNN/src/conv_br.h:26:0)
INFO: [HLS 214-186] Unrolling loop 'anonymous' (/data/home/songqiangxu/project/CNN/src/conv_br.h:59:29) in function 'ConvBrBranch<2>::do_conv_br' completely with a factor of 64 (/data/home/songqiangxu/project/CNN/src/conv_br.h:26:0)
INFO: [HLS 214-186] Unrolling loop 'anonymous' (/data/home/songqiangxu/project/CNN/src/conv_br.h:32:17) in function 'ConvBrBranch<1>::do_conv_br' completely with a factor of 32 (/data/home/songqiangxu/project/CNN/src/conv_br.h:26:0)
INFO: [HLS 214-186] Unrolling loop 'anonymous' (/data/home/songqiangxu/project/CNN/src/conv_br.h:44:17) in function 'ConvBrBranch<1>::do_conv_br' completely with a factor of 15 (/data/home/songqiangxu/project/CNN/src/conv_br.h:26:0)
INFO: [HLS 214-186] Unrolling loop 'anonymous' (/data/home/songqiangxu/project/CNN/src/conv_br.h:46:2) in function 'ConvBrBranch<1>::do_conv_br' completely with a factor of 31 (/data/home/songqiangxu/project/CNN/src/conv_br.h:26:0)
INFO: [HLS 214-186] Unrolling loop 'anonymous' (/data/home/songqiangxu/project/CNN/src/conv_br.h:54:21) in function 'ConvBrBranch<1>::do_conv_br' completely with a factor of 13 (/data/home/songqiangxu/project/CNN/src/conv_br.h:26:0)
INFO: [HLS 214-186] Unrolling loop 'anonymous' (/data/home/songqiangxu/project/CNN/src/conv_br.h:56:25) in function 'ConvBrBranch<1>::do_conv_br' completely with a factor of 15 (/data/home/songqiangxu/project/CNN/src/conv_br.h:26:0)
INFO: [HLS 214-186] Unrolling loop 'anonymous' (/data/home/songqiangxu/project/CNN/src/conv_br.h:59:29) in function 'ConvBrBranch<1>::do_conv_br' completely with a factor of 32 (/data/home/songqiangxu/project/CNN/src/conv_br.h:26:0)
INFO: [HLS 214-186] Unrolling loop 'anonymous' (/data/home/songqiangxu/project/CNN/src/conv_br.h:32:17) in function 'ConvBrBranch<0>::do_conv_br' completely with a factor of 16 (/data/home/songqiangxu/project/CNN/src/conv_br.h:26:0)
INFO: [HLS 214-186] Unrolling loop 'anonymous' (/data/home/songqiangxu/project/CNN/src/conv_br.h:44:17) in function 'ConvBrBranch<0>::do_conv_br' completely with a factor of 15 (/data/home/songqiangxu/project/CNN/src/conv_br.h:26:0)
INFO: [HLS 214-186] Unrolling loop 'anonymous' (/data/home/songqiangxu/project/CNN/src/conv_br.h:46:2) in function 'ConvBrBranch<0>::do_conv_br' completely with a factor of 15 (/data/home/songqiangxu/project/CNN/src/conv_br.h:26:0)
INFO: [HLS 214-186] Unrolling loop 'anonymous' (/data/home/songqiangxu/project/CNN/src/conv_br.h:54:21) in function 'ConvBrBranch<0>::do_conv_br' completely with a factor of 13 (/data/home/songqiangxu/project/CNN/src/conv_br.h:26:0)
INFO: [HLS 214-186] Unrolling loop 'anonymous' (/data/home/songqiangxu/project/CNN/src/conv_br.h:56:25) in function 'ConvBrBranch<0>::do_conv_br' completely with a factor of 15 (/data/home/songqiangxu/project/CNN/src/conv_br.h:26:0)
INFO: [HLS 214-186] Unrolling loop 'anonymous' (/data/home/songqiangxu/project/CNN/src/conv_br.h:59:29) in function 'ConvBrBranch<0>::do_conv_br' completely with a factor of 16 (/data/home/songqiangxu/project/CNN/src/conv_br.h:26:0)
INFO: [HLS 214-186] Unrolling loop 'anonymous' (/data/home/songqiangxu/project/CNN/src/quant_input.h:35:17) in function 'QuantInput<ap_uint<8>, 15>::do_quantize' completely with a factor of 15 (/data/home/songqiangxu/project/CNN/src/quant_input.h:28:0)
INFO: [HLS 214-178] Inlining function 'std::__array_traits<float, 15ul>::_S_ref(float const (&) [15], unsigned long)' into 'std::array<float, 15ul>::operator[](unsigned long)' (/data/home/songqiangxu/Xilinx/2022.1/Vitis_HLS/2022.1/tps/lnx64/gcc-8.3.0/lib/gcc/x86_64-pc-linux-gnu/8.3.0/../../../../include/c++/8.3.0/array:186:0)
INFO: [HLS 214-178] Inlining function 'std::__array_traits<ap_uint<8>, 15ul>::_S_ref(ap_uint<8> const (&) [15], unsigned long)' into 'std::array<ap_uint<8>, 15ul>::operator[](unsigned long)' (/data/home/songqiangxu/Xilinx/2022.1/Vitis_HLS/2022.1/tps/lnx64/gcc-8.3.0/lib/gcc/x86_64-pc-linux-gnu/8.3.0/../../../../include/c++/8.3.0/array:186:0)
INFO: [HLS 214-178] Inlining function 'fp_struct<float>::fp_struct(float)' into 'int generic_cast_IEEE754<int, (ap_q_mode)6, float>(float, bool, hls::enable_if<std::numeric_limits<int>::is_signed, bool>::type)' (/wrk/ci/prod/2022.1/rdi_builds/continuous/2022_04_18_3526262/src/shared/hls/clib/hlsmath/include/FloatingPoint/hls_case_IEEE754.h:12:0)
INFO: [HLS 214-178] Inlining function 'fp_struct<float>::mantissa() const' into 'int generic_cast_IEEE754<int, (ap_q_mode)6, float>(float, bool, hls::enable_if<std::numeric_limits<int>::is_signed, bool>::type)' (/wrk/ci/prod/2022.1/rdi_builds/continuous/2022_04_18_3526262/src/shared/hls/clib/hlsmath/include/FloatingPoint/hls_case_IEEE754.h:12:0)
INFO: [HLS 214-178] Inlining function 'fp_struct<float>::expv() const' into 'int generic_cast_IEEE754<int, (ap_q_mode)6, float>(float, bool, hls::enable_if<std::numeric_limits<int>::is_signed, bool>::type)' (/wrk/ci/prod/2022.1/rdi_builds/continuous/2022_04_18_3526262/src/shared/hls/clib/hlsmath/include/FloatingPoint/hls_case_IEEE754.h:12:0)
INFO: [HLS 214-178] Inlining function 'fp_struct<float>::__signbit() const' into 'int generic_cast_IEEE754<int, (ap_q_mode)6, float>(float, bool, hls::enable_if<std::numeric_limits<int>::is_signed, bool>::type)' (/wrk/ci/prod/2022.1/rdi_builds/continuous/2022_04_18_3526262/src/shared/hls/clib/hlsmath/include/FloatingPoint/hls_case_IEEE754.h:12:0)
INFO: [HLS 214-178] Inlining function 'int generic_cast_IEEE754<int, (ap_q_mode)6, float>(float, bool, hls::enable_if<std::numeric_limits<int>::is_signed, bool>::type)' into 'int generic_cast_IEEE754<int, float>(float, bool)' (/wrk/ci/prod/2022.1/rdi_builds/continuous/2022_04_18_3526262/src/shared/hls/clib/hlsmath/include/FloatingPoint/hls_case_IEEE754.h:116:0)
INFO: [HLS 214-178] Inlining function 'int generic_cast_IEEE754<int, float>(float, bool)' into '__hls_fptosi_float_i32' (/wrk/ci/prod/2022.1/rdi_builds/continuous/2022_04_18_3526262/src/shared/hls/clib/hlsmath/src/lib_floatconversion.cpp:51:0)
INFO: [HLS 214-178] Inlining function '__hls_fptosi_float_i32' into 'ap_uint<8> quantize_one<ap_uint<8> >(float)' (/data/home/songqiangxu/project/CNN/src/quant_input.h:14:0)
INFO: [HLS 214-178] Inlining function 'int clamp<int, int>(int, int, int)' into 'ap_uint<8> quantize_one<ap_uint<8> >(float)' (/data/home/songqiangxu/project/CNN/src/quant_input.h:14:0)
INFO: [HLS 214-178] Inlining function 'std::array<float, 15ul>::operator[](unsigned long)' into 'QuantInput<ap_uint<8>, 15>::do_quantize(hls::stream<hls::vector<float, 15ul>, 0>&, hls::stream<hls::vector<ap_uint<8>, 15ul>, 0>&)' (/data/home/songqiangxu/project/CNN/src/quant_input.h:28:0)
INFO: [HLS 214-178] Inlining function 'std::array<ap_uint<8>, 15ul>::operator[](unsigned long)' into 'QuantInput<ap_uint<8>, 15>::do_quantize(hls::stream<hls::vector<float, 15ul>, 0>&, hls::stream<hls::vector<ap_uint<8>, 15ul>, 0>&)' (/data/home/songqiangxu/project/CNN/src/quant_input.h:28:0)
INFO: [HLS 214-178] Inlining function 'std::__array_traits<ap_uint<8>, 195ul>::_S_ref(ap_uint<8> const (&) [195], unsigned long)' into 'std::array<ap_uint<8>, 195ul>::operator[](unsigned long)' (/data/home/songqiangxu/Xilinx/2022.1/Vitis_HLS/2022.1/tps/lnx64/gcc-8.3.0/lib/gcc/x86_64-pc-linux-gnu/8.3.0/../../../../include/c++/8.3.0/array:186:0)
INFO: [HLS 214-178] Inlining function 'std::array<ap_uint<8>, 15ul>::operator[](unsigned long)' into 'ConvBrBranch<0>::do_conv_br(hls::stream<hls::vector<ap_uint<8>, 15ul>, 0>&, hls::stream<hls::vector<ap_uint<8>, 195ul>, 0>&)' (/data/home/songqiangxu/project/CNN/src/conv_br.h:26:0)
INFO: [HLS 214-178] Inlining function 'std::array<ap_uint<8>, 195ul>::operator[](unsigned long)' into 'ConvBrBranch<0>::do_conv_br(hls::stream<hls::vector<ap_uint<8>, 15ul>, 0>&, hls::stream<hls::vector<ap_uint<8>, 195ul>, 0>&)' (/data/home/songqiangxu/project/CNN/src/conv_br.h:26:0)
INFO: [HLS 214-178] Inlining function 'std::array<ap_uint<8>, 15ul>::operator[](unsigned long)' into 'ConvBrBranch<1>::do_conv_br(hls::stream<hls::vector<ap_uint<8>, 15ul>, 0>&, hls::stream<hls::vector<ap_uint<8>, 195ul>, 0>&)' (/data/home/songqiangxu/project/CNN/src/conv_br.h:26:0)
INFO: [HLS 214-178] Inlining function 'std::array<ap_uint<8>, 195ul>::operator[](unsigned long)' into 'ConvBrBranch<1>::do_conv_br(hls::stream<hls::vector<ap_uint<8>, 15ul>, 0>&, hls::stream<hls::vector<ap_uint<8>, 195ul>, 0>&)' (/data/home/songqiangxu/project/CNN/src/conv_br.h:26:0)
INFO: [HLS 214-178] Inlining function 'std::__array_traits<ap_uint<8>, 210ul>::_S_ref(ap_uint<8> const (&) [210], unsigned long)' into 'std::array<ap_uint<8>, 210ul>::operator[](unsigned long)' (/data/home/songqiangxu/Xilinx/2022.1/Vitis_HLS/2022.1/tps/lnx64/gcc-8.3.0/lib/gcc/x86_64-pc-linux-gnu/8.3.0/../../../../include/c++/8.3.0/array:186:0)
INFO: [HLS 214-178] Inlining function 'std::array<ap_uint<8>, 15ul>::operator[](unsigned long)' into 'ConvBrBranch<2>::do_conv_br(hls::stream<hls::vector<ap_uint<8>, 15ul>, 0>&, hls::stream<hls::vector<ap_uint<8>, 210ul>, 0>&)' (/data/home/songqiangxu/project/CNN/src/conv_br.h:26:0)
INFO: [HLS 214-178] Inlining function 'std::array<ap_uint<8>, 210ul>::operator[](unsigned long)' into 'ConvBrBranch<2>::do_conv_br(hls::stream<hls::vector<ap_uint<8>, 15ul>, 0>&, hls::stream<hls::vector<ap_uint<8>, 210ul>, 0>&)' (/data/home/songqiangxu/project/CNN/src/conv_br.h:26:0)
INFO: [HLS 214-178] Inlining function 'std::__array_traits<ap_uint<8>, 410ul>::_S_ref(ap_uint<8> const (&) [410], unsigned long)' into 'std::array<ap_uint<8>, 410ul>::operator[](unsigned long)' (/data/home/songqiangxu/Xilinx/2022.1/Vitis_HLS/2022.1/tps/lnx64/gcc-8.3.0/lib/gcc/x86_64-pc-linux-gnu/8.3.0/../../../../include/c++/8.3.0/array:186:0)
INFO: [HLS 214-178] Inlining function '__hls_fptosi_float_i32' into 'round_to_even_concat(float)' (/data/home/songqiangxu/project/CNN/src/concat.h:20:0)
INFO: [HLS 214-178] Inlining function 'round_to_even_concat(float)' into 'Concat<ap_uint<8> >::requant_to_concat_domain(ap_uint<8>, float, short)' (/data/home/songqiangxu/project/CNN/src/concat.h:53:0)
INFO: [HLS 214-178] Inlining function 'int clamp<int, int>(int, int, int)' into 'Concat<ap_uint<8> >::requant_to_concat_domain(ap_uint<8>, float, short)' (/data/home/songqiangxu/project/CNN/src/concat.h:53:0)
INFO: [HLS 214-178] Inlining function 'std::array<ap_uint<8>, 195ul>::operator[](unsigned long)' into 'Concat<ap_uint<8> >::do_concat(hls::stream<hls::vector<ap_uint<8>, 195ul>, 0>&, hls::stream<hls::vector<ap_uint<8>, 195ul>, 0>&, hls::stream<hls::vector<ap_uint<8>, 210ul>, 0>&, hls::stream<hls::vector<ap_uint<8>, 410ul>, 0>&)' (/data/home/songqiangxu/project/CNN/src/concat.h:66:0)
INFO: [HLS 214-178] Inlining function 'std::array<ap_uint<8>, 210ul>::operator[](unsigned long)' into 'Concat<ap_uint<8> >::do_concat(hls::stream<hls::vector<ap_uint<8>, 195ul>, 0>&, hls::stream<hls::vector<ap_uint<8>, 195ul>, 0>&, hls::stream<hls::vector<ap_uint<8>, 210ul>, 0>&, hls::stream<hls::vector<ap_uint<8>, 410ul>, 0>&)' (/data/home/songqiangxu/project/CNN/src/concat.h:66:0)
INFO: [HLS 214-178] Inlining function 'std::array<ap_uint<8>, 410ul>::operator[](unsigned long)' into 'Concat<ap_uint<8> >::do_concat(hls::stream<hls::vector<ap_uint<8>, 195ul>, 0>&, hls::stream<hls::vector<ap_uint<8>, 195ul>, 0>&, hls::stream<hls::vector<ap_uint<8>, 210ul>, 0>&, hls::stream<hls::vector<ap_uint<8>, 410ul>, 0>&)' (/data/home/songqiangxu/project/CNN/src/concat.h:66:0)
INFO: [HLS 214-178] Inlining function '__hls_fptosi_float_i32' into 'round_to_even(float)' (/data/home/songqiangxu/project/CNN/src/conv2d.h:68:0)
INFO: [HLS 214-178] Inlining function 'std::array<ap_uint<8>, 410ul>::operator[](unsigned long)' into 'ConvSpatial<ap_uint<8>, ap_uint<8> >::do_conv_spatial(hls::stream<hls::vector<ap_uint<8>, 410ul>, 0>&, hls::stream<hls::vector<ap_uint<8>, 410ul>, 0>&)' (/data/home/songqiangxu/project/CNN/src/conv2d.h:103:0)
INFO: [HLS 214-178] Inlining function 'round_to_even(float)' into 'ConvSpatial<ap_uint<8>, ap_uint<8> >::do_conv_spatial(hls::stream<hls::vector<ap_uint<8>, 410ul>, 0>&, hls::stream<hls::vector<ap_uint<8>, 410ul>, 0>&)' (/data/home/songqiangxu/project/CNN/src/conv2d.h:103:0)
INFO: [HLS 214-178] Inlining function 'int clamp<int, int>(int, int, int)' into 'ConvSpatial<ap_uint<8>, ap_uint<8> >::do_conv_spatial(hls::stream<hls::vector<ap_uint<8>, 410ul>, 0>&, hls::stream<hls::vector<ap_uint<8>, 410ul>, 0>&)' (/data/home/songqiangxu/project/CNN/src/conv2d.h:103:0)
INFO: [HLS 214-178] Inlining function 'std::array<ap_uint<8>, 410ul>::operator[](unsigned long)' into 'SquareLUT<ap_uint<8>, ap_uint<8>, 1, 40, 1, 410>::do_lut_func(hls::stream<hls::vector<ap_uint<8>, 410ul>, 0>&, hls::stream<hls::vector<ap_uint<8>, 410ul>, 0>&)' (/data/home/songqiangxu/project/CNN/src/square.h:33:0)
INFO: [HLS 214-178] Inlining function 'std::__array_traits<ap_uint<8>, 19ul>::_S_ref(ap_uint<8> const (&) [19], unsigned long)' into 'std::array<ap_uint<8>, 19ul>::operator[](unsigned long)' (/data/home/songqiangxu/Xilinx/2022.1/Vitis_HLS/2022.1/tps/lnx64/gcc-8.3.0/lib/gcc/x86_64-pc-linux-gnu/8.3.0/../../../../include/c++/8.3.0/array:186:0)
INFO: [HLS 214-178] Inlining function 'std::array<ap_uint<8>, 410ul>::operator[](unsigned long)' into 'POOL<ap_uint<8>, ap_uint<8>, 1, 40, 1, 410, 19, 40, 20>::do_pool_func(hls::stream<hls::vector<ap_uint<8>, 410ul>, 0>&, hls::stream<hls::vector<ap_uint<8>, 19ul>, 0>&)' (/data/home/songqiangxu/project/CNN/src/pool.h:24:0)
INFO: [HLS 214-178] Inlining function 'std::array<ap_uint<8>, 19ul>::operator[](unsigned long)' into 'POOL<ap_uint<8>, ap_uint<8>, 1, 40, 1, 410, 19, 40, 20>::do_pool_func(hls::stream<hls::vector<ap_uint<8>, 410ul>, 0>&, hls::stream<hls::vector<ap_uint<8>, 19ul>, 0>&)' (/data/home/songqiangxu/project/CNN/src/pool.h:24:0)
INFO: [HLS 214-178] Inlining function 'std::array<ap_uint<8>, 19ul>::operator[](unsigned long)' into 'LogLUT<ap_uint<8>, ap_uint<8>, 1, 40, 1, 19>::do_lut_func(hls::stream<hls::vector<ap_uint<8>, 19ul>, 0>&, hls::stream<hls::vector<ap_uint<8>, 19ul>, 0>&)' (/data/home/songqiangxu/project/CNN/src/log.h:34:0)
INFO: [HLS 214-178] Inlining function 'std::__array_traits<ap_uint<8>, 7ul>::_S_ref(ap_uint<8> const (&) [7], unsigned long)' into 'std::array<ap_uint<8>, 7ul>::operator[](unsigned long)' (/data/home/songqiangxu/Xilinx/2022.1/Vitis_HLS/2022.1/tps/lnx64/gcc-8.3.0/lib/gcc/x86_64-pc-linux-gnu/8.3.0/../../../../include/c++/8.3.0/array:186:0)
INFO: [HLS 214-178] Inlining function 'std::array<ap_uint<8>, 19ul>::operator[](unsigned long)' into 'LinearCLS<ap_uint<8>, ap_uint<8>, short, long, 1, 40, 1, 19>::do_linear_func(hls::stream<hls::vector<ap_uint<8>, 19ul>, 0>&, hls::stream<hls::vector<ap_uint<8>, 7ul>, 0>&)' (/data/home/songqiangxu/project/CNN/src/linear_cls.h:45:0)
INFO: [HLS 214-178] Inlining function '__hls_fptosi_float_i32' into 'LinearCLS<ap_uint<8>, ap_uint<8>, short, long, 1, 40, 1, 19>::do_linear_func(hls::stream<hls::vector<ap_uint<8>, 19ul>, 0>&, hls::stream<hls::vector<ap_uint<8>, 7ul>, 0>&)' (/data/home/songqiangxu/project/CNN/src/linear_cls.h:45:0)
INFO: [HLS 214-178] Inlining function 'int clamp<int, int>(int, int, int)' into 'LinearCLS<ap_uint<8>, ap_uint<8>, short, long, 1, 40, 1, 19>::do_linear_func(hls::stream<hls::vector<ap_uint<8>, 19ul>, 0>&, hls::stream<hls::vector<ap_uint<8>, 7ul>, 0>&)' (/data/home/songqiangxu/project/CNN/src/linear_cls.h:45:0)
INFO: [HLS 214-178] Inlining function 'std::array<ap_uint<8>, 7ul>::operator[](unsigned long)' into 'LinearCLS<ap_uint<8>, ap_uint<8>, short, long, 1, 40, 1, 19>::do_linear_func(hls::stream<hls::vector<ap_uint<8>, 19ul>, 0>&, hls::stream<hls::vector<ap_uint<8>, 7ul>, 0>&)' (/data/home/songqiangxu/project/CNN/src/linear_cls.h:45:0)
INFO: [HLS 214-178] Inlining function 'std::__array_traits<ap_uint<8>, 2ul>::_S_ref(ap_uint<8> const (&) [2], unsigned long)' into 'std::array<ap_uint<8>, 2ul>::operator[](unsigned long)' (/data/home/songqiangxu/Xilinx/2022.1/Vitis_HLS/2022.1/tps/lnx64/gcc-8.3.0/lib/gcc/x86_64-pc-linux-gnu/8.3.0/../../../../include/c++/8.3.0/array:186:0)
INFO: [HLS 214-178] Inlining function 'std::array<ap_uint<8>, 19ul>::operator[](unsigned long)' into 'LinearHue<ap_uint<8>, ap_uint<8>, short, long, 1, 40, 1, 19>::do_linear_func(hls::stream<hls::vector<ap_uint<8>, 19ul>, 0>&, hls::stream<hls::vector<ap_uint<8>, 2ul>, 0>&)' (/data/home/songqiangxu/project/CNN/src/linear_hue.h:44:0)
INFO: [HLS 214-178] Inlining function 'std::array<ap_uint<8>, 2ul>::operator[](unsigned long)' into 'LinearHue<ap_uint<8>, ap_uint<8>, short, long, 1, 40, 1, 19>::do_linear_func(hls::stream<hls::vector<ap_uint<8>, 19ul>, 0>&, hls::stream<hls::vector<ap_uint<8>, 2ul>, 0>&)' (/data/home/songqiangxu/project/CNN/src/linear_hue.h:44:0)
INFO: [HLS 214-241] Aggregating fifo (hls::stream) variable 'linear_cls_i' with compact=bit mode in 152-bits (case/CNN_top.cpp:72:53)
INFO: [HLS 214-241] Aggregating fifo (hls::stream) variable 'linear_hue_i' with compact=bit mode in 152-bits (case/CNN_top.cpp:72:67)
INFO: [HLS 214-241] Aggregating fifo (hls::stream) variable 'log_o' with compact=bit mode in 152-bits (case/CNN_top.cpp:71:53)
INFO: [HLS 214-241] Aggregating fifo (hls::stream) variable 'pool_o' with compact=bit mode in 152-bits (case/CNN_top.cpp:70:53)
INFO: [HLS 214-241] Aggregating fifo (hls::stream) variable 'square_o' with compact=bit mode in 3280-bits (case/CNN_top.cpp:69:54)
INFO: [HLS 214-241] Aggregating fifo (hls::stream) variable 'conv_spatial_o' with compact=bit mode in 3280-bits (case/CNN_top.cpp:68:44)
INFO: [HLS 214-241] Aggregating fifo (hls::stream) variable 'conv_spatial_i' with compact=bit mode in 3280-bits (case/CNN_top.cpp:67:44)
INFO: [HLS 214-241] Aggregating fifo (hls::stream) variable 'concat_i2' with compact=bit mode in 1680-bits (case/CNN_top.cpp:66:58)
INFO: [HLS 214-241] Aggregating fifo (hls::stream) variable 'concat_i1' with compact=bit mode in 1560-bits (case/CNN_top.cpp:65:58)
INFO: [HLS 214-241] Aggregating fifo (hls::stream) variable 'concat_i0' with compact=bit mode in 1560-bits (case/CNN_top.cpp:64:58)
INFO: [HLS 214-241] Aggregating fifo (hls::stream) variable 'conv_br_i0' with compact=bit mode in 120-bits (case/CNN_top.cpp:63:43)
INFO: [HLS 214-241] Aggregating fifo (hls::stream) variable 'conv_br_i1' with compact=bit mode in 120-bits (case/CNN_top.cpp:63:55)
INFO: [HLS 214-241] Aggregating fifo (hls::stream) variable 'conv_br_i2' with compact=bit mode in 120-bits (case/CNN_top.cpp:63:67)
INFO: [HLS 214-241] Aggregating fifo (hls::stream) variable 'quant_out' with compact=bit mode in 120-bits (case/CNN_top.cpp:62:40)
INFO: [HLS 214-241] Aggregating axis (hls::stream) variable 'i_stream' with compact=bit mode in 480-bits (case/CNN_top.cpp:53:0)
INFO: [HLS 214-241] Aggregating axis (hls::stream) variable 'cls_stream' with compact=bit mode in 56-bits (case/CNN_top.cpp:53:0)
INFO: [HLS 214-241] Aggregating axis (hls::stream) variable 'hue_stream' with compact=bit mode in 16-bits (case/CNN_top.cpp:53:0)
INFO: [HLS 214-241] Aggregating scalar variable 'out_vec205' with compact=bit mode in 3280-bits (/data/home/songqiangxu/project/CNN/src/concat.h:129:54)
INFO: [HLS 214-241] Aggregating scalar variable 'out_vec172' with compact=bit mode in 3280-bits (/data/home/songqiangxu/project/CNN/src/concat.h:118:54)
INFO: [HLS 214-241] Aggregating scalar variable 'out_vec' with compact=bit mode in 3280-bits (/data/home/songqiangxu/project/CNN/src/concat.h:107:54)
INFO: [HLS 214-241] Aggregating scalar variable 'out_vec' with compact=bit mode in 3280-bits (/data/home/songqiangxu/project/CNN/src/conv2d.h:129:44)
INFO: [HLS 214-241] Aggregating scalar variable 'v' with compact=bit mode in 3280-bits
INFO: [HLS 214-241] Aggregating bram variable 'out' with compact=bit mode in 56-bits (/data/home/songqiangxu/project/CNN/src/linear_cls.h:47:39)
INFO: [HLS 214-241] Aggregating bram variable 'out' with compact=bit mode in 16-bits (/data/home/songqiangxu/project/CNN/src/linear_hue.h:46:39)
INFO: [HLS 214-241] Aggregating bram variable 'in' with compact=bit mode in 152-bits (/data/home/songqiangxu/project/CNN/src/linear_hue.h:45:40)
INFO: [HLS 214-241] Aggregating bram variable 'in' with compact=bit mode in 152-bits (/data/home/songqiangxu/project/CNN/src/linear_cls.h:46:40)
INFO: [HLS 214-241] Aggregating scalar variable 'in' with compact=bit mode in 152-bits
INFO: [HLS 214-241] Aggregating scalar variable 'out' with compact=bit mode in 152-bits (/data/home/songqiangxu/project/CNN/src/log.h:40:48)
INFO: [HLS 214-241] Aggregating scalar variable 'out' with compact=bit mode in 152-bits (/data/home/songqiangxu/project/CNN/src/pool.h:30:50)
INFO: [HLS 214-241] Aggregating scalar variable 'in' with compact=bit mode in 3280-bits
INFO: [HLS 214-241] Aggregating scalar variable 'out' with compact=bit mode in 3280-bits (/data/home/songqiangxu/project/CNN/src/square.h:39:48)
INFO: [HLS 214-241] Aggregating scalar variable 'v0' with compact=bit mode in 1560-bits
INFO: [HLS 214-241] Aggregating scalar variable 'v1' with compact=bit mode in 1560-bits
INFO: [HLS 214-241] Aggregating scalar variable 'v2' with compact=bit mode in 1680-bits
INFO: [HLS 214-241] Aggregating scalar variable 'new_data' with compact=bit mode in 120-bits (/data/home/songqiangxu/project/CNN/src/conv_br.h:41:25)
INFO: [HLS 214-241] Aggregating scalar variable 'o_vec' with compact=bit mode in 1680-bits (/data/home/songqiangxu/project/CNN/src/conv_br.h:52:53)
INFO: [HLS 214-241] Aggregating scalar variable 'o_vec' with compact=bit mode in 1560-bits (/data/home/songqiangxu/project/CNN/src/conv_br.h:52:53)
INFO: [HLS 214-241] Aggregating scalar variable 'in' with compact=bit mode in 480-bits
INFO: [HLS 214-241] Aggregating scalar variable 'out' with compact=bit mode in 120-bits (/data/home/songqiangxu/project/CNN/src/quant_input.h:34:44)
INFO: [HLS 214-270] Inferring pragma 'array_partition type=cyclic factor=19 dim=2' for array 'CLS_WEIGHT' due to pipeline pragma (/data/home/songqiangxu/project/CNN/src/linear_cls.h:54:9)
INFO: [HLS 214-270] Inferring pragma 'array_partition type=cyclic factor=19 dim=2' for array 'HUE_WEIGHT' due to pipeline pragma (/data/home/songqiangxu/project/CNN/src/linear_hue.h:53:9)
INFO: [HLS 214-270] Inferring pragma 'array_partition type=complete dim=1' for array 'buf0' due to pipeline pragma (/data/home/songqiangxu/project/CNN/src/concat.h:78:9)
INFO: [HLS 214-270] Inferring pragma 'array_partition type=complete dim=2' for array 'buf0' due to pipeline pragma (/data/home/songqiangxu/project/CNN/src/concat.h:78:9)
INFO: [HLS 214-270] Inferring pragma 'array_partition type=complete dim=1' for array 'buf1' due to pipeline pragma (/data/home/songqiangxu/project/CNN/src/concat.h:78:9)
INFO: [HLS 214-270] Inferring pragma 'array_partition type=complete dim=2' for array 'buf1' due to pipeline pragma (/data/home/songqiangxu/project/CNN/src/concat.h:78:9)
INFO: [HLS 214-270] Inferring pragma 'array_partition type=complete dim=1' for array 'buf2' due to pipeline pragma (/data/home/songqiangxu/project/CNN/src/concat.h:78:9)
INFO: [HLS 214-270] Inferring pragma 'array_partition type=complete dim=2' for array 'buf2' due to pipeline pragma (/data/home/songqiangxu/project/CNN/src/concat.h:78:9)
INFO: [HLS 214-270] Inferring pragma 'array_partition type=complete dim=1' for array 'buf' due to pipeline pragma (/data/home/songqiangxu/project/CNN/src/conv2d.h:132:9)
INFO: [HLS 214-270] Inferring pragma 'array_partition type=complete dim=2' for array 'buf' due to pipeline pragma (/data/home/songqiangxu/project/CNN/src/conv2d.h:132:9)
INFO: [HLS 214-248] Applying array_partition to '_ZL10HUE_WEIGHT': Cyclic partitioning with factor 19 on dimension 2. (/data/home/songqiangxu/project/CNN/src/linear_hue.h:9:0)
INFO: [HLS 214-248] Applying array_partition to '_ZL10CLS_WEIGHT': Cyclic partitioning with factor 19 on dimension 2. (/data/home/songqiangxu/project/CNN/src/linear_cls.h:9:0)
INFO: [HLS 214-248] Applying array_partition to 'buf0': Complete partitioning on dimension 1. Complete partitioning on dimension 2. (/data/home/songqiangxu/project/CNN/src/concat.h:67:16)
INFO: [HLS 214-248] Applying array_partition to 'buf1': Complete partitioning on dimension 1. Complete partitioning on dimension 2. (/data/home/songqiangxu/project/CNN/src/concat.h:68:16)
INFO: [HLS 214-248] Applying array_partition to 'buf2': Complete partitioning on dimension 1. Complete partitioning on dimension 2. (/data/home/songqiangxu/project/CNN/src/concat.h:69:16)
INFO: [HLS 214-248] Applying array_partition to 'buf': Complete partitioning on dimension 1. Complete partitioning on dimension 2. (/data/home/songqiangxu/project/CNN/src/conv2d.h:104:14)
INFO: [HLS 214-131] Inlining function '_llvm.fpga.pack.none.i480.a15f32' into '_llvm.fpga.unpack.bits.s_class.hls::vector<float, 15>s.i480.1'
INFO: [HLS 214-131] Inlining function '_llvm.fpga.unpack.bits.s_class.hls::vector<float, 15>s.i480.1' into 'QuantInput<ap_uint<8>, 15>::do_quantize(hls::stream<hls::vector<float, 15ul>, 0>&, hls::stream<hls::vector<ap_uint<8>, 15ul>, 0>&) (.1)' (/data/home/songqiangxu/Xilinx/2022.1/Vitis_HLS/2022.1/common/technology/autopilot/hls_stream_39.h:145:9)
INFO: [HLS 214-131] Inlining function '_llvm.fpga.pack.bits.i120.s_class.hls::vector<ap_uint<8>, 15>s.1' into 'QuantInput<ap_uint<8>, 15>::do_quantize(hls::stream<hls::vector<float, 15ul>, 0>&, hls::stream<hls::vector<ap_uint<8>, 15ul>, 0>&) (.1)' (/data/home/songqiangxu/Xilinx/2022.1/Vitis_HLS/2022.1/common/technology/autopilot/hls_stream_39.h:174:9)
INFO: [HLS 214-131] Inlining function '_llvm.fpga.pack.bits.i32.f32' into 'QuantInput<ap_uint<8>, 15>::do_quantize(hls::stream<hls::vector<float, 15ul>, 0>&, hls::stream<hls::vector<ap_uint<8>, 15ul>, 0>&) (.1)' (/data/home/songqiangxu/Xilinx/2022.1/Vitis_HLS/2022.1/common/technology/autopilot/hls_stream_39.h:145:9)
INFO: [HLS 214-131] Inlining function '_llvm.fpga.pack.none.i120.s_class.hls::vector<ap_uint<8>, 15>s' into 'QuantInput<ap_uint<8>, 15>::do_quantize(hls::stream<hls::vector<float, 15ul>, 0>&, hls::stream<hls::vector<ap_uint<8>, 15ul>, 0>&) (.1)' (/data/home/songqiangxu/Xilinx/2022.1/Vitis_HLS/2022.1/common/technology/autopilot/hls_stream_39.h:174:9)
INFO: [HLS 214-131] Inlining function '_llvm.fpga.unpack.bits.f32.i32' into 'QuantInput<ap_uint<8>, 15>::do_quantize(hls::stream<hls::vector<float, 15ul>, 0>&, hls::stream<hls::vector<ap_uint<8>, 15ul>, 0>&) (.1)' (/data/home/songqiangxu/project/CNN/src/quant_input.h:37:30)
INFO: [HLS 214-131] Inlining function '_llvm.fpga.pack.none.i120.a15s_struct.ap_uint<8>s' into '_llvm.fpga.unpack.bits.s_class.hls::vector<ap_uint<8>, 15>s.i120.1'
INFO: [HLS 214-131] Inlining function '_llvm.fpga.unpack.bits.s_class.hls::vector<ap_uint<8>, 15>s.i120.1' into 'tee3_quant_to_conv_br(hls::stream<hls::vector<ap_uint<8>, 15ul>, 0>&, hls::stream<hls::vector<ap_uint<8>, 15ul>, 0>&, hls::stream<hls::vector<ap_uint<8>, 15ul>, 0>&, hls::stream<hls::vector<ap_uint<8>, 15ul>, 0>&) (.1)' (/data/home/songqiangxu/Xilinx/2022.1/Vitis_HLS/2022.1/common/technology/autopilot/hls_stream_39.h:145:9)
INFO: [HLS 214-131] Inlining function '_llvm.fpga.pack.bits.i120.s_class.hls::vector<ap_uint<8>, 15>s.1' into 'tee3_quant_to_conv_br(hls::stream<hls::vector<ap_uint<8>, 15ul>, 0>&, hls::stream<hls::vector<ap_uint<8>, 15ul>, 0>&, hls::stream<hls::vector<ap_uint<8>, 15ul>, 0>&, hls::stream<hls::vector<ap_uint<8>, 15ul>, 0>&) (.1)' (/data/home/songqiangxu/Xilinx/2022.1/Vitis_HLS/2022.1/common/technology/autopilot/hls_stream_39.h:174:9)
INFO: [HLS 214-131] Inlining function '_llvm.fpga.unpack.bits.s_class.hls::vector<ap_uint<8>, 15>s.i120.1' into 'ConvBrBranch<0>::do_conv_br(hls::stream<hls::vector<ap_uint<8>, 15ul>, 0>&, hls::stream<hls::vector<ap_uint<8>, 195ul>, 0>&) (.1)' (/data/home/songqiangxu/Xilinx/2022.1/Vitis_HLS/2022.1/common/technology/autopilot/hls_stream_39.h:145:9)
INFO: [HLS 214-131] Inlining function '_llvm.fpga.pack.bits.i1560.s_class.hls::vector<ap_uint<8>, 195>s.1' into 'ConvBrBranch<0>::do_conv_br(hls::stream<hls::vector<ap_uint<8>, 15ul>, 0>&, hls::stream<hls::vector<ap_uint<8>, 195ul>, 0>&) (.1)' (/data/home/songqiangxu/Xilinx/2022.1/Vitis_HLS/2022.1/common/technology/autopilot/hls_stream_39.h:174:9)
INFO: [HLS 214-131] Inlining function '_llvm.fpga.pack.none.i1560.s_class.hls::vector<ap_uint<8>, 195>s' into 'ConvBrBranch<0>::do_conv_br(hls::stream<hls::vector<ap_uint<8>, 15ul>, 0>&, hls::stream<hls::vector<ap_uint<8>, 195ul>, 0>&) (.1)' (/data/home/songqiangxu/Xilinx/2022.1/Vitis_HLS/2022.1/common/technology/autopilot/hls_stream_39.h:174:9)
INFO: [HLS 214-131] Inlining function '_llvm.fpga.unpack.bits.s_class.hls::vector<ap_uint<8>, 15>s.i120.1' into 'ConvBrBranch<1>::do_conv_br(hls::stream<hls::vector<ap_uint<8>, 15ul>, 0>&, hls::stream<hls::vector<ap_uint<8>, 195ul>, 0>&) (.1)' (/data/home/songqiangxu/Xilinx/2022.1/Vitis_HLS/2022.1/common/technology/autopilot/hls_stream_39.h:145:9)
INFO: [HLS 214-131] Inlining function '_llvm.fpga.pack.bits.i1560.s_class.hls::vector<ap_uint<8>, 195>s.1' into 'ConvBrBranch<1>::do_conv_br(hls::stream<hls::vector<ap_uint<8>, 15ul>, 0>&, hls::stream<hls::vector<ap_uint<8>, 195ul>, 0>&) (.1)' (/data/home/songqiangxu/Xilinx/2022.1/Vitis_HLS/2022.1/common/technology/autopilot/hls_stream_39.h:174:9)
INFO: [HLS 214-131] Inlining function '_llvm.fpga.pack.none.i1560.s_class.hls::vector<ap_uint<8>, 195>s' into 'ConvBrBranch<1>::do_conv_br(hls::stream<hls::vector<ap_uint<8>, 15ul>, 0>&, hls::stream<hls::vector<ap_uint<8>, 195ul>, 0>&) (.1)' (/data/home/songqiangxu/Xilinx/2022.1/Vitis_HLS/2022.1/common/technology/autopilot/hls_stream_39.h:174:9)
INFO: [HLS 214-131] Inlining function '_llvm.fpga.unpack.bits.s_class.hls::vector<ap_uint<8>, 15>s.i120.1' into 'ConvBrBranch<2>::do_conv_br(hls::stream<hls::vector<ap_uint<8>, 15ul>, 0>&, hls::stream<hls::vector<ap_uint<8>, 210ul>, 0>&) (.1)' (/data/home/songqiangxu/Xilinx/2022.1/Vitis_HLS/2022.1/common/technology/autopilot/hls_stream_39.h:145:9)
INFO: [HLS 214-131] Inlining function '_llvm.fpga.pack.bits.i1680.s_class.hls::vector<ap_uint<8>, 210>s.1' into 'ConvBrBranch<2>::do_conv_br(hls::stream<hls::vector<ap_uint<8>, 15ul>, 0>&, hls::stream<hls::vector<ap_uint<8>, 210ul>, 0>&) (.1)' (/data/home/songqiangxu/Xilinx/2022.1/Vitis_HLS/2022.1/common/technology/autopilot/hls_stream_39.h:174:9)
INFO: [HLS 214-131] Inlining function '_llvm.fpga.pack.none.i1680.s_class.hls::vector<ap_uint<8>, 210>s' into 'ConvBrBranch<2>::do_conv_br(hls::stream<hls::vector<ap_uint<8>, 15ul>, 0>&, hls::stream<hls::vector<ap_uint<8>, 210ul>, 0>&) (.1)' (/data/home/songqiangxu/Xilinx/2022.1/Vitis_HLS/2022.1/common/technology/autopilot/hls_stream_39.h:174:9)
INFO: [HLS 214-131] Inlining function '_llvm.fpga.pack.none.i1560.a195s_struct.ap_uint<8>s' into '_llvm.fpga.unpack.bits.s_class.hls::vector<ap_uint<8>, 195>s.i1560.1'
INFO: [HLS 214-131] Inlining function '_llvm.fpga.pack.none.i1680.a210s_struct.ap_uint<8>s' into '_llvm.fpga.unpack.bits.s_class.hls::vector<ap_uint<8>, 210>s.i1680.1'
INFO: [HLS 214-131] Inlining function '_llvm.fpga.pack.none.i3280.s_class.hls::vector<ap_uint<8>, 410>s' into 'Concat<ap_uint<8> >::do_concat(hls::stream<hls::vector<ap_uint<8>, 195ul>, 0>&, hls::stream<hls::vector<ap_uint<8>, 195ul>, 0>&, hls::stream<hls::vector<ap_uint<8>, 210ul>, 0>&, hls::stream<hls::vector<ap_uint<8>, 410ul>, 0>&) (.1)' (/data/home/songqiangxu/Xilinx/2022.1/Vitis_HLS/2022.1/common/technology/autopilot/hls_stream_39.h:174:9)
INFO: [HLS 214-131] Inlining function '_llvm.fpga.pack.bits.i3280.s_class.hls::vector<ap_uint<8>, 410>s.1' into 'Concat<ap_uint<8> >::do_concat(hls::stream<hls::vector<ap_uint<8>, 195ul>, 0>&, hls::stream<hls::vector<ap_uint<8>, 195ul>, 0>&, hls::stream<hls::vector<ap_uint<8>, 210ul>, 0>&, hls::stream<hls::vector<ap_uint<8>, 410ul>, 0>&) (.1)' (/data/home/songqiangxu/Xilinx/2022.1/Vitis_HLS/2022.1/common/technology/autopilot/hls_stream_39.h:174:9)
INFO: [HLS 214-131] Inlining function '_llvm.fpga.unpack.bits.s_class.hls::vector<ap_uint<8>, 195>s.i1560.1' into 'Concat<ap_uint<8> >::do_concat(hls::stream<hls::vector<ap_uint<8>, 195ul>, 0>&, hls::stream<hls::vector<ap_uint<8>, 195ul>, 0>&, hls::stream<hls::vector<ap_uint<8>, 210ul>, 0>&, hls::stream<hls::vector<ap_uint<8>, 410ul>, 0>&) (.1)' (/data/home/songqiangxu/Xilinx/2022.1/Vitis_HLS/2022.1/common/technology/autopilot/hls_stream_39.h:145:9)
INFO: [HLS 214-131] Inlining function '_llvm.fpga.unpack.bits.s_class.hls::vector<ap_uint<8>, 210>s.i1680.1' into 'Concat<ap_uint<8> >::do_concat(hls::stream<hls::vector<ap_uint<8>, 195ul>, 0>&, hls::stream<hls::vector<ap_uint<8>, 195ul>, 0>&, hls::stream<hls::vector<ap_uint<8>, 210ul>, 0>&, hls::stream<hls::vector<ap_uint<8>, 410ul>, 0>&) (.1)' (/data/home/songqiangxu/Xilinx/2022.1/Vitis_HLS/2022.1/common/technology/autopilot/hls_stream_39.h:145:9)
INFO: [HLS 214-131] Inlining function '_llvm.fpga.pack.none.i3280.a410s_struct.ap_uint<8>s' into '_llvm.fpga.unpack.bits.s_class.hls::vector<ap_uint<8>, 410>s.i3280.1'
INFO: [HLS 214-131] Inlining function '_llvm.fpga.unpack.bits.s_class.hls::vector<ap_uint<8>, 410>s.i3280.1' into 'ConvSpatial<ap_uint<8>, ap_uint<8> >::do_conv_spatial(hls::stream<hls::vector<ap_uint<8>, 410ul>, 0>&, hls::stream<hls::vector<ap_uint<8>, 410ul>, 0>&) (.1)' (/data/home/songqiangxu/Xilinx/2022.1/Vitis_HLS/2022.1/common/technology/autopilot/hls_stream_39.h:145:9)
INFO: [HLS 214-131] Inlining function '_llvm.fpga.pack.bits.i3280.s_class.hls::vector<ap_uint<8>, 410>s.1' into 'ConvSpatial<ap_uint<8>, ap_uint<8> >::do_conv_spatial(hls::stream<hls::vector<ap_uint<8>, 410ul>, 0>&, hls::stream<hls::vector<ap_uint<8>, 410ul>, 0>&) (.1)' (/data/home/songqiangxu/Xilinx/2022.1/Vitis_HLS/2022.1/common/technology/autopilot/hls_stream_39.h:174:9)
INFO: [HLS 214-131] Inlining function '_llvm.fpga.pack.none.i3280.s_class.hls::vector<ap_uint<8>, 410>s' into 'ConvSpatial<ap_uint<8>, ap_uint<8> >::do_conv_spatial(hls::stream<hls::vector<ap_uint<8>, 410ul>, 0>&, hls::stream<hls::vector<ap_uint<8>, 410ul>, 0>&) (.1)' (/data/home/songqiangxu/Xilinx/2022.1/Vitis_HLS/2022.1/common/technology/autopilot/hls_stream_39.h:174:9)
INFO: [HLS 214-131] Inlining function '_llvm.fpga.unpack.bits.s_class.hls::vector<ap_uint<8>, 410>s.i3280.1' into 'SquareLUT<ap_uint<8>, ap_uint<8>, 1, 40, 1, 410>::do_lut_func(hls::stream<hls::vector<ap_uint<8>, 410ul>, 0>&, hls::stream<hls::vector<ap_uint<8>, 410ul>, 0>&) (.1)' (/data/home/songqiangxu/Xilinx/2022.1/Vitis_HLS/2022.1/common/technology/autopilot/hls_stream_39.h:145:9)
INFO: [HLS 214-131] Inlining function '_llvm.fpga.pack.bits.i3280.s_class.hls::vector<ap_uint<8>, 410>s.1' into 'SquareLUT<ap_uint<8>, ap_uint<8>, 1, 40, 1, 410>::do_lut_func(hls::stream<hls::vector<ap_uint<8>, 410ul>, 0>&, hls::stream<hls::vector<ap_uint<8>, 410ul>, 0>&) (.1)' (/data/home/songqiangxu/Xilinx/2022.1/Vitis_HLS/2022.1/common/technology/autopilot/hls_stream_39.h:174:9)
INFO: [HLS 214-131] Inlining function '_llvm.fpga.pack.none.i3280.s_class.hls::vector<ap_uint<8>, 410>s' into 'SquareLUT<ap_uint<8>, ap_uint<8>, 1, 40, 1, 410>::do_lut_func(hls::stream<hls::vector<ap_uint<8>, 410ul>, 0>&, hls::stream<hls::vector<ap_uint<8>, 410ul>, 0>&) (.1)' (/data/home/songqiangxu/Xilinx/2022.1/Vitis_HLS/2022.1/common/technology/autopilot/hls_stream_39.h:174:9)
INFO: [HLS 214-131] Inlining function '_llvm.fpga.unpack.bits.s_class.hls::vector<ap_uint<8>, 410>s.i3280.1' into 'POOL<ap_uint<8>, ap_uint<8>, 1, 40, 1, 410, 19, 40, 20>::do_pool_func(hls::stream<hls::vector<ap_uint<8>, 410ul>, 0>&, hls::stream<hls::vector<ap_uint<8>, 19ul>, 0>&) (.1)' (/data/home/songqiangxu/Xilinx/2022.1/Vitis_HLS/2022.1/common/technology/autopilot/hls_stream_39.h:145:9)
INFO: [HLS 214-131] Inlining function '_llvm.fpga.pack.bits.i152.s_class.hls::vector<ap_uint<8>, 19>s.1' into 'POOL<ap_uint<8>, ap_uint<8>, 1, 40, 1, 410, 19, 40, 20>::do_pool_func(hls::stream<hls::vector<ap_uint<8>, 410ul>, 0>&, hls::stream<hls::vector<ap_uint<8>, 19ul>, 0>&) (.1)' (/data/home/songqiangxu/Xilinx/2022.1/Vitis_HLS/2022.1/common/technology/autopilot/hls_stream_39.h:174:9)
INFO: [HLS 214-131] Inlining function '_llvm.fpga.pack.none.i152.s_class.hls::vector<ap_uint<8>, 19>s' into 'POOL<ap_uint<8>, ap_uint<8>, 1, 40, 1, 410, 19, 40, 20>::do_pool_func(hls::stream<hls::vector<ap_uint<8>, 410ul>, 0>&, hls::stream<hls::vector<ap_uint<8>, 19ul>, 0>&) (.1)' (/data/home/songqiangxu/Xilinx/2022.1/Vitis_HLS/2022.1/common/technology/autopilot/hls_stream_39.h:174:9)
INFO: [HLS 214-131] Inlining function '_llvm.fpga.pack.none.i152.a19s_struct.ap_uint<8>s' into '_llvm.fpga.unpack.bits.s_class.hls::vector<ap_uint<8>, 19>s.i152.1'
INFO: [HLS 214-131] Inlining function '_llvm.fpga.unpack.bits.s_class.hls::vector<ap_uint<8>, 19>s.i152.1' into 'LogLUT<ap_uint<8>, ap_uint<8>, 1, 40, 1, 19>::do_lut_func(hls::stream<hls::vector<ap_uint<8>, 19ul>, 0>&, hls::stream<hls::vector<ap_uint<8>, 19ul>, 0>&) (.1)' (/data/home/songqiangxu/Xilinx/2022.1/Vitis_HLS/2022.1/common/technology/autopilot/hls_stream_39.h:145:9)
INFO: [HLS 214-131] Inlining function '_llvm.fpga.pack.bits.i152.s_class.hls::vector<ap_uint<8>, 19>s.1' into 'LogLUT<ap_uint<8>, ap_uint<8>, 1, 40, 1, 19>::do_lut_func(hls::stream<hls::vector<ap_uint<8>, 19ul>, 0>&, hls::stream<hls::vector<ap_uint<8>, 19ul>, 0>&) (.1)' (/data/home/songqiangxu/Xilinx/2022.1/Vitis_HLS/2022.1/common/technology/autopilot/hls_stream_39.h:174:9)
INFO: [HLS 214-131] Inlining function '_llvm.fpga.pack.none.i152.s_class.hls::vector<ap_uint<8>, 19>s' into 'LogLUT<ap_uint<8>, ap_uint<8>, 1, 40, 1, 19>::do_lut_func(hls::stream<hls::vector<ap_uint<8>, 19ul>, 0>&, hls::stream<hls::vector<ap_uint<8>, 19ul>, 0>&) (.1)' (/data/home/songqiangxu/Xilinx/2022.1/Vitis_HLS/2022.1/common/technology/autopilot/hls_stream_39.h:174:9)
INFO: [HLS 214-131] Inlining function '_llvm.fpga.unpack.bits.s_class.hls::vector<ap_uint<8>, 19>s.i152.1' into 'Split<ap_uint<8>, 1, 40, 1, 19>::do_split_func(hls::stream<hls::vector<ap_uint<8>, 19ul>, 0>&, hls::stream<hls::vector<ap_uint<8>, 19ul>, 0>&, hls::stream<hls::vector<ap_uint<8>, 19ul>, 0>&) (.1)' (/data/home/songqiangxu/Xilinx/2022.1/Vitis_HLS/2022.1/common/technology/autopilot/hls_stream_39.h:145:9)
INFO: [HLS 214-131] Inlining function '_llvm.fpga.pack.bits.i152.s_class.hls::vector<ap_uint<8>, 19>s.1' into 'Split<ap_uint<8>, 1, 40, 1, 19>::do_split_func(hls::stream<hls::vector<ap_uint<8>, 19ul>, 0>&, hls::stream<hls::vector<ap_uint<8>, 19ul>, 0>&, hls::stream<hls::vector<ap_uint<8>, 19ul>, 0>&) (.1)' (/data/home/songqiangxu/Xilinx/2022.1/Vitis_HLS/2022.1/common/technology/autopilot/hls_stream_39.h:174:9)
INFO: [HLS 214-131] Inlining function '_llvm.fpga.unpack.bits.s_class.hls::vector<ap_uint<8>, 19>s.i152.1' into 'LinearCLS<ap_uint<8>, ap_uint<8>, short, long, 1, 40, 1, 19>::do_linear_func(hls::stream<hls::vector<ap_uint<8>, 19ul>, 0>&, hls::stream<hls::vector<ap_uint<8>, 7ul>, 0>&) (.1)' (/data/home/songqiangxu/Xilinx/2022.1/Vitis_HLS/2022.1/common/technology/autopilot/hls_stream_39.h:145:9)
INFO: [HLS 214-131] Inlining function '_llvm.fpga.pack.bits.i56.s_class.hls::vector<ap_uint<8>, 7>s.1' into 'LinearCLS<ap_uint<8>, ap_uint<8>, short, long, 1, 40, 1, 19>::do_linear_func(hls::stream<hls::vector<ap_uint<8>, 19ul>, 0>&, hls::stream<hls::vector<ap_uint<8>, 7ul>, 0>&) (.1)' (/data/home/songqiangxu/Xilinx/2022.1/Vitis_HLS/2022.1/common/technology/autopilot/hls_stream_39.h:174:9)
INFO: [HLS 214-131] Inlining function '_llvm.fpga.pack.none.i152.s_class.hls::vector<ap_uint<8>, 19>s' into 'LinearCLS<ap_uint<8>, ap_uint<8>, short, long, 1, 40, 1, 19>::do_linear_func(hls::stream<hls::vector<ap_uint<8>, 19ul>, 0>&, hls::stream<hls::vector<ap_uint<8>, 7ul>, 0>&) (.1)'
INFO: [HLS 214-131] Inlining function '_llvm.fpga.pack.none.i56.s_class.hls::vector<ap_uint<8>, 7>s' into 'LinearCLS<ap_uint<8>, ap_uint<8>, short, long, 1, 40, 1, 19>::do_linear_func(hls::stream<hls::vector<ap_uint<8>, 19ul>, 0>&, hls::stream<hls::vector<ap_uint<8>, 7ul>, 0>&) (.1)' (/data/home/songqiangxu/Xilinx/2022.1/Vitis_HLS/2022.1/common/technology/autopilot/hls_stream_39.h:174:9)
INFO: [HLS 214-131] Inlining function '_llvm.fpga.unpack.bits.s_class.hls::vector<ap_uint<8>, 19>s.i152.1' into 'LinearHue<ap_uint<8>, ap_uint<8>, short, long, 1, 40, 1, 19>::do_linear_func(hls::stream<hls::vector<ap_uint<8>, 19ul>, 0>&, hls::stream<hls::vector<ap_uint<8>, 2ul>, 0>&) (.1)' (/data/home/songqiangxu/Xilinx/2022.1/Vitis_HLS/2022.1/common/technology/autopilot/hls_stream_39.h:145:9)
INFO: [HLS 214-131] Inlining function '_llvm.fpga.pack.bits.i16.s_class.hls::vector<ap_uint<8>, 2>s.1' into 'LinearHue<ap_uint<8>, ap_uint<8>, short, long, 1, 40, 1, 19>::do_linear_func(hls::stream<hls::vector<ap_uint<8>, 19ul>, 0>&, hls::stream<hls::vector<ap_uint<8>, 2ul>, 0>&) (.1)' (/data/home/songqiangxu/Xilinx/2022.1/Vitis_HLS/2022.1/common/technology/autopilot/hls_stream_39.h:174:9)
INFO: [HLS 214-131] Inlining function '_llvm.fpga.pack.none.i152.s_class.hls::vector<ap_uint<8>, 19>s' into 'LinearHue<ap_uint<8>, ap_uint<8>, short, long, 1, 40, 1, 19>::do_linear_func(hls::stream<hls::vector<ap_uint<8>, 19ul>, 0>&, hls::stream<hls::vector<ap_uint<8>, 2ul>, 0>&) (.1)'
INFO: [HLS 214-131] Inlining function '_llvm.fpga.pack.none.i16.s_class.hls::vector<ap_uint<8>, 2>s' into 'LinearHue<ap_uint<8>, ap_uint<8>, short, long, 1, 40, 1, 19>::do_linear_func(hls::stream<hls::vector<ap_uint<8>, 19ul>, 0>&, hls::stream<hls::vector<ap_uint<8>, 2ul>, 0>&) (.1)' (/data/home/songqiangxu/Xilinx/2022.1/Vitis_HLS/2022.1/common/technology/autopilot/hls_stream_39.h:174:9)
INFO: [HLS 200-111] Finished Compiling Optimization and Transform: CPU user time: 241.89 seconds. CPU system time: 3.11 seconds. Elapsed time: 245.02 seconds; current allocated memory: 473.684 MB.
INFO: [HLS 200-111] Finished Checking Pragmas: CPU user time: 0 seconds. CPU system time: 0 seconds. Elapsed time: 0 seconds; current allocated memory: 473.684 MB.
INFO: [HLS 200-10] Starting code transformations ...
INFO: [HLS 200-111] Finished Standard Transforms: CPU user time: 387.2 seconds. CPU system time: 0.45 seconds. Elapsed time: 387.64 seconds; current allocated memory: 741.590 MB.
INFO: [HLS 200-10] Checking synthesizability ...
INFO: [HLS 200-111] Finished Checking Synthesizability: CPU user time: 768.7 seconds. CPU system time: 0.43 seconds. Elapsed time: 769.19 seconds; current allocated memory: 812.254 MB.
INFO: [XFORM 203-510] Pipelining loop 'Loop-2' (/data/home/songqiangxu/project/CNN/src/conv_br.h:31) in function 'ConvBrBranch<1>::do_conv_br' automatically.
INFO: [XFORM 203-510] Pipelining loop 'Loop-2' (/data/home/songqiangxu/project/CNN/src/conv_br.h:31) in function 'ConvBrBranch<0>::do_conv_br' automatically.
INFO: [XFORM 203-102] Partitioning array 'line_buf.V' (/data/home/songqiangxu/project/CNN/src/conv_br.h:27) in dimension 2 automatically.
INFO: [XFORM 203-102] Partitioning array 'line_buf.V' (/data/home/songqiangxu/project/CNN/src/conv_br.h:27) in dimension 2 automatically.
INFO: [XFORM 203-102] Partitioning array 'in' in dimension 1 automatically.
INFO: [XFORM 203-102] Partitioning array 'in' in dimension 1 automatically.
INFO: [XFORM 203-102] Partitioning array 'CONV_SPATIAL_WEIGHT' in dimension 2 automatically.
INFO: [XFORM 203-102] Partitioning array 'CONV_SPATIAL_WEIGHT.0' in dimension 2 automatically.
INFO: [XFORM 203-102] Partitioning array 'CONV_SPATIAL_WEIGHT.0.0' in dimension 2 automatically.
INFO: [XFORM 203-102] Partitioning array 'CONV_SPATIAL_WEIGHT.0.1' in dimension 2 automatically.
INFO: [XFORM 203-102] Partitioning array 'CONV_SPATIAL_WEIGHT.0.2' in dimension 2 automatically.
INFO: [XFORM 203-102] Partitioning array 'CONV_SPATIAL_WEIGHT.0.3' in dimension 2 automatically.
INFO: [XFORM 203-102] Partitioning array 'CONV_SPATIAL_WEIGHT.0.4' in dimension 2 automatically.
INFO: [XFORM 203-102] Partitioning array 'CONV_SPATIAL_WEIGHT.0.5' in dimension 2 automatically.
INFO: [XFORM 203-102] Partitioning array 'CONV_SPATIAL_WEIGHT.0.6' in dimension 2 automatically.
INFO: [XFORM 203-102] Partitioning array 'CONV_SPATIAL_WEIGHT.0.7' in dimension 2 automatically.
INFO: [XFORM 203-102] Partitioning array 'CONV_SPATIAL_WEIGHT.0.8' in dimension 2 automatically.
INFO: [XFORM 203-102] Partitioning array 'CONV_SPATIAL_WEIGHT.0.9' in dimension 2 automatically.
INFO: [XFORM 203-102] Partitioning array 'CONV_SPATIAL_WEIGHT.0.10' in dimension 2 automatically.
INFO: [XFORM 203-102] Partitioning array 'CONV_SPATIAL_WEIGHT.0.11' in dimension 2 automatically.
INFO: [XFORM 203-102] Partitioning array 'CONV_SPATIAL_WEIGHT.0.12' in dimension 2 automatically.
INFO: [XFORM 203-102] Partitioning array 'CONV_SPATIAL_WEIGHT.0.13' in dimension 2 automatically.
INFO: [XFORM 203-102] Partitioning array 'CONV_SPATIAL_WEIGHT.0.14' in dimension 2 automatically.
INFO: [XFORM 203-102] Partitioning array 'CONV_SPATIAL_WEIGHT.1' in dimension 2 automatically.
INFO: [XFORM 203-102] Partitioning array 'CONV_SPATIAL_WEIGHT.1.0' in dimension 2 automatically.
INFO: [XFORM 203-102] Partitioning array 'CONV_SPATIAL_WEIGHT.1.1' in dimension 2 automatically.
INFO: [XFORM 203-102] Partitioning array 'CONV_SPATIAL_WEIGHT.1.2' in dimension 2 automatically.
INFO: [XFORM 203-102] Partitioning array 'CONV_SPATIAL_WEIGHT.1.3' in dimension 2 automatically.
INFO: [XFORM 203-102] Partitioning array 'CONV_SPATIAL_WEIGHT.1.4' in dimension 2 automatically.
INFO: [XFORM 203-102] Partitioning array 'CONV_SPATIAL_WEIGHT.1.5' in dimension 2 automatically.
INFO: [XFORM 203-102] Partitioning array 'CONV_SPATIAL_WEIGHT.1.6' in dimension 2 automatically.
INFO: [XFORM 203-102] Partitioning array 'CONV_SPATIAL_WEIGHT.1.7' in dimension 2 automatically.
INFO: [XFORM 203-102] Partitioning array 'CONV_SPATIAL_WEIGHT.1.8' in dimension 2 automatically.
INFO: [XFORM 203-102] Partitioning array 'CONV_SPATIAL_WEIGHT.1.9' in dimension 2 automatically.
INFO: [XFORM 203-102] Partitioning array 'CONV_SPATIAL_WEIGHT.1.10' in dimension 2 automatically.
INFO: [XFORM 203-102] Partitioning array 'CONV_SPATIAL_WEIGHT.1.11' in dimension 2 automatically.
INFO: [XFORM 203-102] Partitioning array 'CONV_SPATIAL_WEIGHT.1.12' in dimension 2 automatically.
INFO: [XFORM 203-102] Partitioning array 'CONV_SPATIAL_WEIGHT.1.13' in dimension 2 automatically.
INFO: [XFORM 203-102] Partitioning array 'CONV_SPATIAL_WEIGHT.1.14' in dimension 2 automatically.
INFO: [XFORM 203-102] Partitioning array 'CONV_SPATIAL_WEIGHT.2' in dimension 2 automatically.
INFO: [XFORM 203-102] Partitioning array 'CONV_SPATIAL_WEIGHT.2.0' in dimension 2 automatically.
INFO: [XFORM 203-102] Partitioning array 'CONV_SPATIAL_WEIGHT.2.1' in dimension 2 automatically.
INFO: [XFORM 203-102] Partitioning array 'CONV_SPATIAL_WEIGHT.2.2' in dimension 2 automatically.
INFO: [XFORM 203-102] Partitioning array 'CONV_SPATIAL_WEIGHT.2.3' in dimension 2 automatically.
INFO: [XFORM 203-102] Partitioning array 'CONV_SPATIAL_WEIGHT.2.4' in dimension 2 automatically.
INFO: [XFORM 203-102] Partitioning array 'CONV_SPATIAL_WEIGHT.2.5' in dimension 2 automatically.
INFO: [XFORM 203-102] Partitioning array 'CONV_SPATIAL_WEIGHT.2.6' in dimension 2 automatically.
INFO: [XFORM 203-102] Partitioning array 'CONV_SPATIAL_WEIGHT.2.7' in dimension 2 automatically.
INFO: [XFORM 203-102] Partitioning array 'CONV_SPATIAL_WEIGHT.2.8' in dimension 2 automatically.
INFO: [XFORM 203-102] Partitioning array 'CONV_SPATIAL_WEIGHT.2.9' in dimension 2 automatically.
INFO: [XFORM 203-102] Partitioning array 'CONV_SPATIAL_WEIGHT.2.10' in dimension 2 automatically.
INFO: [XFORM 203-102] Partitioning array 'CONV_SPATIAL_WEIGHT.2.11' in dimension 2 automatically.
INFO: [XFORM 203-102] Partitioning array 'CONV_SPATIAL_WEIGHT.2.12' in dimension 2 automatically.
INFO: [XFORM 203-102] Partitioning array 'CONV_SPATIAL_WEIGHT.2.13' in dimension 2 automatically.
INFO: [XFORM 203-102] Partitioning array 'CONV_SPATIAL_WEIGHT.2.14' in dimension 2 automatically.
INFO: [XFORM 203-102] Partitioning array 'CONV_SPATIAL_WEIGHT.3' in dimension 2 automatically.
INFO: [XFORM 203-102] Partitioning array 'CONV_SPATIAL_WEIGHT.3.0' in dimension 2 automatically.
INFO: [XFORM 203-102] Partitioning array 'CONV_SPATIAL_WEIGHT.3.1' in dimension 2 automatically.
INFO: [XFORM 203-102] Partitioning array 'CONV_SPATIAL_WEIGHT.3.2' in dimension 2 automatically.
INFO: [XFORM 203-102] Partitioning array 'CONV_SPATIAL_WEIGHT.3.3' in dimension 2 automatically.
INFO: [XFORM 203-102] Partitioning array 'CONV_SPATIAL_WEIGHT.3.4' in dimension 2 automatically.
INFO: [XFORM 203-102] Partitioning array 'CONV_SPATIAL_WEIGHT.3.5' in dimension 2 automatically.
INFO: [XFORM 203-102] Partitioning array 'CONV_SPATIAL_WEIGHT.3.6' in dimension 2 automatically.
INFO: [XFORM 203-102] Partitioning array 'CONV_SPATIAL_WEIGHT.3.7' in dimension 2 automatically.
INFO: [XFORM 203-102] Partitioning array 'CONV_SPATIAL_WEIGHT.3.8' in dimension 2 automatically.
INFO: [XFORM 203-102] Partitioning array 'CONV_SPATIAL_WEIGHT.3.9' in dimension 2 automatically.
INFO: [XFORM 203-102] Partitioning array 'CONV_SPATIAL_WEIGHT.3.10' in dimension 2 automatically.
INFO: [XFORM 203-102] Partitioning array 'CONV_SPATIAL_WEIGHT.3.11' in dimension 2 automatically.
INFO: [XFORM 203-102] Partitioning array 'CONV_SPATIAL_WEIGHT.3.12' in dimension 2 automatically.
INFO: [XFORM 203-102] Partitioning array 'CONV_SPATIAL_WEIGHT.3.13' in dimension 2 automatically.
INFO: [XFORM 203-102] Partitioning array 'CONV_SPATIAL_WEIGHT.3.14' in dimension 2 automatically.
INFO: [XFORM 203-102] Partitioning array 'CONV_SPATIAL_WEIGHT.4' in dimension 2 automatically.
INFO: [XFORM 203-102] Partitioning array 'CONV_SPATIAL_WEIGHT.4.0' in dimension 2 automatically.
INFO: [XFORM 203-102] Partitioning array 'CONV_SPATIAL_WEIGHT.4.1' in dimension 2 automatically.
INFO: [XFORM 203-102] Partitioning array 'CONV_SPATIAL_WEIGHT.4.2' in dimension 2 automatically.
INFO: [XFORM 203-102] Partitioning array 'CONV_SPATIAL_WEIGHT.4.3' in dimension 2 automatically.
INFO: [XFORM 203-102] Partitioning array 'CONV_SPATIAL_WEIGHT.4.4' in dimension 2 automatically.
INFO: [XFORM 203-102] Partitioning array 'CONV_SPATIAL_WEIGHT.4.5' in dimension 2 automatically.
INFO: [XFORM 203-102] Partitioning array 'CONV_SPATIAL_WEIGHT.4.6' in dimension 2 automatically.
INFO: [XFORM 203-102] Partitioning array 'CONV_SPATIAL_WEIGHT.4.7' in dimension 2 automatically.
INFO: [XFORM 203-102] Partitioning array 'CONV_SPATIAL_WEIGHT.4.8' in dimension 2 automatically.
INFO: [XFORM 203-102] Partitioning array 'CONV_SPATIAL_WEIGHT.4.9' in dimension 2 automatically.
INFO: [XFORM 203-102] Partitioning array 'CONV_SPATIAL_WEIGHT.4.10' in dimension 2 automatically.
INFO: [XFORM 203-102] Partitioning array 'CONV_SPATIAL_WEIGHT.4.11' in dimension 2 automatically.
INFO: [XFORM 203-102] Partitioning array 'CONV_SPATIAL_WEIGHT.4.12' in dimension 2 automatically.
INFO: [XFORM 203-102] Partitioning array 'CONV_SPATIAL_WEIGHT.4.13' in dimension 2 automatically.
INFO: [XFORM 203-102] Partitioning array 'CONV_SPATIAL_WEIGHT.4.14' in dimension 2 automatically.
INFO: [XFORM 203-102] Partitioning array 'CONV_SPATIAL_WEIGHT.5' in dimension 2 automatically.
INFO: [XFORM 203-102] Partitioning array 'CONV_SPATIAL_WEIGHT.5.0' in dimension 2 automatically.
INFO: [XFORM 203-102] Partitioning array 'CONV_SPATIAL_WEIGHT.5.1' in dimension 2 automatically.
INFO: [XFORM 203-102] Partitioning array 'CONV_SPATIAL_WEIGHT.5.2' in dimension 2 automatically.
INFO: [XFORM 203-102] Partitioning array 'CONV_SPATIAL_WEIGHT.5.3' in dimension 2 automatically.
INFO: [XFORM 203-102] Partitioning array 'CONV_SPATIAL_WEIGHT.5.4' in dimension 2 automatically.
INFO: [XFORM 203-102] Partitioning array 'CONV_SPATIAL_WEIGHT.5.5' in dimension 2 automatically.
INFO: [XFORM 203-102] Partitioning array 'CONV_SPATIAL_WEIGHT.5.6' in dimension 2 automatically.
INFO: [XFORM 203-102] Partitioning array 'CONV_SPATIAL_WEIGHT.5.7' in dimension 2 automatically.
INFO: [XFORM 203-102] Partitioning array 'CONV_SPATIAL_WEIGHT.5.8' in dimension 2 automatically.
INFO: [XFORM 203-102] Partitioning array 'CONV_SPATIAL_WEIGHT.5.9' in dimension 2 automatically.
INFO: [XFORM 203-102] Partitioning array 'CONV_SPATIAL_WEIGHT.5.10' in dimension 2 automatically.
INFO: [XFORM 203-102] Partitioning array 'CONV_SPATIAL_WEIGHT.5.11' in dimension 2 automatically.
INFO: [XFORM 203-102] Partitioning array 'CONV_SPATIAL_WEIGHT.5.12' in dimension 2 automatically.
INFO: [XFORM 203-102] Partitioning array 'CONV_SPATIAL_WEIGHT.5.13' in dimension 2 automatically.
INFO: [XFORM 203-102] Partitioning array 'CONV_SPATIAL_WEIGHT.5.14' in dimension 2 automatically.
INFO: [XFORM 203-102] Partitioning array 'CONV_SPATIAL_WEIGHT.6' in dimension 2 automatically.
INFO: [XFORM 203-102] Partitioning array 'CONV_SPATIAL_WEIGHT.6.0' in dimension 2 automatically.
INFO: [XFORM 203-102] Partitioning array 'CONV_SPATIAL_WEIGHT.6.1' in dimension 2 automatically.
INFO: [XFORM 203-102] Partitioning array 'CONV_SPATIAL_WEIGHT.6.2' in dimension 2 automatically.
INFO: [XFORM 203-102] Partitioning array 'CONV_SPATIAL_WEIGHT.6.3' in dimension 2 automatically.
INFO: [XFORM 203-102] Partitioning array 'CONV_SPATIAL_WEIGHT.6.4' in dimension 2 automatically.
INFO: [XFORM 203-102] Partitioning array 'CONV_SPATIAL_WEIGHT.6.5' in dimension 2 automatically.
INFO: [XFORM 203-102] Partitioning array 'CONV_SPATIAL_WEIGHT.6.6' in dimension 2 automatically.
INFO: [XFORM 203-102] Partitioning array 'CONV_SPATIAL_WEIGHT.6.7' in dimension 2 automatically.
INFO: [XFORM 203-102] Partitioning array 'CONV_SPATIAL_WEIGHT.6.8' in dimension 2 automatically.
INFO: [XFORM 203-102] Partitioning array 'CONV_SPATIAL_WEIGHT.6.9' in dimension 2 automatically.
INFO: [XFORM 203-102] Partitioning array 'CONV_SPATIAL_WEIGHT.6.10' in dimension 2 automatically.
INFO: [XFORM 203-102] Partitioning array 'CONV_SPATIAL_WEIGHT.6.11' in dimension 2 automatically.
INFO: [XFORM 203-102] Partitioning array 'CONV_SPATIAL_WEIGHT.6.12' in dimension 2 automatically.
INFO: [XFORM 203-102] Partitioning array 'CONV_SPATIAL_WEIGHT.6.13' in dimension 2 automatically.
INFO: [XFORM 203-102] Partitioning array 'CONV_SPATIAL_WEIGHT.6.14' in dimension 2 automatically.
INFO: [XFORM 203-102] Partitioning array 'CONV_SPATIAL_WEIGHT.7' in dimension 2 automatically.
INFO: [XFORM 203-102] Partitioning array 'CONV_SPATIAL_WEIGHT.7.0' in dimension 2 automatically.
INFO: [XFORM 203-102] Partitioning array 'CONV_SPATIAL_WEIGHT.7.1' in dimension 2 automatically.
INFO: [XFORM 203-102] Partitioning array 'CONV_SPATIAL_WEIGHT.7.2' in dimension 2 automatically.
INFO: [XFORM 203-102] Partitioning array 'CONV_SPATIAL_WEIGHT.7.3' in dimension 2 automatically.
INFO: [XFORM 203-102] Partitioning array 'CONV_SPATIAL_WEIGHT.7.4' in dimension 2 automatically.
INFO: [XFORM 203-102] Partitioning array 'CONV_SPATIAL_WEIGHT.7.5' in dimension 2 automatically.
INFO: [XFORM 203-102] Partitioning array 'CONV_SPATIAL_WEIGHT.7.6' in dimension 2 automatically.
INFO: [XFORM 203-102] Partitioning array 'CONV_SPATIAL_WEIGHT.7.7' in dimension 2 automatically.
INFO: [XFORM 203-102] Partitioning array 'CONV_SPATIAL_WEIGHT.7.8' in dimension 2 automatically.
INFO: [XFORM 203-102] Partitioning array 'CONV_SPATIAL_WEIGHT.7.9' in dimension 2 automatically.
INFO: [XFORM 203-102] Partitioning array 'CONV_SPATIAL_WEIGHT.7.10' in dimension 2 automatically.
INFO: [XFORM 203-102] Partitioning array 'CONV_SPATIAL_WEIGHT.7.11' in dimension 2 automatically.
INFO: [XFORM 203-102] Partitioning array 'CONV_SPATIAL_WEIGHT.7.12' in dimension 2 automatically.
INFO: [XFORM 203-102] Partitioning array 'CONV_SPATIAL_WEIGHT.7.13' in dimension 2 automatically.
INFO: [XFORM 203-102] Partitioning array 'CONV_SPATIAL_WEIGHT.7.14' in dimension 2 automatically.
INFO: [XFORM 203-102] Partitioning array 'CONV_SPATIAL_WEIGHT.8' in dimension 2 automatically.
INFO: [XFORM 203-102] Partitioning array 'CONV_SPATIAL_WEIGHT.8.0' in dimension 2 automatically.
INFO: [XFORM 203-102] Partitioning array 'CONV_SPATIAL_WEIGHT.8.1' in dimension 2 automatically.
INFO: [XFORM 203-102] Partitioning array 'CONV_SPATIAL_WEIGHT.8.2' in dimension 2 automatically.
INFO: [XFORM 203-102] Partitioning array 'CONV_SPATIAL_WEIGHT.8.3' in dimension 2 automatically.
INFO: [XFORM 203-102] Partitioning array 'CONV_SPATIAL_WEIGHT.8.4' in dimension 2 automatically.
INFO: [XFORM 203-102] Partitioning array 'CONV_SPATIAL_WEIGHT.8.5' in dimension 2 automatically.
INFO: [XFORM 203-102] Partitioning array 'CONV_SPATIAL_WEIGHT.8.6' in dimension 2 automatically.
INFO: [XFORM 203-102] Partitioning array 'CONV_SPATIAL_WEIGHT.8.7' in dimension 2 automatically.
INFO: [XFORM 203-102] Partitioning array 'CONV_SPATIAL_WEIGHT.8.8' in dimension 2 automatically.
INFO: [XFORM 203-102] Partitioning array 'CONV_SPATIAL_WEIGHT.8.9' in dimension 2 automatically.
INFO: [XFORM 203-102] Partitioning array 'CONV_SPATIAL_WEIGHT.8.10' in dimension 2 automatically.
INFO: [XFORM 203-102] Partitioning array 'CONV_SPATIAL_WEIGHT.8.11' in dimension 2 automatically.
INFO: [XFORM 203-102] Partitioning array 'CONV_SPATIAL_WEIGHT.8.12' in dimension 2 automatically.
INFO: [XFORM 203-102] Partitioning array 'CONV_SPATIAL_WEIGHT.8.13' in dimension 2 automatically.
INFO: [XFORM 203-102] Partitioning array 'CONV_SPATIAL_WEIGHT.8.14' in dimension 2 automatically.
INFO: [XFORM 203-102] Partitioning array 'CONV_SPATIAL_WEIGHT.9' in dimension 2 automatically.
INFO: [XFORM 203-102] Partitioning array 'CONV_SPATIAL_WEIGHT.9.0' in dimension 2 automatically.
INFO: [XFORM 203-102] Partitioning array 'CONV_SPATIAL_WEIGHT.9.1' in dimension 2 automatically.
INFO: [XFORM 203-102] Partitioning array 'CONV_SPATIAL_WEIGHT.9.2' in dimension 2 automatically.
INFO: [XFORM 203-102] Partitioning array 'CONV_SPATIAL_WEIGHT.9.3' in dimension 2 automatically.
INFO: [XFORM 203-102] Partitioning array 'CONV_SPATIAL_WEIGHT.9.4' in dimension 2 automatically.
INFO: [XFORM 203-102] Partitioning array 'CONV_SPATIAL_WEIGHT.9.5' in dimension 2 automatically.
INFO: [XFORM 203-102] Partitioning array 'CONV_SPATIAL_WEIGHT.9.6' in dimension 2 automatically.
INFO: [XFORM 203-102] Partitioning array 'CONV_SPATIAL_WEIGHT.9.7' in dimension 2 automatically.
INFO: [XFORM 203-102] Partitioning array 'CONV_SPATIAL_WEIGHT.9.8' in dimension 2 automatically.
INFO: [XFORM 203-102] Partitioning array 'CONV_SPATIAL_WEIGHT.9.9' in dimension 2 automatically.
INFO: [XFORM 203-102] Partitioning array 'CONV_SPATIAL_WEIGHT.9.10' in dimension 2 automatically.
INFO: [XFORM 203-102] Partitioning array 'CONV_SPATIAL_WEIGHT.9.11' in dimension 2 automatically.
INFO: [XFORM 203-102] Partitioning array 'CONV_SPATIAL_WEIGHT.9.12' in dimension 2 automatically.
INFO: [XFORM 203-102] Partitioning array 'CONV_SPATIAL_WEIGHT.9.13' in dimension 2 automatically.
INFO: [XFORM 203-102] Partitioning array 'CONV_SPATIAL_WEIGHT.9.14' in dimension 2 automatically.
INFO: [XFORM 203-102] Partitioning array 'CONV_SPATIAL_WEIGHT.10' in dimension 2 automatically.
INFO: [XFORM 203-102] Partitioning array 'CONV_SPATIAL_WEIGHT.10.0' in dimension 2 automatically.
INFO: [XFORM 203-102] Partitioning array 'CONV_SPATIAL_WEIGHT.10.1' in dimension 2 automatically.
INFO: [XFORM 203-102] Partitioning array 'CONV_SPATIAL_WEIGHT.10.2' in dimension 2 automatically.
INFO: [XFORM 203-102] Partitioning array 'CONV_SPATIAL_WEIGHT.10.3' in dimension 2 automatically.
INFO: [XFORM 203-102] Partitioning array 'CONV_SPATIAL_WEIGHT.10.4' in dimension 2 automatically.
INFO: [XFORM 203-102] Partitioning array 'CONV_SPATIAL_WEIGHT.10.5' in dimension 2 automatically.
INFO: [XFORM 203-102] Partitioning array 'CONV_SPATIAL_WEIGHT.10.6' in dimension 2 automatically.
INFO: [XFORM 203-102] Partitioning array 'CONV_SPATIAL_WEIGHT.10.7' in dimension 2 automatically.
INFO: [XFORM 203-102] Partitioning array 'CONV_SPATIAL_WEIGHT.10.8' in dimension 2 automatically.
INFO: [XFORM 203-102] Partitioning array 'CONV_SPATIAL_WEIGHT.10.9' in dimension 2 automatically.
INFO: [XFORM 203-102] Partitioning array 'CONV_SPATIAL_WEIGHT.10.10' in dimension 2 automatically.
INFO: [XFORM 203-102] Partitioning array 'CONV_SPATIAL_WEIGHT.10.11' in dimension 2 automatically.
INFO: [XFORM 203-102] Partitioning array 'CONV_SPATIAL_WEIGHT.10.12' in dimension 2 automatically.
INFO: [XFORM 203-102] Partitioning array 'CONV_SPATIAL_WEIGHT.10.13' in dimension 2 automatically.
INFO: [XFORM 203-102] Partitioning array 'CONV_SPATIAL_WEIGHT.10.14' in dimension 2 automatically.
INFO: [XFORM 203-102] Partitioning array 'CONV_SPATIAL_WEIGHT.11' in dimension 2 automatically.
INFO: [XFORM 203-102] Partitioning array 'CONV_SPATIAL_WEIGHT.11.0' in dimension 2 automatically.
INFO: [XFORM 203-102] Partitioning array 'CONV_SPATIAL_WEIGHT.11.1' in dimension 2 automatically.
INFO: [XFORM 203-102] Partitioning array 'CONV_SPATIAL_WEIGHT.11.2' in dimension 2 automatically.
INFO: [XFORM 203-102] Partitioning array 'CONV_SPATIAL_WEIGHT.11.3' in dimension 2 automatically.
INFO: [XFORM 203-102] Partitioning array 'CONV_SPATIAL_WEIGHT.11.4' in dimension 2 automatically.
INFO: [XFORM 203-102] Partitioning array 'CONV_SPATIAL_WEIGHT.11.5' in dimension 2 automatically.
INFO: [XFORM 203-102] Partitioning array 'CONV_SPATIAL_WEIGHT.11.6' in dimension 2 automatically.
INFO: [XFORM 203-102] Partitioning array 'CONV_SPATIAL_WEIGHT.11.7' in dimension 2 automatically.
INFO: [XFORM 203-102] Partitioning array 'CONV_SPATIAL_WEIGHT.11.8' in dimension 2 automatically.
INFO: [XFORM 203-102] Partitioning array 'CONV_SPATIAL_WEIGHT.11.9' in dimension 2 automatically.
INFO: [XFORM 203-102] Partitioning array 'CONV_SPATIAL_WEIGHT.11.10' in dimension 2 automatically.
INFO: [XFORM 203-102] Partitioning array 'CONV_SPATIAL_WEIGHT.11.11' in dimension 2 automatically.
INFO: [XFORM 203-102] Partitioning array 'CONV_SPATIAL_WEIGHT.11.12' in dimension 2 automatically.
INFO: [XFORM 203-102] Partitioning array 'CONV_SPATIAL_WEIGHT.11.13' in dimension 2 automatically.
INFO: [XFORM 203-102] Partitioning array 'CONV_SPATIAL_WEIGHT.11.14' in dimension 2 automatically.
INFO: [XFORM 203-102] Partitioning array 'CONV_SPATIAL_WEIGHT.12' in dimension 2 automatically.
INFO: [XFORM 203-102] Partitioning array 'CONV_SPATIAL_WEIGHT.12.0' in dimension 2 automatically.
INFO: [XFORM 203-102] Partitioning array 'CONV_SPATIAL_WEIGHT.12.1' in dimension 2 automatically.
INFO: [XFORM 203-102] Partitioning array 'CONV_SPATIAL_WEIGHT.12.2' in dimension 2 automatically.
INFO: [XFORM 203-102] Partitioning array 'CONV_SPATIAL_WEIGHT.12.3' in dimension 2 automatically.
INFO: [XFORM 203-102] Partitioning array 'CONV_SPATIAL_WEIGHT.12.4' in dimension 2 automatically.
INFO: [XFORM 203-102] Partitioning array 'CONV_SPATIAL_WEIGHT.12.5' in dimension 2 automatically.
INFO: [XFORM 203-102] Partitioning array 'CONV_SPATIAL_WEIGHT.12.6' in dimension 2 automatically.
INFO: [XFORM 203-102] Partitioning array 'CONV_SPATIAL_WEIGHT.12.7' in dimension 2 automatically.
INFO: [XFORM 203-102] Partitioning array 'CONV_SPATIAL_WEIGHT.12.8' in dimension 2 automatically.
INFO: [XFORM 203-102] Partitioning array 'CONV_SPATIAL_WEIGHT.12.9' in dimension 2 automatically.
INFO: [XFORM 203-102] Partitioning array 'CONV_SPATIAL_WEIGHT.12.10' in dimension 2 automatically.
INFO: [XFORM 203-102] Partitioning array 'CONV_SPATIAL_WEIGHT.12.11' in dimension 2 automatically.
INFO: [XFORM 203-102] Partitioning array 'CONV_SPATIAL_WEIGHT.12.12' in dimension 2 automatically.
INFO: [XFORM 203-102] Partitioning array 'CONV_SPATIAL_WEIGHT.12.13' in dimension 2 automatically.
INFO: [XFORM 203-102] Partitioning array 'CONV_SPATIAL_WEIGHT.12.14' in dimension 2 automatically.
INFO: [XFORM 203-102] Partitioning array 'CONV_SPATIAL_WEIGHT.13' in dimension 2 automatically.
INFO: [XFORM 203-102] Partitioning array 'CONV_SPATIAL_WEIGHT.13.0' in dimension 2 automatically.
INFO: [XFORM 203-102] Partitioning array 'CONV_SPATIAL_WEIGHT.13.1' in dimension 2 automatically.
INFO: [XFORM 203-102] Partitioning array 'CONV_SPATIAL_WEIGHT.13.2' in dimension 2 automatically.
INFO: [XFORM 203-102] Partitioning array 'CONV_SPATIAL_WEIGHT.13.3' in dimension 2 automatically.
INFO: [XFORM 203-102] Partitioning array 'CONV_SPATIAL_WEIGHT.13.4' in dimension 2 automatically.
INFO: [XFORM 203-102] Partitioning array 'CONV_SPATIAL_WEIGHT.13.5' in dimension 2 automatically.
INFO: [XFORM 203-102] Partitioning array 'CONV_SPATIAL_WEIGHT.13.6' in dimension 2 automatically.
INFO: [XFORM 203-102] Partitioning array 'CONV_SPATIAL_WEIGHT.13.7' in dimension 2 automatically.
INFO: [XFORM 203-102] Partitioning array 'CONV_SPATIAL_WEIGHT.13.8' in dimension 2 automatically.
INFO: [XFORM 203-102] Partitioning array 'CONV_SPATIAL_WEIGHT.13.9' in dimension 2 automatically.
INFO: [XFORM 203-102] Partitioning array 'CONV_SPATIAL_WEIGHT.13.10' in dimension 2 automatically.
INFO: [XFORM 203-102] Partitioning array 'CONV_SPATIAL_WEIGHT.13.11' in dimension 2 automatically.
INFO: [XFORM 203-102] Partitioning array 'CONV_SPATIAL_WEIGHT.13.12' in dimension 2 automatically.
INFO: [XFORM 203-102] Partitioning array 'CONV_SPATIAL_WEIGHT.13.13' in dimension 2 automatically.
INFO: [XFORM 203-102] Partitioning array 'CONV_SPATIAL_WEIGHT.13.14' in dimension 2 automatically.
INFO: [XFORM 203-102] Partitioning array 'CONV_SPATIAL_WEIGHT.14' in dimension 2 automatically.
INFO: [XFORM 203-102] Partitioning array 'CONV_SPATIAL_WEIGHT.14.0' in dimension 2 automatically.
INFO: [XFORM 203-102] Partitioning array 'CONV_SPATIAL_WEIGHT.14.1' in dimension 2 automatically.
INFO: [XFORM 203-102] Partitioning array 'CONV_SPATIAL_WEIGHT.14.2' in dimension 2 automatically.
INFO: [XFORM 203-102] Partitioning array 'CONV_SPATIAL_WEIGHT.14.3' in dimension 2 automatically.
INFO: [XFORM 203-102] Partitioning array 'CONV_SPATIAL_WEIGHT.14.4' in dimension 2 automatically.
INFO: [XFORM 203-102] Partitioning array 'CONV_SPATIAL_WEIGHT.14.5' in dimension 2 automatically.
INFO: [XFORM 203-102] Partitioning array 'CONV_SPATIAL_WEIGHT.14.6' in dimension 2 automatically.
INFO: [XFORM 203-102] Partitioning array 'CONV_SPATIAL_WEIGHT.14.7' in dimension 2 automatically.
INFO: [XFORM 203-102] Partitioning array 'CONV_SPATIAL_WEIGHT.14.8' in dimension 2 automatically.
INFO: [XFORM 203-102] Partitioning array 'CONV_SPATIAL_WEIGHT.14.9' in dimension 2 automatically.
INFO: [XFORM 203-102] Partitioning array 'CONV_SPATIAL_WEIGHT.14.10' in dimension 2 automatically.
INFO: [XFORM 203-102] Partitioning array 'CONV_SPATIAL_WEIGHT.14.11' in dimension 2 automatically.
INFO: [XFORM 203-102] Partitioning array 'CONV_SPATIAL_WEIGHT.14.12' in dimension 2 automatically.
INFO: [XFORM 203-102] Partitioning array 'CONV_SPATIAL_WEIGHT.14.13' in dimension 2 automatically.
INFO: [XFORM 203-102] Partitioning array 'CONV_SPATIAL_WEIGHT.14.14' in dimension 2 automatically.
INFO: [XFORM 203-102] Partitioning array 'CONV_SPATIAL_WEIGHT.15' in dimension 2 automatically.
INFO: [XFORM 203-102] Partitioning array 'CONV_SPATIAL_WEIGHT.15.0' in dimension 2 automatically.
INFO: [XFORM 203-102] Partitioning array 'CONV_SPATIAL_WEIGHT.15.1' in dimension 2 automatically.
INFO: [XFORM 203-102] Partitioning array 'CONV_SPATIAL_WEIGHT.15.2' in dimension 2 automatically.
INFO: [XFORM 203-102] Partitioning array 'CONV_SPATIAL_WEIGHT.15.3' in dimension 2 automatically.
INFO: [XFORM 203-102] Partitioning array 'CONV_SPATIAL_WEIGHT.15.4' in dimension 2 automatically.
INFO: [XFORM 203-102] Partitioning array 'CONV_SPATIAL_WEIGHT.15.5' in dimension 2 automatically.
INFO: [XFORM 203-102] Partitioning array 'CONV_SPATIAL_WEIGHT.15.6' in dimension 2 automatically.
INFO: [XFORM 203-102] Partitioning array 'CONV_SPATIAL_WEIGHT.15.7' in dimension 2 automatically.
INFO: [XFORM 203-102] Partitioning array 'CONV_SPATIAL_WEIGHT.15.8' in dimension 2 automatically.
INFO: [XFORM 203-102] Partitioning array 'CONV_SPATIAL_WEIGHT.15.9' in dimension 2 automatically.
INFO: [XFORM 203-102] Partitioning array 'CONV_SPATIAL_WEIGHT.15.10' in dimension 2 automatically.
INFO: [XFORM 203-102] Partitioning array 'CONV_SPATIAL_WEIGHT.15.11' in dimension 2 automatically.
INFO: [XFORM 203-102] Partitioning array 'CONV_SPATIAL_WEIGHT.15.12' in dimension 2 automatically.
INFO: [XFORM 203-102] Partitioning array 'CONV_SPATIAL_WEIGHT.15.13' in dimension 2 automatically.
INFO: [XFORM 203-102] Partitioning array 'CONV_SPATIAL_WEIGHT.15.14' in dimension 2 automatically.
INFO: [XFORM 203-102] Partitioning array 'CONV_SPATIAL_WEIGHT.16' in dimension 2 automatically.
INFO: [XFORM 203-102] Partitioning array 'CONV_SPATIAL_WEIGHT.16.0' in dimension 2 automatically.
INFO: [XFORM 203-102] Partitioning array 'CONV_SPATIAL_WEIGHT.16.1' in dimension 2 automatically.
INFO: [XFORM 203-102] Partitioning array 'CONV_SPATIAL_WEIGHT.16.2' in dimension 2 automatically.
INFO: [XFORM 203-102] Partitioning array 'CONV_SPATIAL_WEIGHT.16.3' in dimension 2 automatically.
INFO: [XFORM 203-102] Partitioning array 'CONV_SPATIAL_WEIGHT.16.4' in dimension 2 automatically.
INFO: [XFORM 203-102] Partitioning array 'CONV_SPATIAL_WEIGHT.16.5' in dimension 2 automatically.
INFO: [XFORM 203-102] Partitioning array 'CONV_SPATIAL_WEIGHT.16.6' in dimension 2 automatically.
INFO: [XFORM 203-102] Partitioning array 'CONV_SPATIAL_WEIGHT.16.7' in dimension 2 automatically.
INFO: [XFORM 203-102] Partitioning array 'CONV_SPATIAL_WEIGHT.16.8' in dimension 2 automatically.
INFO: [XFORM 203-102] Partitioning array 'CONV_SPATIAL_WEIGHT.16.9' in dimension 2 automatically.
INFO: [XFORM 203-102] Partitioning array 'CONV_SPATIAL_WEIGHT.16.10' in dimension 2 automatically.
INFO: [XFORM 203-102] Partitioning array 'CONV_SPATIAL_WEIGHT.16.11' in dimension 2 automatically.
INFO: [XFORM 203-102] Partitioning array 'CONV_SPATIAL_WEIGHT.16.12' in dimension 2 automatically.
INFO: [XFORM 203-102] Partitioning array 'CONV_SPATIAL_WEIGHT.16.13' in dimension 2 automatically.
INFO: [XFORM 203-102] Partitioning array 'CONV_SPATIAL_WEIGHT.16.14' in dimension 2 automatically.
INFO: [XFORM 203-102] Partitioning array 'CONV_SPATIAL_WEIGHT.17' in dimension 2 automatically.
INFO: [XFORM 203-102] Partitioning array 'CONV_SPATIAL_WEIGHT.17.0' in dimension 2 automatically.
INFO: [XFORM 203-102] Partitioning array 'CONV_SPATIAL_WEIGHT.17.1' in dimension 2 automatically.
INFO: [XFORM 203-102] Partitioning array 'CONV_SPATIAL_WEIGHT.17.2' in dimension 2 automatically.
INFO: [XFORM 203-102] Partitioning array 'CONV_SPATIAL_WEIGHT.17.3' in dimension 2 automatically.
INFO: [XFORM 203-102] Partitioning array 'CONV_SPATIAL_WEIGHT.17.4' in dimension 2 automatically.
INFO: [XFORM 203-102] Partitioning array 'CONV_SPATIAL_WEIGHT.17.5' in dimension 2 automatically.
INFO: [XFORM 203-102] Partitioning array 'CONV_SPATIAL_WEIGHT.17.6' in dimension 2 automatically.
INFO: [XFORM 203-102] Partitioning array 'CONV_SPATIAL_WEIGHT.17.7' in dimension 2 automatically.
INFO: [XFORM 203-102] Partitioning array 'CONV_SPATIAL_WEIGHT.17.8' in dimension 2 automatically.
INFO: [XFORM 203-102] Partitioning array 'CONV_SPATIAL_WEIGHT.17.9' in dimension 2 automatically.
INFO: [XFORM 203-102] Partitioning array 'CONV_SPATIAL_WEIGHT.17.10' in dimension 2 automatically.
INFO: [XFORM 203-102] Partitioning array 'CONV_SPATIAL_WEIGHT.17.11' in dimension 2 automatically.
INFO: [XFORM 203-102] Partitioning array 'CONV_SPATIAL_WEIGHT.17.12' in dimension 2 automatically.
INFO: [XFORM 203-102] Partitioning array 'CONV_SPATIAL_WEIGHT.17.13' in dimension 2 automatically.
INFO: [XFORM 203-102] Partitioning array 'CONV_SPATIAL_WEIGHT.17.14' in dimension 2 automatically.
INFO: [XFORM 203-102] Partitioning array 'CONV_SPATIAL_WEIGHT.18' in dimension 2 automatically.
INFO: [XFORM 203-102] Partitioning array 'CONV_SPATIAL_WEIGHT.18.0' in dimension 2 automatically.
INFO: [XFORM 203-102] Partitioning array 'CONV_SPATIAL_WEIGHT.18.1' in dimension 2 automatically.
INFO: [XFORM 203-102] Partitioning array 'CONV_SPATIAL_WEIGHT.18.2' in dimension 2 automatically.
INFO: [XFORM 203-102] Partitioning array 'CONV_SPATIAL_WEIGHT.18.3' in dimension 2 automatically.
INFO: [XFORM 203-102] Partitioning array 'CONV_SPATIAL_WEIGHT.18.4' in dimension 2 automatically.
INFO: [XFORM 203-102] Partitioning array 'CONV_SPATIAL_WEIGHT.18.5' in dimension 2 automatically.
INFO: [XFORM 203-102] Partitioning array 'CONV_SPATIAL_WEIGHT.18.6' in dimension 2 automatically.
INFO: [XFORM 203-102] Partitioning array 'CONV_SPATIAL_WEIGHT.18.7' in dimension 2 automatically.
INFO: [XFORM 203-102] Partitioning array 'CONV_SPATIAL_WEIGHT.18.8' in dimension 2 automatically.
INFO: [XFORM 203-102] Partitioning array 'CONV_SPATIAL_WEIGHT.18.9' in dimension 2 automatically.
INFO: [XFORM 203-102] Partitioning array 'CONV_SPATIAL_WEIGHT.18.10' in dimension 2 automatically.
INFO: [XFORM 203-102] Partitioning array 'CONV_SPATIAL_WEIGHT.18.11' in dimension 2 automatically.
INFO: [XFORM 203-102] Partitioning array 'CONV_SPATIAL_WEIGHT.18.12' in dimension 2 automatically.
INFO: [XFORM 203-102] Partitioning array 'CONV_SPATIAL_WEIGHT.18.13' in dimension 2 automatically.
INFO: [XFORM 203-102] Partitioning array 'CONV_SPATIAL_WEIGHT.18.14' in dimension 2 automatically.
INFO: [XFORM 203-102] Partitioning array 'CONV_SPATIAL_WEIGHT.19' in dimension 2 automatically.
INFO: [XFORM 203-102] Partitioning array 'CONV_SPATIAL_WEIGHT.19.0' in dimension 2 automatically.
INFO: [XFORM 203-102] Partitioning array 'CONV_SPATIAL_WEIGHT.19.1' in dimension 2 automatically.
INFO: [XFORM 203-102] Partitioning array 'CONV_SPATIAL_WEIGHT.19.2' in dimension 2 automatically.
INFO: [XFORM 203-102] Partitioning array 'CONV_SPATIAL_WEIGHT.19.3' in dimension 2 automatically.
INFO: [XFORM 203-102] Partitioning array 'CONV_SPATIAL_WEIGHT.19.4' in dimension 2 automatically.
INFO: [XFORM 203-102] Partitioning array 'CONV_SPATIAL_WEIGHT.19.5' in dimension 2 automatically.
INFO: [XFORM 203-102] Partitioning array 'CONV_SPATIAL_WEIGHT.19.6' in dimension 2 automatically.
INFO: [XFORM 203-102] Partitioning array 'CONV_SPATIAL_WEIGHT.19.7' in dimension 2 automatically.
INFO: [XFORM 203-102] Partitioning array 'CONV_SPATIAL_WEIGHT.19.8' in dimension 2 automatically.
INFO: [XFORM 203-102] Partitioning array 'CONV_SPATIAL_WEIGHT.19.9' in dimension 2 automatically.
INFO: [XFORM 203-102] Partitioning array 'CONV_SPATIAL_WEIGHT.19.10' in dimension 2 automatically.
INFO: [XFORM 203-102] Partitioning array 'CONV_SPATIAL_WEIGHT.19.11' in dimension 2 automatically.
INFO: [XFORM 203-102] Partitioning array 'CONV_SPATIAL_WEIGHT.19.12' in dimension 2 automatically.
INFO: [XFORM 203-102] Partitioning array 'CONV_SPATIAL_WEIGHT.19.13' in dimension 2 automatically.
INFO: [XFORM 203-102] Partitioning array 'CONV_SPATIAL_WEIGHT.19.14' in dimension 2 automatically.
INFO: [XFORM 203-102] Partitioning array 'CONV_SPATIAL_WEIGHT.20' in dimension 2 automatically.
INFO: [XFORM 203-102] Partitioning array 'CONV_SPATIAL_WEIGHT.20.0' in dimension 2 automatically.
INFO: [XFORM 203-102] Partitioning array 'CONV_SPATIAL_WEIGHT.20.1' in dimension 2 automatically.
INFO: [XFORM 203-102] Partitioning array 'CONV_SPATIAL_WEIGHT.20.2' in dimension 2 automatically.
INFO: [XFORM 203-102] Partitioning array 'CONV_SPATIAL_WEIGHT.20.3' in dimension 2 automatically.
INFO: [XFORM 203-102] Partitioning array 'CONV_SPATIAL_WEIGHT.20.4' in dimension 2 automatically.
INFO: [XFORM 203-102] Partitioning array 'CONV_SPATIAL_WEIGHT.20.5' in dimension 2 automatically.
INFO: [XFORM 203-102] Partitioning array 'CONV_SPATIAL_WEIGHT.20.6' in dimension 2 automatically.
INFO: [XFORM 203-102] Partitioning array 'CONV_SPATIAL_WEIGHT.20.7' in dimension 2 automatically.
INFO: [XFORM 203-102] Partitioning array 'CONV_SPATIAL_WEIGHT.20.8' in dimension 2 automatically.
INFO: [XFORM 203-102] Partitioning array 'CONV_SPATIAL_WEIGHT.20.9' in dimension 2 automatically.
INFO: [XFORM 203-102] Partitioning array 'CONV_SPATIAL_WEIGHT.20.10' in dimension 2 automatically.
INFO: [XFORM 203-102] Partitioning array 'CONV_SPATIAL_WEIGHT.20.11' in dimension 2 automatically.
INFO: [XFORM 203-102] Partitioning array 'CONV_SPATIAL_WEIGHT.20.12' in dimension 2 automatically.
INFO: [XFORM 203-102] Partitioning array 'CONV_SPATIAL_WEIGHT.20.13' in dimension 2 automatically.
INFO: [XFORM 203-102] Partitioning array 'CONV_SPATIAL_WEIGHT.20.14' in dimension 2 automatically.
INFO: [XFORM 203-102] Partitioning array 'CONV_SPATIAL_WEIGHT.21' in dimension 2 automatically.
INFO: [XFORM 203-102] Partitioning array 'CONV_SPATIAL_WEIGHT.21.0' in dimension 2 automatically.
INFO: [XFORM 203-102] Partitioning array 'CONV_SPATIAL_WEIGHT.21.1' in dimension 2 automatically.
INFO: [XFORM 203-102] Partitioning array 'CONV_SPATIAL_WEIGHT.21.2' in dimension 2 automatically.
INFO: [XFORM 203-102] Partitioning array 'CONV_SPATIAL_WEIGHT.21.3' in dimension 2 automatically.
INFO: [XFORM 203-102] Partitioning array 'CONV_SPATIAL_WEIGHT.21.4' in dimension 2 automatically.
INFO: [XFORM 203-102] Partitioning array 'CONV_SPATIAL_WEIGHT.21.5' in dimension 2 automatically.
INFO: [XFORM 203-102] Partitioning array 'CONV_SPATIAL_WEIGHT.21.6' in dimension 2 automatically.
INFO: [XFORM 203-102] Partitioning array 'CONV_SPATIAL_WEIGHT.21.7' in dimension 2 automatically.
INFO: [XFORM 203-102] Partitioning array 'CONV_SPATIAL_WEIGHT.21.8' in dimension 2 automatically.
INFO: [XFORM 203-102] Partitioning array 'CONV_SPATIAL_WEIGHT.21.9' in dimension 2 automatically.
INFO: [XFORM 203-102] Partitioning array 'CONV_SPATIAL_WEIGHT.21.10' in dimension 2 automatically.
INFO: [XFORM 203-102] Partitioning array 'CONV_SPATIAL_WEIGHT.21.11' in dimension 2 automatically.
INFO: [XFORM 203-102] Partitioning array 'CONV_SPATIAL_WEIGHT.21.12' in dimension 2 automatically.
INFO: [XFORM 203-102] Partitioning array 'CONV_SPATIAL_WEIGHT.21.13' in dimension 2 automatically.
INFO: [XFORM 203-102] Partitioning array 'CONV_SPATIAL_WEIGHT.21.14' in dimension 2 automatically.
INFO: [XFORM 203-102] Partitioning array 'CONV_SPATIAL_WEIGHT.22' in dimension 2 automatically.
INFO: [XFORM 203-102] Partitioning array 'CONV_SPATIAL_WEIGHT.22.0' in dimension 2 automatically.
INFO: [XFORM 203-102] Partitioning array 'CONV_SPATIAL_WEIGHT.22.1' in dimension 2 automatically.
INFO: [XFORM 203-102] Partitioning array 'CONV_SPATIAL_WEIGHT.22.2' in dimension 2 automatically.
INFO: [XFORM 203-102] Partitioning array 'CONV_SPATIAL_WEIGHT.22.3' in dimension 2 automatically.
INFO: [XFORM 203-102] Partitioning array 'CONV_SPATIAL_WEIGHT.22.4' in dimension 2 automatically.
INFO: [XFORM 203-102] Partitioning array 'CONV_SPATIAL_WEIGHT.22.5' in dimension 2 automatically.
INFO: [XFORM 203-102] Partitioning array 'CONV_SPATIAL_WEIGHT.22.6' in dimension 2 automatically.
INFO: [XFORM 203-102] Partitioning array 'CONV_SPATIAL_WEIGHT.22.7' in dimension 2 automatically.
INFO: [XFORM 203-102] Partitioning array 'CONV_SPATIAL_WEIGHT.22.8' in dimension 2 automatically.
INFO: [XFORM 203-102] Partitioning array 'CONV_SPATIAL_WEIGHT.22.9' in dimension 2 automatically.
INFO: [XFORM 203-102] Partitioning array 'CONV_SPATIAL_WEIGHT.22.10' in dimension 2 automatically.
INFO: [XFORM 203-102] Partitioning array 'CONV_SPATIAL_WEIGHT.22.11' in dimension 2 automatically.
INFO: [XFORM 203-102] Partitioning array 'CONV_SPATIAL_WEIGHT.22.12' in dimension 2 automatically.
INFO: [XFORM 203-102] Partitioning array 'CONV_SPATIAL_WEIGHT.22.13' in dimension 2 automatically.
INFO: [XFORM 203-102] Partitioning array 'CONV_SPATIAL_WEIGHT.22.14' in dimension 2 automatically.
INFO: [XFORM 203-102] Partitioning array 'CONV_SPATIAL_WEIGHT.23' in dimension 2 automatically.
INFO: [XFORM 203-102] Partitioning array 'CONV_SPATIAL_WEIGHT.23.0' in dimension 2 automatically.
INFO: [XFORM 203-102] Partitioning array 'CONV_SPATIAL_WEIGHT.23.1' in dimension 2 automatically.
INFO: [XFORM 203-102] Partitioning array 'CONV_SPATIAL_WEIGHT.23.2' in dimension 2 automatically.
INFO: [XFORM 203-102] Partitioning array 'CONV_SPATIAL_WEIGHT.23.3' in dimension 2 automatically.
INFO: [XFORM 203-102] Partitioning array 'CONV_SPATIAL_WEIGHT.23.4' in dimension 2 automatically.
INFO: [XFORM 203-102] Partitioning array 'CONV_SPATIAL_WEIGHT.23.5' in dimension 2 automatically.
INFO: [XFORM 203-102] Partitioning array 'CONV_SPATIAL_WEIGHT.23.6' in dimension 2 automatically.
INFO: [XFORM 203-102] Partitioning array 'CONV_SPATIAL_WEIGHT.23.7' in dimension 2 automatically.
INFO: [XFORM 203-102] Partitioning array 'CONV_SPATIAL_WEIGHT.23.8' in dimension 2 automatically.
INFO: [XFORM 203-102] Partitioning array 'CONV_SPATIAL_WEIGHT.23.9' in dimension 2 automatically.
INFO: [XFORM 203-102] Partitioning array 'CONV_SPATIAL_WEIGHT.23.10' in dimension 2 automatically.
INFO: [XFORM 203-102] Partitioning array 'CONV_SPATIAL_WEIGHT.23.11' in dimension 2 automatically.
INFO: [XFORM 203-102] Partitioning array 'CONV_SPATIAL_WEIGHT.23.12' in dimension 2 automatically.
INFO: [XFORM 203-102] Partitioning array 'CONV_SPATIAL_WEIGHT.23.13' in dimension 2 automatically.
INFO: [XFORM 203-102] Partitioning array 'CONV_SPATIAL_WEIGHT.23.14' in dimension 2 automatically.
INFO: [XFORM 203-102] Partitioning array 'CONV_SPATIAL_WEIGHT.24' in dimension 2 automatically.
INFO: [XFORM 203-102] Partitioning array 'CONV_SPATIAL_WEIGHT.24.0' in dimension 2 automatically.
INFO: [XFORM 203-102] Partitioning array 'CONV_SPATIAL_WEIGHT.24.1' in dimension 2 automatically.
INFO: [XFORM 203-102] Partitioning array 'CONV_SPATIAL_WEIGHT.24.2' in dimension 2 automatically.
INFO: [XFORM 203-102] Partitioning array 'CONV_SPATIAL_WEIGHT.24.3' in dimension 2 automatically.
INFO: [XFORM 203-102] Partitioning array 'CONV_SPATIAL_WEIGHT.24.4' in dimension 2 automatically.
INFO: [XFORM 203-102] Partitioning array 'CONV_SPATIAL_WEIGHT.24.5' in dimension 2 automatically.
INFO: [XFORM 203-102] Partitioning array 'CONV_SPATIAL_WEIGHT.24.6' in dimension 2 automatically.
INFO: [XFORM 203-102] Partitioning array 'CONV_SPATIAL_WEIGHT.24.7' in dimension 2 automatically.
INFO: [XFORM 203-102] Partitioning array 'CONV_SPATIAL_WEIGHT.24.8' in dimension 2 automatically.
INFO: [XFORM 203-102] Partitioning array 'CONV_SPATIAL_WEIGHT.24.9' in dimension 2 automatically.
INFO: [XFORM 203-102] Partitioning array 'CONV_SPATIAL_WEIGHT.24.10' in dimension 2 automatically.
INFO: [XFORM 203-102] Partitioning array 'CONV_SPATIAL_WEIGHT.24.11' in dimension 2 automatically.
INFO: [XFORM 203-102] Partitioning array 'CONV_SPATIAL_WEIGHT.24.12' in dimension 2 automatically.
INFO: [XFORM 203-102] Partitioning array 'CONV_SPATIAL_WEIGHT.24.13' in dimension 2 automatically.
INFO: [XFORM 203-102] Partitioning array 'CONV_SPATIAL_WEIGHT.24.14' in dimension 2 automatically.
INFO: [XFORM 203-102] Partitioning array 'CONV_SPATIAL_WEIGHT.25' in dimension 2 automatically.
INFO: [XFORM 203-102] Partitioning array 'CONV_SPATIAL_WEIGHT.25.0' in dimension 2 automatically.
INFO: [XFORM 203-102] Partitioning array 'CONV_SPATIAL_WEIGHT.25.1' in dimension 2 automatically.
INFO: [XFORM 203-102] Partitioning array 'CONV_SPATIAL_WEIGHT.25.2' in dimension 2 automatically.
INFO: [XFORM 203-102] Partitioning array 'CONV_SPATIAL_WEIGHT.25.3' in dimension 2 automatically.
INFO: [XFORM 203-102] Partitioning array 'CONV_SPATIAL_WEIGHT.25.4' in dimension 2 automatically.
INFO: [XFORM 203-102] Partitioning array 'CONV_SPATIAL_WEIGHT.25.5' in dimension 2 automatically.
INFO: [XFORM 203-102] Partitioning array 'CONV_SPATIAL_WEIGHT.25.6' in dimension 2 automatically.
INFO: [XFORM 203-102] Partitioning array 'CONV_SPATIAL_WEIGHT.25.7' in dimension 2 automatically.
INFO: [XFORM 203-102] Partitioning array 'CONV_SPATIAL_WEIGHT.25.8' in dimension 2 automatically.
INFO: [XFORM 203-102] Partitioning array 'CONV_SPATIAL_WEIGHT.25.9' in dimension 2 automatically.
INFO: [XFORM 203-102] Partitioning array 'CONV_SPATIAL_WEIGHT.25.10' in dimension 2 automatically.
INFO: [XFORM 203-102] Partitioning array 'CONV_SPATIAL_WEIGHT.25.11' in dimension 2 automatically.
INFO: [XFORM 203-102] Partitioning array 'CONV_SPATIAL_WEIGHT.25.12' in dimension 2 automatically.
INFO: [XFORM 203-102] Partitioning array 'CONV_SPATIAL_WEIGHT.25.13' in dimension 2 automatically.
INFO: [XFORM 203-102] Partitioning array 'CONV_SPATIAL_WEIGHT.25.14' in dimension 2 automatically.
INFO: [XFORM 203-102] Partitioning array 'CONV_SPATIAL_WEIGHT.26' in dimension 2 automatically.
INFO: [XFORM 203-102] Partitioning array 'CONV_SPATIAL_WEIGHT.26.0' in dimension 2 automatically.
INFO: [XFORM 203-102] Partitioning array 'CONV_SPATIAL_WEIGHT.26.1' in dimension 2 automatically.
INFO: [XFORM 203-102] Partitioning array 'CONV_SPATIAL_WEIGHT.26.2' in dimension 2 automatically.
INFO: [XFORM 203-102] Partitioning array 'CONV_SPATIAL_WEIGHT.26.3' in dimension 2 automatically.
INFO: [XFORM 203-102] Partitioning array 'CONV_SPATIAL_WEIGHT.26.4' in dimension 2 automatically.
INFO: [XFORM 203-102] Partitioning array 'CONV_SPATIAL_WEIGHT.26.5' in dimension 2 automatically.
INFO: [XFORM 203-102] Partitioning array 'CONV_SPATIAL_WEIGHT.26.6' in dimension 2 automatically.
INFO: [XFORM 203-102] Partitioning array 'CONV_SPATIAL_WEIGHT.26.7' in dimension 2 automatically.
INFO: [XFORM 203-102] Partitioning array 'CONV_SPATIAL_WEIGHT.26.8' in dimension 2 automatically.
INFO: [XFORM 203-102] Partitioning array 'CONV_SPATIAL_WEIGHT.26.9' in dimension 2 automatically.
INFO: [XFORM 203-102] Partitioning array 'CONV_SPATIAL_WEIGHT.26.10' in dimension 2 automatically.
INFO: [XFORM 203-102] Partitioning array 'CONV_SPATIAL_WEIGHT.26.11' in dimension 2 automatically.
INFO: [XFORM 203-102] Partitioning array 'CONV_SPATIAL_WEIGHT.26.12' in dimension 2 automatically.
INFO: [XFORM 203-102] Partitioning array 'CONV_SPATIAL_WEIGHT.26.13' in dimension 2 automatically.
INFO: [XFORM 203-102] Partitioning array 'CONV_SPATIAL_WEIGHT.26.14' in dimension 2 automatically.
INFO: [XFORM 203-102] Partitioning array 'CONV_SPATIAL_WEIGHT.27' in dimension 2 automatically.
INFO: [XFORM 203-102] Partitioning array 'CONV_SPATIAL_WEIGHT.27.0' in dimension 2 automatically.
INFO: [XFORM 203-102] Partitioning array 'CONV_SPATIAL_WEIGHT.27.1' in dimension 2 automatically.
INFO: [XFORM 203-102] Partitioning array 'CONV_SPATIAL_WEIGHT.27.2' in dimension 2 automatically.
INFO: [XFORM 203-102] Partitioning array 'CONV_SPATIAL_WEIGHT.27.3' in dimension 2 automatically.
INFO: [XFORM 203-102] Partitioning array 'CONV_SPATIAL_WEIGHT.27.4' in dimension 2 automatically.
INFO: [XFORM 203-102] Partitioning array 'CONV_SPATIAL_WEIGHT.27.5' in dimension 2 automatically.
INFO: [XFORM 203-102] Partitioning array 'CONV_SPATIAL_WEIGHT.27.6' in dimension 2 automatically.
INFO: [XFORM 203-102] Partitioning array 'CONV_SPATIAL_WEIGHT.27.7' in dimension 2 automatically.
INFO: [XFORM 203-102] Partitioning array 'CONV_SPATIAL_WEIGHT.27.8' in dimension 2 automatically.
INFO: [XFORM 203-102] Partitioning array 'CONV_SPATIAL_WEIGHT.27.9' in dimension 2 automatically.
INFO: [XFORM 203-102] Partitioning array 'CONV_SPATIAL_WEIGHT.27.10' in dimension 2 automatically.
INFO: [XFORM 203-102] Partitioning array 'CONV_SPATIAL_WEIGHT.27.11' in dimension 2 automatically.
INFO: [XFORM 203-102] Partitioning array 'CONV_SPATIAL_WEIGHT.27.12' in dimension 2 automatically.
INFO: [XFORM 203-102] Partitioning array 'CONV_SPATIAL_WEIGHT.27.13' in dimension 2 automatically.
INFO: [XFORM 203-102] Partitioning array 'CONV_SPATIAL_WEIGHT.27.14' in dimension 2 automatically.
INFO: [XFORM 203-102] Partitioning array 'CONV_SPATIAL_WEIGHT.28' in dimension 2 automatically.
INFO: [XFORM 203-102] Partitioning array 'CONV_SPATIAL_WEIGHT.28.0' in dimension 2 automatically.
INFO: [XFORM 203-102] Partitioning array 'CONV_SPATIAL_WEIGHT.28.1' in dimension 2 automatically.
INFO: [XFORM 203-102] Partitioning array 'CONV_SPATIAL_WEIGHT.28.2' in dimension 2 automatically.
INFO: [XFORM 203-102] Partitioning array 'CONV_SPATIAL_WEIGHT.28.3' in dimension 2 automatically.
INFO: [XFORM 203-102] Partitioning array 'CONV_SPATIAL_WEIGHT.28.4' in dimension 2 automatically.
INFO: [XFORM 203-102] Partitioning array 'CONV_SPATIAL_WEIGHT.28.5' in dimension 2 automatically.
INFO: [XFORM 203-102] Partitioning array 'CONV_SPATIAL_WEIGHT.28.6' in dimension 2 automatically.
INFO: [XFORM 203-102] Partitioning array 'CONV_SPATIAL_WEIGHT.28.7' in dimension 2 automatically.
INFO: [XFORM 203-102] Partitioning array 'CONV_SPATIAL_WEIGHT.28.8' in dimension 2 automatically.
INFO: [XFORM 203-102] Partitioning array 'CONV_SPATIAL_WEIGHT.28.9' in dimension 2 automatically.
INFO: [XFORM 203-102] Partitioning array 'CONV_SPATIAL_WEIGHT.28.10' in dimension 2 automatically.
INFO: [XFORM 203-102] Partitioning array 'CONV_SPATIAL_WEIGHT.28.11' in dimension 2 automatically.
INFO: [XFORM 203-102] Partitioning array 'CONV_SPATIAL_WEIGHT.28.12' in dimension 2 automatically.
INFO: [XFORM 203-102] Partitioning array 'CONV_SPATIAL_WEIGHT.28.13' in dimension 2 automatically.
INFO: [XFORM 203-102] Partitioning array 'CONV_SPATIAL_WEIGHT.28.14' in dimension 2 automatically.
INFO: [XFORM 203-102] Partitioning array 'CONV_SPATIAL_WEIGHT.29' in dimension 2 automatically.
INFO: [XFORM 203-102] Partitioning array 'CONV_SPATIAL_WEIGHT.29.0' in dimension 2 automatically.
INFO: [XFORM 203-102] Partitioning array 'CONV_SPATIAL_WEIGHT.29.1' in dimension 2 automatically.
INFO: [XFORM 203-102] Partitioning array 'CONV_SPATIAL_WEIGHT.29.2' in dimension 2 automatically.
INFO: [XFORM 203-102] Partitioning array 'CONV_SPATIAL_WEIGHT.29.3' in dimension 2 automatically.
INFO: [XFORM 203-102] Partitioning array 'CONV_SPATIAL_WEIGHT.29.4' in dimension 2 automatically.
INFO: [XFORM 203-102] Partitioning array 'CONV_SPATIAL_WEIGHT.29.5' in dimension 2 automatically.
INFO: [XFORM 203-102] Partitioning array 'CONV_SPATIAL_WEIGHT.29.6' in dimension 2 automatically.
INFO: [XFORM 203-102] Partitioning array 'CONV_SPATIAL_WEIGHT.29.7' in dimension 2 automatically.
INFO: [XFORM 203-102] Partitioning array 'CONV_SPATIAL_WEIGHT.29.8' in dimension 2 automatically.
INFO: [XFORM 203-102] Partitioning array 'CONV_SPATIAL_WEIGHT.29.9' in dimension 2 automatically.
INFO: [XFORM 203-102] Partitioning array 'CONV_SPATIAL_WEIGHT.29.10' in dimension 2 automatically.
INFO: [XFORM 203-102] Partitioning array 'CONV_SPATIAL_WEIGHT.29.11' in dimension 2 automatically.
INFO: [XFORM 203-102] Partitioning array 'CONV_SPATIAL_WEIGHT.29.12' in dimension 2 automatically.
INFO: [XFORM 203-102] Partitioning array 'CONV_SPATIAL_WEIGHT.29.13' in dimension 2 automatically.
INFO: [XFORM 203-102] Partitioning array 'CONV_SPATIAL_WEIGHT.29.14' in dimension 2 automatically.
INFO: [XFORM 203-102] Partitioning array 'CONV_SPATIAL_WEIGHT.30' in dimension 2 automatically.
INFO: [XFORM 203-102] Partitioning array 'CONV_SPATIAL_WEIGHT.30.0' in dimension 2 automatically.
INFO: [XFORM 203-102] Partitioning array 'CONV_SPATIAL_WEIGHT.30.1' in dimension 2 automatically.
INFO: [XFORM 203-102] Partitioning array 'CONV_SPATIAL_WEIGHT.30.2' in dimension 2 automatically.
INFO: [XFORM 203-102] Partitioning array 'CONV_SPATIAL_WEIGHT.30.3' in dimension 2 automatically.
INFO: [XFORM 203-102] Partitioning array 'CONV_SPATIAL_WEIGHT.30.4' in dimension 2 automatically.
INFO: [XFORM 203-102] Partitioning array 'CONV_SPATIAL_WEIGHT.30.5' in dimension 2 automatically.
INFO: [XFORM 203-102] Partitioning array 'CONV_SPATIAL_WEIGHT.30.6' in dimension 2 automatically.
INFO: [XFORM 203-102] Partitioning array 'CONV_SPATIAL_WEIGHT.30.7' in dimension 2 automatically.
INFO: [XFORM 203-102] Partitioning array 'CONV_SPATIAL_WEIGHT.30.8' in dimension 2 automatically.
INFO: [XFORM 203-102] Partitioning array 'CONV_SPATIAL_WEIGHT.30.9' in dimension 2 automatically.
INFO: [XFORM 203-102] Partitioning array 'CONV_SPATIAL_WEIGHT.30.10' in dimension 2 automatically.
INFO: [XFORM 203-102] Partitioning array 'CONV_SPATIAL_WEIGHT.30.11' in dimension 2 automatically.
INFO: [XFORM 203-102] Partitioning array 'CONV_SPATIAL_WEIGHT.30.12' in dimension 2 automatically.
INFO: [XFORM 203-102] Partitioning array 'CONV_SPATIAL_WEIGHT.30.13' in dimension 2 automatically.
INFO: [XFORM 203-102] Partitioning array 'CONV_SPATIAL_WEIGHT.30.14' in dimension 2 automatically.
INFO: [XFORM 203-102] Partitioning array 'CONV_SPATIAL_WEIGHT.31' in dimension 2 automatically.
INFO: [XFORM 203-102] Partitioning array 'CONV_SPATIAL_WEIGHT.31.0' in dimension 2 automatically.
INFO: [XFORM 203-102] Partitioning array 'CONV_SPATIAL_WEIGHT.31.1' in dimension 2 automatically.
INFO: [XFORM 203-102] Partitioning array 'CONV_SPATIAL_WEIGHT.31.2' in dimension 2 automatically.
INFO: [XFORM 203-102] Partitioning array 'CONV_SPATIAL_WEIGHT.31.3' in dimension 2 automatically.
INFO: [XFORM 203-102] Partitioning array 'CONV_SPATIAL_WEIGHT.31.4' in dimension 2 automatically.
INFO: [XFORM 203-102] Partitioning array 'CONV_SPATIAL_WEIGHT.31.5' in dimension 2 automatically.
INFO: [XFORM 203-102] Partitioning array 'CONV_SPATIAL_WEIGHT.31.6' in dimension 2 automatically.
INFO: [XFORM 203-102] Partitioning array 'CONV_SPATIAL_WEIGHT.31.7' in dimension 2 automatically.
INFO: [XFORM 203-102] Partitioning array 'CONV_SPATIAL_WEIGHT.31.8' in dimension 2 automatically.
INFO: [XFORM 203-102] Partitioning array 'CONV_SPATIAL_WEIGHT.31.9' in dimension 2 automatically.
INFO: [XFORM 203-102] Partitioning array 'CONV_SPATIAL_WEIGHT.31.10' in dimension 2 automatically.
INFO: [XFORM 203-102] Partitioning array 'CONV_SPATIAL_WEIGHT.31.11' in dimension 2 automatically.
INFO: [XFORM 203-102] Partitioning array 'CONV_SPATIAL_WEIGHT.31.12' in dimension 2 automatically.
INFO: [XFORM 203-102] Partitioning array 'CONV_SPATIAL_WEIGHT.31.13' in dimension 2 automatically.
INFO: [XFORM 203-102] Partitioning array 'CONV_SPATIAL_WEIGHT.31.14' in dimension 2 automatically.
INFO: [XFORM 203-102] Partitioning array 'CONV_SPATIAL_WEIGHT.32' in dimension 2 automatically.
INFO: [XFORM 203-102] Partitioning array 'CONV_SPATIAL_WEIGHT.32.0' in dimension 2 automatically.
INFO: [XFORM 203-102] Partitioning array 'CONV_SPATIAL_WEIGHT.32.1' in dimension 2 automatically.
INFO: [XFORM 203-102] Partitioning array 'CONV_SPATIAL_WEIGHT.32.2' in dimension 2 automatically.
INFO: [XFORM 203-102] Partitioning array 'CONV_SPATIAL_WEIGHT.32.3' in dimension 2 automatically.
INFO: [XFORM 203-102] Partitioning array 'CONV_SPATIAL_WEIGHT.32.4' in dimension 2 automatically.
INFO: [XFORM 203-102] Partitioning array 'CONV_SPATIAL_WEIGHT.32.5' in dimension 2 automatically.
INFO: [XFORM 203-102] Partitioning array 'CONV_SPATIAL_WEIGHT.32.6' in dimension 2 automatically.
INFO: [XFORM 203-102] Partitioning array 'CONV_SPATIAL_WEIGHT.32.7' in dimension 2 automatically.
INFO: [XFORM 203-102] Partitioning array 'CONV_SPATIAL_WEIGHT.32.8' in dimension 2 automatically.
INFO: [XFORM 203-102] Partitioning array 'CONV_SPATIAL_WEIGHT.32.9' in dimension 2 automatically.
INFO: [XFORM 203-102] Partitioning array 'CONV_SPATIAL_WEIGHT.32.10' in dimension 2 automatically.
INFO: [XFORM 203-102] Partitioning array 'CONV_SPATIAL_WEIGHT.32.11' in dimension 2 automatically.
INFO: [XFORM 203-102] Partitioning array 'CONV_SPATIAL_WEIGHT.32.12' in dimension 2 automatically.
INFO: [XFORM 203-102] Partitioning array 'CONV_SPATIAL_WEIGHT.32.13' in dimension 2 automatically.
INFO: [XFORM 203-102] Partitioning array 'CONV_SPATIAL_WEIGHT.32.14' in dimension 2 automatically.
INFO: [XFORM 203-102] Partitioning array 'CONV_SPATIAL_WEIGHT.33' in dimension 2 automatically.
INFO: [XFORM 203-102] Partitioning array 'CONV_SPATIAL_WEIGHT.33.0' in dimension 2 automatically.
INFO: [XFORM 203-102] Partitioning array 'CONV_SPATIAL_WEIGHT.33.1' in dimension 2 automatically.
INFO: [XFORM 203-102] Partitioning array 'CONV_SPATIAL_WEIGHT.33.2' in dimension 2 automatically.
INFO: [XFORM 203-102] Partitioning array 'CONV_SPATIAL_WEIGHT.33.3' in dimension 2 automatically.
INFO: [XFORM 203-102] Partitioning array 'CONV_SPATIAL_WEIGHT.33.4' in dimension 2 automatically.
INFO: [XFORM 203-102] Partitioning array 'CONV_SPATIAL_WEIGHT.33.5' in dimension 2 automatically.
INFO: [XFORM 203-102] Partitioning array 'CONV_SPATIAL_WEIGHT.33.6' in dimension 2 automatically.
INFO: [XFORM 203-102] Partitioning array 'CONV_SPATIAL_WEIGHT.33.7' in dimension 2 automatically.
INFO: [XFORM 203-102] Partitioning array 'CONV_SPATIAL_WEIGHT.33.8' in dimension 2 automatically.
INFO: [XFORM 203-102] Partitioning array 'CONV_SPATIAL_WEIGHT.33.9' in dimension 2 automatically.
INFO: [XFORM 203-102] Partitioning array 'CONV_SPATIAL_WEIGHT.33.10' in dimension 2 automatically.
INFO: [XFORM 203-102] Partitioning array 'CONV_SPATIAL_WEIGHT.33.11' in dimension 2 automatically.
INFO: [XFORM 203-102] Partitioning array 'CONV_SPATIAL_WEIGHT.33.12' in dimension 2 automatically.
INFO: [XFORM 203-102] Partitioning array 'CONV_SPATIAL_WEIGHT.33.13' in dimension 2 automatically.
INFO: [XFORM 203-102] Partitioning array 'CONV_SPATIAL_WEIGHT.33.14' in dimension 2 automatically.
INFO: [XFORM 203-102] Partitioning array 'CONV_SPATIAL_WEIGHT.34' in dimension 2 automatically.
INFO: [XFORM 203-102] Partitioning array 'CONV_SPATIAL_WEIGHT.34.0' in dimension 2 automatically.
INFO: [XFORM 203-102] Partitioning array 'CONV_SPATIAL_WEIGHT.34.1' in dimension 2 automatically.
INFO: [XFORM 203-102] Partitioning array 'CONV_SPATIAL_WEIGHT.34.2' in dimension 2 automatically.
INFO: [XFORM 203-102] Partitioning array 'CONV_SPATIAL_WEIGHT.34.3' in dimension 2 automatically.
INFO: [XFORM 203-102] Partitioning array 'CONV_SPATIAL_WEIGHT.34.4' in dimension 2 automatically.
INFO: [XFORM 203-102] Partitioning array 'CONV_SPATIAL_WEIGHT.34.5' in dimension 2 automatically.
INFO: [XFORM 203-102] Partitioning array 'CONV_SPATIAL_WEIGHT.34.6' in dimension 2 automatically.
INFO: [XFORM 203-102] Partitioning array 'CONV_SPATIAL_WEIGHT.34.7' in dimension 2 automatically.
INFO: [XFORM 203-102] Partitioning array 'CONV_SPATIAL_WEIGHT.34.8' in dimension 2 automatically.
INFO: [XFORM 203-102] Partitioning array 'CONV_SPATIAL_WEIGHT.34.9' in dimension 2 automatically.
INFO: [XFORM 203-102] Partitioning array 'CONV_SPATIAL_WEIGHT.34.10' in dimension 2 automatically.
INFO: [XFORM 203-102] Partitioning array 'CONV_SPATIAL_WEIGHT.34.11' in dimension 2 automatically.
INFO: [XFORM 203-102] Partitioning array 'CONV_SPATIAL_WEIGHT.34.12' in dimension 2 automatically.
INFO: [XFORM 203-102] Partitioning array 'CONV_SPATIAL_WEIGHT.34.13' in dimension 2 automatically.
INFO: [XFORM 203-102] Partitioning array 'CONV_SPATIAL_WEIGHT.34.14' in dimension 2 automatically.
INFO: [XFORM 203-102] Partitioning array 'CONV_SPATIAL_WEIGHT.35' in dimension 2 automatically.
INFO: [XFORM 203-102] Partitioning array 'CONV_SPATIAL_WEIGHT.35.0' in dimension 2 automatically.
INFO: [XFORM 203-102] Partitioning array 'CONV_SPATIAL_WEIGHT.35.1' in dimension 2 automatically.
INFO: [XFORM 203-102] Partitioning array 'CONV_SPATIAL_WEIGHT.35.2' in dimension 2 automatically.
INFO: [XFORM 203-102] Partitioning array 'CONV_SPATIAL_WEIGHT.35.3' in dimension 2 automatically.
INFO: [XFORM 203-102] Partitioning array 'CONV_SPATIAL_WEIGHT.35.4' in dimension 2 automatically.
INFO: [XFORM 203-102] Partitioning array 'CONV_SPATIAL_WEIGHT.35.5' in dimension 2 automatically.
INFO: [XFORM 203-102] Partitioning array 'CONV_SPATIAL_WEIGHT.35.6' in dimension 2 automatically.
INFO: [XFORM 203-102] Partitioning array 'CONV_SPATIAL_WEIGHT.35.7' in dimension 2 automatically.
INFO: [XFORM 203-102] Partitioning array 'CONV_SPATIAL_WEIGHT.35.8' in dimension 2 automatically.
INFO: [XFORM 203-102] Partitioning array 'CONV_SPATIAL_WEIGHT.35.9' in dimension 2 automatically.
INFO: [XFORM 203-102] Partitioning array 'CONV_SPATIAL_WEIGHT.35.10' in dimension 2 automatically.
INFO: [XFORM 203-102] Partitioning array 'CONV_SPATIAL_WEIGHT.35.11' in dimension 2 automatically.
INFO: [XFORM 203-102] Partitioning array 'CONV_SPATIAL_WEIGHT.35.12' in dimension 2 automatically.
INFO: [XFORM 203-102] Partitioning array 'CONV_SPATIAL_WEIGHT.35.13' in dimension 2 automatically.
INFO: [XFORM 203-102] Partitioning array 'CONV_SPATIAL_WEIGHT.35.14' in dimension 2 automatically.
INFO: [XFORM 203-102] Partitioning array 'CONV_SPATIAL_WEIGHT.36' in dimension 2 automatically.
INFO: [XFORM 203-102] Partitioning array 'CONV_SPATIAL_WEIGHT.36.0' in dimension 2 automatically.
INFO: [XFORM 203-102] Partitioning array 'CONV_SPATIAL_WEIGHT.36.1' in dimension 2 automatically.
INFO: [XFORM 203-102] Partitioning array 'CONV_SPATIAL_WEIGHT.36.2' in dimension 2 automatically.
INFO: [XFORM 203-102] Partitioning array 'CONV_SPATIAL_WEIGHT.36.3' in dimension 2 automatically.
INFO: [XFORM 203-102] Partitioning array 'CONV_SPATIAL_WEIGHT.36.4' in dimension 2 automatically.
INFO: [XFORM 203-102] Partitioning array 'CONV_SPATIAL_WEIGHT.36.5' in dimension 2 automatically.
INFO: [XFORM 203-102] Partitioning array 'CONV_SPATIAL_WEIGHT.36.6' in dimension 2 automatically.
INFO: [XFORM 203-102] Partitioning array 'CONV_SPATIAL_WEIGHT.36.7' in dimension 2 automatically.
INFO: [XFORM 203-102] Partitioning array 'CONV_SPATIAL_WEIGHT.36.8' in dimension 2 automatically.
INFO: [XFORM 203-102] Partitioning array 'CONV_SPATIAL_WEIGHT.36.9' in dimension 2 automatically.
INFO: [XFORM 203-102] Partitioning array 'CONV_SPATIAL_WEIGHT.36.10' in dimension 2 automatically.
INFO: [XFORM 203-102] Partitioning array 'CONV_SPATIAL_WEIGHT.36.11' in dimension 2 automatically.
INFO: [XFORM 203-102] Partitioning array 'CONV_SPATIAL_WEIGHT.36.12' in dimension 2 automatically.
INFO: [XFORM 203-102] Partitioning array 'CONV_SPATIAL_WEIGHT.36.13' in dimension 2 automatically.
INFO: [XFORM 203-102] Partitioning array 'CONV_SPATIAL_WEIGHT.36.14' in dimension 2 automatically.
INFO: [XFORM 203-102] Partitioning array 'CONV_SPATIAL_WEIGHT.37' in dimension 2 automatically.
INFO: [XFORM 203-102] Partitioning array 'CONV_SPATIAL_WEIGHT.37.0' in dimension 2 automatically.
INFO: [XFORM 203-102] Partitioning array 'CONV_SPATIAL_WEIGHT.37.1' in dimension 2 automatically.
INFO: [XFORM 203-102] Partitioning array 'CONV_SPATIAL_WEIGHT.37.2' in dimension 2 automatically.
INFO: [XFORM 203-102] Partitioning array 'CONV_SPATIAL_WEIGHT.37.3' in dimension 2 automatically.
INFO: [XFORM 203-102] Partitioning array 'CONV_SPATIAL_WEIGHT.37.4' in dimension 2 automatically.
INFO: [XFORM 203-102] Partitioning array 'CONV_SPATIAL_WEIGHT.37.5' in dimension 2 automatically.
INFO: [XFORM 203-102] Partitioning array 'CONV_SPATIAL_WEIGHT.37.6' in dimension 2 automatically.
INFO: [XFORM 203-102] Partitioning array 'CONV_SPATIAL_WEIGHT.37.7' in dimension 2 automatically.
INFO: [XFORM 203-102] Partitioning array 'CONV_SPATIAL_WEIGHT.37.8' in dimension 2 automatically.
INFO: [XFORM 203-102] Partitioning array 'CONV_SPATIAL_WEIGHT.37.9' in dimension 2 automatically.
INFO: [XFORM 203-102] Partitioning array 'CONV_SPATIAL_WEIGHT.37.10' in dimension 2 automatically.
INFO: [XFORM 203-102] Partitioning array 'CONV_SPATIAL_WEIGHT.37.11' in dimension 2 automatically.
INFO: [XFORM 203-102] Partitioning array 'CONV_SPATIAL_WEIGHT.37.12' in dimension 2 automatically.
INFO: [XFORM 203-102] Partitioning array 'CONV_SPATIAL_WEIGHT.37.13' in dimension 2 automatically.
INFO: [XFORM 203-102] Partitioning array 'CONV_SPATIAL_WEIGHT.37.14' in dimension 2 automatically.
INFO: [XFORM 203-102] Partitioning array 'CONV_SPATIAL_WEIGHT.38' in dimension 2 automatically.
INFO: [XFORM 203-102] Partitioning array 'CONV_SPATIAL_WEIGHT.38.0' in dimension 2 automatically.
INFO: [XFORM 203-102] Partitioning array 'CONV_SPATIAL_WEIGHT.38.1' in dimension 2 automatically.
INFO: [XFORM 203-102] Partitioning array 'CONV_SPATIAL_WEIGHT.38.2' in dimension 2 automatically.
INFO: [XFORM 203-102] Partitioning array 'CONV_SPATIAL_WEIGHT.38.3' in dimension 2 automatically.
INFO: [XFORM 203-102] Partitioning array 'CONV_SPATIAL_WEIGHT.38.4' in dimension 2 automatically.
INFO: [XFORM 203-102] Partitioning array 'CONV_SPATIAL_WEIGHT.38.5' in dimension 2 automatically.
INFO: [XFORM 203-102] Partitioning array 'CONV_SPATIAL_WEIGHT.38.6' in dimension 2 automatically.
INFO: [XFORM 203-102] Partitioning array 'CONV_SPATIAL_WEIGHT.38.7' in dimension 2 automatically.
INFO: [XFORM 203-102] Partitioning array 'CONV_SPATIAL_WEIGHT.38.8' in dimension 2 automatically.
INFO: [XFORM 203-102] Partitioning array 'CONV_SPATIAL_WEIGHT.38.9' in dimension 2 automatically.
INFO: [XFORM 203-102] Partitioning array 'CONV_SPATIAL_WEIGHT.38.10' in dimension 2 automatically.
INFO: [XFORM 203-102] Partitioning array 'CONV_SPATIAL_WEIGHT.38.11' in dimension 2 automatically.
INFO: [XFORM 203-102] Partitioning array 'CONV_SPATIAL_WEIGHT.38.12' in dimension 2 automatically.
INFO: [XFORM 203-102] Partitioning array 'CONV_SPATIAL_WEIGHT.38.13' in dimension 2 automatically.
INFO: [XFORM 203-102] Partitioning array 'CONV_SPATIAL_WEIGHT.38.14' in dimension 2 automatically.
INFO: [XFORM 203-102] Partitioning array 'CONV_SPATIAL_WEIGHT.39' in dimension 2 automatically.
INFO: [XFORM 203-102] Partitioning array 'CONV_SPATIAL_WEIGHT.39.0' in dimension 2 automatically.
INFO: [XFORM 203-102] Partitioning array 'CONV_SPATIAL_WEIGHT.39.1' in dimension 2 automatically.
INFO: [XFORM 203-102] Partitioning array 'CONV_SPATIAL_WEIGHT.39.2' in dimension 2 automatically.
INFO: [XFORM 203-102] Partitioning array 'CONV_SPATIAL_WEIGHT.39.3' in dimension 2 automatically.
INFO: [XFORM 203-102] Partitioning array 'CONV_SPATIAL_WEIGHT.39.4' in dimension 2 automatically.
INFO: [XFORM 203-102] Partitioning array 'CONV_SPATIAL_WEIGHT.39.5' in dimension 2 automatically.
INFO: [XFORM 203-102] Partitioning array 'CONV_SPATIAL_WEIGHT.39.6' in dimension 2 automatically.
INFO: [XFORM 203-102] Partitioning array 'CONV_SPATIAL_WEIGHT.39.7' in dimension 2 automatically.
INFO: [XFORM 203-102] Partitioning array 'CONV_SPATIAL_WEIGHT.39.8' in dimension 2 automatically.
INFO: [XFORM 203-102] Partitioning array 'CONV_SPATIAL_WEIGHT.39.9' in dimension 2 automatically.
INFO: [XFORM 203-102] Partitioning array 'CONV_SPATIAL_WEIGHT.39.10' in dimension 2 automatically.
INFO: [XFORM 203-102] Partitioning array 'CONV_SPATIAL_WEIGHT.39.11' in dimension 2 automatically.
INFO: [XFORM 203-102] Partitioning array 'CONV_SPATIAL_WEIGHT.39.12' in dimension 2 automatically.
INFO: [XFORM 203-102] Partitioning array 'CONV_SPATIAL_WEIGHT.39.13' in dimension 2 automatically.
INFO: [XFORM 203-102] Partitioning array 'CONV_SPATIAL_WEIGHT.39.14' in dimension 2 automatically.
WARNING: [HLS 200-805] An internal stream 'quant_out' with default size can result in deadlock. Please consider resizing the stream using the directive 'set_directive_stream' or the 'HLS stream' pragma.
WARNING: [HLS 200-805] An internal stream 'conv_br_i0' with default size can result in deadlock. Please consider resizing the stream using the directive 'set_directive_stream' or the 'HLS stream' pragma.
WARNING: [HLS 200-805] An internal stream 'conv_br_i1' with default size can result in deadlock. Please consider resizing the stream using the directive 'set_directive_stream' or the 'HLS stream' pragma.
WARNING: [HLS 200-805] An internal stream 'conv_br_i2' with default size can result in deadlock. Please consider resizing the stream using the directive 'set_directive_stream' or the 'HLS stream' pragma.
WARNING: [HLS 200-805] An internal stream 'concat_i0' with default size can result in deadlock. Please consider resizing the stream using the directive 'set_directive_stream' or the 'HLS stream' pragma.
WARNING: [HLS 200-805] An internal stream 'concat_i1' with default size can result in deadlock. Please consider resizing the stream using the directive 'set_directive_stream' or the 'HLS stream' pragma.
WARNING: [HLS 200-805] An internal stream 'concat_i2' with default size can result in deadlock. Please consider resizing the stream using the directive 'set_directive_stream' or the 'HLS stream' pragma.
WARNING: [HLS 200-805] An internal stream 'conv_spatial_i' with default size can result in deadlock. Please consider resizing the stream using the directive 'set_directive_stream' or the 'HLS stream' pragma.
WARNING: [HLS 200-805] An internal stream 'conv_spatial_o' with default size can result in deadlock. Please consider resizing the stream using the directive 'set_directive_stream' or the 'HLS stream' pragma.
WARNING: [HLS 200-805] An internal stream 'square_o' with default size can result in deadlock. Please consider resizing the stream using the directive 'set_directive_stream' or the 'HLS stream' pragma.
WARNING: [HLS 200-805] An internal stream 'pool_o' with default size can result in deadlock. Please consider resizing the stream using the directive 'set_directive_stream' or the 'HLS stream' pragma.
WARNING: [HLS 200-805] An internal stream 'log_o' with default size can result in deadlock. Please consider resizing the stream using the directive 'set_directive_stream' or the 'HLS stream' pragma.
WARNING: [HLS 200-805] An internal stream 'linear_cls_i' with default size can result in deadlock. Please consider resizing the stream using the directive 'set_directive_stream' or the 'HLS stream' pragma.
WARNING: [HLS 200-805] An internal stream 'linear_hue_i' with default size can result in deadlock. Please consider resizing the stream using the directive 'set_directive_stream' or the 'HLS stream' pragma.
INFO: [XFORM 203-712] Applying dataflow to function 'top' (case/CNN_top.cpp:50:1), detected/extracted 13 process function(s): 
	 'QuantInput<ap_uint<8>, 15>::do_quantize'
	 'tee3_quant_to_conv_br'
	 'ConvBrBranch<0>::do_conv_br'
	 'ConvBrBranch<1>::do_conv_br'
	 'ConvBrBranch<2>::do_conv_br'
	 'Concat<ap_uint<8> >::do_concat'
	 'ConvSpatial<ap_uint<8>, ap_uint<8> >::do_conv_spatial'
	 'SquareLUT<ap_uint<8>, ap_uint<8>, 1, 40, 1, 410>::do_lut_func'
	 'POOL<ap_uint<8>, ap_uint<8>, 1, 40, 1, 410, 19, 40, 20>::do_pool_func'
	 'LogLUT<ap_uint<8>, ap_uint<8>, 1, 40, 1, 19>::do_lut_func'
	 'Split<ap_uint<8>, 1, 40, 1, 19>::do_split_func'
	 'LinearCLS<ap_uint<8>, ap_uint<8>, short, long, 1, 40, 1, 19>::do_linear_func'
	 'LinearHue<ap_uint<8>, ap_uint<8>, short, long, 1, 40, 1, 19>::do_linear_func'.
INFO: [XFORM 203-401] Performing if-conversion on hyperblock from (/data/home/songqiangxu/project/CNN/src/utils.h:42:13) to (/data/home/songqiangxu/project/CNN/src/utils.h:45:1) in function 'clamp<int, int>'... converting 3 basic blocks.
INFO: [XFORM 203-401] Performing if-conversion on hyperblock from (/data/home/songqiangxu/project/CNN/src/pool.h:28:9) to (/data/home/songqiangxu/project/CNN/src/pool.h:27:27) in function 'POOL<ap_uint<8>, ap_uint<8>, 1, 40, 1, 410, 19, 40, 20>::do_pool_func'... converting 96 basic blocks.
INFO: [XFORM 203-401] Performing if-conversion on hyperblock from (/data/home/songqiangxu/project/CNN/src/linear_hue.h:63:73) to (/data/home/songqiangxu/project/CNN/src/linear_hue.h:49:26) in function 'LinearHue<ap_uint<8>, ap_uint<8>, short, long, 1, 40, 1, 19>::do_linear_func'... converting 8 basic blocks.
INFO: [XFORM 203-401] Performing if-conversion on hyperblock from (/data/home/songqiangxu/project/CNN/src/conv2d.h:132:9) to (/data/home/songqiangxu/project/CNN/src/conv2d.h:130:17) in function 'ConvSpatial<ap_uint<8>, ap_uint<8> >::do_conv_spatial'... converting 6 basic blocks.
INFO: [XFORM 203-401] Performing if-conversion on hyperblock to (/data/home/songqiangxu/project/CNN/src/concat.h:59:5) in function 'Concat<ap_uint<8> >::requant_to_concat_domain'... converting 6 basic blocks.
INFO: [XFORM 203-11] Balancing expressions in function 'POOL<ap_uint<8>, ap_uint<8>, 1, 40, 1, 410, 19, 40, 20>::do_pool_func' (/data/home/songqiangxu/Xilinx/2022.1/Vitis_HLS/2022.1/common/technology/autopilot/hls_stream_39.h:0:9)...817 expression(s) balanced.
INFO: [XFORM 203-11] Balancing expressions in function 'LinearHue<ap_uint<8>, ap_uint<8>, short, long, 1, 40, 1, 19>::do_linear_func' (/data/home/songqiangxu/project/CNN/src/linear_hue.h:49:32)...19 expression(s) balanced.
INFO: [XFORM 203-11] Balancing expressions in function 'LinearCLS<ap_uint<8>, ap_uint<8>, short, long, 1, 40, 1, 19>::do_linear_func' (/data/home/songqiangxu/project/CNN/src/linear_cls.h:15:32)...19 expression(s) balanced.
INFO: [XFORM 203-11] Balancing expressions in function 'ConvSpatial<ap_uint<8>, ap_uint<8> >::do_conv_spatial' (/data/home/songqiangxu/project/CNN/src/conv2d.h:104:18)...597 expression(s) balanced.
INFO: [XFORM 203-11] Balancing expressions in function 'ConvBrBranch<2>::do_conv_br' (/data/home/songqiangxu/project/CNN/src/conv_br.h:38:13)...6750 expression(s) balanced.
INFO: [XFORM 203-11] Balancing expressions in function 'ConvBrBranch<1>::do_conv_br' (/data/home/songqiangxu/project/CNN/src/conv_br.h:27:13)...3690 expression(s) balanced.
INFO: [XFORM 203-11] Balancing expressions in function 'ConvBrBranch<0>::do_conv_br' (/data/home/songqiangxu/project/CNN/src/conv_br.h:27:13)...2040 expression(s) balanced.
INFO: [HLS 200-111] Finished Loop, function and other optimizations: CPU user time: 909.2 seconds. CPU system time: 0.84 seconds. Elapsed time: 910.18 seconds; current allocated memory: 1.227 GB.
WARNING: [HLS 200-960] Cannot flatten loop 'outdim_loop' (/data/home/songqiangxu/project/CNN/src/linear_hue.h:49:35) in function 'LinearHue<ap_uint<8>, ap_uint<8>, short, long, 1, 40, 1, 19>::do_linear_func' the outer loop is not a perfect loop.
Resolution: For help on HLS 200-960 see www.xilinx.com/cgi-bin/docs/rdoc?v=2022.1;t=hls+guidance;d=200-960.html
WARNING: [HLS 200-960] Cannot flatten loop 'outdim_loop' (/data/home/songqiangxu/project/CNN/src/linear_cls.h:50:35) in function 'LinearCLS<ap_uint<8>, ap_uint<8>, short, long, 1, 40, 1, 19>::do_linear_func' the outer loop is not a perfect loop.
Resolution: For help on HLS 200-960 see www.xilinx.com/cgi-bin/docs/rdoc?v=2022.1;t=hls+guidance;d=200-960.html
WARNING: [HLS 200-960] Cannot flatten loop 'Loop-1.1' (/data/home/songqiangxu/project/CNN/src/conv2d.h:116:17) in function 'ConvSpatial<ap_uint<8>, ap_uint<8> >::do_conv_spatial' the outer loop is not a perfect loop.
Resolution: For help on HLS 200-960 see www.xilinx.com/cgi-bin/docs/rdoc?v=2022.1;t=hls+guidance;d=200-960.html
INFO: [XFORM 203-541] Flattening a loop nest 'Loop-1' (/data/home/songqiangxu/project/CNN/src/conv2d.h:114:13) in function 'ConvSpatial<ap_uint<8>, ap_uint<8> >::do_conv_spatial'.
INFO: [XFORM 203-541] Flattening a loop nest 'Loop-2' (/data/home/songqiangxu/project/CNN/src/conv2d.h:127:13) in function 'ConvSpatial<ap_uint<8>, ap_uint<8> >::do_conv_spatial'.
INFO: [XFORM 203-541] Flattening a loop nest 'Loop-2.1' (/data/home/songqiangxu/project/CNN/src/concat.h:105:17) in function 'Concat<ap_uint<8> >::do_concat'.
INFO: [XFORM 203-541] Flattening a loop nest 'Loop-2' (/data/home/songqiangxu/project/CNN/src/concat.h:103:13) in function 'Concat<ap_uint<8> >::do_concat'.
INFO: [XFORM 203-541] Flattening a loop nest 'Loop-3.1' (/data/home/songqiangxu/project/CNN/src/concat.h:116:17) in function 'Concat<ap_uint<8> >::do_concat'.
INFO: [XFORM 203-541] Flattening a loop nest 'Loop-3' (/data/home/songqiangxu/project/CNN/src/concat.h:114:13) in function 'Concat<ap_uint<8> >::do_concat'.
INFO: [XFORM 203-541] Flattening a loop nest 'Loop-4.1' (/data/home/songqiangxu/project/CNN/src/concat.h:127:17) in function 'Concat<ap_uint<8> >::do_concat'.
INFO: [XFORM 203-541] Flattening a loop nest 'Loop-4' (/data/home/songqiangxu/project/CNN/src/concat.h:125:13) in function 'Concat<ap_uint<8> >::do_concat'.
INFO: [HLS 200-472] Inferring partial write operation for 'in.0' (/data/home/songqiangxu/project/CNN/src/linear_cls.h:53:37)
INFO: [HLS 200-472] Inferring partial write operation for 'in.0' (/data/home/songqiangxu/project/CNN/src/linear_hue.h:52:37)
INFO: [HLS 200-472] Inferring partial write operation for 'buf.V' (/data/home/songqiangxu/project/CNN/src/conv2d.h:122:18)
INFO: [HLS 200-472] Inferring partial write operation for 'buf0.V' (/data/home/songqiangxu/project/CNN/src/concat.h:86:40)
INFO: [HLS 200-472] Inferring partial write operation for 'buf1.V' (/data/home/songqiangxu/project/CNN/src/concat.h:92:40)
INFO: [HLS 200-472] Inferring partial write operation for 'buf2.V' (/data/home/songqiangxu/project/CNN/src/concat.h:98:40)
INFO: [HLS 200-111] Finished Architecture Synthesis: CPU user time: 96.11 seconds. CPU system time: 0.6 seconds. Elapsed time: 96.72 seconds; current allocated memory: 1.952 GB.
INFO: [HLS 200-10] Starting hardware synthesis ...
INFO: [HLS 200-10] Synthesizing 'top' ...
WARNING: [SYN 201-103] Legalizing function name 'quantize_one<ap_uint<8> >' to 'quantize_one_ap_uint_8_s'.
WARNING: [SYN 201-103] Legalizing function name '__hls_fptosi_float_i32' to 'p_hls_fptosi_float_i32'.
WARNING: [SYN 201-103] Legalizing function name 'clamp<int, int>' to 'clamp_int_int_s'.
WARNING: [SYN 201-103] Legalizing function name 'do_conv_br.2_Pipeline_2' to 'do_conv_br_2_Pipeline_2'.
WARNING: [SYN 201-103] Legalizing function name 'do_conv_br.2' to 'do_conv_br_2'.
WARNING: [SYN 201-103] Legalizing function name 'do_conv_br.1_Pipeline_2' to 'do_conv_br_1_Pipeline_2'.
WARNING: [SYN 201-103] Legalizing function name 'do_conv_br.1' to 'do_conv_br_1'.
WARNING: [SYN 201-103] Legalizing function name 'do_lut_func.1' to 'do_lut_func_1'.
WARNING: [SYN 201-103] Legalizing function name 'do_linear_func.1_Pipeline_channels_loop' to 'do_linear_func_1_Pipeline_channels_loop'.
WARNING: [SYN 201-103] Legalizing function name 'do_linear_func.1' to 'do_linear_func_1'.
WARNING: [HLS 200-1842] Loop 'Loop 1' cannot be implemented as Flushable(/Unaligned) Pipeline as it did not meet the structural requirements. Changing pipeline style specification to 'style=stp'.
WARNING: [HLS 200-1842] Loop 'Loop 1' cannot be implemented as Flushable(/Unaligned) Pipeline as it did not meet the structural requirements. Changing pipeline style specification to 'style=stp'.
WARNING: [HLS 200-1842] Loop 'Loop 1' cannot be implemented as Flushable(/Unaligned) Pipeline as it did not meet the structural requirements. Changing pipeline style specification to 'style=stp'.
WARNING: [HLS 200-1842] Loop 'Loop 1' cannot be implemented as Flushable(/Unaligned) Pipeline as it did not meet the structural requirements. Changing pipeline style specification to 'style=stp'.
WARNING: [HLS 200-1842] Loop 'Loop 1' cannot be implemented as Flushable(/Unaligned) Pipeline as it did not meet the structural requirements. Changing pipeline style specification to 'style=stp'.
INFO: [HLS 200-10] ----------------------------------------------------------------
INFO: [HLS 200-42] -- Implementing module 'quantize_one_ap_uint_8_s' 
INFO: [HLS 200-10] ----------------------------------------------------------------
INFO: [SCHED 204-11] Starting scheduling ...
INFO: [SCHED 204-61] Pipelining function 'quantize_one<ap_uint<8> >'.
INFO: [HLS 200-1470] Pipelining result : Target II = 0, Final II = 1, Depth = 68, function 'quantize_one<ap_uint<8> >'
WARNING: [HLS 200-871] Estimated clock period (2.236ns) exceeds the target (target clock period: 2.5ns, clock uncertainty: 0.675ns, effective delay budget: 1.825ns).
Resolution: For help on HLS 200-871 see www.xilinx.com/cgi-bin/docs/rdoc?v=2022.1;t=hls+guidance;d=200-871.html
WARNING: [HLS 200-1016] The critical path in module 'quantize_one_ap_uint_8_s' consists of the following:	wire read operation ('x_read', /data/home/songqiangxu/project/CNN/src/quant_input.h:14) on port 'x' (/data/home/songqiangxu/project/CNN/src/quant_input.h:14) [2]  (0 ns)
	'fdiv' operation ('div', /data/home/songqiangxu/project/CNN/src/quant_input.h:15) [3]  (2.24 ns)

Resolution: For help on HLS 200-1016 see www.xilinx.com/cgi-bin/docs/rdoc?v=2022.1;t=hls+guidance;d=200-1016.html
INFO: [SCHED 204-11] Finished scheduling.
INFO: [HLS 200-111] Finished Scheduling: CPU user time: 4.63 seconds. CPU system time: 0.16 seconds. Elapsed time: 4.78 seconds; current allocated memory: 1.987 GB.
INFO: [BIND 205-100] Starting micro-architecture generation ...
INFO: [BIND 205-101] Performing variable lifetime analysis.
INFO: [BIND 205-101] Exploring resource sharing.
INFO: [BIND 205-101] Binding ...
INFO: [BIND 205-100] Finished micro-architecture generation.
INFO: [HLS 200-111] Finished Binding: CPU user time: 0.33 seconds. CPU system time: 0 seconds. Elapsed time: 0.34 seconds; current allocated memory: 1.987 GB.
INFO: [HLS 200-10] ----------------------------------------------------------------
INFO: [HLS 200-42] -- Implementing module 'do_quantize' 
INFO: [HLS 200-10] ----------------------------------------------------------------
INFO: [SCHED 204-11] Starting scheduling ...
INFO: [SCHED 204-61] Pipelining loop 'Loop 1'.
INFO: [HLS 200-1470] Pipelining result : Target II = 1, Final II = 1, Depth = 70, loop 'Loop 1'
WARNING: [HLS 200-871] Estimated clock period (2.236ns) exceeds the target (target clock period: 2.5ns, clock uncertainty: 0.675ns, effective delay budget: 1.825ns).
Resolution: For help on HLS 200-871 see www.xilinx.com/cgi-bin/docs/rdoc?v=2022.1;t=hls+guidance;d=200-871.html
WARNING: [HLS 200-1016] The critical path in module 'do_quantize' consists of the following:	'call' operation ('ref_tmp_assign_s', /data/home/songqiangxu/project/CNN/src/quant_input.h:37) to 'quantize_one<ap_uint<8> >' [46]  (2.24 ns)

Resolution: For help on HLS 200-1016 see www.xilinx.com/cgi-bin/docs/rdoc?v=2022.1;t=hls+guidance;d=200-1016.html
INFO: [SCHED 204-11] Finished scheduling.
INFO: [HLS 200-111] Finished Scheduling: CPU user time: 0.3 seconds. CPU system time: 0.01 seconds. Elapsed time: 0.31 seconds; current allocated memory: 1.989 GB.
INFO: [BIND 205-100] Starting micro-architecture generation ...
INFO: [BIND 205-101] Performing variable lifetime analysis.
INFO: [BIND 205-101] Exploring resource sharing.
INFO: [BIND 205-101] Binding ...
INFO: [BIND 205-100] Finished micro-architecture generation.
INFO: [HLS 200-111] Finished Binding: CPU user time: 0.52 seconds. CPU system time: 0.01 seconds. Elapsed time: 0.53 seconds; current allocated memory: 1.990 GB.
INFO: [HLS 200-10] ----------------------------------------------------------------
INFO: [HLS 200-42] -- Implementing module 'tee3_quant_to_conv_br' 
INFO: [HLS 200-10] ----------------------------------------------------------------
INFO: [SCHED 204-11] Starting scheduling ...
INFO: [SCHED 204-61] Pipelining loop 'VITIS_LOOP_40_2'.
INFO: [HLS 200-1470] Pipelining result : Target II = 1, Final II = 1, Depth = 2, loop 'VITIS_LOOP_40_2'
WARNING: [HLS 200-871] Estimated clock period (2.18863ns) exceeds the target (target clock period: 2.5ns, clock uncertainty: 0.675ns, effective delay budget: 1.825ns).
Resolution: For help on HLS 200-871 see www.xilinx.com/cgi-bin/docs/rdoc?v=2022.1;t=hls+guidance;d=200-871.html
WARNING: [HLS 200-1016] The critical path in module 'tee3_quant_to_conv_br' consists of the following:	'alloca' operation ('t') [5]  (0 ns)
	'load' operation ('t', case/CNN_top.cpp:40) on local variable 't' [13]  (0 ns)
	'add' operation ('t', case/CNN_top.cpp:40) [16]  (1.36 ns)
	'store' operation ('t_write_ln40', case/CNN_top.cpp:40) of variable 't', case/CNN_top.cpp:40 on local variable 't' [25]  (0.833 ns)

Resolution: For help on HLS 200-1016 see www.xilinx.com/cgi-bin/docs/rdoc?v=2022.1;t=hls+guidance;d=200-1016.html
INFO: [SCHED 204-11] Finished scheduling.
INFO: [HLS 200-111] Finished Scheduling: CPU user time: 0.84 seconds. CPU system time: 0 seconds. Elapsed time: 0.84 seconds; current allocated memory: 1.991 GB.
INFO: [BIND 205-100] Starting micro-architecture generation ...
INFO: [BIND 205-101] Performing variable lifetime analysis.
INFO: [BIND 205-101] Exploring resource sharing.
INFO: [BIND 205-101] Binding ...
INFO: [BIND 205-100] Finished micro-architecture generation.
INFO: [HLS 200-111] Finished Binding: CPU user time: 0.04 seconds. CPU system time: 0.01 seconds. Elapsed time: 0.05 seconds; current allocated memory: 1.991 GB.
INFO: [HLS 200-10] ----------------------------------------------------------------
INFO: [HLS 200-42] -- Implementing module 'p_hls_fptosi_float_i32' 
INFO: [HLS 200-10] ----------------------------------------------------------------
INFO: [SCHED 204-11] Starting scheduling ...
INFO: [SCHED 204-61] Pipelining function '__hls_fptosi_float_i32'.
INFO: [HLS 200-1470] Pipelining result : Target II = NA, Final II = 1, Depth = 8, function '__hls_fptosi_float_i32'
INFO: [SCHED 204-11] Finished scheduling.
INFO: [HLS 200-111] Finished Scheduling: CPU user time: 0.09 seconds. CPU system time: 0 seconds. Elapsed time: 0.09 seconds; current allocated memory: 1.991 GB.
INFO: [BIND 205-100] Starting micro-architecture generation ...
INFO: [BIND 205-101] Performing variable lifetime analysis.
INFO: [BIND 205-101] Exploring resource sharing.
INFO: [BIND 205-101] Binding ...
INFO: [BIND 205-100] Finished micro-architecture generation.
INFO: [HLS 200-111] Finished Binding: CPU user time: 0.08 seconds. CPU system time: 0 seconds. Elapsed time: 0.09 seconds; current allocated memory: 1.991 GB.
INFO: [HLS 200-10] ----------------------------------------------------------------
INFO: [HLS 200-42] -- Implementing module 'clamp_int_int_s' 
INFO: [HLS 200-10] ----------------------------------------------------------------
INFO: [SCHED 204-11] Starting scheduling ...
INFO: [SCHED 204-61] Pipelining function 'clamp<int, int>'.
INFO: [HLS 200-1470] Pipelining result : Target II = NA, Final II = 1, Depth = 1, function 'clamp<int, int>'
INFO: [SCHED 204-11] Finished scheduling.
INFO: [HLS 200-111] Finished Scheduling: CPU user time: 0.09 seconds. CPU system time: 0 seconds. Elapsed time: 0.09 seconds; current allocated memory: 1.991 GB.
INFO: [BIND 205-100] Starting micro-architecture generation ...
INFO: [BIND 205-101] Performing variable lifetime analysis.
INFO: [BIND 205-101] Exploring resource sharing.
INFO: [BIND 205-101] Binding ...
INFO: [BIND 205-100] Finished micro-architecture generation.
INFO: [HLS 200-111] Finished Binding: CPU user time: 0.05 seconds. CPU system time: 0 seconds. Elapsed time: 0.05 seconds; current allocated memory: 1.991 GB.
INFO: [HLS 200-10] ----------------------------------------------------------------
INFO: [HLS 200-42] -- Implementing module 'do_conv_br_2_Pipeline_2' 
INFO: [HLS 200-10] ----------------------------------------------------------------
INFO: [SCHED 204-11] Starting scheduling ...
INFO: [HLS 200-486] Changing DSP latency (root=mul_ln65_687) to 3 in order to utilize available DSP registers.
INFO: [HLS 200-486] Changing DSP latency (root=tmp927) to 3 in order to utilize available DSP registers.
INFO: [HLS 200-486] Changing DSP latency (root=mul_ln65_4482) to 3 in order to utilize available DSP registers.
INFO: [HLS 200-486] Changing DSP latency (root=mul_ln58_344) to 3 in order to utilize available DSP registers.
INFO: [HLS 200-486] Changing DSP latency (root=mul_ln58_345) to 3 in order to utilize available DSP registers.
INFO: [HLS 200-486] Changing DSP latency (root=mul_ln65_684) to 3 in order to utilize available DSP registers.
INFO: [HLS 200-486] Changing DSP latency (root=tmp924) to 3 in order to utilize available DSP registers.
INFO: [HLS 200-486] Changing DSP latency (root=mul_ln65_4477) to 3 in order to utilize available DSP registers.
INFO: [HLS 200-486] Changing DSP latency (root=mul_ln58_341) to 3 in order to utilize available DSP registers.
INFO: [HLS 200-486] Changing DSP latency (root=mul_ln58_342) to 3 in order to utilize available DSP registers.
INFO: [HLS 200-486] Changing DSP latency (root=mul_ln65_681) to 3 in order to utilize available DSP registers.
INFO: [HLS 200-486] Changing DSP latency (root=tmp921) to 3 in order to utilize available DSP registers.
INFO: [HLS 200-486] Changing DSP latency (root=mul_ln65_4472) to 3 in order to utilize available DSP registers.
INFO: [HLS 200-486] Changing DSP latency (root=mul_ln58_338) to 3 in order to utilize available DSP registers.
INFO: [HLS 200-486] Changing DSP latency (root=mul_ln58_339) to 3 in order to utilize available DSP registers.
INFO: [HLS 200-486] Changing DSP latency (root=mul_ln65_678) to 3 in order to utilize available DSP registers.
INFO: [HLS 200-486] Changing DSP latency (root=tmp918) to 3 in order to utilize available DSP registers.
INFO: [HLS 200-486] Changing DSP latency (root=mul_ln65_4467) to 3 in order to utilize available DSP registers.
INFO: [HLS 200-486] Changing DSP latency (root=mul_ln58_335) to 3 in order to utilize available DSP registers.
INFO: [HLS 200-486] Changing DSP latency (root=mul_ln58_336) to 3 in order to utilize available DSP registers.
INFO: [HLS 200-486] Changing DSP latency (root=mul_ln65_675) to 3 in order to utilize available DSP registers.
INFO: [HLS 200-486] Changing DSP latency (root=tmp915) to 3 in order to utilize available DSP registers.
INFO: [HLS 200-486] Changing DSP latency (root=mul_ln65_4462) to 3 in order to utilize available DSP registers.
INFO: [HLS 200-486] Changing DSP latency (root=mul_ln58_332) to 3 in order to utilize available DSP registers.
INFO: [HLS 200-486] Changing DSP latency (root=mul_ln58_333) to 3 in order to utilize available DSP registers.
INFO: [HLS 200-486] Changing DSP latency (root=mul_ln65_672) to 3 in order to utilize available DSP registers.
INFO: [HLS 200-486] Changing DSP latency (root=tmp912) to 3 in order to utilize available DSP registers.
INFO: [HLS 200-486] Changing DSP latency (root=mul_ln65_4457) to 3 in order to utilize available DSP registers.
INFO: [HLS 200-486] Changing DSP latency (root=mul_ln58_329) to 3 in order to utilize available DSP registers.
INFO: [HLS 200-486] Changing DSP latency (root=mul_ln58_330) to 3 in order to utilize available DSP registers.
INFO: [HLS 200-486] Changing DSP latency (root=mul_ln65_669) to 3 in order to utilize available DSP registers.
INFO: [HLS 200-486] Changing DSP latency (root=tmp909) to 3 in order to utilize available DSP registers.
INFO: [HLS 200-486] Changing DSP latency (root=mul_ln65_4452) to 3 in order to utilize available DSP registers.
INFO: [HLS 200-486] Changing DSP latency (root=mul_ln58_326) to 3 in order to utilize available DSP registers.
INFO: [HLS 200-486] Changing DSP latency (root=mul_ln58_327) to 3 in order to utilize available DSP registers.
INFO: [HLS 200-486] Changing DSP latency (root=mul_ln65_666) to 3 in order to utilize available DSP registers.
INFO: [HLS 200-486] Changing DSP latency (root=tmp906) to 3 in order to utilize available DSP registers.
INFO: [HLS 200-486] Changing DSP latency (root=mul_ln65_4447) to 3 in order to utilize available DSP registers.
INFO: [HLS 200-486] Changing DSP latency (root=mul_ln58_323) to 3 in order to utilize available DSP registers.
INFO: [HLS 200-486] Changing DSP latency (root=mul_ln58_324) to 3 in order to utilize available DSP registers.
INFO: [HLS 200-486] Changing DSP latency (root=mul_ln65_663) to 3 in order to utilize available DSP registers.
INFO: [HLS 200-486] Changing DSP latency (root=tmp903) to 3 in order to utilize available DSP registers.
INFO: [HLS 200-486] Changing DSP latency (root=mul_ln65_4442) to 3 in order to utilize available DSP registers.
INFO: [HLS 200-486] Changing DSP latency (root=mul_ln58_320) to 3 in order to utilize available DSP registers.
INFO: [HLS 200-486] Changing DSP latency (root=mul_ln58_321) to 3 in order to utilize available DSP registers.
INFO: [HLS 200-486] Changing DSP latency (root=mul_ln65_660) to 3 in order to utilize available DSP registers.
INFO: [HLS 200-486] Changing DSP latency (root=tmp900) to 3 in order to utilize available DSP registers.
INFO: [HLS 200-486] Changing DSP latency (root=mul_ln65_4437) to 3 in order to utilize available DSP registers.
INFO: [HLS 200-486] Changing DSP latency (root=mul_ln58_317) to 3 in order to utilize available DSP registers.
INFO: [HLS 200-486] Changing DSP latency (root=mul_ln58_318) to 3 in order to utilize available DSP registers.
INFO: [HLS 200-486] Changing DSP latency (root=mul_ln65_657) to 3 in order to utilize available DSP registers.
INFO: [HLS 200-486] Changing DSP latency (root=tmp897) to 3 in order to utilize available DSP registers.
INFO: [HLS 200-486] Changing DSP latency (root=mul_ln65_4432) to 3 in order to utilize available DSP registers.
INFO: [HLS 200-486] Changing DSP latency (root=mul_ln58_314) to 3 in order to utilize available DSP registers.
INFO: [HLS 200-486] Changing DSP latency (root=mul_ln58_315) to 3 in order to utilize available DSP registers.
INFO: [HLS 200-486] Changing DSP latency (root=mul_ln65_654) to 3 in order to utilize available DSP registers.
INFO: [HLS 200-486] Changing DSP latency (root=tmp894) to 3 in order to utilize available DSP registers.
INFO: [HLS 200-486] Changing DSP latency (root=mul_ln65_4427) to 3 in order to utilize available DSP registers.
INFO: [HLS 200-486] Changing DSP latency (root=mul_ln58_311) to 3 in order to utilize available DSP registers.
INFO: [HLS 200-486] Changing DSP latency (root=mul_ln58_312) to 3 in order to utilize available DSP registers.
INFO: [HLS 200-486] Changing DSP latency (root=mul_ln65_651) to 3 in order to utilize available DSP registers.
INFO: [HLS 200-486] Changing DSP latency (root=tmp891) to 3 in order to utilize available DSP registers.
INFO: [HLS 200-486] Changing DSP latency (root=mul_ln65_4422) to 3 in order to utilize available DSP registers.
INFO: [HLS 200-486] Changing DSP latency (root=mul_ln58_308) to 3 in order to utilize available DSP registers.
INFO: [HLS 200-486] Changing DSP latency (root=mul_ln58_309) to 3 in order to utilize available DSP registers.
INFO: [HLS 200-486] Changing DSP latency (root=mul_ln65_648) to 3 in order to utilize available DSP registers.
INFO: [HLS 200-486] Changing DSP latency (root=tmp888) to 3 in order to utilize available DSP registers.
INFO: [HLS 200-486] Changing DSP latency (root=mul_ln65_4417) to 3 in order to utilize available DSP registers.
INFO: [HLS 200-486] Changing DSP latency (root=mul_ln58_305) to 3 in order to utilize available DSP registers.
INFO: [HLS 200-486] Changing DSP latency (root=mul_ln58_306) to 3 in order to utilize available DSP registers.
INFO: [HLS 200-486] Changing DSP latency (root=mul_ln65_645) to 3 in order to utilize available DSP registers.
INFO: [HLS 200-486] Changing DSP latency (root=tmp885) to 3 in order to utilize available DSP registers.
INFO: [HLS 200-486] Changing DSP latency (root=mul_ln65_4412) to 3 in order to utilize available DSP registers.
INFO: [HLS 200-486] Changing DSP latency (root=mul_ln58_302) to 3 in order to utilize available DSP registers.
INFO: [HLS 200-486] Changing DSP latency (root=mul_ln58_303) to 3 in order to utilize available DSP registers.
INFO: [HLS 200-486] Changing DSP latency (root=tmp879) to 3 in order to utilize available DSP registers.
INFO: [HLS 200-486] Changing DSP latency (root=mul_ln65_642) to 3 in order to utilize available DSP registers.
INFO: [HLS 200-486] Changing DSP latency (root=mul_ln65_641) to 3 in order to utilize available DSP registers.
INFO: [HLS 200-486] Changing DSP latency (root=mul_ln65_643) to 3 in order to utilize available DSP registers.
INFO: [HLS 200-486] Changing DSP latency (root=mul_ln58_300) to 3 in order to utilize available DSP registers.
INFO: [HLS 200-486] Changing DSP latency (root=mul_ln65_644) to 3 in order to utilize available DSP registers.
INFO: [HLS 200-486] Changing DSP latency (root=tmp873) to 3 in order to utilize available DSP registers.
INFO: [HLS 200-486] Changing DSP latency (root=mul_ln65_638) to 3 in order to utilize available DSP registers.
INFO: [HLS 200-486] Changing DSP latency (root=mul_ln65_637) to 3 in order to utilize available DSP registers.
INFO: [HLS 200-486] Changing DSP latency (root=mul_ln65_639) to 3 in order to utilize available DSP registers.
INFO: [HLS 200-486] Changing DSP latency (root=mul_ln58_299) to 3 in order to utilize available DSP registers.
INFO: [HLS 200-486] Changing DSP latency (root=mul_ln65_640) to 3 in order to utilize available DSP registers.
INFO: [HLS 200-486] Changing DSP latency (root=tmp867) to 3 in order to utilize available DSP registers.
INFO: [HLS 200-486] Changing DSP latency (root=mul_ln65_634) to 3 in order to utilize available DSP registers.
INFO: [HLS 200-486] Changing DSP latency (root=mul_ln65_633) to 3 in order to utilize available DSP registers.
INFO: [HLS 200-486] Changing DSP latency (root=mul_ln65_635) to 3 in order to utilize available DSP registers.
INFO: [HLS 200-486] Changing DSP latency (root=mul_ln58_298) to 3 in order to utilize available DSP registers.
INFO: [HLS 200-486] Changing DSP latency (root=mul_ln65_636) to 3 in order to utilize available DSP registers.
INFO: [HLS 200-486] Changing DSP latency (root=tmp861) to 3 in order to utilize available DSP registers.
INFO: [HLS 200-486] Changing DSP latency (root=mul_ln65_630) to 3 in order to utilize available DSP registers.
INFO: [HLS 200-486] Changing DSP latency (root=mul_ln65_629) to 3 in order to utilize available DSP registers.
INFO: [HLS 200-486] Changing DSP latency (root=mul_ln65_631) to 3 in order to utilize available DSP registers.
INFO: [HLS 200-486] Changing DSP latency (root=mul_ln58_297) to 3 in order to utilize available DSP registers.
INFO: [HLS 200-486] Changing DSP latency (root=mul_ln65_632) to 3 in order to utilize available DSP registers.
INFO: [HLS 200-486] Changing DSP latency (root=tmp855) to 3 in order to utilize available DSP registers.
INFO: [HLS 200-486] Changing DSP latency (root=mul_ln65_626) to 3 in order to utilize available DSP registers.
INFO: [HLS 200-486] Changing DSP latency (root=mul_ln65_625) to 3 in order to utilize available DSP registers.
INFO: [HLS 200-486] Changing DSP latency (root=mul_ln65_627) to 3 in order to utilize available DSP registers.
INFO: [HLS 200-486] Changing DSP latency (root=mul_ln58_296) to 3 in order to utilize available DSP registers.
INFO: [HLS 200-486] Changing DSP latency (root=mul_ln65_628) to 3 in order to utilize available DSP registers.
INFO: [HLS 200-486] Changing DSP latency (root=tmp849) to 3 in order to utilize available DSP registers.
INFO: [HLS 200-486] Changing DSP latency (root=mul_ln65_622) to 3 in order to utilize available DSP registers.
INFO: [HLS 200-486] Changing DSP latency (root=mul_ln65_621) to 3 in order to utilize available DSP registers.
INFO: [HLS 200-486] Changing DSP latency (root=mul_ln65_623) to 3 in order to utilize available DSP registers.
INFO: [HLS 200-486] Changing DSP latency (root=mul_ln58_295) to 3 in order to utilize available DSP registers.
INFO: [HLS 200-486] Changing DSP latency (root=mul_ln65_624) to 3 in order to utilize available DSP registers.
INFO: [HLS 200-486] Changing DSP latency (root=tmp843) to 3 in order to utilize available DSP registers.
INFO: [HLS 200-486] Changing DSP latency (root=mul_ln65_618) to 3 in order to utilize available DSP registers.
INFO: [HLS 200-486] Changing DSP latency (root=mul_ln65_617) to 3 in order to utilize available DSP registers.
INFO: [HLS 200-486] Changing DSP latency (root=mul_ln65_619) to 3 in order to utilize available DSP registers.
INFO: [HLS 200-486] Changing DSP latency (root=mul_ln58_294) to 3 in order to utilize available DSP registers.
INFO: [HLS 200-486] Changing DSP latency (root=mul_ln65_620) to 3 in order to utilize available DSP registers.
INFO: [HLS 200-486] Changing DSP latency (root=tmp837) to 3 in order to utilize available DSP registers.
INFO: [HLS 200-486] Changing DSP latency (root=mul_ln65_614) to 3 in order to utilize available DSP registers.
INFO: [HLS 200-486] Changing DSP latency (root=mul_ln65_613) to 3 in order to utilize available DSP registers.
INFO: [HLS 200-486] Changing DSP latency (root=mul_ln65_615) to 3 in order to utilize available DSP registers.
INFO: [HLS 200-486] Changing DSP latency (root=mul_ln58_293) to 3 in order to utilize available DSP registers.
INFO: [HLS 200-486] Changing DSP latency (root=mul_ln65_616) to 3 in order to utilize available DSP registers.
INFO: [HLS 200-486] Changing DSP latency (root=tmp831) to 3 in order to utilize available DSP registers.
INFO: [HLS 200-486] Changing DSP latency (root=mul_ln65_610) to 3 in order to utilize available DSP registers.
INFO: [HLS 200-486] Changing DSP latency (root=mul_ln65_609) to 3 in order to utilize available DSP registers.
INFO: [HLS 200-486] Changing DSP latency (root=mul_ln65_611) to 3 in order to utilize available DSP registers.
INFO: [HLS 200-486] Changing DSP latency (root=mul_ln58_292) to 3 in order to utilize available DSP registers.
INFO: [HLS 200-486] Changing DSP latency (root=mul_ln65_612) to 3 in order to utilize available DSP registers.
INFO: [HLS 200-486] Changing DSP latency (root=tmp825) to 3 in order to utilize available DSP registers.
INFO: [HLS 200-486] Changing DSP latency (root=mul_ln65_606) to 3 in order to utilize available DSP registers.
INFO: [HLS 200-486] Changing DSP latency (root=mul_ln65_605) to 3 in order to utilize available DSP registers.
INFO: [HLS 200-486] Changing DSP latency (root=mul_ln65_607) to 3 in order to utilize available DSP registers.
INFO: [HLS 200-486] Changing DSP latency (root=mul_ln58_291) to 3 in order to utilize available DSP registers.
INFO: [HLS 200-486] Changing DSP latency (root=mul_ln65_608) to 3 in order to utilize available DSP registers.
INFO: [HLS 200-486] Changing DSP latency (root=tmp819) to 3 in order to utilize available DSP registers.
INFO: [HLS 200-486] Changing DSP latency (root=mul_ln65_602) to 3 in order to utilize available DSP registers.
INFO: [HLS 200-486] Changing DSP latency (root=mul_ln65_601) to 3 in order to utilize available DSP registers.
INFO: [HLS 200-486] Changing DSP latency (root=mul_ln65_603) to 3 in order to utilize available DSP registers.
INFO: [HLS 200-486] Changing DSP latency (root=mul_ln58_290) to 3 in order to utilize available DSP registers.
INFO: [HLS 200-486] Changing DSP latency (root=mul_ln65_604) to 3 in order to utilize available DSP registers.
INFO: [HLS 200-486] Changing DSP latency (root=tmp813) to 3 in order to utilize available DSP registers.
INFO: [HLS 200-486] Changing DSP latency (root=mul_ln65_598) to 3 in order to utilize available DSP registers.
INFO: [HLS 200-486] Changing DSP latency (root=mul_ln65_597) to 3 in order to utilize available DSP registers.
INFO: [HLS 200-486] Changing DSP latency (root=mul_ln65_599) to 3 in order to utilize available DSP registers.
INFO: [HLS 200-486] Changing DSP latency (root=mul_ln58_289) to 3 in order to utilize available DSP registers.
INFO: [HLS 200-486] Changing DSP latency (root=mul_ln65_600) to 3 in order to utilize available DSP registers.
INFO: [HLS 200-486] Changing DSP latency (root=tmp807) to 3 in order to utilize available DSP registers.
INFO: [HLS 200-486] Changing DSP latency (root=mul_ln65_594) to 3 in order to utilize available DSP registers.
INFO: [HLS 200-486] Changing DSP latency (root=mul_ln65_593) to 3 in order to utilize available DSP registers.
INFO: [HLS 200-486] Changing DSP latency (root=mul_ln65_595) to 3 in order to utilize available DSP registers.
INFO: [HLS 200-486] Changing DSP latency (root=mul_ln58_288) to 3 in order to utilize available DSP registers.
INFO: [HLS 200-486] Changing DSP latency (root=mul_ln65_596) to 3 in order to utilize available DSP registers.
INFO: [HLS 200-486] Changing DSP latency (root=tmp801) to 3 in order to utilize available DSP registers.
INFO: [HLS 200-486] Changing DSP latency (root=mul_ln65_590) to 3 in order to utilize available DSP registers.
INFO: [HLS 200-486] Changing DSP latency (root=mul_ln65_589) to 3 in order to utilize available DSP registers.
INFO: [HLS 200-486] Changing DSP latency (root=mul_ln65_591) to 3 in order to utilize available DSP registers.
INFO: [HLS 200-486] Changing DSP latency (root=mul_ln58_287) to 3 in order to utilize available DSP registers.
INFO: [HLS 200-486] Changing DSP latency (root=mul_ln65_592) to 3 in order to utilize available DSP registers.
INFO: [HLS 200-486] Changing DSP latency (root=tmp795) to 3 in order to utilize available DSP registers.
INFO: [HLS 200-486] Changing DSP latency (root=mul_ln65_586) to 3 in order to utilize available DSP registers.
INFO: [HLS 200-486] Changing DSP latency (root=mul_ln65_585) to 3 in order to utilize available DSP registers.
INFO: [HLS 200-486] Changing DSP latency (root=mul_ln65_587) to 3 in order to utilize available DSP registers.
INFO: [HLS 200-486] Changing DSP latency (root=mul_ln58_286) to 3 in order to utilize available DSP registers.
INFO: [HLS 200-486] Changing DSP latency (root=mul_ln65_588) to 3 in order to utilize available DSP registers.
INFO: [HLS 200-486] Changing DSP latency (root=mul_ln65_583) to 3 in order to utilize available DSP registers.
INFO: [HLS 200-486] Changing DSP latency (root=mul_ln65_584) to 3 in order to utilize available DSP registers.
INFO: [HLS 200-486] Changing DSP latency (root=mul_ln65_581) to 3 in order to utilize available DSP registers.
INFO: [HLS 200-486] Changing DSP latency (root=mul_ln65_582) to 3 in order to utilize available DSP registers.
INFO: [HLS 200-486] Changing DSP latency (root=mul_ln65_579) to 3 in order to utilize available DSP registers.
INFO: [HLS 200-486] Changing DSP latency (root=mul_ln65_580) to 3 in order to utilize available DSP registers.
INFO: [HLS 200-486] Changing DSP latency (root=mul_ln65_577) to 3 in order to utilize available DSP registers.
INFO: [HLS 200-486] Changing DSP latency (root=mul_ln65_578) to 3 in order to utilize available DSP registers.
INFO: [HLS 200-486] Changing DSP latency (root=mul_ln65_575) to 3 in order to utilize available DSP registers.
INFO: [HLS 200-486] Changing DSP latency (root=mul_ln65_576) to 3 in order to utilize available DSP registers.
INFO: [HLS 200-486] Changing DSP latency (root=mul_ln65_573) to 3 in order to utilize available DSP registers.
INFO: [HLS 200-486] Changing DSP latency (root=mul_ln65_574) to 3 in order to utilize available DSP registers.
INFO: [HLS 200-486] Changing DSP latency (root=mul_ln65_571) to 3 in order to utilize available DSP registers.
INFO: [HLS 200-486] Changing DSP latency (root=mul_ln65_572) to 3 in order to utilize available DSP registers.
INFO: [HLS 200-486] Changing DSP latency (root=mul_ln65_569) to 3 in order to utilize available DSP registers.
INFO: [HLS 200-486] Changing DSP latency (root=mul_ln65_570) to 3 in order to utilize available DSP registers.
INFO: [HLS 200-486] Changing DSP latency (root=mul_ln65_567) to 3 in order to utilize available DSP registers.
INFO: [HLS 200-486] Changing DSP latency (root=mul_ln65_568) to 3 in order to utilize available DSP registers.
INFO: [HLS 200-486] Changing DSP latency (root=mul_ln65_565) to 3 in order to utilize available DSP registers.
INFO: [HLS 200-486] Changing DSP latency (root=mul_ln65_566) to 3 in order to utilize available DSP registers.
INFO: [HLS 200-486] Changing DSP latency (root=mul_ln65_563) to 3 in order to utilize available DSP registers.
INFO: [HLS 200-486] Changing DSP latency (root=mul_ln65_564) to 3 in order to utilize available DSP registers.
INFO: [HLS 200-486] Changing DSP latency (root=mul_ln65_561) to 3 in order to utilize available DSP registers.
INFO: [HLS 200-486] Changing DSP latency (root=mul_ln65_562) to 3 in order to utilize available DSP registers.
INFO: [HLS 200-486] Changing DSP latency (root=mul_ln65_559) to 3 in order to utilize available DSP registers.
INFO: [HLS 200-486] Changing DSP latency (root=mul_ln65_560) to 3 in order to utilize available DSP registers.
INFO: [HLS 200-486] Changing DSP latency (root=mul_ln65_557) to 3 in order to utilize available DSP registers.
INFO: [HLS 200-486] Changing DSP latency (root=mul_ln65_558) to 3 in order to utilize available DSP registers.
INFO: [HLS 200-486] Changing DSP latency (root=mul_ln65_555) to 3 in order to utilize available DSP registers.
INFO: [HLS 200-486] Changing DSP latency (root=mul_ln65_556) to 3 in order to utilize available DSP registers.
INFO: [HLS 200-486] Changing DSP latency (root=mul_ln65_550) to 3 in order to utilize available DSP registers.
INFO: [HLS 200-486] Changing DSP latency (root=mul_ln65_551) to 3 in order to utilize available DSP registers.
INFO: [HLS 200-486] Changing DSP latency (root=mul_ln65_554) to 3 in order to utilize available DSP registers.
INFO: [HLS 200-486] Changing DSP latency (root=mul_ln65_552) to 3 in order to utilize available DSP registers.
INFO: [HLS 200-486] Changing DSP latency (root=mul_ln65_545) to 3 in order to utilize available DSP registers.
INFO: [HLS 200-486] Changing DSP latency (root=mul_ln65_546) to 3 in order to utilize available DSP registers.
INFO: [HLS 200-486] Changing DSP latency (root=mul_ln65_549) to 3 in order to utilize available DSP registers.
INFO: [HLS 200-486] Changing DSP latency (root=mul_ln65_547) to 3 in order to utilize available DSP registers.
INFO: [HLS 200-486] Changing DSP latency (root=mul_ln65_540) to 3 in order to utilize available DSP registers.
INFO: [HLS 200-486] Changing DSP latency (root=mul_ln65_541) to 3 in order to utilize available DSP registers.
INFO: [HLS 200-486] Changing DSP latency (root=mul_ln65_544) to 3 in order to utilize available DSP registers.
INFO: [HLS 200-486] Changing DSP latency (root=mul_ln65_542) to 3 in order to utilize available DSP registers.
INFO: [HLS 200-486] Changing DSP latency (root=mul_ln65_535) to 3 in order to utilize available DSP registers.
INFO: [HLS 200-486] Changing DSP latency (root=mul_ln65_536) to 3 in order to utilize available DSP registers.
INFO: [HLS 200-486] Changing DSP latency (root=mul_ln65_539) to 3 in order to utilize available DSP registers.
INFO: [HLS 200-486] Changing DSP latency (root=mul_ln65_537) to 3 in order to utilize available DSP registers.
INFO: [HLS 200-486] Changing DSP latency (root=mul_ln65_530) to 3 in order to utilize available DSP registers.
INFO: [HLS 200-486] Changing DSP latency (root=mul_ln65_531) to 3 in order to utilize available DSP registers.
INFO: [HLS 200-486] Changing DSP latency (root=mul_ln65_534) to 3 in order to utilize available DSP registers.
INFO: [HLS 200-486] Changing DSP latency (root=mul_ln65_532) to 3 in order to utilize available DSP registers.
INFO: [HLS 200-486] Changing DSP latency (root=mul_ln65_525) to 3 in order to utilize available DSP registers.
INFO: [HLS 200-486] Changing DSP latency (root=mul_ln65_526) to 3 in order to utilize available DSP registers.
INFO: [HLS 200-486] Changing DSP latency (root=mul_ln65_529) to 3 in order to utilize available DSP registers.
INFO: [HLS 200-486] Changing DSP latency (root=mul_ln65_527) to 3 in order to utilize available DSP registers.
INFO: [HLS 200-486] Changing DSP latency (root=mul_ln65_520) to 3 in order to utilize available DSP registers.
INFO: [HLS 200-486] Changing DSP latency (root=mul_ln65_521) to 3 in order to utilize available DSP registers.
INFO: [HLS 200-486] Changing DSP latency (root=mul_ln65_524) to 3 in order to utilize available DSP registers.
INFO: [HLS 200-486] Changing DSP latency (root=mul_ln65_522) to 3 in order to utilize available DSP registers.
INFO: [HLS 200-486] Changing DSP latency (root=mul_ln65_515) to 3 in order to utilize available DSP registers.
INFO: [HLS 200-486] Changing DSP latency (root=mul_ln65_516) to 3 in order to utilize available DSP registers.
INFO: [HLS 200-486] Changing DSP latency (root=mul_ln65_519) to 3 in order to utilize available DSP registers.
INFO: [HLS 200-486] Changing DSP latency (root=mul_ln65_517) to 3 in order to utilize available DSP registers.
INFO: [HLS 200-486] Changing DSP latency (root=mul_ln65_510) to 3 in order to utilize available DSP registers.
INFO: [HLS 200-486] Changing DSP latency (root=mul_ln65_511) to 3 in order to utilize available DSP registers.
INFO: [HLS 200-486] Changing DSP latency (root=mul_ln65_514) to 3 in order to utilize available DSP registers.
INFO: [HLS 200-486] Changing DSP latency (root=mul_ln65_512) to 3 in order to utilize available DSP registers.
INFO: [HLS 200-486] Changing DSP latency (root=mul_ln65_505) to 3 in order to utilize available DSP registers.
INFO: [HLS 200-486] Changing DSP latency (root=mul_ln65_506) to 3 in order to utilize available DSP registers.
INFO: [HLS 200-486] Changing DSP latency (root=mul_ln65_509) to 3 in order to utilize available DSP registers.
INFO: [HLS 200-486] Changing DSP latency (root=mul_ln65_507) to 3 in order to utilize available DSP registers.
INFO: [HLS 200-486] Changing DSP latency (root=mul_ln65_500) to 3 in order to utilize available DSP registers.
INFO: [HLS 200-486] Changing DSP latency (root=mul_ln65_501) to 3 in order to utilize available DSP registers.
INFO: [HLS 200-486] Changing DSP latency (root=mul_ln65_504) to 3 in order to utilize available DSP registers.
INFO: [HLS 200-486] Changing DSP latency (root=mul_ln65_502) to 3 in order to utilize available DSP registers.
INFO: [HLS 200-486] Changing DSP latency (root=mul_ln65_495) to 3 in order to utilize available DSP registers.
INFO: [HLS 200-486] Changing DSP latency (root=mul_ln65_496) to 3 in order to utilize available DSP registers.
INFO: [HLS 200-486] Changing DSP latency (root=mul_ln65_499) to 3 in order to utilize available DSP registers.
INFO: [HLS 200-486] Changing DSP latency (root=mul_ln65_497) to 3 in order to utilize available DSP registers.
INFO: [HLS 200-486] Changing DSP latency (root=mul_ln65_490) to 3 in order to utilize available DSP registers.
INFO: [HLS 200-486] Changing DSP latency (root=mul_ln65_491) to 3 in order to utilize available DSP registers.
INFO: [HLS 200-486] Changing DSP latency (root=mul_ln65_494) to 3 in order to utilize available DSP registers.
INFO: [HLS 200-486] Changing DSP latency (root=mul_ln65_492) to 3 in order to utilize available DSP registers.
INFO: [HLS 200-486] Changing DSP latency (root=mul_ln65_485) to 3 in order to utilize available DSP registers.
INFO: [HLS 200-486] Changing DSP latency (root=mul_ln65_486) to 3 in order to utilize available DSP registers.
INFO: [HLS 200-486] Changing DSP latency (root=mul_ln65_489) to 3 in order to utilize available DSP registers.
INFO: [HLS 200-486] Changing DSP latency (root=mul_ln65_487) to 3 in order to utilize available DSP registers.
INFO: [HLS 200-486] Changing DSP latency (root=mul_ln65_480) to 3 in order to utilize available DSP registers.
INFO: [HLS 200-486] Changing DSP latency (root=mul_ln65_481) to 3 in order to utilize available DSP registers.
INFO: [HLS 200-486] Changing DSP latency (root=mul_ln65_484) to 3 in order to utilize available DSP registers.
INFO: [HLS 200-486] Changing DSP latency (root=mul_ln65_482) to 3 in order to utilize available DSP registers.
INFO: [HLS 200-486] Changing DSP latency (root=mul_ln65_477) to 3 in order to utilize available DSP registers.
INFO: [HLS 200-486] Changing DSP latency (root=mul_ln65_478) to 3 in order to utilize available DSP registers.
INFO: [HLS 200-486] Changing DSP latency (root=mul_ln58_285) to 3 in order to utilize available DSP registers.
INFO: [HLS 200-486] Changing DSP latency (root=mul_ln65_474) to 3 in order to utilize available DSP registers.
INFO: [HLS 200-486] Changing DSP latency (root=mul_ln65_475) to 3 in order to utilize available DSP registers.
INFO: [HLS 200-486] Changing DSP latency (root=mul_ln58_284) to 3 in order to utilize available DSP registers.
INFO: [HLS 200-486] Changing DSP latency (root=mul_ln65_471) to 3 in order to utilize available DSP registers.
INFO: [HLS 200-486] Changing DSP latency (root=mul_ln65_472) to 3 in order to utilize available DSP registers.
INFO: [HLS 200-486] Changing DSP latency (root=mul_ln58_283) to 3 in order to utilize available DSP registers.
INFO: [HLS 200-486] Changing DSP latency (root=mul_ln65_468) to 3 in order to utilize available DSP registers.
INFO: [HLS 200-486] Changing DSP latency (root=mul_ln65_469) to 3 in order to utilize available DSP registers.
INFO: [HLS 200-486] Changing DSP latency (root=mul_ln58_282) to 3 in order to utilize available DSP registers.
INFO: [HLS 200-486] Changing DSP latency (root=mul_ln65_465) to 3 in order to utilize available DSP registers.
INFO: [HLS 200-486] Changing DSP latency (root=mul_ln65_466) to 3 in order to utilize available DSP registers.
INFO: [HLS 200-486] Changing DSP latency (root=mul_ln58_281) to 3 in order to utilize available DSP registers.
INFO: [HLS 200-486] Changing DSP latency (root=mul_ln65_462) to 3 in order to utilize available DSP registers.
INFO: [HLS 200-486] Changing DSP latency (root=mul_ln65_463) to 3 in order to utilize available DSP registers.
INFO: [HLS 200-486] Changing DSP latency (root=mul_ln58_280) to 3 in order to utilize available DSP registers.
INFO: [HLS 200-486] Changing DSP latency (root=mul_ln65_459) to 3 in order to utilize available DSP registers.
INFO: [HLS 200-486] Changing DSP latency (root=mul_ln65_460) to 3 in order to utilize available DSP registers.
INFO: [HLS 200-486] Changing DSP latency (root=mul_ln58_279) to 3 in order to utilize available DSP registers.
INFO: [HLS 200-486] Changing DSP latency (root=mul_ln65_456) to 3 in order to utilize available DSP registers.
INFO: [HLS 200-486] Changing DSP latency (root=mul_ln65_457) to 3 in order to utilize available DSP registers.
INFO: [HLS 200-486] Changing DSP latency (root=mul_ln58_278) to 3 in order to utilize available DSP registers.
INFO: [HLS 200-486] Changing DSP latency (root=mul_ln65_453) to 3 in order to utilize available DSP registers.
INFO: [HLS 200-486] Changing DSP latency (root=mul_ln65_454) to 3 in order to utilize available DSP registers.
INFO: [HLS 200-486] Changing DSP latency (root=mul_ln58_277) to 3 in order to utilize available DSP registers.
INFO: [HLS 200-486] Changing DSP latency (root=mul_ln65_450) to 3 in order to utilize available DSP registers.
INFO: [HLS 200-486] Changing DSP latency (root=mul_ln65_451) to 3 in order to utilize available DSP registers.
INFO: [HLS 200-486] Changing DSP latency (root=mul_ln58_276) to 3 in order to utilize available DSP registers.
INFO: [HLS 200-486] Changing DSP latency (root=mul_ln65_447) to 3 in order to utilize available DSP registers.
INFO: [HLS 200-486] Changing DSP latency (root=mul_ln65_448) to 3 in order to utilize available DSP registers.
INFO: [HLS 200-486] Changing DSP latency (root=mul_ln58_275) to 3 in order to utilize available DSP registers.
INFO: [HLS 200-486] Changing DSP latency (root=mul_ln65_444) to 3 in order to utilize available DSP registers.
INFO: [HLS 200-486] Changing DSP latency (root=mul_ln65_445) to 3 in order to utilize available DSP registers.
INFO: [HLS 200-486] Changing DSP latency (root=mul_ln58_274) to 3 in order to utilize available DSP registers.
INFO: [HLS 200-486] Changing DSP latency (root=mul_ln65_441) to 3 in order to utilize available DSP registers.
INFO: [HLS 200-486] Changing DSP latency (root=mul_ln65_442) to 3 in order to utilize available DSP registers.
INFO: [HLS 200-486] Changing DSP latency (root=mul_ln58_273) to 3 in order to utilize available DSP registers.
INFO: [HLS 200-486] Changing DSP latency (root=mul_ln65_438) to 3 in order to utilize available DSP registers.
INFO: [HLS 200-486] Changing DSP latency (root=mul_ln65_439) to 3 in order to utilize available DSP registers.
INFO: [HLS 200-486] Changing DSP latency (root=mul_ln58_272) to 3 in order to utilize available DSP registers.
INFO: [HLS 200-486] Changing DSP latency (root=mul_ln65_435) to 3 in order to utilize available DSP registers.
INFO: [HLS 200-486] Changing DSP latency (root=mul_ln65_436) to 3 in order to utilize available DSP registers.
INFO: [HLS 200-486] Changing DSP latency (root=mul_ln58_271) to 3 in order to utilize available DSP registers.
INFO: [HLS 200-486] Changing DSP latency (root=mul_ln65_434) to 3 in order to utilize available DSP registers.
INFO: [HLS 200-486] Changing DSP latency (root=mul_ln58_269) to 3 in order to utilize available DSP registers.
INFO: [HLS 200-486] Changing DSP latency (root=mul_ln65_432) to 3 in order to utilize available DSP registers.
INFO: [HLS 200-486] Changing DSP latency (root=mul_ln65_433) to 3 in order to utilize available DSP registers.
INFO: [HLS 200-486] Changing DSP latency (root=mul_ln58_270) to 3 in order to utilize available DSP registers.
INFO: [HLS 200-486] Changing DSP latency (root=mul_ln65_430) to 3 in order to utilize available DSP registers.
INFO: [HLS 200-486] Changing DSP latency (root=mul_ln58_265) to 3 in order to utilize available DSP registers.
INFO: [HLS 200-486] Changing DSP latency (root=mul_ln65_428) to 3 in order to utilize available DSP registers.
INFO: [HLS 200-486] Changing DSP latency (root=mul_ln65_429) to 3 in order to utilize available DSP registers.
INFO: [HLS 200-486] Changing DSP latency (root=mul_ln58_266) to 3 in order to utilize available DSP registers.
INFO: [HLS 200-486] Changing DSP latency (root=mul_ln65_426) to 3 in order to utilize available DSP registers.
INFO: [HLS 200-486] Changing DSP latency (root=mul_ln58_261) to 3 in order to utilize available DSP registers.
INFO: [HLS 200-486] Changing DSP latency (root=mul_ln65_424) to 3 in order to utilize available DSP registers.
INFO: [HLS 200-486] Changing DSP latency (root=mul_ln65_425) to 3 in order to utilize available DSP registers.
INFO: [HLS 200-486] Changing DSP latency (root=mul_ln58_262) to 3 in order to utilize available DSP registers.
INFO: [HLS 200-486] Changing DSP latency (root=mul_ln65_422) to 3 in order to utilize available DSP registers.
INFO: [HLS 200-486] Changing DSP latency (root=mul_ln58_257) to 3 in order to utilize available DSP registers.
INFO: [HLS 200-486] Changing DSP latency (root=mul_ln65_420) to 3 in order to utilize available DSP registers.
INFO: [HLS 200-486] Changing DSP latency (root=mul_ln65_421) to 3 in order to utilize available DSP registers.
INFO: [HLS 200-486] Changing DSP latency (root=mul_ln58_258) to 3 in order to utilize available DSP registers.
INFO: [HLS 200-486] Changing DSP latency (root=mul_ln65_418) to 3 in order to utilize available DSP registers.
INFO: [HLS 200-486] Changing DSP latency (root=mul_ln58_253) to 3 in order to utilize available DSP registers.
INFO: [HLS 200-486] Changing DSP latency (root=mul_ln65_416) to 3 in order to utilize available DSP registers.
INFO: [HLS 200-486] Changing DSP latency (root=mul_ln65_417) to 3 in order to utilize available DSP registers.
INFO: [HLS 200-486] Changing DSP latency (root=mul_ln58_254) to 3 in order to utilize available DSP registers.
INFO: [HLS 200-486] Changing DSP latency (root=mul_ln65_414) to 3 in order to utilize available DSP registers.
INFO: [HLS 200-486] Changing DSP latency (root=mul_ln58_249) to 3 in order to utilize available DSP registers.
INFO: [HLS 200-486] Changing DSP latency (root=mul_ln65_412) to 3 in order to utilize available DSP registers.
INFO: [HLS 200-486] Changing DSP latency (root=mul_ln65_413) to 3 in order to utilize available DSP registers.
INFO: [HLS 200-486] Changing DSP latency (root=mul_ln58_250) to 3 in order to utilize available DSP registers.
INFO: [HLS 200-486] Changing DSP latency (root=mul_ln65_410) to 3 in order to utilize available DSP registers.
INFO: [HLS 200-486] Changing DSP latency (root=mul_ln58_245) to 3 in order to utilize available DSP registers.
INFO: [HLS 200-486] Changing DSP latency (root=mul_ln65_408) to 3 in order to utilize available DSP registers.
INFO: [HLS 200-486] Changing DSP latency (root=mul_ln65_409) to 3 in order to utilize available DSP registers.
INFO: [HLS 200-486] Changing DSP latency (root=mul_ln58_246) to 3 in order to utilize available DSP registers.
INFO: [HLS 200-486] Changing DSP latency (root=mul_ln65_406) to 3 in order to utilize available DSP registers.
INFO: [HLS 200-486] Changing DSP latency (root=mul_ln58_241) to 3 in order to utilize available DSP registers.
INFO: [HLS 200-486] Changing DSP latency (root=mul_ln65_404) to 3 in order to utilize available DSP registers.
INFO: [HLS 200-486] Changing DSP latency (root=mul_ln65_405) to 3 in order to utilize available DSP registers.
INFO: [HLS 200-486] Changing DSP latency (root=mul_ln58_242) to 3 in order to utilize available DSP registers.
INFO: [HLS 200-486] Changing DSP latency (root=mul_ln65_402) to 3 in order to utilize available DSP registers.
INFO: [HLS 200-486] Changing DSP latency (root=mul_ln58_237) to 3 in order to utilize available DSP registers.
INFO: [HLS 200-486] Changing DSP latency (root=mul_ln65_400) to 3 in order to utilize available DSP registers.
INFO: [HLS 200-486] Changing DSP latency (root=mul_ln65_401) to 3 in order to utilize available DSP registers.
INFO: [HLS 200-486] Changing DSP latency (root=mul_ln58_238) to 3 in order to utilize available DSP registers.
INFO: [HLS 200-486] Changing DSP latency (root=mul_ln65_398) to 3 in order to utilize available DSP registers.
INFO: [HLS 200-486] Changing DSP latency (root=mul_ln58_233) to 3 in order to utilize available DSP registers.
INFO: [HLS 200-486] Changing DSP latency (root=mul_ln65_396) to 3 in order to utilize available DSP registers.
INFO: [HLS 200-486] Changing DSP latency (root=mul_ln65_397) to 3 in order to utilize available DSP registers.
INFO: [HLS 200-486] Changing DSP latency (root=mul_ln58_234) to 3 in order to utilize available DSP registers.
INFO: [HLS 200-486] Changing DSP latency (root=mul_ln65_394) to 3 in order to utilize available DSP registers.
INFO: [HLS 200-486] Changing DSP latency (root=mul_ln58_229) to 3 in order to utilize available DSP registers.
INFO: [HLS 200-486] Changing DSP latency (root=mul_ln65_392) to 3 in order to utilize available DSP registers.
INFO: [HLS 200-486] Changing DSP latency (root=mul_ln65_393) to 3 in order to utilize available DSP registers.
INFO: [HLS 200-486] Changing DSP latency (root=mul_ln58_230) to 3 in order to utilize available DSP registers.
INFO: [HLS 200-486] Changing DSP latency (root=mul_ln65_390) to 3 in order to utilize available DSP registers.
INFO: [HLS 200-486] Changing DSP latency (root=mul_ln58_225) to 3 in order to utilize available DSP registers.
INFO: [HLS 200-486] Changing DSP latency (root=mul_ln65_388) to 3 in order to utilize available DSP registers.
INFO: [HLS 200-486] Changing DSP latency (root=mul_ln65_389) to 3 in order to utilize available DSP registers.
INFO: [HLS 200-486] Changing DSP latency (root=mul_ln58_226) to 3 in order to utilize available DSP registers.
INFO: [HLS 200-486] Changing DSP latency (root=mul_ln65_386) to 3 in order to utilize available DSP registers.
INFO: [HLS 200-486] Changing DSP latency (root=mul_ln58_221) to 3 in order to utilize available DSP registers.
INFO: [HLS 200-486] Changing DSP latency (root=mul_ln65_384) to 3 in order to utilize available DSP registers.
INFO: [HLS 200-486] Changing DSP latency (root=mul_ln65_385) to 3 in order to utilize available DSP registers.
INFO: [HLS 200-486] Changing DSP latency (root=mul_ln58_222) to 3 in order to utilize available DSP registers.
INFO: [HLS 200-486] Changing DSP latency (root=mul_ln65_382) to 3 in order to utilize available DSP registers.
INFO: [HLS 200-486] Changing DSP latency (root=mul_ln58_217) to 3 in order to utilize available DSP registers.
INFO: [HLS 200-486] Changing DSP latency (root=mul_ln65_380) to 3 in order to utilize available DSP registers.
INFO: [HLS 200-486] Changing DSP latency (root=mul_ln65_381) to 3 in order to utilize available DSP registers.
INFO: [HLS 200-486] Changing DSP latency (root=mul_ln58_218) to 3 in order to utilize available DSP registers.
INFO: [HLS 200-486] Changing DSP latency (root=mul_ln65_378) to 3 in order to utilize available DSP registers.
INFO: [HLS 200-486] Changing DSP latency (root=mul_ln58_213) to 3 in order to utilize available DSP registers.
INFO: [HLS 200-486] Changing DSP latency (root=mul_ln65_376) to 3 in order to utilize available DSP registers.
INFO: [HLS 200-486] Changing DSP latency (root=mul_ln65_377) to 3 in order to utilize available DSP registers.
INFO: [HLS 200-486] Changing DSP latency (root=mul_ln58_214) to 3 in order to utilize available DSP registers.
INFO: [HLS 200-486] Changing DSP latency (root=mul_ln58_209) to 3 in order to utilize available DSP registers.
INFO: [HLS 200-486] Changing DSP latency (root=mul_ln65_373) to 3 in order to utilize available DSP registers.
INFO: [HLS 200-486] Changing DSP latency (root=mul_ln65_374) to 3 in order to utilize available DSP registers.
INFO: [HLS 200-486] Changing DSP latency (root=mul_ln58_210) to 3 in order to utilize available DSP registers.
INFO: [HLS 200-486] Changing DSP latency (root=mul_ln58_207) to 3 in order to utilize available DSP registers.
INFO: [HLS 200-486] Changing DSP latency (root=mul_ln65_371) to 3 in order to utilize available DSP registers.
INFO: [HLS 200-486] Changing DSP latency (root=mul_ln65_372) to 3 in order to utilize available DSP registers.
INFO: [HLS 200-486] Changing DSP latency (root=mul_ln58_208) to 3 in order to utilize available DSP registers.
INFO: [HLS 200-486] Changing DSP latency (root=mul_ln58_205) to 3 in order to utilize available DSP registers.
INFO: [HLS 200-486] Changing DSP latency (root=mul_ln65_369) to 3 in order to utilize available DSP registers.
INFO: [HLS 200-486] Changing DSP latency (root=mul_ln65_370) to 3 in order to utilize available DSP registers.
INFO: [HLS 200-486] Changing DSP latency (root=mul_ln58_206) to 3 in order to utilize available DSP registers.
INFO: [HLS 200-486] Changing DSP latency (root=mul_ln58_203) to 3 in order to utilize available DSP registers.
INFO: [HLS 200-486] Changing DSP latency (root=mul_ln65_367) to 3 in order to utilize available DSP registers.
INFO: [HLS 200-486] Changing DSP latency (root=mul_ln65_368) to 3 in order to utilize available DSP registers.
INFO: [HLS 200-486] Changing DSP latency (root=mul_ln58_204) to 3 in order to utilize available DSP registers.
INFO: [HLS 200-486] Changing DSP latency (root=mul_ln58_201) to 3 in order to utilize available DSP registers.
INFO: [HLS 200-486] Changing DSP latency (root=mul_ln65_365) to 3 in order to utilize available DSP registers.
INFO: [HLS 200-486] Changing DSP latency (root=mul_ln65_366) to 3 in order to utilize available DSP registers.
INFO: [HLS 200-486] Changing DSP latency (root=mul_ln58_202) to 3 in order to utilize available DSP registers.
INFO: [HLS 200-486] Changing DSP latency (root=mul_ln58_199) to 3 in order to utilize available DSP registers.
INFO: [HLS 200-486] Changing DSP latency (root=mul_ln65_363) to 3 in order to utilize available DSP registers.
INFO: [HLS 200-486] Changing DSP latency (root=mul_ln65_364) to 3 in order to utilize available DSP registers.
INFO: [HLS 200-486] Changing DSP latency (root=mul_ln58_200) to 3 in order to utilize available DSP registers.
INFO: [HLS 200-486] Changing DSP latency (root=mul_ln58_197) to 3 in order to utilize available DSP registers.
INFO: [HLS 200-486] Changing DSP latency (root=mul_ln65_361) to 3 in order to utilize available DSP registers.
INFO: [HLS 200-486] Changing DSP latency (root=mul_ln65_362) to 3 in order to utilize available DSP registers.
INFO: [HLS 200-486] Changing DSP latency (root=mul_ln58_198) to 3 in order to utilize available DSP registers.
INFO: [HLS 200-486] Changing DSP latency (root=mul_ln58_195) to 3 in order to utilize available DSP registers.
INFO: [HLS 200-486] Changing DSP latency (root=mul_ln65_359) to 3 in order to utilize available DSP registers.
INFO: [HLS 200-486] Changing DSP latency (root=mul_ln65_360) to 3 in order to utilize available DSP registers.
INFO: [HLS 200-486] Changing DSP latency (root=mul_ln58_196) to 3 in order to utilize available DSP registers.
INFO: [HLS 200-486] Changing DSP latency (root=mul_ln58_193) to 3 in order to utilize available DSP registers.
INFO: [HLS 200-486] Changing DSP latency (root=mul_ln65_357) to 3 in order to utilize available DSP registers.
INFO: [HLS 200-486] Changing DSP latency (root=mul_ln65_358) to 3 in order to utilize available DSP registers.
INFO: [HLS 200-486] Changing DSP latency (root=mul_ln58_194) to 3 in order to utilize available DSP registers.
INFO: [HLS 200-486] Changing DSP latency (root=mul_ln58_191) to 3 in order to utilize available DSP registers.
INFO: [HLS 200-486] Changing DSP latency (root=mul_ln65_355) to 3 in order to utilize available DSP registers.
INFO: [HLS 200-486] Changing DSP latency (root=mul_ln65_356) to 3 in order to utilize available DSP registers.
INFO: [HLS 200-486] Changing DSP latency (root=mul_ln58_192) to 3 in order to utilize available DSP registers.
INFO: [HLS 200-486] Changing DSP latency (root=mul_ln58_189) to 3 in order to utilize available DSP registers.
INFO: [HLS 200-486] Changing DSP latency (root=mul_ln65_353) to 3 in order to utilize available DSP registers.
INFO: [HLS 200-486] Changing DSP latency (root=mul_ln65_354) to 3 in order to utilize available DSP registers.
INFO: [HLS 200-486] Changing DSP latency (root=mul_ln58_190) to 3 in order to utilize available DSP registers.
INFO: [HLS 200-486] Changing DSP latency (root=mul_ln58_187) to 3 in order to utilize available DSP registers.
INFO: [HLS 200-486] Changing DSP latency (root=mul_ln65_351) to 3 in order to utilize available DSP registers.
INFO: [HLS 200-486] Changing DSP latency (root=mul_ln65_352) to 3 in order to utilize available DSP registers.
INFO: [HLS 200-486] Changing DSP latency (root=mul_ln58_188) to 3 in order to utilize available DSP registers.
INFO: [HLS 200-486] Changing DSP latency (root=mul_ln58_185) to 3 in order to utilize available DSP registers.
INFO: [HLS 200-486] Changing DSP latency (root=mul_ln65_349) to 3 in order to utilize available DSP registers.
INFO: [HLS 200-486] Changing DSP latency (root=mul_ln65_350) to 3 in order to utilize available DSP registers.
INFO: [HLS 200-486] Changing DSP latency (root=mul_ln58_186) to 3 in order to utilize available DSP registers.
INFO: [HLS 200-486] Changing DSP latency (root=mul_ln58_183) to 3 in order to utilize available DSP registers.
INFO: [HLS 200-486] Changing DSP latency (root=mul_ln65_347) to 3 in order to utilize available DSP registers.
INFO: [HLS 200-486] Changing DSP latency (root=mul_ln65_348) to 3 in order to utilize available DSP registers.
INFO: [HLS 200-486] Changing DSP latency (root=mul_ln58_184) to 3 in order to utilize available DSP registers.
INFO: [HLS 200-486] Changing DSP latency (root=mul_ln58_181) to 3 in order to utilize available DSP registers.
INFO: [HLS 200-486] Changing DSP latency (root=mul_ln65_345) to 3 in order to utilize available DSP registers.
INFO: [HLS 200-486] Changing DSP latency (root=mul_ln65_346) to 3 in order to utilize available DSP registers.
INFO: [HLS 200-486] Changing DSP latency (root=mul_ln58_182) to 3 in order to utilize available DSP registers.
INFO: [HLS 200-486] Changing DSP latency (root=mul_ln65_342) to 3 in order to utilize available DSP registers.
INFO: [HLS 200-486] Changing DSP latency (root=mul_ln65_343) to 3 in order to utilize available DSP registers.
INFO: [HLS 200-486] Changing DSP latency (root=mul_ln65_344) to 3 in order to utilize available DSP registers.
INFO: [HLS 200-486] Changing DSP latency (root=mul_ln58_179) to 3 in order to utilize available DSP registers.
INFO: [HLS 200-486] Changing DSP latency (root=mul_ln58_180) to 3 in order to utilize available DSP registers.
INFO: [HLS 200-486] Changing DSP latency (root=mul_ln65_339) to 3 in order to utilize available DSP registers.
INFO: [HLS 200-486] Changing DSP latency (root=mul_ln65_340) to 3 in order to utilize available DSP registers.
INFO: [HLS 200-486] Changing DSP latency (root=mul_ln65_341) to 3 in order to utilize available DSP registers.
INFO: [HLS 200-486] Changing DSP latency (root=mul_ln58_177) to 3 in order to utilize available DSP registers.
INFO: [HLS 200-486] Changing DSP latency (root=mul_ln58_178) to 3 in order to utilize available DSP registers.
INFO: [HLS 200-486] Changing DSP latency (root=mul_ln65_336) to 3 in order to utilize available DSP registers.
INFO: [HLS 200-486] Changing DSP latency (root=mul_ln65_337) to 3 in order to utilize available DSP registers.
INFO: [HLS 200-486] Changing DSP latency (root=mul_ln65_338) to 3 in order to utilize available DSP registers.
INFO: [HLS 200-486] Changing DSP latency (root=mul_ln58_175) to 3 in order to utilize available DSP registers.
INFO: [HLS 200-486] Changing DSP latency (root=mul_ln58_176) to 3 in order to utilize available DSP registers.
INFO: [HLS 200-486] Changing DSP latency (root=mul_ln65_333) to 3 in order to utilize available DSP registers.
INFO: [HLS 200-486] Changing DSP latency (root=mul_ln65_334) to 3 in order to utilize available DSP registers.
INFO: [HLS 200-486] Changing DSP latency (root=mul_ln65_335) to 3 in order to utilize available DSP registers.
INFO: [HLS 200-486] Changing DSP latency (root=mul_ln58_173) to 3 in order to utilize available DSP registers.
INFO: [HLS 200-486] Changing DSP latency (root=mul_ln58_174) to 3 in order to utilize available DSP registers.
INFO: [HLS 200-486] Changing DSP latency (root=mul_ln65_330) to 3 in order to utilize available DSP registers.
INFO: [HLS 200-486] Changing DSP latency (root=mul_ln65_331) to 3 in order to utilize available DSP registers.
INFO: [HLS 200-486] Changing DSP latency (root=mul_ln65_332) to 3 in order to utilize available DSP registers.
INFO: [HLS 200-486] Changing DSP latency (root=mul_ln58_171) to 3 in order to utilize available DSP registers.
INFO: [HLS 200-486] Changing DSP latency (root=mul_ln58_172) to 3 in order to utilize available DSP registers.
INFO: [HLS 200-486] Changing DSP latency (root=mul_ln65_327) to 3 in order to utilize available DSP registers.
INFO: [HLS 200-486] Changing DSP latency (root=mul_ln65_328) to 3 in order to utilize available DSP registers.
INFO: [HLS 200-486] Changing DSP latency (root=mul_ln65_329) to 3 in order to utilize available DSP registers.
INFO: [HLS 200-486] Changing DSP latency (root=mul_ln58_169) to 3 in order to utilize available DSP registers.
INFO: [HLS 200-486] Changing DSP latency (root=mul_ln58_170) to 3 in order to utilize available DSP registers.
INFO: [HLS 200-486] Changing DSP latency (root=mul_ln65_324) to 3 in order to utilize available DSP registers.
INFO: [HLS 200-486] Changing DSP latency (root=mul_ln65_325) to 3 in order to utilize available DSP registers.
INFO: [HLS 200-486] Changing DSP latency (root=mul_ln65_326) to 3 in order to utilize available DSP registers.
INFO: [HLS 200-486] Changing DSP latency (root=mul_ln58_167) to 3 in order to utilize available DSP registers.
INFO: [HLS 200-486] Changing DSP latency (root=mul_ln58_168) to 3 in order to utilize available DSP registers.
INFO: [HLS 200-486] Changing DSP latency (root=mul_ln65_321) to 3 in order to utilize available DSP registers.
INFO: [HLS 200-486] Changing DSP latency (root=mul_ln65_322) to 3 in order to utilize available DSP registers.
INFO: [HLS 200-486] Changing DSP latency (root=mul_ln65_323) to 3 in order to utilize available DSP registers.
INFO: [HLS 200-486] Changing DSP latency (root=mul_ln58_165) to 3 in order to utilize available DSP registers.
INFO: [HLS 200-486] Changing DSP latency (root=mul_ln58_166) to 3 in order to utilize available DSP registers.
INFO: [HLS 200-486] Changing DSP latency (root=mul_ln65_318) to 3 in order to utilize available DSP registers.
INFO: [HLS 200-486] Changing DSP latency (root=mul_ln65_319) to 3 in order to utilize available DSP registers.
INFO: [HLS 200-486] Changing DSP latency (root=mul_ln65_320) to 3 in order to utilize available DSP registers.
INFO: [HLS 200-486] Changing DSP latency (root=mul_ln58_163) to 3 in order to utilize available DSP registers.
INFO: [HLS 200-486] Changing DSP latency (root=mul_ln58_164) to 3 in order to utilize available DSP registers.
INFO: [HLS 200-486] Changing DSP latency (root=mul_ln65_315) to 3 in order to utilize available DSP registers.
INFO: [HLS 200-486] Changing DSP latency (root=mul_ln65_316) to 3 in order to utilize available DSP registers.
INFO: [HLS 200-486] Changing DSP latency (root=mul_ln65_317) to 3 in order to utilize available DSP registers.
INFO: [HLS 200-486] Changing DSP latency (root=mul_ln58_161) to 3 in order to utilize available DSP registers.
INFO: [HLS 200-486] Changing DSP latency (root=mul_ln58_162) to 3 in order to utilize available DSP registers.
INFO: [HLS 200-486] Changing DSP latency (root=mul_ln65_312) to 3 in order to utilize available DSP registers.
INFO: [HLS 200-486] Changing DSP latency (root=mul_ln65_313) to 3 in order to utilize available DSP registers.
INFO: [HLS 200-486] Changing DSP latency (root=mul_ln65_314) to 3 in order to utilize available DSP registers.
INFO: [HLS 200-486] Changing DSP latency (root=mul_ln58_159) to 3 in order to utilize available DSP registers.
INFO: [HLS 200-486] Changing DSP latency (root=mul_ln58_160) to 3 in order to utilize available DSP registers.
INFO: [HLS 200-486] Changing DSP latency (root=mul_ln65_309) to 3 in order to utilize available DSP registers.
INFO: [HLS 200-486] Changing DSP latency (root=mul_ln65_310) to 3 in order to utilize available DSP registers.
INFO: [HLS 200-486] Changing DSP latency (root=mul_ln65_311) to 3 in order to utilize available DSP registers.
INFO: [HLS 200-486] Changing DSP latency (root=mul_ln58_157) to 3 in order to utilize available DSP registers.
INFO: [HLS 200-486] Changing DSP latency (root=mul_ln58_158) to 3 in order to utilize available DSP registers.
INFO: [HLS 200-486] Changing DSP latency (root=mul_ln65_306) to 3 in order to utilize available DSP registers.
INFO: [HLS 200-486] Changing DSP latency (root=mul_ln65_307) to 3 in order to utilize available DSP registers.
INFO: [HLS 200-486] Changing DSP latency (root=mul_ln65_308) to 3 in order to utilize available DSP registers.
INFO: [HLS 200-486] Changing DSP latency (root=mul_ln58_155) to 3 in order to utilize available DSP registers.
INFO: [HLS 200-486] Changing DSP latency (root=mul_ln58_156) to 3 in order to utilize available DSP registers.
INFO: [HLS 200-486] Changing DSP latency (root=mul_ln65_303) to 3 in order to utilize available DSP registers.
INFO: [HLS 200-486] Changing DSP latency (root=mul_ln65_304) to 3 in order to utilize available DSP registers.
INFO: [HLS 200-486] Changing DSP latency (root=mul_ln65_305) to 3 in order to utilize available DSP registers.
INFO: [HLS 200-486] Changing DSP latency (root=mul_ln58_153) to 3 in order to utilize available DSP registers.
INFO: [HLS 200-486] Changing DSP latency (root=mul_ln58_154) to 3 in order to utilize available DSP registers.
INFO: [HLS 200-486] Changing DSP latency (root=mul_ln65_300) to 3 in order to utilize available DSP registers.
INFO: [HLS 200-486] Changing DSP latency (root=mul_ln65_301) to 3 in order to utilize available DSP registers.
INFO: [HLS 200-486] Changing DSP latency (root=mul_ln65_302) to 3 in order to utilize available DSP registers.
INFO: [HLS 200-486] Changing DSP latency (root=mul_ln58_151) to 3 in order to utilize available DSP registers.
INFO: [HLS 200-486] Changing DSP latency (root=mul_ln58_152) to 3 in order to utilize available DSP registers.
INFO: [HLS 200-486] Changing DSP latency (root=mul_ln65_295) to 3 in order to utilize available DSP registers.
INFO: [HLS 200-486] Changing DSP latency (root=acc_568) to 3 in order to utilize available DSP registers.
INFO: [HLS 200-486] Changing DSP latency (root=tmp327) to 3 in order to utilize available DSP registers.
INFO: [HLS 200-486] Changing DSP latency (root=mul_ln65_296) to 3 in order to utilize available DSP registers.
INFO: [HLS 200-486] Changing DSP latency (root=mul_ln58_150) to 3 in order to utilize available DSP registers.
INFO: [HLS 200-486] Changing DSP latency (root=mul_ln65_289) to 3 in order to utilize available DSP registers.
INFO: [HLS 200-486] Changing DSP latency (root=acc_563) to 3 in order to utilize available DSP registers.
INFO: [HLS 200-486] Changing DSP latency (root=tmp324) to 3 in order to utilize available DSP registers.
INFO: [HLS 200-486] Changing DSP latency (root=mul_ln65_290) to 3 in order to utilize available DSP registers.
INFO: [HLS 200-486] Changing DSP latency (root=mul_ln58_149) to 3 in order to utilize available DSP registers.
INFO: [HLS 200-486] Changing DSP latency (root=mul_ln65_283) to 3 in order to utilize available DSP registers.
INFO: [HLS 200-486] Changing DSP latency (root=acc_558) to 3 in order to utilize available DSP registers.
INFO: [HLS 200-486] Changing DSP latency (root=tmp321) to 3 in order to utilize available DSP registers.
INFO: [HLS 200-486] Changing DSP latency (root=mul_ln65_284) to 3 in order to utilize available DSP registers.
INFO: [HLS 200-486] Changing DSP latency (root=mul_ln58_148) to 3 in order to utilize available DSP registers.
INFO: [HLS 200-486] Changing DSP latency (root=mul_ln65_277) to 3 in order to utilize available DSP registers.
INFO: [HLS 200-486] Changing DSP latency (root=acc_553) to 3 in order to utilize available DSP registers.
INFO: [HLS 200-486] Changing DSP latency (root=tmp318) to 3 in order to utilize available DSP registers.
INFO: [HLS 200-486] Changing DSP latency (root=mul_ln65_278) to 3 in order to utilize available DSP registers.
INFO: [HLS 200-486] Changing DSP latency (root=mul_ln58_147) to 3 in order to utilize available DSP registers.
INFO: [HLS 200-486] Changing DSP latency (root=mul_ln65_271) to 3 in order to utilize available DSP registers.
INFO: [HLS 200-486] Changing DSP latency (root=acc_549) to 3 in order to utilize available DSP registers.
INFO: [HLS 200-486] Changing DSP latency (root=tmp315) to 3 in order to utilize available DSP registers.
INFO: [HLS 200-486] Changing DSP latency (root=mul_ln65_272) to 3 in order to utilize available DSP registers.
INFO: [HLS 200-486] Changing DSP latency (root=mul_ln58_146) to 3 in order to utilize available DSP registers.
INFO: [HLS 200-486] Changing DSP latency (root=mul_ln65_265) to 3 in order to utilize available DSP registers.
INFO: [HLS 200-486] Changing DSP latency (root=acc_544) to 3 in order to utilize available DSP registers.
INFO: [HLS 200-486] Changing DSP latency (root=tmp312) to 3 in order to utilize available DSP registers.
INFO: [HLS 200-486] Changing DSP latency (root=mul_ln65_266) to 3 in order to utilize available DSP registers.
INFO: [HLS 200-486] Changing DSP latency (root=mul_ln58_145) to 3 in order to utilize available DSP registers.
INFO: [HLS 200-486] Changing DSP latency (root=mul_ln65_259) to 3 in order to utilize available DSP registers.
INFO: [HLS 200-486] Changing DSP latency (root=acc_539) to 3 in order to utilize available DSP registers.
INFO: [HLS 200-486] Changing DSP latency (root=tmp309) to 3 in order to utilize available DSP registers.
INFO: [HLS 200-486] Changing DSP latency (root=mul_ln65_260) to 3 in order to utilize available DSP registers.
INFO: [HLS 200-486] Changing DSP latency (root=mul_ln58_144) to 3 in order to utilize available DSP registers.
INFO: [HLS 200-486] Changing DSP latency (root=mul_ln65_253) to 3 in order to utilize available DSP registers.
INFO: [HLS 200-486] Changing DSP latency (root=acc_534) to 3 in order to utilize available DSP registers.
INFO: [HLS 200-486] Changing DSP latency (root=tmp306) to 3 in order to utilize available DSP registers.
INFO: [HLS 200-486] Changing DSP latency (root=mul_ln65_254) to 3 in order to utilize available DSP registers.
INFO: [HLS 200-486] Changing DSP latency (root=mul_ln58_143) to 3 in order to utilize available DSP registers.
INFO: [HLS 200-486] Changing DSP latency (root=mul_ln65_247) to 3 in order to utilize available DSP registers.
INFO: [HLS 200-486] Changing DSP latency (root=acc_529) to 3 in order to utilize available DSP registers.
INFO: [HLS 200-486] Changing DSP latency (root=tmp303) to 3 in order to utilize available DSP registers.
INFO: [HLS 200-486] Changing DSP latency (root=mul_ln65_248) to 3 in order to utilize available DSP registers.
INFO: [HLS 200-486] Changing DSP latency (root=mul_ln58_142) to 3 in order to utilize available DSP registers.
INFO: [HLS 200-486] Changing DSP latency (root=mul_ln65_241) to 3 in order to utilize available DSP registers.
INFO: [HLS 200-486] Changing DSP latency (root=acc_525) to 3 in order to utilize available DSP registers.
INFO: [HLS 200-486] Changing DSP latency (root=tmp300) to 3 in order to utilize available DSP registers.
INFO: [HLS 200-486] Changing DSP latency (root=mul_ln65_242) to 3 in order to utilize available DSP registers.
INFO: [HLS 200-486] Changing DSP latency (root=mul_ln58_141) to 3 in order to utilize available DSP registers.
INFO: [HLS 200-486] Changing DSP latency (root=mul_ln65_235) to 3 in order to utilize available DSP registers.
INFO: [HLS 200-486] Changing DSP latency (root=acc_520) to 3 in order to utilize available DSP registers.
INFO: [HLS 200-486] Changing DSP latency (root=tmp297) to 3 in order to utilize available DSP registers.
INFO: [HLS 200-486] Changing DSP latency (root=mul_ln65_236) to 3 in order to utilize available DSP registers.
INFO: [HLS 200-486] Changing DSP latency (root=mul_ln58_140) to 3 in order to utilize available DSP registers.
INFO: [HLS 200-486] Changing DSP latency (root=mul_ln65_229) to 3 in order to utilize available DSP registers.
INFO: [HLS 200-486] Changing DSP latency (root=acc_515) to 3 in order to utilize available DSP registers.
INFO: [HLS 200-486] Changing DSP latency (root=tmp294) to 3 in order to utilize available DSP registers.
INFO: [HLS 200-486] Changing DSP latency (root=mul_ln65_230) to 3 in order to utilize available DSP registers.
INFO: [HLS 200-486] Changing DSP latency (root=mul_ln58_139) to 3 in order to utilize available DSP registers.
INFO: [HLS 200-486] Changing DSP latency (root=mul_ln65_223) to 3 in order to utilize available DSP registers.
INFO: [HLS 200-486] Changing DSP latency (root=acc_510) to 3 in order to utilize available DSP registers.
INFO: [HLS 200-486] Changing DSP latency (root=tmp291) to 3 in order to utilize available DSP registers.
INFO: [HLS 200-486] Changing DSP latency (root=mul_ln65_224) to 3 in order to utilize available DSP registers.
INFO: [HLS 200-486] Changing DSP latency (root=mul_ln58_138) to 3 in order to utilize available DSP registers.
INFO: [HLS 200-486] Changing DSP latency (root=mul_ln65_217) to 3 in order to utilize available DSP registers.
INFO: [HLS 200-486] Changing DSP latency (root=acc_505) to 3 in order to utilize available DSP registers.
INFO: [HLS 200-486] Changing DSP latency (root=tmp288) to 3 in order to utilize available DSP registers.
INFO: [HLS 200-486] Changing DSP latency (root=mul_ln65_218) to 3 in order to utilize available DSP registers.
INFO: [HLS 200-486] Changing DSP latency (root=mul_ln58_137) to 3 in order to utilize available DSP registers.
INFO: [HLS 200-486] Changing DSP latency (root=mul_ln65_211) to 3 in order to utilize available DSP registers.
INFO: [HLS 200-486] Changing DSP latency (root=acc_501) to 3 in order to utilize available DSP registers.
INFO: [HLS 200-486] Changing DSP latency (root=tmp285) to 3 in order to utilize available DSP registers.
INFO: [HLS 200-486] Changing DSP latency (root=mul_ln65_212) to 3 in order to utilize available DSP registers.
INFO: [HLS 200-486] Changing DSP latency (root=mul_ln58_136) to 3 in order to utilize available DSP registers.
INFO: [HLS 200-486] Changing DSP latency (root=mul_ln65_206) to 3 in order to utilize available DSP registers.
INFO: [HLS 200-486] Changing DSP latency (root=mul_ln65_204) to 3 in order to utilize available DSP registers.
INFO: [HLS 200-486] Changing DSP latency (root=mul_ln65_205) to 3 in order to utilize available DSP registers.
INFO: [HLS 200-486] Changing DSP latency (root=mul_ln65_209) to 3 in order to utilize available DSP registers.
INFO: [HLS 200-486] Changing DSP latency (root=mul_ln58_135) to 3 in order to utilize available DSP registers.
INFO: [HLS 200-486] Changing DSP latency (root=mul_ln65_200) to 3 in order to utilize available DSP registers.
INFO: [HLS 200-486] Changing DSP latency (root=mul_ln65_198) to 3 in order to utilize available DSP registers.
INFO: [HLS 200-486] Changing DSP latency (root=mul_ln65_199) to 3 in order to utilize available DSP registers.
INFO: [HLS 200-486] Changing DSP latency (root=mul_ln65_203) to 3 in order to utilize available DSP registers.
INFO: [HLS 200-486] Changing DSP latency (root=mul_ln58_132) to 3 in order to utilize available DSP registers.
INFO: [HLS 200-486] Changing DSP latency (root=mul_ln65_194) to 3 in order to utilize available DSP registers.
INFO: [HLS 200-486] Changing DSP latency (root=mul_ln65_192) to 3 in order to utilize available DSP registers.
INFO: [HLS 200-486] Changing DSP latency (root=mul_ln65_193) to 3 in order to utilize available DSP registers.
INFO: [HLS 200-486] Changing DSP latency (root=mul_ln65_197) to 3 in order to utilize available DSP registers.
INFO: [HLS 200-486] Changing DSP latency (root=mul_ln58_129) to 3 in order to utilize available DSP registers.
INFO: [HLS 200-486] Changing DSP latency (root=mul_ln65_188) to 3 in order to utilize available DSP registers.
INFO: [HLS 200-486] Changing DSP latency (root=mul_ln65_186) to 3 in order to utilize available DSP registers.
INFO: [HLS 200-486] Changing DSP latency (root=mul_ln65_187) to 3 in order to utilize available DSP registers.
INFO: [HLS 200-486] Changing DSP latency (root=mul_ln65_191) to 3 in order to utilize available DSP registers.
INFO: [HLS 200-486] Changing DSP latency (root=mul_ln58_126) to 3 in order to utilize available DSP registers.
INFO: [HLS 200-486] Changing DSP latency (root=mul_ln65_182) to 3 in order to utilize available DSP registers.
INFO: [HLS 200-486] Changing DSP latency (root=mul_ln65_180) to 3 in order to utilize available DSP registers.
INFO: [HLS 200-486] Changing DSP latency (root=mul_ln65_181) to 3 in order to utilize available DSP registers.
INFO: [HLS 200-486] Changing DSP latency (root=mul_ln65_185) to 3 in order to utilize available DSP registers.
INFO: [HLS 200-486] Changing DSP latency (root=mul_ln58_123) to 3 in order to utilize available DSP registers.
INFO: [HLS 200-486] Changing DSP latency (root=mul_ln65_176) to 3 in order to utilize available DSP registers.
INFO: [HLS 200-486] Changing DSP latency (root=mul_ln65_174) to 3 in order to utilize available DSP registers.
INFO: [HLS 200-486] Changing DSP latency (root=mul_ln65_175) to 3 in order to utilize available DSP registers.
INFO: [HLS 200-486] Changing DSP latency (root=mul_ln65_179) to 3 in order to utilize available DSP registers.
INFO: [HLS 200-486] Changing DSP latency (root=mul_ln58_120) to 3 in order to utilize available DSP registers.
INFO: [HLS 200-486] Changing DSP latency (root=mul_ln65_170) to 3 in order to utilize available DSP registers.
INFO: [HLS 200-486] Changing DSP latency (root=mul_ln65_168) to 3 in order to utilize available DSP registers.
INFO: [HLS 200-486] Changing DSP latency (root=mul_ln65_169) to 3 in order to utilize available DSP registers.
INFO: [HLS 200-486] Changing DSP latency (root=mul_ln65_173) to 3 in order to utilize available DSP registers.
INFO: [HLS 200-486] Changing DSP latency (root=mul_ln58_117) to 3 in order to utilize available DSP registers.
INFO: [HLS 200-486] Changing DSP latency (root=mul_ln65_164) to 3 in order to utilize available DSP registers.
INFO: [HLS 200-486] Changing DSP latency (root=mul_ln65_162) to 3 in order to utilize available DSP registers.
INFO: [HLS 200-486] Changing DSP latency (root=mul_ln65_163) to 3 in order to utilize available DSP registers.
INFO: [HLS 200-486] Changing DSP latency (root=mul_ln65_167) to 3 in order to utilize available DSP registers.
INFO: [HLS 200-486] Changing DSP latency (root=mul_ln58_114) to 3 in order to utilize available DSP registers.
INFO: [HLS 200-486] Changing DSP latency (root=mul_ln65_158) to 3 in order to utilize available DSP registers.
INFO: [HLS 200-486] Changing DSP latency (root=mul_ln65_156) to 3 in order to utilize available DSP registers.
INFO: [HLS 200-486] Changing DSP latency (root=mul_ln65_157) to 3 in order to utilize available DSP registers.
INFO: [HLS 200-486] Changing DSP latency (root=mul_ln65_161) to 3 in order to utilize available DSP registers.
INFO: [HLS 200-486] Changing DSP latency (root=mul_ln58_111) to 3 in order to utilize available DSP registers.
INFO: [HLS 200-486] Changing DSP latency (root=mul_ln65_152) to 3 in order to utilize available DSP registers.
INFO: [HLS 200-486] Changing DSP latency (root=mul_ln65_150) to 3 in order to utilize available DSP registers.
INFO: [HLS 200-486] Changing DSP latency (root=mul_ln65_151) to 3 in order to utilize available DSP registers.
INFO: [HLS 200-486] Changing DSP latency (root=mul_ln65_155) to 3 in order to utilize available DSP registers.
INFO: [HLS 200-486] Changing DSP latency (root=mul_ln58_108) to 3 in order to utilize available DSP registers.
INFO: [HLS 200-486] Changing DSP latency (root=mul_ln65_146) to 3 in order to utilize available DSP registers.
INFO: [HLS 200-486] Changing DSP latency (root=mul_ln65_144) to 3 in order to utilize available DSP registers.
INFO: [HLS 200-486] Changing DSP latency (root=mul_ln65_145) to 3 in order to utilize available DSP registers.
INFO: [HLS 200-486] Changing DSP latency (root=mul_ln65_149) to 3 in order to utilize available DSP registers.
INFO: [HLS 200-486] Changing DSP latency (root=mul_ln58_105) to 3 in order to utilize available DSP registers.
INFO: [HLS 200-486] Changing DSP latency (root=mul_ln65_140) to 3 in order to utilize available DSP registers.
INFO: [HLS 200-486] Changing DSP latency (root=mul_ln65_138) to 3 in order to utilize available DSP registers.
INFO: [HLS 200-486] Changing DSP latency (root=mul_ln65_139) to 3 in order to utilize available DSP registers.
INFO: [HLS 200-486] Changing DSP latency (root=mul_ln65_143) to 3 in order to utilize available DSP registers.
INFO: [HLS 200-486] Changing DSP latency (root=mul_ln58_102) to 3 in order to utilize available DSP registers.
INFO: [HLS 200-486] Changing DSP latency (root=mul_ln65_134) to 3 in order to utilize available DSP registers.
INFO: [HLS 200-486] Changing DSP latency (root=mul_ln65_132) to 3 in order to utilize available DSP registers.
INFO: [HLS 200-486] Changing DSP latency (root=mul_ln65_133) to 3 in order to utilize available DSP registers.
INFO: [HLS 200-486] Changing DSP latency (root=mul_ln65_137) to 3 in order to utilize available DSP registers.
INFO: [HLS 200-486] Changing DSP latency (root=mul_ln58_99) to 3 in order to utilize available DSP registers.
INFO: [HLS 200-486] Changing DSP latency (root=mul_ln65_128) to 3 in order to utilize available DSP registers.
INFO: [HLS 200-486] Changing DSP latency (root=mul_ln65_126) to 3 in order to utilize available DSP registers.
INFO: [HLS 200-486] Changing DSP latency (root=mul_ln65_127) to 3 in order to utilize available DSP registers.
INFO: [HLS 200-486] Changing DSP latency (root=mul_ln65_131) to 3 in order to utilize available DSP registers.
INFO: [HLS 200-486] Changing DSP latency (root=mul_ln58_96) to 3 in order to utilize available DSP registers.
INFO: [HLS 200-486] Changing DSP latency (root=mul_ln65_122) to 3 in order to utilize available DSP registers.
INFO: [HLS 200-486] Changing DSP latency (root=mul_ln65_120) to 3 in order to utilize available DSP registers.
INFO: [HLS 200-486] Changing DSP latency (root=mul_ln65_121) to 3 in order to utilize available DSP registers.
INFO: [HLS 200-486] Changing DSP latency (root=mul_ln65_125) to 3 in order to utilize available DSP registers.
INFO: [HLS 200-486] Changing DSP latency (root=mul_ln58_93) to 3 in order to utilize available DSP registers.
INFO: [HLS 200-486] Changing DSP latency (root=mul_ln58_88) to 3 in order to utilize available DSP registers.
INFO: [HLS 200-486] Changing DSP latency (root=mul_ln65_118) to 3 in order to utilize available DSP registers.
INFO: [HLS 200-486] Changing DSP latency (root=mul_ln58_90) to 3 in order to utilize available DSP registers.
INFO: [HLS 200-486] Changing DSP latency (root=mul_ln58_85) to 3 in order to utilize available DSP registers.
INFO: [HLS 200-486] Changing DSP latency (root=mul_ln65_116) to 3 in order to utilize available DSP registers.
INFO: [HLS 200-486] Changing DSP latency (root=mul_ln58_87) to 3 in order to utilize available DSP registers.
INFO: [HLS 200-486] Changing DSP latency (root=mul_ln58_82) to 3 in order to utilize available DSP registers.
INFO: [HLS 200-486] Changing DSP latency (root=mul_ln65_114) to 3 in order to utilize available DSP registers.
INFO: [HLS 200-486] Changing DSP latency (root=mul_ln58_84) to 3 in order to utilize available DSP registers.
INFO: [HLS 200-486] Changing DSP latency (root=mul_ln58_79) to 3 in order to utilize available DSP registers.
INFO: [HLS 200-486] Changing DSP latency (root=mul_ln65_112) to 3 in order to utilize available DSP registers.
INFO: [HLS 200-486] Changing DSP latency (root=mul_ln58_81) to 3 in order to utilize available DSP registers.
INFO: [HLS 200-486] Changing DSP latency (root=mul_ln58_76) to 3 in order to utilize available DSP registers.
INFO: [HLS 200-486] Changing DSP latency (root=mul_ln65_110) to 3 in order to utilize available DSP registers.
INFO: [HLS 200-486] Changing DSP latency (root=mul_ln58_78) to 3 in order to utilize available DSP registers.
INFO: [HLS 200-486] Changing DSP latency (root=mul_ln58_73) to 3 in order to utilize available DSP registers.
INFO: [HLS 200-486] Changing DSP latency (root=mul_ln65_108) to 3 in order to utilize available DSP registers.
INFO: [HLS 200-486] Changing DSP latency (root=mul_ln58_75) to 3 in order to utilize available DSP registers.
INFO: [HLS 200-486] Changing DSP latency (root=mul_ln58_70) to 3 in order to utilize available DSP registers.
INFO: [HLS 200-486] Changing DSP latency (root=mul_ln65_106) to 3 in order to utilize available DSP registers.
INFO: [HLS 200-486] Changing DSP latency (root=mul_ln58_72) to 3 in order to utilize available DSP registers.
INFO: [HLS 200-486] Changing DSP latency (root=mul_ln58_67) to 3 in order to utilize available DSP registers.
INFO: [HLS 200-486] Changing DSP latency (root=mul_ln65_104) to 3 in order to utilize available DSP registers.
INFO: [HLS 200-486] Changing DSP latency (root=mul_ln58_69) to 3 in order to utilize available DSP registers.
INFO: [HLS 200-486] Changing DSP latency (root=mul_ln58_64) to 3 in order to utilize available DSP registers.
INFO: [HLS 200-486] Changing DSP latency (root=mul_ln65_102) to 3 in order to utilize available DSP registers.
INFO: [HLS 200-486] Changing DSP latency (root=mul_ln58_66) to 3 in order to utilize available DSP registers.
INFO: [HLS 200-486] Changing DSP latency (root=mul_ln58_61) to 3 in order to utilize available DSP registers.
INFO: [HLS 200-486] Changing DSP latency (root=mul_ln65_100) to 3 in order to utilize available DSP registers.
INFO: [HLS 200-486] Changing DSP latency (root=mul_ln58_63) to 3 in order to utilize available DSP registers.
INFO: [HLS 200-486] Changing DSP latency (root=mul_ln58_58) to 3 in order to utilize available DSP registers.
INFO: [HLS 200-486] Changing DSP latency (root=mul_ln65_98) to 3 in order to utilize available DSP registers.
INFO: [HLS 200-486] Changing DSP latency (root=mul_ln58_60) to 3 in order to utilize available DSP registers.
INFO: [HLS 200-486] Changing DSP latency (root=mul_ln58_55) to 3 in order to utilize available DSP registers.
INFO: [HLS 200-486] Changing DSP latency (root=mul_ln65_96) to 3 in order to utilize available DSP registers.
INFO: [HLS 200-486] Changing DSP latency (root=mul_ln58_57) to 3 in order to utilize available DSP registers.
INFO: [HLS 200-486] Changing DSP latency (root=mul_ln58_52) to 3 in order to utilize available DSP registers.
INFO: [HLS 200-486] Changing DSP latency (root=mul_ln65_94) to 3 in order to utilize available DSP registers.
INFO: [HLS 200-486] Changing DSP latency (root=mul_ln58_54) to 3 in order to utilize available DSP registers.
INFO: [HLS 200-486] Changing DSP latency (root=mul_ln58_49) to 3 in order to utilize available DSP registers.
INFO: [HLS 200-486] Changing DSP latency (root=mul_ln65_92) to 3 in order to utilize available DSP registers.
INFO: [HLS 200-486] Changing DSP latency (root=mul_ln58_51) to 3 in order to utilize available DSP registers.
INFO: [HLS 200-486] Changing DSP latency (root=mul_ln58_46) to 3 in order to utilize available DSP registers.
INFO: [HLS 200-486] Changing DSP latency (root=mul_ln65_90) to 3 in order to utilize available DSP registers.
INFO: [HLS 200-486] Changing DSP latency (root=mul_ln58_48) to 3 in order to utilize available DSP registers.
INFO: [HLS 200-486] Changing DSP latency (root=mul_ln65_87) to 3 in order to utilize available DSP registers.
INFO: [HLS 200-486] Changing DSP latency (root=mul_ln65_89) to 3 in order to utilize available DSP registers.
INFO: [HLS 200-486] Changing DSP latency (root=mul_ln65_88) to 3 in order to utilize available DSP registers.
INFO: [HLS 200-486] Changing DSP latency (root=mul_ln58_45) to 3 in order to utilize available DSP registers.
INFO: [HLS 200-486] Changing DSP latency (root=mul_ln65_84) to 3 in order to utilize available DSP registers.
INFO: [HLS 200-486] Changing DSP latency (root=mul_ln65_86) to 3 in order to utilize available DSP registers.
INFO: [HLS 200-486] Changing DSP latency (root=mul_ln65_85) to 3 in order to utilize available DSP registers.
INFO: [HLS 200-486] Changing DSP latency (root=mul_ln58_44) to 3 in order to utilize available DSP registers.
INFO: [HLS 200-486] Changing DSP latency (root=mul_ln65_81) to 3 in order to utilize available DSP registers.
INFO: [HLS 200-486] Changing DSP latency (root=mul_ln65_83) to 3 in order to utilize available DSP registers.
INFO: [HLS 200-486] Changing DSP latency (root=mul_ln65_82) to 3 in order to utilize available DSP registers.
INFO: [HLS 200-486] Changing DSP latency (root=mul_ln58_43) to 3 in order to utilize available DSP registers.
INFO: [HLS 200-486] Changing DSP latency (root=mul_ln65_78) to 3 in order to utilize available DSP registers.
INFO: [HLS 200-486] Changing DSP latency (root=mul_ln65_80) to 3 in order to utilize available DSP registers.
INFO: [HLS 200-486] Changing DSP latency (root=mul_ln65_79) to 3 in order to utilize available DSP registers.
INFO: [HLS 200-486] Changing DSP latency (root=mul_ln58_42) to 3 in order to utilize available DSP registers.
INFO: [HLS 200-486] Changing DSP latency (root=mul_ln65_75) to 3 in order to utilize available DSP registers.
INFO: [HLS 200-486] Changing DSP latency (root=mul_ln65_77) to 3 in order to utilize available DSP registers.
INFO: [HLS 200-486] Changing DSP latency (root=mul_ln65_76) to 3 in order to utilize available DSP registers.
INFO: [HLS 200-486] Changing DSP latency (root=mul_ln58_41) to 3 in order to utilize available DSP registers.
INFO: [HLS 200-486] Changing DSP latency (root=mul_ln65_72) to 3 in order to utilize available DSP registers.
INFO: [HLS 200-486] Changing DSP latency (root=mul_ln65_74) to 3 in order to utilize available DSP registers.
INFO: [HLS 200-486] Changing DSP latency (root=mul_ln65_73) to 3 in order to utilize available DSP registers.
INFO: [HLS 200-486] Changing DSP latency (root=mul_ln58_40) to 3 in order to utilize available DSP registers.
INFO: [HLS 200-486] Changing DSP latency (root=mul_ln65_69) to 3 in order to utilize available DSP registers.
INFO: [HLS 200-486] Changing DSP latency (root=mul_ln65_71) to 3 in order to utilize available DSP registers.
INFO: [HLS 200-486] Changing DSP latency (root=mul_ln65_70) to 3 in order to utilize available DSP registers.
INFO: [HLS 200-486] Changing DSP latency (root=mul_ln58_39) to 3 in order to utilize available DSP registers.
INFO: [HLS 200-486] Changing DSP latency (root=mul_ln65_66) to 3 in order to utilize available DSP registers.
INFO: [HLS 200-486] Changing DSP latency (root=mul_ln65_68) to 3 in order to utilize available DSP registers.
INFO: [HLS 200-486] Changing DSP latency (root=mul_ln65_67) to 3 in order to utilize available DSP registers.
INFO: [HLS 200-486] Changing DSP latency (root=mul_ln58_38) to 3 in order to utilize available DSP registers.
INFO: [HLS 200-486] Changing DSP latency (root=mul_ln65_63) to 3 in order to utilize available DSP registers.
INFO: [HLS 200-486] Changing DSP latency (root=mul_ln65_65) to 3 in order to utilize available DSP registers.
INFO: [HLS 200-486] Changing DSP latency (root=mul_ln65_64) to 3 in order to utilize available DSP registers.
INFO: [HLS 200-486] Changing DSP latency (root=mul_ln58_37) to 3 in order to utilize available DSP registers.
INFO: [HLS 200-486] Changing DSP latency (root=mul_ln65_60) to 3 in order to utilize available DSP registers.
INFO: [HLS 200-486] Changing DSP latency (root=mul_ln65_62) to 3 in order to utilize available DSP registers.
INFO: [HLS 200-486] Changing DSP latency (root=mul_ln65_61) to 3 in order to utilize available DSP registers.
INFO: [HLS 200-486] Changing DSP latency (root=mul_ln58_36) to 3 in order to utilize available DSP registers.
INFO: [HLS 200-486] Changing DSP latency (root=mul_ln65_57) to 3 in order to utilize available DSP registers.
INFO: [HLS 200-486] Changing DSP latency (root=mul_ln65_59) to 3 in order to utilize available DSP registers.
INFO: [HLS 200-486] Changing DSP latency (root=mul_ln65_58) to 3 in order to utilize available DSP registers.
INFO: [HLS 200-486] Changing DSP latency (root=mul_ln58_35) to 3 in order to utilize available DSP registers.
INFO: [HLS 200-486] Changing DSP latency (root=mul_ln65_54) to 3 in order to utilize available DSP registers.
INFO: [HLS 200-486] Changing DSP latency (root=mul_ln65_56) to 3 in order to utilize available DSP registers.
INFO: [HLS 200-486] Changing DSP latency (root=mul_ln65_55) to 3 in order to utilize available DSP registers.
INFO: [HLS 200-486] Changing DSP latency (root=mul_ln58_34) to 3 in order to utilize available DSP registers.
INFO: [HLS 200-486] Changing DSP latency (root=mul_ln65_51) to 3 in order to utilize available DSP registers.
INFO: [HLS 200-486] Changing DSP latency (root=mul_ln65_53) to 3 in order to utilize available DSP registers.
INFO: [HLS 200-486] Changing DSP latency (root=mul_ln65_52) to 3 in order to utilize available DSP registers.
INFO: [HLS 200-486] Changing DSP latency (root=mul_ln58_33) to 3 in order to utilize available DSP registers.
INFO: [HLS 200-486] Changing DSP latency (root=mul_ln65_48) to 3 in order to utilize available DSP registers.
INFO: [HLS 200-486] Changing DSP latency (root=mul_ln65_50) to 3 in order to utilize available DSP registers.
INFO: [HLS 200-486] Changing DSP latency (root=mul_ln65_49) to 3 in order to utilize available DSP registers.
INFO: [HLS 200-486] Changing DSP latency (root=mul_ln58_32) to 3 in order to utilize available DSP registers.
INFO: [HLS 200-486] Changing DSP latency (root=mul_ln65_45) to 3 in order to utilize available DSP registers.
INFO: [HLS 200-486] Changing DSP latency (root=mul_ln65_47) to 3 in order to utilize available DSP registers.
INFO: [HLS 200-486] Changing DSP latency (root=mul_ln65_46) to 3 in order to utilize available DSP registers.
INFO: [HLS 200-486] Changing DSP latency (root=mul_ln58_31) to 3 in order to utilize available DSP registers.
INFO: [HLS 200-486] Changing DSP latency (root=mul_ln65_42) to 3 in order to utilize available DSP registers.
INFO: [HLS 200-486] Changing DSP latency (root=mul_ln65_43) to 3 in order to utilize available DSP registers.
INFO: [HLS 200-486] Changing DSP latency (root=mul_ln65_44) to 3 in order to utilize available DSP registers.
INFO: [HLS 200-486] Changing DSP latency (root=mul_ln58_30) to 3 in order to utilize available DSP registers.
INFO: [HLS 200-486] Changing DSP latency (root=mul_ln65_39) to 3 in order to utilize available DSP registers.
INFO: [HLS 200-486] Changing DSP latency (root=mul_ln65_40) to 3 in order to utilize available DSP registers.
INFO: [HLS 200-486] Changing DSP latency (root=mul_ln65_41) to 3 in order to utilize available DSP registers.
INFO: [HLS 200-486] Changing DSP latency (root=mul_ln58_28) to 3 in order to utilize available DSP registers.
INFO: [HLS 200-486] Changing DSP latency (root=mul_ln65_36) to 3 in order to utilize available DSP registers.
INFO: [HLS 200-486] Changing DSP latency (root=mul_ln65_37) to 3 in order to utilize available DSP registers.
INFO: [HLS 200-486] Changing DSP latency (root=mul_ln65_38) to 3 in order to utilize available DSP registers.
INFO: [HLS 200-486] Changing DSP latency (root=mul_ln58_26) to 3 in order to utilize available DSP registers.
INFO: [HLS 200-486] Changing DSP latency (root=mul_ln65_33) to 3 in order to utilize available DSP registers.
INFO: [HLS 200-486] Changing DSP latency (root=mul_ln65_34) to 3 in order to utilize available DSP registers.
INFO: [HLS 200-486] Changing DSP latency (root=mul_ln65_35) to 3 in order to utilize available DSP registers.
INFO: [HLS 200-486] Changing DSP latency (root=mul_ln58_24) to 3 in order to utilize available DSP registers.
INFO: [HLS 200-486] Changing DSP latency (root=mul_ln65_30) to 3 in order to utilize available DSP registers.
INFO: [HLS 200-486] Changing DSP latency (root=mul_ln65_31) to 3 in order to utilize available DSP registers.
INFO: [HLS 200-486] Changing DSP latency (root=mul_ln65_32) to 3 in order to utilize available DSP registers.
INFO: [HLS 200-486] Changing DSP latency (root=mul_ln58_22) to 3 in order to utilize available DSP registers.
INFO: [HLS 200-486] Changing DSP latency (root=mul_ln65_27) to 3 in order to utilize available DSP registers.
INFO: [HLS 200-486] Changing DSP latency (root=mul_ln65_28) to 3 in order to utilize available DSP registers.
INFO: [HLS 200-486] Changing DSP latency (root=mul_ln65_29) to 3 in order to utilize available DSP registers.
INFO: [HLS 200-486] Changing DSP latency (root=mul_ln58_20) to 3 in order to utilize available DSP registers.
INFO: [HLS 200-486] Changing DSP latency (root=mul_ln65_24) to 3 in order to utilize available DSP registers.
INFO: [HLS 200-486] Changing DSP latency (root=mul_ln65_25) to 3 in order to utilize available DSP registers.
INFO: [HLS 200-486] Changing DSP latency (root=mul_ln65_26) to 3 in order to utilize available DSP registers.
INFO: [HLS 200-486] Changing DSP latency (root=mul_ln58_18) to 3 in order to utilize available DSP registers.
INFO: [HLS 200-486] Changing DSP latency (root=mul_ln65_21) to 3 in order to utilize available DSP registers.
INFO: [HLS 200-486] Changing DSP latency (root=mul_ln65_22) to 3 in order to utilize available DSP registers.
INFO: [HLS 200-486] Changing DSP latency (root=mul_ln65_23) to 3 in order to utilize available DSP registers.
INFO: [HLS 200-486] Changing DSP latency (root=mul_ln58_16) to 3 in order to utilize available DSP registers.
INFO: [HLS 200-486] Changing DSP latency (root=mul_ln65_18) to 3 in order to utilize available DSP registers.
INFO: [HLS 200-486] Changing DSP latency (root=mul_ln65_19) to 3 in order to utilize available DSP registers.
INFO: [HLS 200-486] Changing DSP latency (root=mul_ln65_20) to 3 in order to utilize available DSP registers.
INFO: [HLS 200-486] Changing DSP latency (root=mul_ln58_14) to 3 in order to utilize available DSP registers.
INFO: [HLS 200-486] Changing DSP latency (root=mul_ln65_15) to 3 in order to utilize available DSP registers.
INFO: [HLS 200-486] Changing DSP latency (root=mul_ln65_16) to 3 in order to utilize available DSP registers.
INFO: [HLS 200-486] Changing DSP latency (root=mul_ln65_17) to 3 in order to utilize available DSP registers.
INFO: [HLS 200-486] Changing DSP latency (root=mul_ln58_12) to 3 in order to utilize available DSP registers.
INFO: [HLS 200-486] Changing DSP latency (root=mul_ln65_12) to 3 in order to utilize available DSP registers.
INFO: [HLS 200-486] Changing DSP latency (root=mul_ln65_13) to 3 in order to utilize available DSP registers.
INFO: [HLS 200-486] Changing DSP latency (root=mul_ln65_14) to 3 in order to utilize available DSP registers.
INFO: [HLS 200-486] Changing DSP latency (root=mul_ln58_10) to 3 in order to utilize available DSP registers.
INFO: [HLS 200-486] Changing DSP latency (root=mul_ln65_9) to 3 in order to utilize available DSP registers.
INFO: [HLS 200-486] Changing DSP latency (root=mul_ln65_10) to 3 in order to utilize available DSP registers.
INFO: [HLS 200-486] Changing DSP latency (root=mul_ln65_11) to 3 in order to utilize available DSP registers.
INFO: [HLS 200-486] Changing DSP latency (root=mul_ln58_8) to 3 in order to utilize available DSP registers.
INFO: [HLS 200-486] Changing DSP latency (root=mul_ln65_6) to 3 in order to utilize available DSP registers.
INFO: [HLS 200-486] Changing DSP latency (root=mul_ln65_7) to 3 in order to utilize available DSP registers.
INFO: [HLS 200-486] Changing DSP latency (root=mul_ln65_8) to 3 in order to utilize available DSP registers.
INFO: [HLS 200-486] Changing DSP latency (root=mul_ln58_6) to 3 in order to utilize available DSP registers.
INFO: [HLS 200-486] Changing DSP latency (root=mul_ln65_3) to 3 in order to utilize available DSP registers.
INFO: [HLS 200-486] Changing DSP latency (root=mul_ln65_4) to 3 in order to utilize available DSP registers.
INFO: [HLS 200-486] Changing DSP latency (root=mul_ln65_5) to 3 in order to utilize available DSP registers.
INFO: [HLS 200-486] Changing DSP latency (root=mul_ln58_4) to 3 in order to utilize available DSP registers.
INFO: [HLS 200-486] Changing DSP latency (root=mul_ln65) to 3 in order to utilize available DSP registers.
INFO: [HLS 200-486] Changing DSP latency (root=mul_ln65_1) to 3 in order to utilize available DSP registers.
INFO: [HLS 200-486] Changing DSP latency (root=mul_ln65_2) to 3 in order to utilize available DSP registers.
INFO: [HLS 200-486] Changing DSP latency (root=mul_ln58_2) to 3 in order to utilize available DSP registers.
WARNING: [HLS 200-1015] Estimated delay Estimated delay (3.24ns)  of 'sitofp' operation ('conv', /data/home/songqiangxu/project/CNN/src/conv_br.h:80) exceeds the target cycle time (target cycle time: 2.5ns, clock uncertainty: 0.675ns, effective cycle time: 1.83ns).

Resolution: For help on HLS 200-1015 see www.xilinx.com/cgi-bin/docs/rdoc?v=2022.1;t=hls+guidance;d=200-1015.html
INFO: [SCHED 204-61] Pipelining loop 'Loop 1'.
INFO: [HLS 200-1470] Pipelining result : Target II = NA, Final II = 1, Depth = 75, loop 'Loop 1'
WARNING: [HLS 200-871] Estimated clock period (3.239ns) exceeds the target (target clock period: 2.5ns, clock uncertainty: 0.675ns, effective delay budget: 1.825ns).
Resolution: For help on HLS 200-871 see www.xilinx.com/cgi-bin/docs/rdoc?v=2022.1;t=hls+guidance;d=200-871.html
WARNING: [HLS 200-1016] The critical path in module 'do_conv_br_2_Pipeline_2' consists of the following:	'sitofp' operation ('conv98_2', /data/home/songqiangxu/project/CNN/src/conv_br.h:80) [4688]  (3.24 ns)

Resolution: For help on HLS 200-1016 see www.xilinx.com/cgi-bin/docs/rdoc?v=2022.1;t=hls+guidance;d=200-1016.html
INFO: [SCHED 204-11] Finished scheduling.
INFO: [HLS 200-111] Finished Scheduling: CPU user time: 26.62 seconds. CPU system time: 0.45 seconds. Elapsed time: 27.07 seconds; current allocated memory: 2.135 GB.
INFO: [BIND 205-100] Starting micro-architecture generation ...
INFO: [BIND 205-101] Performing variable lifetime analysis.
INFO: [BIND 205-101] Exploring resource sharing.
INFO: [BIND 205-101] Binding ...
INFO: [BIND 205-100] Finished micro-architecture generation.
INFO: [HLS 200-111] Finished Binding: CPU user time: 38.96 seconds. CPU system time: 0.12 seconds. Elapsed time: 39.09 seconds; current allocated memory: 2.135 GB.
INFO: [HLS 200-10] ----------------------------------------------------------------
INFO: [HLS 200-42] -- Implementing module 'do_conv_br_2' 
INFO: [HLS 200-10] ----------------------------------------------------------------
INFO: [SCHED 204-11] Starting scheduling ...
INFO: [SCHED 204-11] Finished scheduling.
INFO: [HLS 200-111] Finished Scheduling: CPU user time: 31.27 seconds. CPU system time: 0.18 seconds. Elapsed time: 31.45 seconds; current allocated memory: 2.138 GB.
INFO: [BIND 205-100] Starting micro-architecture generation ...
INFO: [BIND 205-101] Performing variable lifetime analysis.
INFO: [BIND 205-101] Exploring resource sharing.
INFO: [BIND 205-101] Binding ...
INFO: [BIND 205-100] Finished micro-architecture generation.
INFO: [HLS 200-111] Finished Binding: CPU user time: 7.18 seconds. CPU system time: 0.01 seconds. Elapsed time: 7.19 seconds; current allocated memory: 2.138 GB.
INFO: [HLS 200-10] ----------------------------------------------------------------
INFO: [HLS 200-42] -- Implementing module 'do_conv_br_1_Pipeline_2' 
INFO: [HLS 200-10] ----------------------------------------------------------------
INFO: [SCHED 204-11] Starting scheduling ...
INFO: [HLS 200-486] Changing DSP latency (root=mul_ln58_630) to 3 in order to utilize available DSP registers.
INFO: [HLS 200-486] Changing DSP latency (root=tmp3384) to 3 in order to utilize available DSP registers.
INFO: [HLS 200-486] Changing DSP latency (root=mul_ln58_629) to 3 in order to utilize available DSP registers.
INFO: [HLS 200-486] Changing DSP latency (root=tmp3360) to 3 in order to utilize available DSP registers.
INFO: [HLS 200-486] Changing DSP latency (root=mul_ln58_628) to 3 in order to utilize available DSP registers.
INFO: [HLS 200-486] Changing DSP latency (root=tmp3336) to 3 in order to utilize available DSP registers.
INFO: [HLS 200-486] Changing DSP latency (root=mul_ln58_627) to 3 in order to utilize available DSP registers.
INFO: [HLS 200-486] Changing DSP latency (root=tmp3312) to 3 in order to utilize available DSP registers.
INFO: [HLS 200-486] Changing DSP latency (root=mul_ln58_626) to 3 in order to utilize available DSP registers.
INFO: [HLS 200-486] Changing DSP latency (root=tmp3288) to 3 in order to utilize available DSP registers.
INFO: [HLS 200-486] Changing DSP latency (root=mul_ln58_625) to 3 in order to utilize available DSP registers.
INFO: [HLS 200-486] Changing DSP latency (root=tmp3264) to 3 in order to utilize available DSP registers.
INFO: [HLS 200-486] Changing DSP latency (root=mul_ln58_624) to 3 in order to utilize available DSP registers.
INFO: [HLS 200-486] Changing DSP latency (root=tmp3240) to 3 in order to utilize available DSP registers.
INFO: [HLS 200-486] Changing DSP latency (root=mul_ln58_623) to 3 in order to utilize available DSP registers.
INFO: [HLS 200-486] Changing DSP latency (root=tmp3216) to 3 in order to utilize available DSP registers.
INFO: [HLS 200-486] Changing DSP latency (root=mul_ln58_622) to 3 in order to utilize available DSP registers.
INFO: [HLS 200-486] Changing DSP latency (root=tmp3192) to 3 in order to utilize available DSP registers.
INFO: [HLS 200-486] Changing DSP latency (root=mul_ln58_621) to 3 in order to utilize available DSP registers.
INFO: [HLS 200-486] Changing DSP latency (root=tmp3168) to 3 in order to utilize available DSP registers.
INFO: [HLS 200-486] Changing DSP latency (root=mul_ln58_620) to 3 in order to utilize available DSP registers.
INFO: [HLS 200-486] Changing DSP latency (root=tmp3144) to 3 in order to utilize available DSP registers.
INFO: [HLS 200-486] Changing DSP latency (root=mul_ln58_619) to 3 in order to utilize available DSP registers.
INFO: [HLS 200-486] Changing DSP latency (root=tmp3120) to 3 in order to utilize available DSP registers.
INFO: [HLS 200-486] Changing DSP latency (root=mul_ln58_618) to 3 in order to utilize available DSP registers.
INFO: [HLS 200-486] Changing DSP latency (root=tmp3096) to 3 in order to utilize available DSP registers.
INFO: [HLS 200-486] Changing DSP latency (root=mul_ln58_617) to 3 in order to utilize available DSP registers.
INFO: [HLS 200-486] Changing DSP latency (root=tmp3072) to 3 in order to utilize available DSP registers.
INFO: [HLS 200-486] Changing DSP latency (root=mul_ln58_616) to 3 in order to utilize available DSP registers.
INFO: [HLS 200-486] Changing DSP latency (root=tmp3048) to 3 in order to utilize available DSP registers.
INFO: [HLS 200-486] Changing DSP latency (root=tmp3015) to 3 in order to utilize available DSP registers.
INFO: [HLS 200-486] Changing DSP latency (root=mul_ln65_1841) to 3 in order to utilize available DSP registers.
INFO: [HLS 200-486] Changing DSP latency (root=mul_ln65_1840) to 3 in order to utilize available DSP registers.
INFO: [HLS 200-486] Changing DSP latency (root=acc_3806) to 3 in order to utilize available DSP registers.
INFO: [HLS 200-486] Changing DSP latency (root=mul_ln65_1843) to 3 in order to utilize available DSP registers.
INFO: [HLS 200-486] Changing DSP latency (root=tmp3017) to 3 in order to utilize available DSP registers.
INFO: [HLS 200-486] Changing DSP latency (root=tmp2998) to 3 in order to utilize available DSP registers.
INFO: [HLS 200-486] Changing DSP latency (root=mul_ln65_1836) to 3 in order to utilize available DSP registers.
INFO: [HLS 200-486] Changing DSP latency (root=mul_ln65_1835) to 3 in order to utilize available DSP registers.
INFO: [HLS 200-486] Changing DSP latency (root=acc_3799) to 3 in order to utilize available DSP registers.
INFO: [HLS 200-486] Changing DSP latency (root=mul_ln65_1838) to 3 in order to utilize available DSP registers.
INFO: [HLS 200-486] Changing DSP latency (root=tmp3000) to 3 in order to utilize available DSP registers.
INFO: [HLS 200-486] Changing DSP latency (root=tmp2981) to 3 in order to utilize available DSP registers.
INFO: [HLS 200-486] Changing DSP latency (root=mul_ln65_1831) to 3 in order to utilize available DSP registers.
INFO: [HLS 200-486] Changing DSP latency (root=mul_ln65_1830) to 3 in order to utilize available DSP registers.
INFO: [HLS 200-486] Changing DSP latency (root=acc_3792) to 3 in order to utilize available DSP registers.
INFO: [HLS 200-486] Changing DSP latency (root=mul_ln65_1833) to 3 in order to utilize available DSP registers.
INFO: [HLS 200-486] Changing DSP latency (root=tmp2983) to 3 in order to utilize available DSP registers.
INFO: [HLS 200-486] Changing DSP latency (root=tmp2964) to 3 in order to utilize available DSP registers.
INFO: [HLS 200-486] Changing DSP latency (root=mul_ln65_1826) to 3 in order to utilize available DSP registers.
INFO: [HLS 200-486] Changing DSP latency (root=mul_ln65_1825) to 3 in order to utilize available DSP registers.
INFO: [HLS 200-486] Changing DSP latency (root=acc_3785) to 3 in order to utilize available DSP registers.
INFO: [HLS 200-486] Changing DSP latency (root=mul_ln65_1828) to 3 in order to utilize available DSP registers.
INFO: [HLS 200-486] Changing DSP latency (root=tmp2966) to 3 in order to utilize available DSP registers.
INFO: [HLS 200-486] Changing DSP latency (root=tmp2947) to 3 in order to utilize available DSP registers.
INFO: [HLS 200-486] Changing DSP latency (root=mul_ln65_1821) to 3 in order to utilize available DSP registers.
INFO: [HLS 200-486] Changing DSP latency (root=mul_ln65_1820) to 3 in order to utilize available DSP registers.
INFO: [HLS 200-486] Changing DSP latency (root=acc_3778) to 3 in order to utilize available DSP registers.
INFO: [HLS 200-486] Changing DSP latency (root=mul_ln65_1823) to 3 in order to utilize available DSP registers.
INFO: [HLS 200-486] Changing DSP latency (root=tmp2949) to 3 in order to utilize available DSP registers.
INFO: [HLS 200-486] Changing DSP latency (root=tmp2930) to 3 in order to utilize available DSP registers.
INFO: [HLS 200-486] Changing DSP latency (root=mul_ln65_1816) to 3 in order to utilize available DSP registers.
INFO: [HLS 200-486] Changing DSP latency (root=mul_ln65_1815) to 3 in order to utilize available DSP registers.
INFO: [HLS 200-486] Changing DSP latency (root=acc_3771) to 3 in order to utilize available DSP registers.
INFO: [HLS 200-486] Changing DSP latency (root=mul_ln65_1818) to 3 in order to utilize available DSP registers.
INFO: [HLS 200-486] Changing DSP latency (root=tmp2932) to 3 in order to utilize available DSP registers.
INFO: [HLS 200-486] Changing DSP latency (root=tmp2913) to 3 in order to utilize available DSP registers.
INFO: [HLS 200-486] Changing DSP latency (root=mul_ln65_1811) to 3 in order to utilize available DSP registers.
INFO: [HLS 200-486] Changing DSP latency (root=mul_ln65_1810) to 3 in order to utilize available DSP registers.
INFO: [HLS 200-486] Changing DSP latency (root=acc_3764) to 3 in order to utilize available DSP registers.
INFO: [HLS 200-486] Changing DSP latency (root=mul_ln65_1813) to 3 in order to utilize available DSP registers.
INFO: [HLS 200-486] Changing DSP latency (root=tmp2915) to 3 in order to utilize available DSP registers.
INFO: [HLS 200-486] Changing DSP latency (root=tmp2896) to 3 in order to utilize available DSP registers.
INFO: [HLS 200-486] Changing DSP latency (root=mul_ln65_1806) to 3 in order to utilize available DSP registers.
INFO: [HLS 200-486] Changing DSP latency (root=mul_ln65_1805) to 3 in order to utilize available DSP registers.
INFO: [HLS 200-486] Changing DSP latency (root=acc_3757) to 3 in order to utilize available DSP registers.
INFO: [HLS 200-486] Changing DSP latency (root=mul_ln65_1808) to 3 in order to utilize available DSP registers.
INFO: [HLS 200-486] Changing DSP latency (root=tmp2898) to 3 in order to utilize available DSP registers.
INFO: [HLS 200-486] Changing DSP latency (root=tmp2879) to 3 in order to utilize available DSP registers.
INFO: [HLS 200-486] Changing DSP latency (root=mul_ln65_1801) to 3 in order to utilize available DSP registers.
INFO: [HLS 200-486] Changing DSP latency (root=mul_ln65_1800) to 3 in order to utilize available DSP registers.
INFO: [HLS 200-486] Changing DSP latency (root=acc_3750) to 3 in order to utilize available DSP registers.
INFO: [HLS 200-486] Changing DSP latency (root=mul_ln65_1803) to 3 in order to utilize available DSP registers.
INFO: [HLS 200-486] Changing DSP latency (root=tmp2881) to 3 in order to utilize available DSP registers.
INFO: [HLS 200-486] Changing DSP latency (root=tmp2862) to 3 in order to utilize available DSP registers.
INFO: [HLS 200-486] Changing DSP latency (root=mul_ln65_1796) to 3 in order to utilize available DSP registers.
INFO: [HLS 200-486] Changing DSP latency (root=mul_ln65_1795) to 3 in order to utilize available DSP registers.
INFO: [HLS 200-486] Changing DSP latency (root=acc_3743) to 3 in order to utilize available DSP registers.
INFO: [HLS 200-486] Changing DSP latency (root=mul_ln65_1798) to 3 in order to utilize available DSP registers.
INFO: [HLS 200-486] Changing DSP latency (root=tmp2864) to 3 in order to utilize available DSP registers.
INFO: [HLS 200-486] Changing DSP latency (root=tmp2845) to 3 in order to utilize available DSP registers.
INFO: [HLS 200-486] Changing DSP latency (root=mul_ln65_1791) to 3 in order to utilize available DSP registers.
INFO: [HLS 200-486] Changing DSP latency (root=mul_ln65_1790) to 3 in order to utilize available DSP registers.
INFO: [HLS 200-486] Changing DSP latency (root=acc_3736) to 3 in order to utilize available DSP registers.
INFO: [HLS 200-486] Changing DSP latency (root=mul_ln65_1793) to 3 in order to utilize available DSP registers.
INFO: [HLS 200-486] Changing DSP latency (root=tmp2847) to 3 in order to utilize available DSP registers.
INFO: [HLS 200-486] Changing DSP latency (root=tmp2828) to 3 in order to utilize available DSP registers.
INFO: [HLS 200-486] Changing DSP latency (root=mul_ln65_1786) to 3 in order to utilize available DSP registers.
INFO: [HLS 200-486] Changing DSP latency (root=mul_ln65_1785) to 3 in order to utilize available DSP registers.
INFO: [HLS 200-486] Changing DSP latency (root=acc_3729) to 3 in order to utilize available DSP registers.
INFO: [HLS 200-486] Changing DSP latency (root=mul_ln65_1788) to 3 in order to utilize available DSP registers.
INFO: [HLS 200-486] Changing DSP latency (root=tmp2830) to 3 in order to utilize available DSP registers.
INFO: [HLS 200-486] Changing DSP latency (root=tmp2811) to 3 in order to utilize available DSP registers.
INFO: [HLS 200-486] Changing DSP latency (root=mul_ln65_1781) to 3 in order to utilize available DSP registers.
INFO: [HLS 200-486] Changing DSP latency (root=mul_ln65_1780) to 3 in order to utilize available DSP registers.
INFO: [HLS 200-486] Changing DSP latency (root=acc_3722) to 3 in order to utilize available DSP registers.
INFO: [HLS 200-486] Changing DSP latency (root=mul_ln65_1783) to 3 in order to utilize available DSP registers.
INFO: [HLS 200-486] Changing DSP latency (root=tmp2813) to 3 in order to utilize available DSP registers.
INFO: [HLS 200-486] Changing DSP latency (root=tmp2794) to 3 in order to utilize available DSP registers.
INFO: [HLS 200-486] Changing DSP latency (root=mul_ln65_1776) to 3 in order to utilize available DSP registers.
INFO: [HLS 200-486] Changing DSP latency (root=mul_ln65_1775) to 3 in order to utilize available DSP registers.
INFO: [HLS 200-486] Changing DSP latency (root=acc_3715) to 3 in order to utilize available DSP registers.
INFO: [HLS 200-486] Changing DSP latency (root=mul_ln65_1778) to 3 in order to utilize available DSP registers.
INFO: [HLS 200-486] Changing DSP latency (root=tmp2796) to 3 in order to utilize available DSP registers.
INFO: [HLS 200-486] Changing DSP latency (root=tmp2777) to 3 in order to utilize available DSP registers.
INFO: [HLS 200-486] Changing DSP latency (root=mul_ln65_1771) to 3 in order to utilize available DSP registers.
INFO: [HLS 200-486] Changing DSP latency (root=mul_ln65_1770) to 3 in order to utilize available DSP registers.
INFO: [HLS 200-486] Changing DSP latency (root=acc_3708) to 3 in order to utilize available DSP registers.
INFO: [HLS 200-486] Changing DSP latency (root=mul_ln65_1773) to 3 in order to utilize available DSP registers.
INFO: [HLS 200-486] Changing DSP latency (root=tmp2779) to 3 in order to utilize available DSP registers.
INFO: [HLS 200-486] Changing DSP latency (root=mul_ln58_599) to 3 in order to utilize available DSP registers.
INFO: [HLS 200-486] Changing DSP latency (root=tmp2769) to 3 in order to utilize available DSP registers.
INFO: [HLS 200-486] Changing DSP latency (root=tmp2764) to 3 in order to utilize available DSP registers.
INFO: [HLS 200-486] Changing DSP latency (root=tmp2766) to 3 in order to utilize available DSP registers.
INFO: [HLS 200-486] Changing DSP latency (root=mul_ln65_1767) to 3 in order to utilize available DSP registers.
INFO: [HLS 200-486] Changing DSP latency (root=tmp2772) to 3 in order to utilize available DSP registers.
INFO: [HLS 200-486] Changing DSP latency (root=mul_ln65_1768) to 3 in order to utilize available DSP registers.
INFO: [HLS 200-486] Changing DSP latency (root=mul_ln58_597) to 3 in order to utilize available DSP registers.
INFO: [HLS 200-486] Changing DSP latency (root=tmp2750) to 3 in order to utilize available DSP registers.
INFO: [HLS 200-486] Changing DSP latency (root=tmp2745) to 3 in order to utilize available DSP registers.
INFO: [HLS 200-486] Changing DSP latency (root=tmp2747) to 3 in order to utilize available DSP registers.
INFO: [HLS 200-486] Changing DSP latency (root=mul_ln65_1762) to 3 in order to utilize available DSP registers.
INFO: [HLS 200-486] Changing DSP latency (root=tmp2753) to 3 in order to utilize available DSP registers.
INFO: [HLS 200-486] Changing DSP latency (root=mul_ln65_1763) to 3 in order to utilize available DSP registers.
INFO: [HLS 200-486] Changing DSP latency (root=mul_ln58_595) to 3 in order to utilize available DSP registers.
INFO: [HLS 200-486] Changing DSP latency (root=tmp2731) to 3 in order to utilize available DSP registers.
INFO: [HLS 200-486] Changing DSP latency (root=tmp2726) to 3 in order to utilize available DSP registers.
INFO: [HLS 200-486] Changing DSP latency (root=tmp2728) to 3 in order to utilize available DSP registers.
INFO: [HLS 200-486] Changing DSP latency (root=mul_ln65_1757) to 3 in order to utilize available DSP registers.
INFO: [HLS 200-486] Changing DSP latency (root=tmp2734) to 3 in order to utilize available DSP registers.
INFO: [HLS 200-486] Changing DSP latency (root=mul_ln65_1758) to 3 in order to utilize available DSP registers.
INFO: [HLS 200-486] Changing DSP latency (root=mul_ln58_593) to 3 in order to utilize available DSP registers.
INFO: [HLS 200-486] Changing DSP latency (root=tmp2712) to 3 in order to utilize available DSP registers.
INFO: [HLS 200-486] Changing DSP latency (root=tmp2707) to 3 in order to utilize available DSP registers.
INFO: [HLS 200-486] Changing DSP latency (root=tmp2709) to 3 in order to utilize available DSP registers.
INFO: [HLS 200-486] Changing DSP latency (root=mul_ln65_1752) to 3 in order to utilize available DSP registers.
INFO: [HLS 200-486] Changing DSP latency (root=tmp2715) to 3 in order to utilize available DSP registers.
INFO: [HLS 200-486] Changing DSP latency (root=mul_ln65_1753) to 3 in order to utilize available DSP registers.
INFO: [HLS 200-486] Changing DSP latency (root=mul_ln58_591) to 3 in order to utilize available DSP registers.
INFO: [HLS 200-486] Changing DSP latency (root=tmp2693) to 3 in order to utilize available DSP registers.
INFO: [HLS 200-486] Changing DSP latency (root=tmp2688) to 3 in order to utilize available DSP registers.
INFO: [HLS 200-486] Changing DSP latency (root=tmp2690) to 3 in order to utilize available DSP registers.
INFO: [HLS 200-486] Changing DSP latency (root=mul_ln65_1747) to 3 in order to utilize available DSP registers.
INFO: [HLS 200-486] Changing DSP latency (root=tmp2696) to 3 in order to utilize available DSP registers.
INFO: [HLS 200-486] Changing DSP latency (root=mul_ln65_1748) to 3 in order to utilize available DSP registers.
INFO: [HLS 200-486] Changing DSP latency (root=mul_ln58_589) to 3 in order to utilize available DSP registers.
INFO: [HLS 200-486] Changing DSP latency (root=tmp2674) to 3 in order to utilize available DSP registers.
INFO: [HLS 200-486] Changing DSP latency (root=tmp2669) to 3 in order to utilize available DSP registers.
INFO: [HLS 200-486] Changing DSP latency (root=tmp2671) to 3 in order to utilize available DSP registers.
INFO: [HLS 200-486] Changing DSP latency (root=mul_ln65_1742) to 3 in order to utilize available DSP registers.
INFO: [HLS 200-486] Changing DSP latency (root=tmp2677) to 3 in order to utilize available DSP registers.
INFO: [HLS 200-486] Changing DSP latency (root=mul_ln65_1743) to 3 in order to utilize available DSP registers.
INFO: [HLS 200-486] Changing DSP latency (root=mul_ln58_587) to 3 in order to utilize available DSP registers.
INFO: [HLS 200-486] Changing DSP latency (root=tmp2655) to 3 in order to utilize available DSP registers.
INFO: [HLS 200-486] Changing DSP latency (root=tmp2650) to 3 in order to utilize available DSP registers.
INFO: [HLS 200-486] Changing DSP latency (root=tmp2652) to 3 in order to utilize available DSP registers.
INFO: [HLS 200-486] Changing DSP latency (root=mul_ln65_1737) to 3 in order to utilize available DSP registers.
INFO: [HLS 200-486] Changing DSP latency (root=tmp2658) to 3 in order to utilize available DSP registers.
INFO: [HLS 200-486] Changing DSP latency (root=mul_ln65_1738) to 3 in order to utilize available DSP registers.
INFO: [HLS 200-486] Changing DSP latency (root=mul_ln58_585) to 3 in order to utilize available DSP registers.
INFO: [HLS 200-486] Changing DSP latency (root=tmp2636) to 3 in order to utilize available DSP registers.
INFO: [HLS 200-486] Changing DSP latency (root=tmp2631) to 3 in order to utilize available DSP registers.
INFO: [HLS 200-486] Changing DSP latency (root=tmp2633) to 3 in order to utilize available DSP registers.
INFO: [HLS 200-486] Changing DSP latency (root=mul_ln65_1732) to 3 in order to utilize available DSP registers.
INFO: [HLS 200-486] Changing DSP latency (root=tmp2639) to 3 in order to utilize available DSP registers.
INFO: [HLS 200-486] Changing DSP latency (root=mul_ln65_1733) to 3 in order to utilize available DSP registers.
INFO: [HLS 200-486] Changing DSP latency (root=mul_ln58_583) to 3 in order to utilize available DSP registers.
INFO: [HLS 200-486] Changing DSP latency (root=tmp2617) to 3 in order to utilize available DSP registers.
INFO: [HLS 200-486] Changing DSP latency (root=tmp2612) to 3 in order to utilize available DSP registers.
INFO: [HLS 200-486] Changing DSP latency (root=tmp2614) to 3 in order to utilize available DSP registers.
INFO: [HLS 200-486] Changing DSP latency (root=mul_ln65_1727) to 3 in order to utilize available DSP registers.
INFO: [HLS 200-486] Changing DSP latency (root=tmp2620) to 3 in order to utilize available DSP registers.
INFO: [HLS 200-486] Changing DSP latency (root=mul_ln65_1728) to 3 in order to utilize available DSP registers.
INFO: [HLS 200-486] Changing DSP latency (root=mul_ln58_581) to 3 in order to utilize available DSP registers.
INFO: [HLS 200-486] Changing DSP latency (root=tmp2598) to 3 in order to utilize available DSP registers.
INFO: [HLS 200-486] Changing DSP latency (root=tmp2593) to 3 in order to utilize available DSP registers.
INFO: [HLS 200-486] Changing DSP latency (root=tmp2595) to 3 in order to utilize available DSP registers.
INFO: [HLS 200-486] Changing DSP latency (root=mul_ln65_1722) to 3 in order to utilize available DSP registers.
INFO: [HLS 200-486] Changing DSP latency (root=tmp2601) to 3 in order to utilize available DSP registers.
INFO: [HLS 200-486] Changing DSP latency (root=mul_ln65_1723) to 3 in order to utilize available DSP registers.
INFO: [HLS 200-486] Changing DSP latency (root=mul_ln58_579) to 3 in order to utilize available DSP registers.
INFO: [HLS 200-486] Changing DSP latency (root=tmp2579) to 3 in order to utilize available DSP registers.
INFO: [HLS 200-486] Changing DSP latency (root=tmp2574) to 3 in order to utilize available DSP registers.
INFO: [HLS 200-486] Changing DSP latency (root=tmp2576) to 3 in order to utilize available DSP registers.
INFO: [HLS 200-486] Changing DSP latency (root=mul_ln65_1717) to 3 in order to utilize available DSP registers.
INFO: [HLS 200-486] Changing DSP latency (root=tmp2582) to 3 in order to utilize available DSP registers.
INFO: [HLS 200-486] Changing DSP latency (root=mul_ln65_1718) to 3 in order to utilize available DSP registers.
INFO: [HLS 200-486] Changing DSP latency (root=mul_ln58_577) to 3 in order to utilize available DSP registers.
INFO: [HLS 200-486] Changing DSP latency (root=tmp2560) to 3 in order to utilize available DSP registers.
INFO: [HLS 200-486] Changing DSP latency (root=tmp2555) to 3 in order to utilize available DSP registers.
INFO: [HLS 200-486] Changing DSP latency (root=tmp2557) to 3 in order to utilize available DSP registers.
INFO: [HLS 200-486] Changing DSP latency (root=mul_ln65_1712) to 3 in order to utilize available DSP registers.
INFO: [HLS 200-486] Changing DSP latency (root=tmp2563) to 3 in order to utilize available DSP registers.
INFO: [HLS 200-486] Changing DSP latency (root=mul_ln65_1713) to 3 in order to utilize available DSP registers.
INFO: [HLS 200-486] Changing DSP latency (root=mul_ln58_575) to 3 in order to utilize available DSP registers.
INFO: [HLS 200-486] Changing DSP latency (root=tmp2541) to 3 in order to utilize available DSP registers.
INFO: [HLS 200-486] Changing DSP latency (root=tmp2536) to 3 in order to utilize available DSP registers.
INFO: [HLS 200-486] Changing DSP latency (root=tmp2538) to 3 in order to utilize available DSP registers.
INFO: [HLS 200-486] Changing DSP latency (root=mul_ln65_1707) to 3 in order to utilize available DSP registers.
INFO: [HLS 200-486] Changing DSP latency (root=tmp2544) to 3 in order to utilize available DSP registers.
INFO: [HLS 200-486] Changing DSP latency (root=mul_ln65_1708) to 3 in order to utilize available DSP registers.
INFO: [HLS 200-486] Changing DSP latency (root=mul_ln58_573) to 3 in order to utilize available DSP registers.
INFO: [HLS 200-486] Changing DSP latency (root=tmp2522) to 3 in order to utilize available DSP registers.
INFO: [HLS 200-486] Changing DSP latency (root=tmp2517) to 3 in order to utilize available DSP registers.
INFO: [HLS 200-486] Changing DSP latency (root=tmp2519) to 3 in order to utilize available DSP registers.
INFO: [HLS 200-486] Changing DSP latency (root=mul_ln65_1702) to 3 in order to utilize available DSP registers.
INFO: [HLS 200-486] Changing DSP latency (root=tmp2525) to 3 in order to utilize available DSP registers.
INFO: [HLS 200-486] Changing DSP latency (root=mul_ln65_1703) to 3 in order to utilize available DSP registers.
INFO: [HLS 200-486] Changing DSP latency (root=mul_ln58_571) to 3 in order to utilize available DSP registers.
INFO: [HLS 200-486] Changing DSP latency (root=tmp2503) to 3 in order to utilize available DSP registers.
INFO: [HLS 200-486] Changing DSP latency (root=tmp2498) to 3 in order to utilize available DSP registers.
INFO: [HLS 200-486] Changing DSP latency (root=tmp2500) to 3 in order to utilize available DSP registers.
INFO: [HLS 200-486] Changing DSP latency (root=mul_ln65_1697) to 3 in order to utilize available DSP registers.
INFO: [HLS 200-486] Changing DSP latency (root=tmp2506) to 3 in order to utilize available DSP registers.
INFO: [HLS 200-486] Changing DSP latency (root=mul_ln65_1698) to 3 in order to utilize available DSP registers.
INFO: [HLS 200-486] Changing DSP latency (root=mul_ln65_1687) to 3 in order to utilize available DSP registers.
INFO: [HLS 200-486] Changing DSP latency (root=mul_ln65_1685) to 3 in order to utilize available DSP registers.
INFO: [HLS 200-486] Changing DSP latency (root=tmp2479) to 3 in order to utilize available DSP registers.
INFO: [HLS 200-486] Changing DSP latency (root=mul_ln65_1690) to 3 in order to utilize available DSP registers.
INFO: [HLS 200-486] Changing DSP latency (root=mul_ln65_1689) to 3 in order to utilize available DSP registers.
INFO: [HLS 200-486] Changing DSP latency (root=mul_ln65_1693) to 3 in order to utilize available DSP registers.
INFO: [HLS 200-486] Changing DSP latency (root=mul_ln65_1692) to 3 in order to utilize available DSP registers.
INFO: [HLS 200-486] Changing DSP latency (root=mul_ln65_1691) to 3 in order to utilize available DSP registers.
INFO: [HLS 200-486] Changing DSP latency (root=mul_ln65_1678) to 3 in order to utilize available DSP registers.
INFO: [HLS 200-486] Changing DSP latency (root=mul_ln65_1676) to 3 in order to utilize available DSP registers.
INFO: [HLS 200-486] Changing DSP latency (root=tmp2469) to 3 in order to utilize available DSP registers.
INFO: [HLS 200-486] Changing DSP latency (root=mul_ln65_1681) to 3 in order to utilize available DSP registers.
INFO: [HLS 200-486] Changing DSP latency (root=mul_ln65_1680) to 3 in order to utilize available DSP registers.
INFO: [HLS 200-486] Changing DSP latency (root=mul_ln65_1684) to 3 in order to utilize available DSP registers.
INFO: [HLS 200-486] Changing DSP latency (root=mul_ln65_1683) to 3 in order to utilize available DSP registers.
INFO: [HLS 200-486] Changing DSP latency (root=mul_ln65_1682) to 3 in order to utilize available DSP registers.
INFO: [HLS 200-486] Changing DSP latency (root=mul_ln65_1669) to 3 in order to utilize available DSP registers.
INFO: [HLS 200-486] Changing DSP latency (root=mul_ln65_1667) to 3 in order to utilize available DSP registers.
INFO: [HLS 200-486] Changing DSP latency (root=tmp2459) to 3 in order to utilize available DSP registers.
INFO: [HLS 200-486] Changing DSP latency (root=mul_ln65_1672) to 3 in order to utilize available DSP registers.
INFO: [HLS 200-486] Changing DSP latency (root=mul_ln65_1671) to 3 in order to utilize available DSP registers.
INFO: [HLS 200-486] Changing DSP latency (root=mul_ln65_1675) to 3 in order to utilize available DSP registers.
INFO: [HLS 200-486] Changing DSP latency (root=mul_ln65_1674) to 3 in order to utilize available DSP registers.
INFO: [HLS 200-486] Changing DSP latency (root=mul_ln65_1673) to 3 in order to utilize available DSP registers.
INFO: [HLS 200-486] Changing DSP latency (root=mul_ln65_1660) to 3 in order to utilize available DSP registers.
INFO: [HLS 200-486] Changing DSP latency (root=mul_ln65_1658) to 3 in order to utilize available DSP registers.
INFO: [HLS 200-486] Changing DSP latency (root=tmp2449) to 3 in order to utilize available DSP registers.
INFO: [HLS 200-486] Changing DSP latency (root=mul_ln65_1663) to 3 in order to utilize available DSP registers.
INFO: [HLS 200-486] Changing DSP latency (root=mul_ln65_1662) to 3 in order to utilize available DSP registers.
INFO: [HLS 200-486] Changing DSP latency (root=mul_ln65_1666) to 3 in order to utilize available DSP registers.
INFO: [HLS 200-486] Changing DSP latency (root=mul_ln65_1665) to 3 in order to utilize available DSP registers.
INFO: [HLS 200-486] Changing DSP latency (root=mul_ln65_1664) to 3 in order to utilize available DSP registers.
INFO: [HLS 200-486] Changing DSP latency (root=mul_ln65_1651) to 3 in order to utilize available DSP registers.
INFO: [HLS 200-486] Changing DSP latency (root=mul_ln65_1649) to 3 in order to utilize available DSP registers.
INFO: [HLS 200-486] Changing DSP latency (root=tmp2439) to 3 in order to utilize available DSP registers.
INFO: [HLS 200-486] Changing DSP latency (root=mul_ln65_1654) to 3 in order to utilize available DSP registers.
INFO: [HLS 200-486] Changing DSP latency (root=mul_ln65_1653) to 3 in order to utilize available DSP registers.
INFO: [HLS 200-486] Changing DSP latency (root=mul_ln65_1657) to 3 in order to utilize available DSP registers.
INFO: [HLS 200-486] Changing DSP latency (root=mul_ln65_1656) to 3 in order to utilize available DSP registers.
INFO: [HLS 200-486] Changing DSP latency (root=mul_ln65_1655) to 3 in order to utilize available DSP registers.
INFO: [HLS 200-486] Changing DSP latency (root=mul_ln65_1642) to 3 in order to utilize available DSP registers.
INFO: [HLS 200-486] Changing DSP latency (root=mul_ln65_1640) to 3 in order to utilize available DSP registers.
INFO: [HLS 200-486] Changing DSP latency (root=tmp2429) to 3 in order to utilize available DSP registers.
INFO: [HLS 200-486] Changing DSP latency (root=mul_ln65_1645) to 3 in order to utilize available DSP registers.
INFO: [HLS 200-486] Changing DSP latency (root=mul_ln65_1644) to 3 in order to utilize available DSP registers.
INFO: [HLS 200-486] Changing DSP latency (root=mul_ln65_1648) to 3 in order to utilize available DSP registers.
INFO: [HLS 200-486] Changing DSP latency (root=mul_ln65_1647) to 3 in order to utilize available DSP registers.
INFO: [HLS 200-486] Changing DSP latency (root=mul_ln65_1646) to 3 in order to utilize available DSP registers.
INFO: [HLS 200-486] Changing DSP latency (root=mul_ln65_1633) to 3 in order to utilize available DSP registers.
INFO: [HLS 200-486] Changing DSP latency (root=mul_ln65_1631) to 3 in order to utilize available DSP registers.
INFO: [HLS 200-486] Changing DSP latency (root=tmp2419) to 3 in order to utilize available DSP registers.
INFO: [HLS 200-486] Changing DSP latency (root=mul_ln65_1636) to 3 in order to utilize available DSP registers.
INFO: [HLS 200-486] Changing DSP latency (root=mul_ln65_1635) to 3 in order to utilize available DSP registers.
INFO: [HLS 200-486] Changing DSP latency (root=mul_ln65_1639) to 3 in order to utilize available DSP registers.
INFO: [HLS 200-486] Changing DSP latency (root=mul_ln65_1638) to 3 in order to utilize available DSP registers.
INFO: [HLS 200-486] Changing DSP latency (root=mul_ln65_1637) to 3 in order to utilize available DSP registers.
INFO: [HLS 200-486] Changing DSP latency (root=mul_ln65_1624) to 3 in order to utilize available DSP registers.
INFO: [HLS 200-486] Changing DSP latency (root=mul_ln65_1622) to 3 in order to utilize available DSP registers.
INFO: [HLS 200-486] Changing DSP latency (root=tmp2409) to 3 in order to utilize available DSP registers.
INFO: [HLS 200-486] Changing DSP latency (root=mul_ln65_1627) to 3 in order to utilize available DSP registers.
INFO: [HLS 200-486] Changing DSP latency (root=mul_ln65_1626) to 3 in order to utilize available DSP registers.
INFO: [HLS 200-486] Changing DSP latency (root=mul_ln65_1630) to 3 in order to utilize available DSP registers.
INFO: [HLS 200-486] Changing DSP latency (root=mul_ln65_1629) to 3 in order to utilize available DSP registers.
INFO: [HLS 200-486] Changing DSP latency (root=mul_ln65_1628) to 3 in order to utilize available DSP registers.
INFO: [HLS 200-486] Changing DSP latency (root=mul_ln65_1615) to 3 in order to utilize available DSP registers.
INFO: [HLS 200-486] Changing DSP latency (root=mul_ln65_1613) to 3 in order to utilize available DSP registers.
INFO: [HLS 200-486] Changing DSP latency (root=tmp2399) to 3 in order to utilize available DSP registers.
INFO: [HLS 200-486] Changing DSP latency (root=mul_ln65_1618) to 3 in order to utilize available DSP registers.
INFO: [HLS 200-486] Changing DSP latency (root=mul_ln65_1617) to 3 in order to utilize available DSP registers.
INFO: [HLS 200-486] Changing DSP latency (root=mul_ln65_1621) to 3 in order to utilize available DSP registers.
INFO: [HLS 200-486] Changing DSP latency (root=mul_ln65_1620) to 3 in order to utilize available DSP registers.
INFO: [HLS 200-486] Changing DSP latency (root=mul_ln65_1619) to 3 in order to utilize available DSP registers.
INFO: [HLS 200-486] Changing DSP latency (root=mul_ln65_1606) to 3 in order to utilize available DSP registers.
INFO: [HLS 200-486] Changing DSP latency (root=mul_ln65_1604) to 3 in order to utilize available DSP registers.
INFO: [HLS 200-486] Changing DSP latency (root=tmp2389) to 3 in order to utilize available DSP registers.
INFO: [HLS 200-486] Changing DSP latency (root=mul_ln65_1609) to 3 in order to utilize available DSP registers.
INFO: [HLS 200-486] Changing DSP latency (root=mul_ln65_1608) to 3 in order to utilize available DSP registers.
INFO: [HLS 200-486] Changing DSP latency (root=mul_ln65_1612) to 3 in order to utilize available DSP registers.
INFO: [HLS 200-486] Changing DSP latency (root=mul_ln65_1611) to 3 in order to utilize available DSP registers.
INFO: [HLS 200-486] Changing DSP latency (root=mul_ln65_1610) to 3 in order to utilize available DSP registers.
INFO: [HLS 200-486] Changing DSP latency (root=mul_ln65_1597) to 3 in order to utilize available DSP registers.
INFO: [HLS 200-486] Changing DSP latency (root=mul_ln65_1595) to 3 in order to utilize available DSP registers.
INFO: [HLS 200-486] Changing DSP latency (root=tmp2379) to 3 in order to utilize available DSP registers.
INFO: [HLS 200-486] Changing DSP latency (root=mul_ln65_1600) to 3 in order to utilize available DSP registers.
INFO: [HLS 200-486] Changing DSP latency (root=mul_ln65_1599) to 3 in order to utilize available DSP registers.
INFO: [HLS 200-486] Changing DSP latency (root=mul_ln65_1603) to 3 in order to utilize available DSP registers.
INFO: [HLS 200-486] Changing DSP latency (root=mul_ln65_1602) to 3 in order to utilize available DSP registers.
INFO: [HLS 200-486] Changing DSP latency (root=mul_ln65_1601) to 3 in order to utilize available DSP registers.
INFO: [HLS 200-486] Changing DSP latency (root=mul_ln65_1588) to 3 in order to utilize available DSP registers.
INFO: [HLS 200-486] Changing DSP latency (root=mul_ln65_1586) to 3 in order to utilize available DSP registers.
INFO: [HLS 200-486] Changing DSP latency (root=tmp2369) to 3 in order to utilize available DSP registers.
INFO: [HLS 200-486] Changing DSP latency (root=mul_ln65_1591) to 3 in order to utilize available DSP registers.
INFO: [HLS 200-486] Changing DSP latency (root=mul_ln65_1590) to 3 in order to utilize available DSP registers.
INFO: [HLS 200-486] Changing DSP latency (root=mul_ln65_1594) to 3 in order to utilize available DSP registers.
INFO: [HLS 200-486] Changing DSP latency (root=mul_ln65_1593) to 3 in order to utilize available DSP registers.
INFO: [HLS 200-486] Changing DSP latency (root=mul_ln65_1592) to 3 in order to utilize available DSP registers.
INFO: [HLS 200-486] Changing DSP latency (root=mul_ln65_1579) to 3 in order to utilize available DSP registers.
INFO: [HLS 200-486] Changing DSP latency (root=mul_ln65_1577) to 3 in order to utilize available DSP registers.
INFO: [HLS 200-486] Changing DSP latency (root=tmp2359) to 3 in order to utilize available DSP registers.
INFO: [HLS 200-486] Changing DSP latency (root=mul_ln65_1582) to 3 in order to utilize available DSP registers.
INFO: [HLS 200-486] Changing DSP latency (root=mul_ln65_1581) to 3 in order to utilize available DSP registers.
INFO: [HLS 200-486] Changing DSP latency (root=mul_ln65_1585) to 3 in order to utilize available DSP registers.
INFO: [HLS 200-486] Changing DSP latency (root=mul_ln65_1584) to 3 in order to utilize available DSP registers.
INFO: [HLS 200-486] Changing DSP latency (root=mul_ln65_1583) to 3 in order to utilize available DSP registers.
INFO: [HLS 200-486] Changing DSP latency (root=mul_ln65_1570) to 3 in order to utilize available DSP registers.
INFO: [HLS 200-486] Changing DSP latency (root=mul_ln65_1568) to 3 in order to utilize available DSP registers.
INFO: [HLS 200-486] Changing DSP latency (root=tmp2349) to 3 in order to utilize available DSP registers.
INFO: [HLS 200-486] Changing DSP latency (root=mul_ln65_1573) to 3 in order to utilize available DSP registers.
INFO: [HLS 200-486] Changing DSP latency (root=mul_ln65_1572) to 3 in order to utilize available DSP registers.
INFO: [HLS 200-486] Changing DSP latency (root=mul_ln65_1576) to 3 in order to utilize available DSP registers.
INFO: [HLS 200-486] Changing DSP latency (root=mul_ln65_1575) to 3 in order to utilize available DSP registers.
INFO: [HLS 200-486] Changing DSP latency (root=mul_ln65_1574) to 3 in order to utilize available DSP registers.
INFO: [HLS 200-486] Changing DSP latency (root=mul_ln65_1561) to 3 in order to utilize available DSP registers.
INFO: [HLS 200-486] Changing DSP latency (root=mul_ln65_1559) to 3 in order to utilize available DSP registers.
INFO: [HLS 200-486] Changing DSP latency (root=tmp2339) to 3 in order to utilize available DSP registers.
INFO: [HLS 200-486] Changing DSP latency (root=mul_ln65_1564) to 3 in order to utilize available DSP registers.
INFO: [HLS 200-486] Changing DSP latency (root=mul_ln65_1563) to 3 in order to utilize available DSP registers.
INFO: [HLS 200-486] Changing DSP latency (root=mul_ln65_1567) to 3 in order to utilize available DSP registers.
INFO: [HLS 200-486] Changing DSP latency (root=mul_ln65_1566) to 3 in order to utilize available DSP registers.
INFO: [HLS 200-486] Changing DSP latency (root=mul_ln65_1565) to 3 in order to utilize available DSP registers.
INFO: [HLS 200-486] Changing DSP latency (root=mul_ln65_1558) to 3 in order to utilize available DSP registers.
INFO: [HLS 200-486] Changing DSP latency (root=mul_ln65_1551) to 3 in order to utilize available DSP registers.
INFO: [HLS 200-486] Changing DSP latency (root=mul_ln65_1552) to 3 in order to utilize available DSP registers.
INFO: [HLS 200-486] Changing DSP latency (root=mul_ln65_1553) to 3 in order to utilize available DSP registers.
INFO: [HLS 200-486] Changing DSP latency (root=mul_ln65_1554) to 3 in order to utilize available DSP registers.
INFO: [HLS 200-486] Changing DSP latency (root=mul_ln65_1556) to 3 in order to utilize available DSP registers.
INFO: [HLS 200-486] Changing DSP latency (root=mul_ln65_1557) to 3 in order to utilize available DSP registers.
INFO: [HLS 200-486] Changing DSP latency (root=mul_ln65_1555) to 3 in order to utilize available DSP registers.
INFO: [HLS 200-486] Changing DSP latency (root=mul_ln65_1550) to 3 in order to utilize available DSP registers.
INFO: [HLS 200-486] Changing DSP latency (root=mul_ln65_1543) to 3 in order to utilize available DSP registers.
INFO: [HLS 200-486] Changing DSP latency (root=mul_ln65_1544) to 3 in order to utilize available DSP registers.
INFO: [HLS 200-486] Changing DSP latency (root=mul_ln65_1545) to 3 in order to utilize available DSP registers.
INFO: [HLS 200-486] Changing DSP latency (root=mul_ln65_1546) to 3 in order to utilize available DSP registers.
INFO: [HLS 200-486] Changing DSP latency (root=mul_ln65_1548) to 3 in order to utilize available DSP registers.
INFO: [HLS 200-486] Changing DSP latency (root=mul_ln65_1549) to 3 in order to utilize available DSP registers.
INFO: [HLS 200-486] Changing DSP latency (root=mul_ln65_1547) to 3 in order to utilize available DSP registers.
INFO: [HLS 200-486] Changing DSP latency (root=mul_ln65_1542) to 3 in order to utilize available DSP registers.
INFO: [HLS 200-486] Changing DSP latency (root=mul_ln65_1535) to 3 in order to utilize available DSP registers.
INFO: [HLS 200-486] Changing DSP latency (root=mul_ln65_1536) to 3 in order to utilize available DSP registers.
INFO: [HLS 200-486] Changing DSP latency (root=mul_ln65_1537) to 3 in order to utilize available DSP registers.
INFO: [HLS 200-486] Changing DSP latency (root=mul_ln65_1538) to 3 in order to utilize available DSP registers.
INFO: [HLS 200-486] Changing DSP latency (root=mul_ln65_1540) to 3 in order to utilize available DSP registers.
INFO: [HLS 200-486] Changing DSP latency (root=mul_ln65_1541) to 3 in order to utilize available DSP registers.
INFO: [HLS 200-486] Changing DSP latency (root=mul_ln65_1539) to 3 in order to utilize available DSP registers.
INFO: [HLS 200-486] Changing DSP latency (root=mul_ln65_1534) to 3 in order to utilize available DSP registers.
INFO: [HLS 200-486] Changing DSP latency (root=mul_ln65_1527) to 3 in order to utilize available DSP registers.
INFO: [HLS 200-486] Changing DSP latency (root=mul_ln65_1528) to 3 in order to utilize available DSP registers.
INFO: [HLS 200-486] Changing DSP latency (root=mul_ln65_1529) to 3 in order to utilize available DSP registers.
INFO: [HLS 200-486] Changing DSP latency (root=mul_ln65_1530) to 3 in order to utilize available DSP registers.
INFO: [HLS 200-486] Changing DSP latency (root=mul_ln65_1532) to 3 in order to utilize available DSP registers.
INFO: [HLS 200-486] Changing DSP latency (root=mul_ln65_1533) to 3 in order to utilize available DSP registers.
INFO: [HLS 200-486] Changing DSP latency (root=mul_ln65_1531) to 3 in order to utilize available DSP registers.
INFO: [HLS 200-486] Changing DSP latency (root=mul_ln65_1526) to 3 in order to utilize available DSP registers.
INFO: [HLS 200-486] Changing DSP latency (root=mul_ln65_1519) to 3 in order to utilize available DSP registers.
INFO: [HLS 200-486] Changing DSP latency (root=mul_ln65_1520) to 3 in order to utilize available DSP registers.
INFO: [HLS 200-486] Changing DSP latency (root=mul_ln65_1521) to 3 in order to utilize available DSP registers.
INFO: [HLS 200-486] Changing DSP latency (root=mul_ln65_1522) to 3 in order to utilize available DSP registers.
INFO: [HLS 200-486] Changing DSP latency (root=mul_ln65_1524) to 3 in order to utilize available DSP registers.
INFO: [HLS 200-486] Changing DSP latency (root=mul_ln65_1525) to 3 in order to utilize available DSP registers.
INFO: [HLS 200-486] Changing DSP latency (root=mul_ln65_1523) to 3 in order to utilize available DSP registers.
INFO: [HLS 200-486] Changing DSP latency (root=mul_ln65_1518) to 3 in order to utilize available DSP registers.
INFO: [HLS 200-486] Changing DSP latency (root=mul_ln65_1511) to 3 in order to utilize available DSP registers.
INFO: [HLS 200-486] Changing DSP latency (root=mul_ln65_1512) to 3 in order to utilize available DSP registers.
INFO: [HLS 200-486] Changing DSP latency (root=mul_ln65_1513) to 3 in order to utilize available DSP registers.
INFO: [HLS 200-486] Changing DSP latency (root=mul_ln65_1514) to 3 in order to utilize available DSP registers.
INFO: [HLS 200-486] Changing DSP latency (root=mul_ln65_1516) to 3 in order to utilize available DSP registers.
INFO: [HLS 200-486] Changing DSP latency (root=mul_ln65_1517) to 3 in order to utilize available DSP registers.
INFO: [HLS 200-486] Changing DSP latency (root=mul_ln65_1515) to 3 in order to utilize available DSP registers.
INFO: [HLS 200-486] Changing DSP latency (root=mul_ln65_1510) to 3 in order to utilize available DSP registers.
INFO: [HLS 200-486] Changing DSP latency (root=mul_ln65_1503) to 3 in order to utilize available DSP registers.
INFO: [HLS 200-486] Changing DSP latency (root=mul_ln65_1504) to 3 in order to utilize available DSP registers.
INFO: [HLS 200-486] Changing DSP latency (root=mul_ln65_1505) to 3 in order to utilize available DSP registers.
INFO: [HLS 200-486] Changing DSP latency (root=mul_ln65_1506) to 3 in order to utilize available DSP registers.
INFO: [HLS 200-486] Changing DSP latency (root=mul_ln65_1508) to 3 in order to utilize available DSP registers.
INFO: [HLS 200-486] Changing DSP latency (root=mul_ln65_1509) to 3 in order to utilize available DSP registers.
INFO: [HLS 200-486] Changing DSP latency (root=mul_ln65_1507) to 3 in order to utilize available DSP registers.
INFO: [HLS 200-486] Changing DSP latency (root=mul_ln65_1502) to 3 in order to utilize available DSP registers.
INFO: [HLS 200-486] Changing DSP latency (root=mul_ln65_1495) to 3 in order to utilize available DSP registers.
INFO: [HLS 200-486] Changing DSP latency (root=mul_ln65_1496) to 3 in order to utilize available DSP registers.
INFO: [HLS 200-486] Changing DSP latency (root=mul_ln65_1497) to 3 in order to utilize available DSP registers.
INFO: [HLS 200-486] Changing DSP latency (root=mul_ln65_1498) to 3 in order to utilize available DSP registers.
INFO: [HLS 200-486] Changing DSP latency (root=mul_ln65_1500) to 3 in order to utilize available DSP registers.
INFO: [HLS 200-486] Changing DSP latency (root=mul_ln65_1501) to 3 in order to utilize available DSP registers.
INFO: [HLS 200-486] Changing DSP latency (root=mul_ln65_1499) to 3 in order to utilize available DSP registers.
INFO: [HLS 200-486] Changing DSP latency (root=mul_ln65_1494) to 3 in order to utilize available DSP registers.
INFO: [HLS 200-486] Changing DSP latency (root=mul_ln65_1487) to 3 in order to utilize available DSP registers.
INFO: [HLS 200-486] Changing DSP latency (root=mul_ln65_1488) to 3 in order to utilize available DSP registers.
INFO: [HLS 200-486] Changing DSP latency (root=mul_ln65_1489) to 3 in order to utilize available DSP registers.
INFO: [HLS 200-486] Changing DSP latency (root=mul_ln65_1490) to 3 in order to utilize available DSP registers.
INFO: [HLS 200-486] Changing DSP latency (root=mul_ln65_1492) to 3 in order to utilize available DSP registers.
INFO: [HLS 200-486] Changing DSP latency (root=mul_ln65_1493) to 3 in order to utilize available DSP registers.
INFO: [HLS 200-486] Changing DSP latency (root=mul_ln65_1491) to 3 in order to utilize available DSP registers.
INFO: [HLS 200-486] Changing DSP latency (root=mul_ln65_1486) to 3 in order to utilize available DSP registers.
INFO: [HLS 200-486] Changing DSP latency (root=mul_ln65_1479) to 3 in order to utilize available DSP registers.
INFO: [HLS 200-486] Changing DSP latency (root=mul_ln65_1480) to 3 in order to utilize available DSP registers.
INFO: [HLS 200-486] Changing DSP latency (root=mul_ln65_1481) to 3 in order to utilize available DSP registers.
INFO: [HLS 200-486] Changing DSP latency (root=mul_ln65_1482) to 3 in order to utilize available DSP registers.
INFO: [HLS 200-486] Changing DSP latency (root=mul_ln65_1484) to 3 in order to utilize available DSP registers.
INFO: [HLS 200-486] Changing DSP latency (root=mul_ln65_1485) to 3 in order to utilize available DSP registers.
INFO: [HLS 200-486] Changing DSP latency (root=mul_ln65_1483) to 3 in order to utilize available DSP registers.
INFO: [HLS 200-486] Changing DSP latency (root=mul_ln65_1478) to 3 in order to utilize available DSP registers.
INFO: [HLS 200-486] Changing DSP latency (root=mul_ln65_1471) to 3 in order to utilize available DSP registers.
INFO: [HLS 200-486] Changing DSP latency (root=mul_ln65_1472) to 3 in order to utilize available DSP registers.
INFO: [HLS 200-486] Changing DSP latency (root=mul_ln65_1473) to 3 in order to utilize available DSP registers.
INFO: [HLS 200-486] Changing DSP latency (root=mul_ln65_1474) to 3 in order to utilize available DSP registers.
INFO: [HLS 200-486] Changing DSP latency (root=mul_ln65_1476) to 3 in order to utilize available DSP registers.
INFO: [HLS 200-486] Changing DSP latency (root=mul_ln65_1477) to 3 in order to utilize available DSP registers.
INFO: [HLS 200-486] Changing DSP latency (root=mul_ln65_1475) to 3 in order to utilize available DSP registers.
INFO: [HLS 200-486] Changing DSP latency (root=mul_ln65_1470) to 3 in order to utilize available DSP registers.
INFO: [HLS 200-486] Changing DSP latency (root=mul_ln65_1463) to 3 in order to utilize available DSP registers.
INFO: [HLS 200-486] Changing DSP latency (root=mul_ln65_1464) to 3 in order to utilize available DSP registers.
INFO: [HLS 200-486] Changing DSP latency (root=mul_ln65_1465) to 3 in order to utilize available DSP registers.
INFO: [HLS 200-486] Changing DSP latency (root=mul_ln65_1466) to 3 in order to utilize available DSP registers.
INFO: [HLS 200-486] Changing DSP latency (root=mul_ln65_1468) to 3 in order to utilize available DSP registers.
INFO: [HLS 200-486] Changing DSP latency (root=mul_ln65_1469) to 3 in order to utilize available DSP registers.
INFO: [HLS 200-486] Changing DSP latency (root=mul_ln65_1467) to 3 in order to utilize available DSP registers.
INFO: [HLS 200-486] Changing DSP latency (root=mul_ln65_1462) to 3 in order to utilize available DSP registers.
INFO: [HLS 200-486] Changing DSP latency (root=mul_ln65_1455) to 3 in order to utilize available DSP registers.
INFO: [HLS 200-486] Changing DSP latency (root=mul_ln65_1456) to 3 in order to utilize available DSP registers.
INFO: [HLS 200-486] Changing DSP latency (root=mul_ln65_1457) to 3 in order to utilize available DSP registers.
INFO: [HLS 200-486] Changing DSP latency (root=mul_ln65_1458) to 3 in order to utilize available DSP registers.
INFO: [HLS 200-486] Changing DSP latency (root=mul_ln65_1460) to 3 in order to utilize available DSP registers.
INFO: [HLS 200-486] Changing DSP latency (root=mul_ln65_1461) to 3 in order to utilize available DSP registers.
INFO: [HLS 200-486] Changing DSP latency (root=mul_ln65_1459) to 3 in order to utilize available DSP registers.
INFO: [HLS 200-486] Changing DSP latency (root=mul_ln65_1454) to 3 in order to utilize available DSP registers.
INFO: [HLS 200-486] Changing DSP latency (root=mul_ln65_1447) to 3 in order to utilize available DSP registers.
INFO: [HLS 200-486] Changing DSP latency (root=mul_ln65_1448) to 3 in order to utilize available DSP registers.
INFO: [HLS 200-486] Changing DSP latency (root=mul_ln65_1449) to 3 in order to utilize available DSP registers.
INFO: [HLS 200-486] Changing DSP latency (root=mul_ln65_1450) to 3 in order to utilize available DSP registers.
INFO: [HLS 200-486] Changing DSP latency (root=mul_ln65_1452) to 3 in order to utilize available DSP registers.
INFO: [HLS 200-486] Changing DSP latency (root=mul_ln65_1453) to 3 in order to utilize available DSP registers.
INFO: [HLS 200-486] Changing DSP latency (root=mul_ln65_1451) to 3 in order to utilize available DSP registers.
INFO: [HLS 200-486] Changing DSP latency (root=mul_ln65_1446) to 3 in order to utilize available DSP registers.
INFO: [HLS 200-486] Changing DSP latency (root=mul_ln65_1439) to 3 in order to utilize available DSP registers.
INFO: [HLS 200-486] Changing DSP latency (root=mul_ln65_1440) to 3 in order to utilize available DSP registers.
INFO: [HLS 200-486] Changing DSP latency (root=mul_ln65_1441) to 3 in order to utilize available DSP registers.
INFO: [HLS 200-486] Changing DSP latency (root=mul_ln65_1442) to 3 in order to utilize available DSP registers.
INFO: [HLS 200-486] Changing DSP latency (root=mul_ln65_1444) to 3 in order to utilize available DSP registers.
INFO: [HLS 200-486] Changing DSP latency (root=mul_ln65_1445) to 3 in order to utilize available DSP registers.
INFO: [HLS 200-486] Changing DSP latency (root=mul_ln65_1443) to 3 in order to utilize available DSP registers.
INFO: [HLS 200-486] Changing DSP latency (root=mul_ln58_524) to 3 in order to utilize available DSP registers.
INFO: [HLS 200-486] Changing DSP latency (root=tmp2212) to 3 in order to utilize available DSP registers.
INFO: [HLS 200-486] Changing DSP latency (root=mul_ln65_1435) to 3 in order to utilize available DSP registers.
INFO: [HLS 200-486] Changing DSP latency (root=mul_ln65_1437) to 3 in order to utilize available DSP registers.
INFO: [HLS 200-486] Changing DSP latency (root=mul_ln65_1438) to 3 in order to utilize available DSP registers.
INFO: [HLS 200-486] Changing DSP latency (root=mul_ln58_388) to 3 in order to utilize available DSP registers.
INFO: [HLS 200-486] Changing DSP latency (root=mul_ln58_522) to 3 in order to utilize available DSP registers.
INFO: [HLS 200-486] Changing DSP latency (root=tmp2201) to 3 in order to utilize available DSP registers.
INFO: [HLS 200-486] Changing DSP latency (root=mul_ln65_1430) to 3 in order to utilize available DSP registers.
INFO: [HLS 200-486] Changing DSP latency (root=mul_ln65_1432) to 3 in order to utilize available DSP registers.
INFO: [HLS 200-486] Changing DSP latency (root=mul_ln65_1433) to 3 in order to utilize available DSP registers.
INFO: [HLS 200-486] Changing DSP latency (root=mul_ln58_387) to 3 in order to utilize available DSP registers.
INFO: [HLS 200-486] Changing DSP latency (root=mul_ln58_520) to 3 in order to utilize available DSP registers.
INFO: [HLS 200-486] Changing DSP latency (root=tmp2190) to 3 in order to utilize available DSP registers.
INFO: [HLS 200-486] Changing DSP latency (root=mul_ln65_1425) to 3 in order to utilize available DSP registers.
INFO: [HLS 200-486] Changing DSP latency (root=mul_ln65_1427) to 3 in order to utilize available DSP registers.
INFO: [HLS 200-486] Changing DSP latency (root=mul_ln65_1428) to 3 in order to utilize available DSP registers.
INFO: [HLS 200-486] Changing DSP latency (root=mul_ln58_386) to 3 in order to utilize available DSP registers.
INFO: [HLS 200-486] Changing DSP latency (root=mul_ln58_518) to 3 in order to utilize available DSP registers.
INFO: [HLS 200-486] Changing DSP latency (root=tmp2179) to 3 in order to utilize available DSP registers.
INFO: [HLS 200-486] Changing DSP latency (root=mul_ln65_1420) to 3 in order to utilize available DSP registers.
INFO: [HLS 200-486] Changing DSP latency (root=mul_ln65_1422) to 3 in order to utilize available DSP registers.
INFO: [HLS 200-486] Changing DSP latency (root=mul_ln65_1423) to 3 in order to utilize available DSP registers.
INFO: [HLS 200-486] Changing DSP latency (root=mul_ln58_385) to 3 in order to utilize available DSP registers.
INFO: [HLS 200-486] Changing DSP latency (root=mul_ln58_516) to 3 in order to utilize available DSP registers.
INFO: [HLS 200-486] Changing DSP latency (root=tmp2168) to 3 in order to utilize available DSP registers.
INFO: [HLS 200-486] Changing DSP latency (root=mul_ln65_1415) to 3 in order to utilize available DSP registers.
INFO: [HLS 200-486] Changing DSP latency (root=mul_ln65_1417) to 3 in order to utilize available DSP registers.
INFO: [HLS 200-486] Changing DSP latency (root=mul_ln65_1418) to 3 in order to utilize available DSP registers.
INFO: [HLS 200-486] Changing DSP latency (root=mul_ln58_384) to 3 in order to utilize available DSP registers.
INFO: [HLS 200-486] Changing DSP latency (root=mul_ln58_514) to 3 in order to utilize available DSP registers.
INFO: [HLS 200-486] Changing DSP latency (root=tmp2157) to 3 in order to utilize available DSP registers.
INFO: [HLS 200-486] Changing DSP latency (root=mul_ln65_1410) to 3 in order to utilize available DSP registers.
INFO: [HLS 200-486] Changing DSP latency (root=mul_ln65_1412) to 3 in order to utilize available DSP registers.
INFO: [HLS 200-486] Changing DSP latency (root=mul_ln65_1413) to 3 in order to utilize available DSP registers.
INFO: [HLS 200-486] Changing DSP latency (root=mul_ln58_383) to 3 in order to utilize available DSP registers.
INFO: [HLS 200-486] Changing DSP latency (root=mul_ln58_512) to 3 in order to utilize available DSP registers.
INFO: [HLS 200-486] Changing DSP latency (root=tmp2146) to 3 in order to utilize available DSP registers.
INFO: [HLS 200-486] Changing DSP latency (root=mul_ln65_1405) to 3 in order to utilize available DSP registers.
INFO: [HLS 200-486] Changing DSP latency (root=mul_ln65_1407) to 3 in order to utilize available DSP registers.
INFO: [HLS 200-486] Changing DSP latency (root=mul_ln65_1408) to 3 in order to utilize available DSP registers.
INFO: [HLS 200-486] Changing DSP latency (root=mul_ln58_382) to 3 in order to utilize available DSP registers.
INFO: [HLS 200-486] Changing DSP latency (root=mul_ln58_510) to 3 in order to utilize available DSP registers.
INFO: [HLS 200-486] Changing DSP latency (root=tmp2135) to 3 in order to utilize available DSP registers.
INFO: [HLS 200-486] Changing DSP latency (root=mul_ln65_1400) to 3 in order to utilize available DSP registers.
INFO: [HLS 200-486] Changing DSP latency (root=mul_ln65_1402) to 3 in order to utilize available DSP registers.
INFO: [HLS 200-486] Changing DSP latency (root=mul_ln65_1403) to 3 in order to utilize available DSP registers.
INFO: [HLS 200-486] Changing DSP latency (root=mul_ln58_381) to 3 in order to utilize available DSP registers.
INFO: [HLS 200-486] Changing DSP latency (root=mul_ln58_508) to 3 in order to utilize available DSP registers.
INFO: [HLS 200-486] Changing DSP latency (root=tmp2124) to 3 in order to utilize available DSP registers.
INFO: [HLS 200-486] Changing DSP latency (root=mul_ln65_1395) to 3 in order to utilize available DSP registers.
INFO: [HLS 200-486] Changing DSP latency (root=mul_ln65_1397) to 3 in order to utilize available DSP registers.
INFO: [HLS 200-486] Changing DSP latency (root=mul_ln65_1398) to 3 in order to utilize available DSP registers.
INFO: [HLS 200-486] Changing DSP latency (root=mul_ln58_380) to 3 in order to utilize available DSP registers.
INFO: [HLS 200-486] Changing DSP latency (root=mul_ln58_506) to 3 in order to utilize available DSP registers.
INFO: [HLS 200-486] Changing DSP latency (root=tmp2113) to 3 in order to utilize available DSP registers.
INFO: [HLS 200-486] Changing DSP latency (root=mul_ln65_1390) to 3 in order to utilize available DSP registers.
INFO: [HLS 200-486] Changing DSP latency (root=mul_ln65_1392) to 3 in order to utilize available DSP registers.
INFO: [HLS 200-486] Changing DSP latency (root=mul_ln65_1393) to 3 in order to utilize available DSP registers.
INFO: [HLS 200-486] Changing DSP latency (root=mul_ln58_379) to 3 in order to utilize available DSP registers.
INFO: [HLS 200-486] Changing DSP latency (root=mul_ln58_504) to 3 in order to utilize available DSP registers.
INFO: [HLS 200-486] Changing DSP latency (root=tmp2102) to 3 in order to utilize available DSP registers.
INFO: [HLS 200-486] Changing DSP latency (root=mul_ln65_1385) to 3 in order to utilize available DSP registers.
INFO: [HLS 200-486] Changing DSP latency (root=mul_ln65_1387) to 3 in order to utilize available DSP registers.
INFO: [HLS 200-486] Changing DSP latency (root=mul_ln65_1388) to 3 in order to utilize available DSP registers.
INFO: [HLS 200-486] Changing DSP latency (root=mul_ln58_378) to 3 in order to utilize available DSP registers.
INFO: [HLS 200-486] Changing DSP latency (root=mul_ln58_502) to 3 in order to utilize available DSP registers.
INFO: [HLS 200-486] Changing DSP latency (root=tmp2091) to 3 in order to utilize available DSP registers.
INFO: [HLS 200-486] Changing DSP latency (root=mul_ln65_1380) to 3 in order to utilize available DSP registers.
INFO: [HLS 200-486] Changing DSP latency (root=mul_ln65_1382) to 3 in order to utilize available DSP registers.
INFO: [HLS 200-486] Changing DSP latency (root=mul_ln65_1383) to 3 in order to utilize available DSP registers.
INFO: [HLS 200-486] Changing DSP latency (root=mul_ln58_377) to 3 in order to utilize available DSP registers.
INFO: [HLS 200-486] Changing DSP latency (root=mul_ln58_500) to 3 in order to utilize available DSP registers.
INFO: [HLS 200-486] Changing DSP latency (root=tmp2080) to 3 in order to utilize available DSP registers.
INFO: [HLS 200-486] Changing DSP latency (root=mul_ln65_1375) to 3 in order to utilize available DSP registers.
INFO: [HLS 200-486] Changing DSP latency (root=mul_ln65_1377) to 3 in order to utilize available DSP registers.
INFO: [HLS 200-486] Changing DSP latency (root=mul_ln65_1378) to 3 in order to utilize available DSP registers.
INFO: [HLS 200-486] Changing DSP latency (root=mul_ln58_376) to 3 in order to utilize available DSP registers.
INFO: [HLS 200-486] Changing DSP latency (root=mul_ln58_498) to 3 in order to utilize available DSP registers.
INFO: [HLS 200-486] Changing DSP latency (root=tmp2069) to 3 in order to utilize available DSP registers.
INFO: [HLS 200-486] Changing DSP latency (root=mul_ln65_1370) to 3 in order to utilize available DSP registers.
INFO: [HLS 200-486] Changing DSP latency (root=mul_ln65_1372) to 3 in order to utilize available DSP registers.
INFO: [HLS 200-486] Changing DSP latency (root=mul_ln65_1373) to 3 in order to utilize available DSP registers.
INFO: [HLS 200-486] Changing DSP latency (root=mul_ln58_375) to 3 in order to utilize available DSP registers.
INFO: [HLS 200-486] Changing DSP latency (root=mul_ln58_496) to 3 in order to utilize available DSP registers.
INFO: [HLS 200-486] Changing DSP latency (root=tmp2058) to 3 in order to utilize available DSP registers.
INFO: [HLS 200-486] Changing DSP latency (root=mul_ln65_1365) to 3 in order to utilize available DSP registers.
INFO: [HLS 200-486] Changing DSP latency (root=mul_ln65_1367) to 3 in order to utilize available DSP registers.
INFO: [HLS 200-486] Changing DSP latency (root=mul_ln65_1368) to 3 in order to utilize available DSP registers.
INFO: [HLS 200-486] Changing DSP latency (root=mul_ln58_374) to 3 in order to utilize available DSP registers.
INFO: [HLS 200-486] Changing DSP latency (root=mul_ln65_1363) to 3 in order to utilize available DSP registers.
INFO: [HLS 200-486] Changing DSP latency (root=mul_ln65_1356) to 3 in order to utilize available DSP registers.
INFO: [HLS 200-486] Changing DSP latency (root=mul_ln65_1359) to 3 in order to utilize available DSP registers.
INFO: [HLS 200-486] Changing DSP latency (root=tmp2049) to 3 in order to utilize available DSP registers.
INFO: [HLS 200-486] Changing DSP latency (root=tmp2052) to 3 in order to utilize available DSP registers.
INFO: [HLS 200-486] Changing DSP latency (root=mul_ln65_1360) to 3 in order to utilize available DSP registers.
INFO: [HLS 200-486] Changing DSP latency (root=mul_ln65_1361) to 3 in order to utilize available DSP registers.
INFO: [HLS 200-486] Changing DSP latency (root=mul_ln65_1362) to 3 in order to utilize available DSP registers.
INFO: [HLS 200-486] Changing DSP latency (root=mul_ln58_373) to 3 in order to utilize available DSP registers.
INFO: [HLS 200-486] Changing DSP latency (root=mul_ln65_1352) to 3 in order to utilize available DSP registers.
INFO: [HLS 200-486] Changing DSP latency (root=mul_ln65_1345) to 3 in order to utilize available DSP registers.
INFO: [HLS 200-486] Changing DSP latency (root=mul_ln65_1348) to 3 in order to utilize available DSP registers.
INFO: [HLS 200-486] Changing DSP latency (root=tmp2041) to 3 in order to utilize available DSP registers.
INFO: [HLS 200-486] Changing DSP latency (root=tmp2044) to 3 in order to utilize available DSP registers.
INFO: [HLS 200-486] Changing DSP latency (root=mul_ln65_1349) to 3 in order to utilize available DSP registers.
INFO: [HLS 200-486] Changing DSP latency (root=mul_ln65_1350) to 3 in order to utilize available DSP registers.
INFO: [HLS 200-486] Changing DSP latency (root=mul_ln65_1351) to 3 in order to utilize available DSP registers.
INFO: [HLS 200-486] Changing DSP latency (root=mul_ln58_372) to 3 in order to utilize available DSP registers.
INFO: [HLS 200-486] Changing DSP latency (root=mul_ln65_1341) to 3 in order to utilize available DSP registers.
INFO: [HLS 200-486] Changing DSP latency (root=mul_ln65_1334) to 3 in order to utilize available DSP registers.
INFO: [HLS 200-486] Changing DSP latency (root=mul_ln65_1337) to 3 in order to utilize available DSP registers.
INFO: [HLS 200-486] Changing DSP latency (root=tmp2033) to 3 in order to utilize available DSP registers.
INFO: [HLS 200-486] Changing DSP latency (root=tmp2036) to 3 in order to utilize available DSP registers.
INFO: [HLS 200-486] Changing DSP latency (root=mul_ln65_1338) to 3 in order to utilize available DSP registers.
INFO: [HLS 200-486] Changing DSP latency (root=mul_ln65_1339) to 3 in order to utilize available DSP registers.
INFO: [HLS 200-486] Changing DSP latency (root=mul_ln65_1340) to 3 in order to utilize available DSP registers.
INFO: [HLS 200-486] Changing DSP latency (root=mul_ln58_371) to 3 in order to utilize available DSP registers.
INFO: [HLS 200-486] Changing DSP latency (root=mul_ln65_1330) to 3 in order to utilize available DSP registers.
INFO: [HLS 200-486] Changing DSP latency (root=mul_ln65_1323) to 3 in order to utilize available DSP registers.
INFO: [HLS 200-486] Changing DSP latency (root=mul_ln65_1326) to 3 in order to utilize available DSP registers.
INFO: [HLS 200-486] Changing DSP latency (root=tmp2025) to 3 in order to utilize available DSP registers.
INFO: [HLS 200-486] Changing DSP latency (root=tmp2028) to 3 in order to utilize available DSP registers.
INFO: [HLS 200-486] Changing DSP latency (root=mul_ln65_1327) to 3 in order to utilize available DSP registers.
INFO: [HLS 200-486] Changing DSP latency (root=mul_ln65_1328) to 3 in order to utilize available DSP registers.
INFO: [HLS 200-486] Changing DSP latency (root=mul_ln65_1329) to 3 in order to utilize available DSP registers.
INFO: [HLS 200-486] Changing DSP latency (root=mul_ln58_370) to 3 in order to utilize available DSP registers.
INFO: [HLS 200-486] Changing DSP latency (root=mul_ln65_1319) to 3 in order to utilize available DSP registers.
INFO: [HLS 200-486] Changing DSP latency (root=mul_ln65_1312) to 3 in order to utilize available DSP registers.
INFO: [HLS 200-486] Changing DSP latency (root=mul_ln65_1315) to 3 in order to utilize available DSP registers.
INFO: [HLS 200-486] Changing DSP latency (root=tmp2017) to 3 in order to utilize available DSP registers.
INFO: [HLS 200-486] Changing DSP latency (root=tmp2020) to 3 in order to utilize available DSP registers.
INFO: [HLS 200-486] Changing DSP latency (root=mul_ln65_1316) to 3 in order to utilize available DSP registers.
INFO: [HLS 200-486] Changing DSP latency (root=mul_ln65_1317) to 3 in order to utilize available DSP registers.
INFO: [HLS 200-486] Changing DSP latency (root=mul_ln65_1318) to 3 in order to utilize available DSP registers.
INFO: [HLS 200-486] Changing DSP latency (root=mul_ln58_369) to 3 in order to utilize available DSP registers.
INFO: [HLS 200-486] Changing DSP latency (root=mul_ln65_1308) to 3 in order to utilize available DSP registers.
INFO: [HLS 200-486] Changing DSP latency (root=mul_ln65_1301) to 3 in order to utilize available DSP registers.
INFO: [HLS 200-486] Changing DSP latency (root=mul_ln65_1304) to 3 in order to utilize available DSP registers.
INFO: [HLS 200-486] Changing DSP latency (root=tmp2009) to 3 in order to utilize available DSP registers.
INFO: [HLS 200-486] Changing DSP latency (root=tmp2012) to 3 in order to utilize available DSP registers.
INFO: [HLS 200-486] Changing DSP latency (root=mul_ln65_1305) to 3 in order to utilize available DSP registers.
INFO: [HLS 200-486] Changing DSP latency (root=mul_ln65_1306) to 3 in order to utilize available DSP registers.
INFO: [HLS 200-486] Changing DSP latency (root=mul_ln65_1307) to 3 in order to utilize available DSP registers.
INFO: [HLS 200-486] Changing DSP latency (root=mul_ln58_368) to 3 in order to utilize available DSP registers.
INFO: [HLS 200-486] Changing DSP latency (root=mul_ln65_1297) to 3 in order to utilize available DSP registers.
INFO: [HLS 200-486] Changing DSP latency (root=mul_ln65_1290) to 3 in order to utilize available DSP registers.
INFO: [HLS 200-486] Changing DSP latency (root=mul_ln65_1293) to 3 in order to utilize available DSP registers.
INFO: [HLS 200-486] Changing DSP latency (root=tmp2001) to 3 in order to utilize available DSP registers.
INFO: [HLS 200-486] Changing DSP latency (root=tmp2004) to 3 in order to utilize available DSP registers.
INFO: [HLS 200-486] Changing DSP latency (root=mul_ln65_1294) to 3 in order to utilize available DSP registers.
INFO: [HLS 200-486] Changing DSP latency (root=mul_ln65_1295) to 3 in order to utilize available DSP registers.
INFO: [HLS 200-486] Changing DSP latency (root=mul_ln65_1296) to 3 in order to utilize available DSP registers.
INFO: [HLS 200-486] Changing DSP latency (root=mul_ln58_367) to 3 in order to utilize available DSP registers.
INFO: [HLS 200-486] Changing DSP latency (root=mul_ln65_1286) to 3 in order to utilize available DSP registers.
INFO: [HLS 200-486] Changing DSP latency (root=mul_ln65_1279) to 3 in order to utilize available DSP registers.
INFO: [HLS 200-486] Changing DSP latency (root=mul_ln65_1282) to 3 in order to utilize available DSP registers.
INFO: [HLS 200-486] Changing DSP latency (root=tmp1993) to 3 in order to utilize available DSP registers.
INFO: [HLS 200-486] Changing DSP latency (root=tmp1996) to 3 in order to utilize available DSP registers.
INFO: [HLS 200-486] Changing DSP latency (root=mul_ln65_1283) to 3 in order to utilize available DSP registers.
INFO: [HLS 200-486] Changing DSP latency (root=mul_ln65_1284) to 3 in order to utilize available DSP registers.
INFO: [HLS 200-486] Changing DSP latency (root=mul_ln65_1285) to 3 in order to utilize available DSP registers.
INFO: [HLS 200-486] Changing DSP latency (root=mul_ln58_366) to 3 in order to utilize available DSP registers.
INFO: [HLS 200-486] Changing DSP latency (root=mul_ln65_1275) to 3 in order to utilize available DSP registers.
INFO: [HLS 200-486] Changing DSP latency (root=mul_ln65_1268) to 3 in order to utilize available DSP registers.
INFO: [HLS 200-486] Changing DSP latency (root=mul_ln65_1271) to 3 in order to utilize available DSP registers.
INFO: [HLS 200-486] Changing DSP latency (root=tmp1985) to 3 in order to utilize available DSP registers.
INFO: [HLS 200-486] Changing DSP latency (root=tmp1988) to 3 in order to utilize available DSP registers.
INFO: [HLS 200-486] Changing DSP latency (root=mul_ln65_1272) to 3 in order to utilize available DSP registers.
INFO: [HLS 200-486] Changing DSP latency (root=mul_ln65_1273) to 3 in order to utilize available DSP registers.
INFO: [HLS 200-486] Changing DSP latency (root=mul_ln65_1274) to 3 in order to utilize available DSP registers.
INFO: [HLS 200-486] Changing DSP latency (root=mul_ln58_365) to 3 in order to utilize available DSP registers.
INFO: [HLS 200-486] Changing DSP latency (root=mul_ln65_1264) to 3 in order to utilize available DSP registers.
INFO: [HLS 200-486] Changing DSP latency (root=mul_ln65_1257) to 3 in order to utilize available DSP registers.
INFO: [HLS 200-486] Changing DSP latency (root=mul_ln65_1260) to 3 in order to utilize available DSP registers.
INFO: [HLS 200-486] Changing DSP latency (root=tmp1977) to 3 in order to utilize available DSP registers.
INFO: [HLS 200-486] Changing DSP latency (root=tmp1980) to 3 in order to utilize available DSP registers.
INFO: [HLS 200-486] Changing DSP latency (root=mul_ln65_1261) to 3 in order to utilize available DSP registers.
INFO: [HLS 200-486] Changing DSP latency (root=mul_ln65_1262) to 3 in order to utilize available DSP registers.
INFO: [HLS 200-486] Changing DSP latency (root=mul_ln65_1263) to 3 in order to utilize available DSP registers.
INFO: [HLS 200-486] Changing DSP latency (root=mul_ln58_364) to 3 in order to utilize available DSP registers.
INFO: [HLS 200-486] Changing DSP latency (root=mul_ln65_1253) to 3 in order to utilize available DSP registers.
INFO: [HLS 200-486] Changing DSP latency (root=mul_ln65_1246) to 3 in order to utilize available DSP registers.
INFO: [HLS 200-486] Changing DSP latency (root=mul_ln65_1249) to 3 in order to utilize available DSP registers.
INFO: [HLS 200-486] Changing DSP latency (root=tmp1969) to 3 in order to utilize available DSP registers.
INFO: [HLS 200-486] Changing DSP latency (root=tmp1972) to 3 in order to utilize available DSP registers.
INFO: [HLS 200-486] Changing DSP latency (root=mul_ln65_1250) to 3 in order to utilize available DSP registers.
INFO: [HLS 200-486] Changing DSP latency (root=mul_ln65_1251) to 3 in order to utilize available DSP registers.
INFO: [HLS 200-486] Changing DSP latency (root=mul_ln65_1252) to 3 in order to utilize available DSP registers.
INFO: [HLS 200-486] Changing DSP latency (root=mul_ln58_363) to 3 in order to utilize available DSP registers.
INFO: [HLS 200-486] Changing DSP latency (root=mul_ln65_1242) to 3 in order to utilize available DSP registers.
INFO: [HLS 200-486] Changing DSP latency (root=mul_ln65_1235) to 3 in order to utilize available DSP registers.
INFO: [HLS 200-486] Changing DSP latency (root=mul_ln65_1238) to 3 in order to utilize available DSP registers.
INFO: [HLS 200-486] Changing DSP latency (root=tmp1961) to 3 in order to utilize available DSP registers.
INFO: [HLS 200-486] Changing DSP latency (root=tmp1964) to 3 in order to utilize available DSP registers.
INFO: [HLS 200-486] Changing DSP latency (root=mul_ln65_1239) to 3 in order to utilize available DSP registers.
INFO: [HLS 200-486] Changing DSP latency (root=mul_ln65_1240) to 3 in order to utilize available DSP registers.
INFO: [HLS 200-486] Changing DSP latency (root=mul_ln65_1241) to 3 in order to utilize available DSP registers.
INFO: [HLS 200-486] Changing DSP latency (root=mul_ln58_362) to 3 in order to utilize available DSP registers.
INFO: [HLS 200-486] Changing DSP latency (root=mul_ln65_1231) to 3 in order to utilize available DSP registers.
INFO: [HLS 200-486] Changing DSP latency (root=mul_ln65_1224) to 3 in order to utilize available DSP registers.
INFO: [HLS 200-486] Changing DSP latency (root=mul_ln65_1227) to 3 in order to utilize available DSP registers.
INFO: [HLS 200-486] Changing DSP latency (root=tmp1953) to 3 in order to utilize available DSP registers.
INFO: [HLS 200-486] Changing DSP latency (root=tmp1956) to 3 in order to utilize available DSP registers.
INFO: [HLS 200-486] Changing DSP latency (root=mul_ln65_1228) to 3 in order to utilize available DSP registers.
INFO: [HLS 200-486] Changing DSP latency (root=mul_ln65_1229) to 3 in order to utilize available DSP registers.
INFO: [HLS 200-486] Changing DSP latency (root=mul_ln65_1230) to 3 in order to utilize available DSP registers.
INFO: [HLS 200-486] Changing DSP latency (root=mul_ln58_361) to 3 in order to utilize available DSP registers.
INFO: [HLS 200-486] Changing DSP latency (root=mul_ln65_1220) to 3 in order to utilize available DSP registers.
INFO: [HLS 200-486] Changing DSP latency (root=mul_ln65_1213) to 3 in order to utilize available DSP registers.
INFO: [HLS 200-486] Changing DSP latency (root=mul_ln65_1216) to 3 in order to utilize available DSP registers.
INFO: [HLS 200-486] Changing DSP latency (root=tmp1945) to 3 in order to utilize available DSP registers.
INFO: [HLS 200-486] Changing DSP latency (root=tmp1948) to 3 in order to utilize available DSP registers.
INFO: [HLS 200-486] Changing DSP latency (root=mul_ln65_1217) to 3 in order to utilize available DSP registers.
INFO: [HLS 200-486] Changing DSP latency (root=mul_ln65_1218) to 3 in order to utilize available DSP registers.
INFO: [HLS 200-486] Changing DSP latency (root=mul_ln65_1219) to 3 in order to utilize available DSP registers.
INFO: [HLS 200-486] Changing DSP latency (root=mul_ln58_360) to 3 in order to utilize available DSP registers.
INFO: [HLS 200-486] Changing DSP latency (root=mul_ln65_1209) to 3 in order to utilize available DSP registers.
INFO: [HLS 200-486] Changing DSP latency (root=mul_ln65_1202) to 3 in order to utilize available DSP registers.
INFO: [HLS 200-486] Changing DSP latency (root=mul_ln65_1205) to 3 in order to utilize available DSP registers.
INFO: [HLS 200-486] Changing DSP latency (root=tmp1937) to 3 in order to utilize available DSP registers.
INFO: [HLS 200-486] Changing DSP latency (root=tmp1940) to 3 in order to utilize available DSP registers.
INFO: [HLS 200-486] Changing DSP latency (root=mul_ln65_1206) to 3 in order to utilize available DSP registers.
INFO: [HLS 200-486] Changing DSP latency (root=mul_ln65_1207) to 3 in order to utilize available DSP registers.
INFO: [HLS 200-486] Changing DSP latency (root=mul_ln65_1208) to 3 in order to utilize available DSP registers.
INFO: [HLS 200-486] Changing DSP latency (root=mul_ln58_359) to 3 in order to utilize available DSP registers.
INFO: [HLS 200-486] Changing DSP latency (root=mul_ln65_1193) to 3 in order to utilize available DSP registers.
INFO: [HLS 200-486] Changing DSP latency (root=tmp1927) to 3 in order to utilize available DSP registers.
INFO: [HLS 200-486] Changing DSP latency (root=tmp1930) to 3 in order to utilize available DSP registers.
INFO: [HLS 200-486] Changing DSP latency (root=mul_ln65_1195) to 3 in order to utilize available DSP registers.
INFO: [HLS 200-486] Changing DSP latency (root=mul_ln65_1197) to 3 in order to utilize available DSP registers.
INFO: [HLS 200-486] Changing DSP latency (root=mul_ln65_1198) to 3 in order to utilize available DSP registers.
INFO: [HLS 200-486] Changing DSP latency (root=mul_ln65_1187) to 3 in order to utilize available DSP registers.
INFO: [HLS 200-486] Changing DSP latency (root=tmp1914) to 3 in order to utilize available DSP registers.
INFO: [HLS 200-486] Changing DSP latency (root=tmp1917) to 3 in order to utilize available DSP registers.
INFO: [HLS 200-486] Changing DSP latency (root=mul_ln65_1189) to 3 in order to utilize available DSP registers.
INFO: [HLS 200-486] Changing DSP latency (root=mul_ln65_1191) to 3 in order to utilize available DSP registers.
INFO: [HLS 200-486] Changing DSP latency (root=mul_ln65_1192) to 3 in order to utilize available DSP registers.
INFO: [HLS 200-486] Changing DSP latency (root=mul_ln65_1181) to 3 in order to utilize available DSP registers.
INFO: [HLS 200-486] Changing DSP latency (root=tmp1901) to 3 in order to utilize available DSP registers.
INFO: [HLS 200-486] Changing DSP latency (root=tmp1904) to 3 in order to utilize available DSP registers.
INFO: [HLS 200-486] Changing DSP latency (root=mul_ln65_1183) to 3 in order to utilize available DSP registers.
INFO: [HLS 200-486] Changing DSP latency (root=mul_ln65_1185) to 3 in order to utilize available DSP registers.
INFO: [HLS 200-486] Changing DSP latency (root=mul_ln65_1186) to 3 in order to utilize available DSP registers.
INFO: [HLS 200-486] Changing DSP latency (root=mul_ln65_1175) to 3 in order to utilize available DSP registers.
INFO: [HLS 200-486] Changing DSP latency (root=tmp1888) to 3 in order to utilize available DSP registers.
INFO: [HLS 200-486] Changing DSP latency (root=tmp1891) to 3 in order to utilize available DSP registers.
INFO: [HLS 200-486] Changing DSP latency (root=mul_ln65_1177) to 3 in order to utilize available DSP registers.
INFO: [HLS 200-486] Changing DSP latency (root=mul_ln65_1179) to 3 in order to utilize available DSP registers.
INFO: [HLS 200-486] Changing DSP latency (root=mul_ln65_1180) to 3 in order to utilize available DSP registers.
INFO: [HLS 200-486] Changing DSP latency (root=mul_ln65_1169) to 3 in order to utilize available DSP registers.
INFO: [HLS 200-486] Changing DSP latency (root=tmp1875) to 3 in order to utilize available DSP registers.
INFO: [HLS 200-486] Changing DSP latency (root=tmp1878) to 3 in order to utilize available DSP registers.
INFO: [HLS 200-486] Changing DSP latency (root=mul_ln65_1171) to 3 in order to utilize available DSP registers.
INFO: [HLS 200-486] Changing DSP latency (root=mul_ln65_1173) to 3 in order to utilize available DSP registers.
INFO: [HLS 200-486] Changing DSP latency (root=mul_ln65_1174) to 3 in order to utilize available DSP registers.
INFO: [HLS 200-486] Changing DSP latency (root=mul_ln65_1163) to 3 in order to utilize available DSP registers.
INFO: [HLS 200-486] Changing DSP latency (root=tmp1862) to 3 in order to utilize available DSP registers.
INFO: [HLS 200-486] Changing DSP latency (root=tmp1865) to 3 in order to utilize available DSP registers.
INFO: [HLS 200-486] Changing DSP latency (root=mul_ln65_1165) to 3 in order to utilize available DSP registers.
INFO: [HLS 200-486] Changing DSP latency (root=mul_ln65_1167) to 3 in order to utilize available DSP registers.
INFO: [HLS 200-486] Changing DSP latency (root=mul_ln65_1168) to 3 in order to utilize available DSP registers.
INFO: [HLS 200-486] Changing DSP latency (root=mul_ln65_1157) to 3 in order to utilize available DSP registers.
INFO: [HLS 200-486] Changing DSP latency (root=tmp1849) to 3 in order to utilize available DSP registers.
INFO: [HLS 200-486] Changing DSP latency (root=tmp1852) to 3 in order to utilize available DSP registers.
INFO: [HLS 200-486] Changing DSP latency (root=mul_ln65_1159) to 3 in order to utilize available DSP registers.
INFO: [HLS 200-486] Changing DSP latency (root=mul_ln65_1161) to 3 in order to utilize available DSP registers.
INFO: [HLS 200-486] Changing DSP latency (root=mul_ln65_1162) to 3 in order to utilize available DSP registers.
INFO: [HLS 200-486] Changing DSP latency (root=mul_ln65_1151) to 3 in order to utilize available DSP registers.
INFO: [HLS 200-486] Changing DSP latency (root=tmp1836) to 3 in order to utilize available DSP registers.
INFO: [HLS 200-486] Changing DSP latency (root=tmp1839) to 3 in order to utilize available DSP registers.
INFO: [HLS 200-486] Changing DSP latency (root=mul_ln65_1153) to 3 in order to utilize available DSP registers.
INFO: [HLS 200-486] Changing DSP latency (root=mul_ln65_1155) to 3 in order to utilize available DSP registers.
INFO: [HLS 200-486] Changing DSP latency (root=mul_ln65_1156) to 3 in order to utilize available DSP registers.
INFO: [HLS 200-486] Changing DSP latency (root=mul_ln65_1145) to 3 in order to utilize available DSP registers.
INFO: [HLS 200-486] Changing DSP latency (root=tmp1823) to 3 in order to utilize available DSP registers.
INFO: [HLS 200-486] Changing DSP latency (root=tmp1826) to 3 in order to utilize available DSP registers.
INFO: [HLS 200-486] Changing DSP latency (root=mul_ln65_1147) to 3 in order to utilize available DSP registers.
INFO: [HLS 200-486] Changing DSP latency (root=mul_ln65_1149) to 3 in order to utilize available DSP registers.
INFO: [HLS 200-486] Changing DSP latency (root=mul_ln65_1150) to 3 in order to utilize available DSP registers.
INFO: [HLS 200-486] Changing DSP latency (root=mul_ln65_1139) to 3 in order to utilize available DSP registers.
INFO: [HLS 200-486] Changing DSP latency (root=tmp1810) to 3 in order to utilize available DSP registers.
INFO: [HLS 200-486] Changing DSP latency (root=tmp1813) to 3 in order to utilize available DSP registers.
INFO: [HLS 200-486] Changing DSP latency (root=mul_ln65_1141) to 3 in order to utilize available DSP registers.
INFO: [HLS 200-486] Changing DSP latency (root=mul_ln65_1143) to 3 in order to utilize available DSP registers.
INFO: [HLS 200-486] Changing DSP latency (root=mul_ln65_1144) to 3 in order to utilize available DSP registers.
INFO: [HLS 200-486] Changing DSP latency (root=mul_ln65_1133) to 3 in order to utilize available DSP registers.
INFO: [HLS 200-486] Changing DSP latency (root=tmp1797) to 3 in order to utilize available DSP registers.
INFO: [HLS 200-486] Changing DSP latency (root=tmp1800) to 3 in order to utilize available DSP registers.
INFO: [HLS 200-486] Changing DSP latency (root=mul_ln65_1135) to 3 in order to utilize available DSP registers.
INFO: [HLS 200-486] Changing DSP latency (root=mul_ln65_1137) to 3 in order to utilize available DSP registers.
INFO: [HLS 200-486] Changing DSP latency (root=mul_ln65_1138) to 3 in order to utilize available DSP registers.
INFO: [HLS 200-486] Changing DSP latency (root=mul_ln65_1127) to 3 in order to utilize available DSP registers.
INFO: [HLS 200-486] Changing DSP latency (root=tmp1784) to 3 in order to utilize available DSP registers.
INFO: [HLS 200-486] Changing DSP latency (root=tmp1787) to 3 in order to utilize available DSP registers.
INFO: [HLS 200-486] Changing DSP latency (root=mul_ln65_1129) to 3 in order to utilize available DSP registers.
INFO: [HLS 200-486] Changing DSP latency (root=mul_ln65_1131) to 3 in order to utilize available DSP registers.
INFO: [HLS 200-486] Changing DSP latency (root=mul_ln65_1132) to 3 in order to utilize available DSP registers.
INFO: [HLS 200-486] Changing DSP latency (root=mul_ln65_1121) to 3 in order to utilize available DSP registers.
INFO: [HLS 200-486] Changing DSP latency (root=tmp1771) to 3 in order to utilize available DSP registers.
INFO: [HLS 200-486] Changing DSP latency (root=tmp1774) to 3 in order to utilize available DSP registers.
INFO: [HLS 200-486] Changing DSP latency (root=mul_ln65_1123) to 3 in order to utilize available DSP registers.
INFO: [HLS 200-486] Changing DSP latency (root=mul_ln65_1125) to 3 in order to utilize available DSP registers.
INFO: [HLS 200-486] Changing DSP latency (root=mul_ln65_1126) to 3 in order to utilize available DSP registers.
INFO: [HLS 200-486] Changing DSP latency (root=mul_ln65_1115) to 3 in order to utilize available DSP registers.
INFO: [HLS 200-486] Changing DSP latency (root=tmp1758) to 3 in order to utilize available DSP registers.
INFO: [HLS 200-486] Changing DSP latency (root=tmp1761) to 3 in order to utilize available DSP registers.
INFO: [HLS 200-486] Changing DSP latency (root=mul_ln65_1117) to 3 in order to utilize available DSP registers.
INFO: [HLS 200-486] Changing DSP latency (root=mul_ln65_1119) to 3 in order to utilize available DSP registers.
INFO: [HLS 200-486] Changing DSP latency (root=mul_ln65_1120) to 3 in order to utilize available DSP registers.
INFO: [HLS 200-486] Changing DSP latency (root=mul_ln65_1109) to 3 in order to utilize available DSP registers.
INFO: [HLS 200-486] Changing DSP latency (root=tmp1745) to 3 in order to utilize available DSP registers.
INFO: [HLS 200-486] Changing DSP latency (root=tmp1748) to 3 in order to utilize available DSP registers.
INFO: [HLS 200-486] Changing DSP latency (root=mul_ln65_1111) to 3 in order to utilize available DSP registers.
INFO: [HLS 200-486] Changing DSP latency (root=mul_ln65_1113) to 3 in order to utilize available DSP registers.
INFO: [HLS 200-486] Changing DSP latency (root=mul_ln65_1114) to 3 in order to utilize available DSP registers.
INFO: [HLS 200-486] Changing DSP latency (root=tmp1731) to 3 in order to utilize available DSP registers.
INFO: [HLS 200-486] Changing DSP latency (root=mul_ln65_1106) to 3 in order to utilize available DSP registers.
INFO: [HLS 200-486] Changing DSP latency (root=mul_ln65_1105) to 3 in order to utilize available DSP registers.
INFO: [HLS 200-486] Changing DSP latency (root=mul_ln65_1107) to 3 in order to utilize available DSP registers.
INFO: [HLS 200-486] Changing DSP latency (root=mul_ln58_343) to 3 in order to utilize available DSP registers.
INFO: [HLS 200-486] Changing DSP latency (root=mul_ln65_1108) to 3 in order to utilize available DSP registers.
INFO: [HLS 200-486] Changing DSP latency (root=tmp1710) to 3 in order to utilize available DSP registers.
INFO: [HLS 200-486] Changing DSP latency (root=mul_ln65_1101) to 3 in order to utilize available DSP registers.
INFO: [HLS 200-486] Changing DSP latency (root=mul_ln65_1100) to 3 in order to utilize available DSP registers.
INFO: [HLS 200-486] Changing DSP latency (root=mul_ln65_1102) to 3 in order to utilize available DSP registers.
INFO: [HLS 200-486] Changing DSP latency (root=mul_ln58_342) to 3 in order to utilize available DSP registers.
INFO: [HLS 200-486] Changing DSP latency (root=mul_ln65_1103) to 3 in order to utilize available DSP registers.
INFO: [HLS 200-486] Changing DSP latency (root=tmp1689) to 3 in order to utilize available DSP registers.
INFO: [HLS 200-486] Changing DSP latency (root=mul_ln65_1096) to 3 in order to utilize available DSP registers.
INFO: [HLS 200-486] Changing DSP latency (root=mul_ln65_1095) to 3 in order to utilize available DSP registers.
INFO: [HLS 200-486] Changing DSP latency (root=mul_ln65_1097) to 3 in order to utilize available DSP registers.
INFO: [HLS 200-486] Changing DSP latency (root=mul_ln58_341) to 3 in order to utilize available DSP registers.
INFO: [HLS 200-486] Changing DSP latency (root=mul_ln65_1098) to 3 in order to utilize available DSP registers.
INFO: [HLS 200-486] Changing DSP latency (root=tmp1668) to 3 in order to utilize available DSP registers.
INFO: [HLS 200-486] Changing DSP latency (root=mul_ln65_1091) to 3 in order to utilize available DSP registers.
INFO: [HLS 200-486] Changing DSP latency (root=mul_ln65_1090) to 3 in order to utilize available DSP registers.
INFO: [HLS 200-486] Changing DSP latency (root=mul_ln65_1092) to 3 in order to utilize available DSP registers.
INFO: [HLS 200-486] Changing DSP latency (root=mul_ln58_340) to 3 in order to utilize available DSP registers.
INFO: [HLS 200-486] Changing DSP latency (root=mul_ln65_1093) to 3 in order to utilize available DSP registers.
INFO: [HLS 200-486] Changing DSP latency (root=tmp1647) to 3 in order to utilize available DSP registers.
INFO: [HLS 200-486] Changing DSP latency (root=mul_ln65_1086) to 3 in order to utilize available DSP registers.
INFO: [HLS 200-486] Changing DSP latency (root=mul_ln65_1085) to 3 in order to utilize available DSP registers.
INFO: [HLS 200-486] Changing DSP latency (root=mul_ln65_1087) to 3 in order to utilize available DSP registers.
INFO: [HLS 200-486] Changing DSP latency (root=mul_ln58_339) to 3 in order to utilize available DSP registers.
INFO: [HLS 200-486] Changing DSP latency (root=mul_ln65_1088) to 3 in order to utilize available DSP registers.
INFO: [HLS 200-486] Changing DSP latency (root=tmp1626) to 3 in order to utilize available DSP registers.
INFO: [HLS 200-486] Changing DSP latency (root=mul_ln65_1081) to 3 in order to utilize available DSP registers.
INFO: [HLS 200-486] Changing DSP latency (root=mul_ln65_1080) to 3 in order to utilize available DSP registers.
INFO: [HLS 200-486] Changing DSP latency (root=mul_ln65_1082) to 3 in order to utilize available DSP registers.
INFO: [HLS 200-486] Changing DSP latency (root=mul_ln58_338) to 3 in order to utilize available DSP registers.
INFO: [HLS 200-486] Changing DSP latency (root=mul_ln65_1083) to 3 in order to utilize available DSP registers.
INFO: [HLS 200-486] Changing DSP latency (root=tmp1605) to 3 in order to utilize available DSP registers.
INFO: [HLS 200-486] Changing DSP latency (root=mul_ln65_1076) to 3 in order to utilize available DSP registers.
INFO: [HLS 200-486] Changing DSP latency (root=mul_ln65_1075) to 3 in order to utilize available DSP registers.
INFO: [HLS 200-486] Changing DSP latency (root=mul_ln65_1077) to 3 in order to utilize available DSP registers.
INFO: [HLS 200-486] Changing DSP latency (root=mul_ln58_337) to 3 in order to utilize available DSP registers.
INFO: [HLS 200-486] Changing DSP latency (root=mul_ln65_1078) to 3 in order to utilize available DSP registers.
INFO: [HLS 200-486] Changing DSP latency (root=tmp1584) to 3 in order to utilize available DSP registers.
INFO: [HLS 200-486] Changing DSP latency (root=mul_ln65_1071) to 3 in order to utilize available DSP registers.
INFO: [HLS 200-486] Changing DSP latency (root=mul_ln65_1070) to 3 in order to utilize available DSP registers.
INFO: [HLS 200-486] Changing DSP latency (root=mul_ln65_1072) to 3 in order to utilize available DSP registers.
INFO: [HLS 200-486] Changing DSP latency (root=mul_ln58_336) to 3 in order to utilize available DSP registers.
INFO: [HLS 200-486] Changing DSP latency (root=mul_ln65_1073) to 3 in order to utilize available DSP registers.
INFO: [HLS 200-486] Changing DSP latency (root=tmp1563) to 3 in order to utilize available DSP registers.
INFO: [HLS 200-486] Changing DSP latency (root=mul_ln65_1066) to 3 in order to utilize available DSP registers.
INFO: [HLS 200-486] Changing DSP latency (root=mul_ln65_1065) to 3 in order to utilize available DSP registers.
INFO: [HLS 200-486] Changing DSP latency (root=mul_ln65_1067) to 3 in order to utilize available DSP registers.
INFO: [HLS 200-486] Changing DSP latency (root=mul_ln58_335) to 3 in order to utilize available DSP registers.
INFO: [HLS 200-486] Changing DSP latency (root=mul_ln65_1068) to 3 in order to utilize available DSP registers.
INFO: [HLS 200-486] Changing DSP latency (root=tmp1542) to 3 in order to utilize available DSP registers.
INFO: [HLS 200-486] Changing DSP latency (root=mul_ln65_1061) to 3 in order to utilize available DSP registers.
INFO: [HLS 200-486] Changing DSP latency (root=mul_ln65_1060) to 3 in order to utilize available DSP registers.
INFO: [HLS 200-486] Changing DSP latency (root=mul_ln65_1062) to 3 in order to utilize available DSP registers.
INFO: [HLS 200-486] Changing DSP latency (root=mul_ln58_334) to 3 in order to utilize available DSP registers.
INFO: [HLS 200-486] Changing DSP latency (root=mul_ln65_1063) to 3 in order to utilize available DSP registers.
INFO: [HLS 200-486] Changing DSP latency (root=tmp1521) to 3 in order to utilize available DSP registers.
INFO: [HLS 200-486] Changing DSP latency (root=mul_ln65_1056) to 3 in order to utilize available DSP registers.
INFO: [HLS 200-486] Changing DSP latency (root=mul_ln65_1055) to 3 in order to utilize available DSP registers.
INFO: [HLS 200-486] Changing DSP latency (root=mul_ln65_1057) to 3 in order to utilize available DSP registers.
INFO: [HLS 200-486] Changing DSP latency (root=mul_ln58_333) to 3 in order to utilize available DSP registers.
INFO: [HLS 200-486] Changing DSP latency (root=mul_ln65_1058) to 3 in order to utilize available DSP registers.
INFO: [HLS 200-486] Changing DSP latency (root=tmp1500) to 3 in order to utilize available DSP registers.
INFO: [HLS 200-486] Changing DSP latency (root=mul_ln65_1051) to 3 in order to utilize available DSP registers.
INFO: [HLS 200-486] Changing DSP latency (root=mul_ln65_1050) to 3 in order to utilize available DSP registers.
INFO: [HLS 200-486] Changing DSP latency (root=mul_ln65_1052) to 3 in order to utilize available DSP registers.
INFO: [HLS 200-486] Changing DSP latency (root=mul_ln58_332) to 3 in order to utilize available DSP registers.
INFO: [HLS 200-486] Changing DSP latency (root=mul_ln65_1053) to 3 in order to utilize available DSP registers.
INFO: [HLS 200-486] Changing DSP latency (root=tmp1479) to 3 in order to utilize available DSP registers.
INFO: [HLS 200-486] Changing DSP latency (root=mul_ln65_1046) to 3 in order to utilize available DSP registers.
INFO: [HLS 200-486] Changing DSP latency (root=mul_ln65_1045) to 3 in order to utilize available DSP registers.
INFO: [HLS 200-486] Changing DSP latency (root=mul_ln65_1047) to 3 in order to utilize available DSP registers.
INFO: [HLS 200-486] Changing DSP latency (root=mul_ln58_331) to 3 in order to utilize available DSP registers.
INFO: [HLS 200-486] Changing DSP latency (root=mul_ln65_1048) to 3 in order to utilize available DSP registers.
INFO: [HLS 200-486] Changing DSP latency (root=tmp1458) to 3 in order to utilize available DSP registers.
INFO: [HLS 200-486] Changing DSP latency (root=mul_ln65_1041) to 3 in order to utilize available DSP registers.
INFO: [HLS 200-486] Changing DSP latency (root=mul_ln65_1040) to 3 in order to utilize available DSP registers.
INFO: [HLS 200-486] Changing DSP latency (root=mul_ln65_1042) to 3 in order to utilize available DSP registers.
INFO: [HLS 200-486] Changing DSP latency (root=mul_ln58_330) to 3 in order to utilize available DSP registers.
INFO: [HLS 200-486] Changing DSP latency (root=mul_ln65_1043) to 3 in order to utilize available DSP registers.
INFO: [HLS 200-486] Changing DSP latency (root=tmp1437) to 3 in order to utilize available DSP registers.
INFO: [HLS 200-486] Changing DSP latency (root=mul_ln65_1036) to 3 in order to utilize available DSP registers.
INFO: [HLS 200-486] Changing DSP latency (root=mul_ln65_1035) to 3 in order to utilize available DSP registers.
INFO: [HLS 200-486] Changing DSP latency (root=mul_ln65_1037) to 3 in order to utilize available DSP registers.
INFO: [HLS 200-486] Changing DSP latency (root=mul_ln58_329) to 3 in order to utilize available DSP registers.
INFO: [HLS 200-486] Changing DSP latency (root=mul_ln65_1038) to 3 in order to utilize available DSP registers.
INFO: [HLS 200-486] Changing DSP latency (root=mul_ln65_1027) to 3 in order to utilize available DSP registers.
INFO: [HLS 200-486] Changing DSP latency (root=mul_ln65_1028) to 3 in order to utilize available DSP registers.
INFO: [HLS 200-486] Changing DSP latency (root=acc_2773) to 3 in order to utilize available DSP registers.
INFO: [HLS 200-486] Changing DSP latency (root=mul_ln65_1031) to 3 in order to utilize available DSP registers.
INFO: [HLS 200-486] Changing DSP latency (root=tmp1419) to 3 in order to utilize available DSP registers.
INFO: [HLS 200-486] Changing DSP latency (root=mul_ln58_465) to 3 in order to utilize available DSP registers.
INFO: [HLS 200-486] Changing DSP latency (root=mul_ln65_1033) to 3 in order to utilize available DSP registers.
INFO: [HLS 200-486] Changing DSP latency (root=mul_ln65_1019) to 3 in order to utilize available DSP registers.
INFO: [HLS 200-486] Changing DSP latency (root=mul_ln65_1020) to 3 in order to utilize available DSP registers.
INFO: [HLS 200-486] Changing DSP latency (root=acc_2768) to 3 in order to utilize available DSP registers.
INFO: [HLS 200-486] Changing DSP latency (root=mul_ln65_1023) to 3 in order to utilize available DSP registers.
INFO: [HLS 200-486] Changing DSP latency (root=tmp1399) to 3 in order to utilize available DSP registers.
INFO: [HLS 200-486] Changing DSP latency (root=mul_ln58_464) to 3 in order to utilize available DSP registers.
INFO: [HLS 200-486] Changing DSP latency (root=mul_ln65_1025) to 3 in order to utilize available DSP registers.
INFO: [HLS 200-486] Changing DSP latency (root=mul_ln65_1011) to 3 in order to utilize available DSP registers.
INFO: [HLS 200-486] Changing DSP latency (root=mul_ln65_1012) to 3 in order to utilize available DSP registers.
INFO: [HLS 200-486] Changing DSP latency (root=acc_2763) to 3 in order to utilize available DSP registers.
INFO: [HLS 200-486] Changing DSP latency (root=mul_ln65_1015) to 3 in order to utilize available DSP registers.
INFO: [HLS 200-486] Changing DSP latency (root=tmp1379) to 3 in order to utilize available DSP registers.
INFO: [HLS 200-486] Changing DSP latency (root=mul_ln58_463) to 3 in order to utilize available DSP registers.
INFO: [HLS 200-486] Changing DSP latency (root=mul_ln65_1017) to 3 in order to utilize available DSP registers.
INFO: [HLS 200-486] Changing DSP latency (root=mul_ln65_1003) to 3 in order to utilize available DSP registers.
INFO: [HLS 200-486] Changing DSP latency (root=mul_ln65_1004) to 3 in order to utilize available DSP registers.
INFO: [HLS 200-486] Changing DSP latency (root=acc_2758) to 3 in order to utilize available DSP registers.
INFO: [HLS 200-486] Changing DSP latency (root=mul_ln65_1007) to 3 in order to utilize available DSP registers.
INFO: [HLS 200-486] Changing DSP latency (root=tmp1359) to 3 in order to utilize available DSP registers.
INFO: [HLS 200-486] Changing DSP latency (root=mul_ln58_462) to 3 in order to utilize available DSP registers.
INFO: [HLS 200-486] Changing DSP latency (root=mul_ln65_1009) to 3 in order to utilize available DSP registers.
INFO: [HLS 200-486] Changing DSP latency (root=mul_ln65_995) to 3 in order to utilize available DSP registers.
INFO: [HLS 200-486] Changing DSP latency (root=mul_ln65_996) to 3 in order to utilize available DSP registers.
INFO: [HLS 200-486] Changing DSP latency (root=acc_2753) to 3 in order to utilize available DSP registers.
INFO: [HLS 200-486] Changing DSP latency (root=mul_ln65_999) to 3 in order to utilize available DSP registers.
INFO: [HLS 200-486] Changing DSP latency (root=tmp1339) to 3 in order to utilize available DSP registers.
INFO: [HLS 200-486] Changing DSP latency (root=mul_ln58_461) to 3 in order to utilize available DSP registers.
INFO: [HLS 200-486] Changing DSP latency (root=mul_ln65_1001) to 3 in order to utilize available DSP registers.
INFO: [HLS 200-486] Changing DSP latency (root=mul_ln65_987) to 3 in order to utilize available DSP registers.
INFO: [HLS 200-486] Changing DSP latency (root=mul_ln65_988) to 3 in order to utilize available DSP registers.
INFO: [HLS 200-486] Changing DSP latency (root=acc_2748) to 3 in order to utilize available DSP registers.
INFO: [HLS 200-486] Changing DSP latency (root=mul_ln65_991) to 3 in order to utilize available DSP registers.
INFO: [HLS 200-486] Changing DSP latency (root=tmp1319) to 3 in order to utilize available DSP registers.
INFO: [HLS 200-486] Changing DSP latency (root=mul_ln58_460) to 3 in order to utilize available DSP registers.
INFO: [HLS 200-486] Changing DSP latency (root=mul_ln65_993) to 3 in order to utilize available DSP registers.
INFO: [HLS 200-486] Changing DSP latency (root=mul_ln65_979) to 3 in order to utilize available DSP registers.
INFO: [HLS 200-486] Changing DSP latency (root=mul_ln65_980) to 3 in order to utilize available DSP registers.
INFO: [HLS 200-486] Changing DSP latency (root=acc_2743) to 3 in order to utilize available DSP registers.
INFO: [HLS 200-486] Changing DSP latency (root=mul_ln65_983) to 3 in order to utilize available DSP registers.
INFO: [HLS 200-486] Changing DSP latency (root=tmp1299) to 3 in order to utilize available DSP registers.
INFO: [HLS 200-486] Changing DSP latency (root=mul_ln58_459) to 3 in order to utilize available DSP registers.
INFO: [HLS 200-486] Changing DSP latency (root=mul_ln65_985) to 3 in order to utilize available DSP registers.
INFO: [HLS 200-486] Changing DSP latency (root=mul_ln65_971) to 3 in order to utilize available DSP registers.
INFO: [HLS 200-486] Changing DSP latency (root=mul_ln65_972) to 3 in order to utilize available DSP registers.
INFO: [HLS 200-486] Changing DSP latency (root=acc_2738) to 3 in order to utilize available DSP registers.
INFO: [HLS 200-486] Changing DSP latency (root=mul_ln65_975) to 3 in order to utilize available DSP registers.
INFO: [HLS 200-486] Changing DSP latency (root=tmp1279) to 3 in order to utilize available DSP registers.
INFO: [HLS 200-486] Changing DSP latency (root=mul_ln58_458) to 3 in order to utilize available DSP registers.
INFO: [HLS 200-486] Changing DSP latency (root=mul_ln65_977) to 3 in order to utilize available DSP registers.
INFO: [HLS 200-486] Changing DSP latency (root=mul_ln65_963) to 3 in order to utilize available DSP registers.
INFO: [HLS 200-486] Changing DSP latency (root=mul_ln65_964) to 3 in order to utilize available DSP registers.
INFO: [HLS 200-486] Changing DSP latency (root=acc_2733) to 3 in order to utilize available DSP registers.
INFO: [HLS 200-486] Changing DSP latency (root=mul_ln65_967) to 3 in order to utilize available DSP registers.
INFO: [HLS 200-486] Changing DSP latency (root=tmp1259) to 3 in order to utilize available DSP registers.
INFO: [HLS 200-486] Changing DSP latency (root=mul_ln58_457) to 3 in order to utilize available DSP registers.
INFO: [HLS 200-486] Changing DSP latency (root=mul_ln65_969) to 3 in order to utilize available DSP registers.
INFO: [HLS 200-486] Changing DSP latency (root=mul_ln65_955) to 3 in order to utilize available DSP registers.
INFO: [HLS 200-486] Changing DSP latency (root=mul_ln65_956) to 3 in order to utilize available DSP registers.
INFO: [HLS 200-486] Changing DSP latency (root=acc_2728) to 3 in order to utilize available DSP registers.
INFO: [HLS 200-486] Changing DSP latency (root=mul_ln65_959) to 3 in order to utilize available DSP registers.
INFO: [HLS 200-486] Changing DSP latency (root=tmp1239) to 3 in order to utilize available DSP registers.
INFO: [HLS 200-486] Changing DSP latency (root=mul_ln58_456) to 3 in order to utilize available DSP registers.
INFO: [HLS 200-486] Changing DSP latency (root=mul_ln65_961) to 3 in order to utilize available DSP registers.
INFO: [HLS 200-486] Changing DSP latency (root=mul_ln65_947) to 3 in order to utilize available DSP registers.
INFO: [HLS 200-486] Changing DSP latency (root=mul_ln65_948) to 3 in order to utilize available DSP registers.
INFO: [HLS 200-486] Changing DSP latency (root=acc_2723) to 3 in order to utilize available DSP registers.
INFO: [HLS 200-486] Changing DSP latency (root=mul_ln65_951) to 3 in order to utilize available DSP registers.
INFO: [HLS 200-486] Changing DSP latency (root=tmp1219) to 3 in order to utilize available DSP registers.
INFO: [HLS 200-486] Changing DSP latency (root=mul_ln58_455) to 3 in order to utilize available DSP registers.
INFO: [HLS 200-486] Changing DSP latency (root=mul_ln65_953) to 3 in order to utilize available DSP registers.
INFO: [HLS 200-486] Changing DSP latency (root=mul_ln65_939) to 3 in order to utilize available DSP registers.
INFO: [HLS 200-486] Changing DSP latency (root=mul_ln65_940) to 3 in order to utilize available DSP registers.
INFO: [HLS 200-486] Changing DSP latency (root=acc_2718) to 3 in order to utilize available DSP registers.
INFO: [HLS 200-486] Changing DSP latency (root=mul_ln65_943) to 3 in order to utilize available DSP registers.
INFO: [HLS 200-486] Changing DSP latency (root=tmp1199) to 3 in order to utilize available DSP registers.
INFO: [HLS 200-486] Changing DSP latency (root=mul_ln58_454) to 3 in order to utilize available DSP registers.
INFO: [HLS 200-486] Changing DSP latency (root=mul_ln65_945) to 3 in order to utilize available DSP registers.
INFO: [HLS 200-486] Changing DSP latency (root=mul_ln65_931) to 3 in order to utilize available DSP registers.
INFO: [HLS 200-486] Changing DSP latency (root=mul_ln65_932) to 3 in order to utilize available DSP registers.
INFO: [HLS 200-486] Changing DSP latency (root=acc_2713) to 3 in order to utilize available DSP registers.
INFO: [HLS 200-486] Changing DSP latency (root=mul_ln65_935) to 3 in order to utilize available DSP registers.
INFO: [HLS 200-486] Changing DSP latency (root=tmp1179) to 3 in order to utilize available DSP registers.
INFO: [HLS 200-486] Changing DSP latency (root=mul_ln58_453) to 3 in order to utilize available DSP registers.
INFO: [HLS 200-486] Changing DSP latency (root=mul_ln65_937) to 3 in order to utilize available DSP registers.
INFO: [HLS 200-486] Changing DSP latency (root=mul_ln65_923) to 3 in order to utilize available DSP registers.
INFO: [HLS 200-486] Changing DSP latency (root=mul_ln65_924) to 3 in order to utilize available DSP registers.
INFO: [HLS 200-486] Changing DSP latency (root=acc_2708) to 3 in order to utilize available DSP registers.
INFO: [HLS 200-486] Changing DSP latency (root=mul_ln65_927) to 3 in order to utilize available DSP registers.
INFO: [HLS 200-486] Changing DSP latency (root=tmp1159) to 3 in order to utilize available DSP registers.
INFO: [HLS 200-486] Changing DSP latency (root=mul_ln58_452) to 3 in order to utilize available DSP registers.
INFO: [HLS 200-486] Changing DSP latency (root=mul_ln65_929) to 3 in order to utilize available DSP registers.
INFO: [HLS 200-486] Changing DSP latency (root=mul_ln65_915) to 3 in order to utilize available DSP registers.
INFO: [HLS 200-486] Changing DSP latency (root=mul_ln65_916) to 3 in order to utilize available DSP registers.
INFO: [HLS 200-486] Changing DSP latency (root=acc_2703) to 3 in order to utilize available DSP registers.
INFO: [HLS 200-486] Changing DSP latency (root=mul_ln65_919) to 3 in order to utilize available DSP registers.
INFO: [HLS 200-486] Changing DSP latency (root=tmp1139) to 3 in order to utilize available DSP registers.
INFO: [HLS 200-486] Changing DSP latency (root=mul_ln58_451) to 3 in order to utilize available DSP registers.
INFO: [HLS 200-486] Changing DSP latency (root=mul_ln65_921) to 3 in order to utilize available DSP registers.
INFO: [HLS 200-486] Changing DSP latency (root=tmp1108) to 3 in order to utilize available DSP registers.
INFO: [HLS 200-486] Changing DSP latency (root=tmp1113) to 3 in order to utilize available DSP registers.
INFO: [HLS 200-486] Changing DSP latency (root=mul_ln65_910) to 3 in order to utilize available DSP registers.
INFO: [HLS 200-486] Changing DSP latency (root=mul_ln58_450) to 3 in order to utilize available DSP registers.
INFO: [HLS 200-486] Changing DSP latency (root=mul_ln65_912) to 3 in order to utilize available DSP registers.
INFO: [HLS 200-486] Changing DSP latency (root=mul_ln65_913) to 3 in order to utilize available DSP registers.
INFO: [HLS 200-486] Changing DSP latency (root=mul_ln58_327) to 3 in order to utilize available DSP registers.
INFO: [HLS 200-486] Changing DSP latency (root=mul_ln58_328) to 3 in order to utilize available DSP registers.
INFO: [HLS 200-486] Changing DSP latency (root=tmp1091) to 3 in order to utilize available DSP registers.
INFO: [HLS 200-486] Changing DSP latency (root=tmp1096) to 3 in order to utilize available DSP registers.
INFO: [HLS 200-486] Changing DSP latency (root=mul_ln65_906) to 3 in order to utilize available DSP registers.
INFO: [HLS 200-486] Changing DSP latency (root=mul_ln58_449) to 3 in order to utilize available DSP registers.
INFO: [HLS 200-486] Changing DSP latency (root=mul_ln65_908) to 3 in order to utilize available DSP registers.
INFO: [HLS 200-486] Changing DSP latency (root=mul_ln65_909) to 3 in order to utilize available DSP registers.
INFO: [HLS 200-486] Changing DSP latency (root=mul_ln58_325) to 3 in order to utilize available DSP registers.
INFO: [HLS 200-486] Changing DSP latency (root=mul_ln58_326) to 3 in order to utilize available DSP registers.
INFO: [HLS 200-486] Changing DSP latency (root=tmp1074) to 3 in order to utilize available DSP registers.
INFO: [HLS 200-486] Changing DSP latency (root=tmp1079) to 3 in order to utilize available DSP registers.
INFO: [HLS 200-486] Changing DSP latency (root=mul_ln65_902) to 3 in order to utilize available DSP registers.
INFO: [HLS 200-486] Changing DSP latency (root=mul_ln58_448) to 3 in order to utilize available DSP registers.
INFO: [HLS 200-486] Changing DSP latency (root=mul_ln65_904) to 3 in order to utilize available DSP registers.
INFO: [HLS 200-486] Changing DSP latency (root=mul_ln65_905) to 3 in order to utilize available DSP registers.
INFO: [HLS 200-486] Changing DSP latency (root=mul_ln58_323) to 3 in order to utilize available DSP registers.
INFO: [HLS 200-486] Changing DSP latency (root=mul_ln58_324) to 3 in order to utilize available DSP registers.
INFO: [HLS 200-486] Changing DSP latency (root=tmp1057) to 3 in order to utilize available DSP registers.
INFO: [HLS 200-486] Changing DSP latency (root=tmp1062) to 3 in order to utilize available DSP registers.
INFO: [HLS 200-486] Changing DSP latency (root=mul_ln65_898) to 3 in order to utilize available DSP registers.
INFO: [HLS 200-486] Changing DSP latency (root=mul_ln58_447) to 3 in order to utilize available DSP registers.
INFO: [HLS 200-486] Changing DSP latency (root=mul_ln65_900) to 3 in order to utilize available DSP registers.
INFO: [HLS 200-486] Changing DSP latency (root=mul_ln65_901) to 3 in order to utilize available DSP registers.
INFO: [HLS 200-486] Changing DSP latency (root=mul_ln58_321) to 3 in order to utilize available DSP registers.
INFO: [HLS 200-486] Changing DSP latency (root=mul_ln58_322) to 3 in order to utilize available DSP registers.
INFO: [HLS 200-486] Changing DSP latency (root=tmp1040) to 3 in order to utilize available DSP registers.
INFO: [HLS 200-486] Changing DSP latency (root=tmp1045) to 3 in order to utilize available DSP registers.
INFO: [HLS 200-486] Changing DSP latency (root=mul_ln65_894) to 3 in order to utilize available DSP registers.
INFO: [HLS 200-486] Changing DSP latency (root=mul_ln58_446) to 3 in order to utilize available DSP registers.
INFO: [HLS 200-486] Changing DSP latency (root=mul_ln65_896) to 3 in order to utilize available DSP registers.
INFO: [HLS 200-486] Changing DSP latency (root=mul_ln65_897) to 3 in order to utilize available DSP registers.
INFO: [HLS 200-486] Changing DSP latency (root=mul_ln58_319) to 3 in order to utilize available DSP registers.
INFO: [HLS 200-486] Changing DSP latency (root=mul_ln58_320) to 3 in order to utilize available DSP registers.
INFO: [HLS 200-486] Changing DSP latency (root=tmp1023) to 3 in order to utilize available DSP registers.
INFO: [HLS 200-486] Changing DSP latency (root=tmp1028) to 3 in order to utilize available DSP registers.
INFO: [HLS 200-486] Changing DSP latency (root=mul_ln65_890) to 3 in order to utilize available DSP registers.
INFO: [HLS 200-486] Changing DSP latency (root=mul_ln58_445) to 3 in order to utilize available DSP registers.
INFO: [HLS 200-486] Changing DSP latency (root=mul_ln65_892) to 3 in order to utilize available DSP registers.
INFO: [HLS 200-486] Changing DSP latency (root=mul_ln65_893) to 3 in order to utilize available DSP registers.
INFO: [HLS 200-486] Changing DSP latency (root=mul_ln58_317) to 3 in order to utilize available DSP registers.
INFO: [HLS 200-486] Changing DSP latency (root=mul_ln58_318) to 3 in order to utilize available DSP registers.
INFO: [HLS 200-486] Changing DSP latency (root=tmp1006) to 3 in order to utilize available DSP registers.
INFO: [HLS 200-486] Changing DSP latency (root=tmp1011) to 3 in order to utilize available DSP registers.
INFO: [HLS 200-486] Changing DSP latency (root=mul_ln65_886) to 3 in order to utilize available DSP registers.
INFO: [HLS 200-486] Changing DSP latency (root=mul_ln58_444) to 3 in order to utilize available DSP registers.
INFO: [HLS 200-486] Changing DSP latency (root=mul_ln65_888) to 3 in order to utilize available DSP registers.
INFO: [HLS 200-486] Changing DSP latency (root=mul_ln65_889) to 3 in order to utilize available DSP registers.
INFO: [HLS 200-486] Changing DSP latency (root=mul_ln58_315) to 3 in order to utilize available DSP registers.
INFO: [HLS 200-486] Changing DSP latency (root=mul_ln58_316) to 3 in order to utilize available DSP registers.
INFO: [HLS 200-486] Changing DSP latency (root=tmp989) to 3 in order to utilize available DSP registers.
INFO: [HLS 200-486] Changing DSP latency (root=tmp994) to 3 in order to utilize available DSP registers.
INFO: [HLS 200-486] Changing DSP latency (root=mul_ln65_882) to 3 in order to utilize available DSP registers.
INFO: [HLS 200-486] Changing DSP latency (root=mul_ln58_443) to 3 in order to utilize available DSP registers.
INFO: [HLS 200-486] Changing DSP latency (root=mul_ln65_884) to 3 in order to utilize available DSP registers.
INFO: [HLS 200-486] Changing DSP latency (root=mul_ln65_885) to 3 in order to utilize available DSP registers.
INFO: [HLS 200-486] Changing DSP latency (root=mul_ln58_313) to 3 in order to utilize available DSP registers.
INFO: [HLS 200-486] Changing DSP latency (root=mul_ln58_314) to 3 in order to utilize available DSP registers.
INFO: [HLS 200-486] Changing DSP latency (root=tmp972) to 3 in order to utilize available DSP registers.
INFO: [HLS 200-486] Changing DSP latency (root=tmp977) to 3 in order to utilize available DSP registers.
INFO: [HLS 200-486] Changing DSP latency (root=mul_ln65_878) to 3 in order to utilize available DSP registers.
INFO: [HLS 200-486] Changing DSP latency (root=mul_ln58_442) to 3 in order to utilize available DSP registers.
INFO: [HLS 200-486] Changing DSP latency (root=mul_ln65_880) to 3 in order to utilize available DSP registers.
INFO: [HLS 200-486] Changing DSP latency (root=mul_ln65_881) to 3 in order to utilize available DSP registers.
INFO: [HLS 200-486] Changing DSP latency (root=mul_ln58_311) to 3 in order to utilize available DSP registers.
INFO: [HLS 200-486] Changing DSP latency (root=mul_ln58_312) to 3 in order to utilize available DSP registers.
INFO: [HLS 200-486] Changing DSP latency (root=tmp955) to 3 in order to utilize available DSP registers.
INFO: [HLS 200-486] Changing DSP latency (root=tmp960) to 3 in order to utilize available DSP registers.
INFO: [HLS 200-486] Changing DSP latency (root=mul_ln65_874) to 3 in order to utilize available DSP registers.
INFO: [HLS 200-486] Changing DSP latency (root=mul_ln58_441) to 3 in order to utilize available DSP registers.
INFO: [HLS 200-486] Changing DSP latency (root=mul_ln65_876) to 3 in order to utilize available DSP registers.
INFO: [HLS 200-486] Changing DSP latency (root=mul_ln65_877) to 3 in order to utilize available DSP registers.
INFO: [HLS 200-486] Changing DSP latency (root=mul_ln58_309) to 3 in order to utilize available DSP registers.
INFO: [HLS 200-486] Changing DSP latency (root=mul_ln58_310) to 3 in order to utilize available DSP registers.
INFO: [HLS 200-486] Changing DSP latency (root=tmp938) to 3 in order to utilize available DSP registers.
INFO: [HLS 200-486] Changing DSP latency (root=tmp943) to 3 in order to utilize available DSP registers.
INFO: [HLS 200-486] Changing DSP latency (root=mul_ln65_870) to 3 in order to utilize available DSP registers.
INFO: [HLS 200-486] Changing DSP latency (root=mul_ln58_440) to 3 in order to utilize available DSP registers.
INFO: [HLS 200-486] Changing DSP latency (root=mul_ln65_872) to 3 in order to utilize available DSP registers.
INFO: [HLS 200-486] Changing DSP latency (root=mul_ln65_873) to 3 in order to utilize available DSP registers.
INFO: [HLS 200-486] Changing DSP latency (root=mul_ln58_307) to 3 in order to utilize available DSP registers.
INFO: [HLS 200-486] Changing DSP latency (root=mul_ln58_308) to 3 in order to utilize available DSP registers.
INFO: [HLS 200-486] Changing DSP latency (root=tmp921) to 3 in order to utilize available DSP registers.
INFO: [HLS 200-486] Changing DSP latency (root=tmp926) to 3 in order to utilize available DSP registers.
INFO: [HLS 200-486] Changing DSP latency (root=mul_ln65_866) to 3 in order to utilize available DSP registers.
INFO: [HLS 200-486] Changing DSP latency (root=mul_ln58_439) to 3 in order to utilize available DSP registers.
INFO: [HLS 200-486] Changing DSP latency (root=mul_ln65_868) to 3 in order to utilize available DSP registers.
INFO: [HLS 200-486] Changing DSP latency (root=mul_ln65_869) to 3 in order to utilize available DSP registers.
INFO: [HLS 200-486] Changing DSP latency (root=mul_ln58_305) to 3 in order to utilize available DSP registers.
INFO: [HLS 200-486] Changing DSP latency (root=mul_ln58_306) to 3 in order to utilize available DSP registers.
INFO: [HLS 200-486] Changing DSP latency (root=tmp904) to 3 in order to utilize available DSP registers.
INFO: [HLS 200-486] Changing DSP latency (root=tmp909) to 3 in order to utilize available DSP registers.
INFO: [HLS 200-486] Changing DSP latency (root=mul_ln65_862) to 3 in order to utilize available DSP registers.
INFO: [HLS 200-486] Changing DSP latency (root=mul_ln58_438) to 3 in order to utilize available DSP registers.
INFO: [HLS 200-486] Changing DSP latency (root=mul_ln65_864) to 3 in order to utilize available DSP registers.
INFO: [HLS 200-486] Changing DSP latency (root=mul_ln65_865) to 3 in order to utilize available DSP registers.
INFO: [HLS 200-486] Changing DSP latency (root=mul_ln58_303) to 3 in order to utilize available DSP registers.
INFO: [HLS 200-486] Changing DSP latency (root=mul_ln58_304) to 3 in order to utilize available DSP registers.
INFO: [HLS 200-486] Changing DSP latency (root=tmp887) to 3 in order to utilize available DSP registers.
INFO: [HLS 200-486] Changing DSP latency (root=tmp892) to 3 in order to utilize available DSP registers.
INFO: [HLS 200-486] Changing DSP latency (root=mul_ln65_858) to 3 in order to utilize available DSP registers.
INFO: [HLS 200-486] Changing DSP latency (root=mul_ln58_437) to 3 in order to utilize available DSP registers.
INFO: [HLS 200-486] Changing DSP latency (root=mul_ln65_860) to 3 in order to utilize available DSP registers.
INFO: [HLS 200-486] Changing DSP latency (root=mul_ln65_861) to 3 in order to utilize available DSP registers.
INFO: [HLS 200-486] Changing DSP latency (root=mul_ln58_301) to 3 in order to utilize available DSP registers.
INFO: [HLS 200-486] Changing DSP latency (root=mul_ln58_302) to 3 in order to utilize available DSP registers.
INFO: [HLS 200-486] Changing DSP latency (root=tmp870) to 3 in order to utilize available DSP registers.
INFO: [HLS 200-486] Changing DSP latency (root=tmp875) to 3 in order to utilize available DSP registers.
INFO: [HLS 200-486] Changing DSP latency (root=mul_ln65_854) to 3 in order to utilize available DSP registers.
INFO: [HLS 200-486] Changing DSP latency (root=mul_ln58_436) to 3 in order to utilize available DSP registers.
INFO: [HLS 200-486] Changing DSP latency (root=mul_ln65_856) to 3 in order to utilize available DSP registers.
INFO: [HLS 200-486] Changing DSP latency (root=mul_ln65_857) to 3 in order to utilize available DSP registers.
INFO: [HLS 200-486] Changing DSP latency (root=mul_ln58_299) to 3 in order to utilize available DSP registers.
INFO: [HLS 200-486] Changing DSP latency (root=mul_ln58_300) to 3 in order to utilize available DSP registers.
INFO: [HLS 200-486] Changing DSP latency (root=acc_2558) to 3 in order to utilize available DSP registers.
INFO: [HLS 200-486] Changing DSP latency (root=mul_ln65_847) to 3 in order to utilize available DSP registers.
INFO: [HLS 200-486] Changing DSP latency (root=mul_ln65_848) to 3 in order to utilize available DSP registers.
INFO: [HLS 200-486] Changing DSP latency (root=tmp865) to 3 in order to utilize available DSP registers.
INFO: [HLS 200-486] Changing DSP latency (root=mul_ln65_851) to 3 in order to utilize available DSP registers.
INFO: [HLS 200-486] Changing DSP latency (root=mul_ln65_850) to 3 in order to utilize available DSP registers.
INFO: [HLS 200-486] Changing DSP latency (root=mul_ln58_298) to 3 in order to utilize available DSP registers.
INFO: [HLS 200-486] Changing DSP latency (root=acc_2550) to 3 in order to utilize available DSP registers.
INFO: [HLS 200-486] Changing DSP latency (root=mul_ln65_839) to 3 in order to utilize available DSP registers.
INFO: [HLS 200-486] Changing DSP latency (root=mul_ln65_840) to 3 in order to utilize available DSP registers.
INFO: [HLS 200-486] Changing DSP latency (root=tmp854) to 3 in order to utilize available DSP registers.
INFO: [HLS 200-486] Changing DSP latency (root=mul_ln65_843) to 3 in order to utilize available DSP registers.
INFO: [HLS 200-486] Changing DSP latency (root=mul_ln65_842) to 3 in order to utilize available DSP registers.
INFO: [HLS 200-486] Changing DSP latency (root=mul_ln58_297) to 3 in order to utilize available DSP registers.
INFO: [HLS 200-486] Changing DSP latency (root=acc_2543) to 3 in order to utilize available DSP registers.
INFO: [HLS 200-486] Changing DSP latency (root=mul_ln65_831) to 3 in order to utilize available DSP registers.
INFO: [HLS 200-486] Changing DSP latency (root=mul_ln65_832) to 3 in order to utilize available DSP registers.
INFO: [HLS 200-486] Changing DSP latency (root=tmp843) to 3 in order to utilize available DSP registers.
INFO: [HLS 200-486] Changing DSP latency (root=mul_ln65_835) to 3 in order to utilize available DSP registers.
INFO: [HLS 200-486] Changing DSP latency (root=mul_ln65_834) to 3 in order to utilize available DSP registers.
INFO: [HLS 200-486] Changing DSP latency (root=mul_ln58_296) to 3 in order to utilize available DSP registers.
INFO: [HLS 200-486] Changing DSP latency (root=acc_2535) to 3 in order to utilize available DSP registers.
INFO: [HLS 200-486] Changing DSP latency (root=mul_ln65_823) to 3 in order to utilize available DSP registers.
INFO: [HLS 200-486] Changing DSP latency (root=mul_ln65_824) to 3 in order to utilize available DSP registers.
INFO: [HLS 200-486] Changing DSP latency (root=tmp832) to 3 in order to utilize available DSP registers.
INFO: [HLS 200-486] Changing DSP latency (root=mul_ln65_827) to 3 in order to utilize available DSP registers.
INFO: [HLS 200-486] Changing DSP latency (root=mul_ln65_826) to 3 in order to utilize available DSP registers.
INFO: [HLS 200-486] Changing DSP latency (root=mul_ln58_295) to 3 in order to utilize available DSP registers.
INFO: [HLS 200-486] Changing DSP latency (root=acc_2528) to 3 in order to utilize available DSP registers.
INFO: [HLS 200-486] Changing DSP latency (root=mul_ln65_815) to 3 in order to utilize available DSP registers.
INFO: [HLS 200-486] Changing DSP latency (root=mul_ln65_816) to 3 in order to utilize available DSP registers.
INFO: [HLS 200-486] Changing DSP latency (root=tmp821) to 3 in order to utilize available DSP registers.
INFO: [HLS 200-486] Changing DSP latency (root=mul_ln65_819) to 3 in order to utilize available DSP registers.
INFO: [HLS 200-486] Changing DSP latency (root=mul_ln65_818) to 3 in order to utilize available DSP registers.
INFO: [HLS 200-486] Changing DSP latency (root=mul_ln58_294) to 3 in order to utilize available DSP registers.
INFO: [HLS 200-486] Changing DSP latency (root=acc_2520) to 3 in order to utilize available DSP registers.
INFO: [HLS 200-486] Changing DSP latency (root=mul_ln65_807) to 3 in order to utilize available DSP registers.
INFO: [HLS 200-486] Changing DSP latency (root=mul_ln65_808) to 3 in order to utilize available DSP registers.
INFO: [HLS 200-486] Changing DSP latency (root=tmp810) to 3 in order to utilize available DSP registers.
INFO: [HLS 200-486] Changing DSP latency (root=mul_ln65_811) to 3 in order to utilize available DSP registers.
INFO: [HLS 200-486] Changing DSP latency (root=mul_ln65_810) to 3 in order to utilize available DSP registers.
INFO: [HLS 200-486] Changing DSP latency (root=mul_ln58_293) to 3 in order to utilize available DSP registers.
INFO: [HLS 200-486] Changing DSP latency (root=acc_2513) to 3 in order to utilize available DSP registers.
INFO: [HLS 200-486] Changing DSP latency (root=mul_ln65_799) to 3 in order to utilize available DSP registers.
INFO: [HLS 200-486] Changing DSP latency (root=mul_ln65_800) to 3 in order to utilize available DSP registers.
INFO: [HLS 200-486] Changing DSP latency (root=tmp799) to 3 in order to utilize available DSP registers.
INFO: [HLS 200-486] Changing DSP latency (root=mul_ln65_803) to 3 in order to utilize available DSP registers.
INFO: [HLS 200-486] Changing DSP latency (root=mul_ln65_802) to 3 in order to utilize available DSP registers.
INFO: [HLS 200-486] Changing DSP latency (root=mul_ln58_292) to 3 in order to utilize available DSP registers.
INFO: [HLS 200-486] Changing DSP latency (root=acc_2505) to 3 in order to utilize available DSP registers.
INFO: [HLS 200-486] Changing DSP latency (root=mul_ln65_791) to 3 in order to utilize available DSP registers.
INFO: [HLS 200-486] Changing DSP latency (root=mul_ln65_792) to 3 in order to utilize available DSP registers.
INFO: [HLS 200-486] Changing DSP latency (root=tmp788) to 3 in order to utilize available DSP registers.
INFO: [HLS 200-486] Changing DSP latency (root=mul_ln65_795) to 3 in order to utilize available DSP registers.
INFO: [HLS 200-486] Changing DSP latency (root=mul_ln65_794) to 3 in order to utilize available DSP registers.
INFO: [HLS 200-486] Changing DSP latency (root=mul_ln58_291) to 3 in order to utilize available DSP registers.
INFO: [HLS 200-486] Changing DSP latency (root=acc_2499) to 3 in order to utilize available DSP registers.
INFO: [HLS 200-486] Changing DSP latency (root=mul_ln65_783) to 3 in order to utilize available DSP registers.
INFO: [HLS 200-486] Changing DSP latency (root=mul_ln65_784) to 3 in order to utilize available DSP registers.
INFO: [HLS 200-486] Changing DSP latency (root=tmp777) to 3 in order to utilize available DSP registers.
INFO: [HLS 200-486] Changing DSP latency (root=mul_ln65_787) to 3 in order to utilize available DSP registers.
INFO: [HLS 200-486] Changing DSP latency (root=mul_ln65_786) to 3 in order to utilize available DSP registers.
INFO: [HLS 200-486] Changing DSP latency (root=mul_ln58_290) to 3 in order to utilize available DSP registers.
INFO: [HLS 200-486] Changing DSP latency (root=acc_2493) to 3 in order to utilize available DSP registers.
INFO: [HLS 200-486] Changing DSP latency (root=mul_ln65_775) to 3 in order to utilize available DSP registers.
INFO: [HLS 200-486] Changing DSP latency (root=mul_ln65_776) to 3 in order to utilize available DSP registers.
INFO: [HLS 200-486] Changing DSP latency (root=tmp766) to 3 in order to utilize available DSP registers.
INFO: [HLS 200-486] Changing DSP latency (root=mul_ln65_779) to 3 in order to utilize available DSP registers.
INFO: [HLS 200-486] Changing DSP latency (root=mul_ln65_778) to 3 in order to utilize available DSP registers.
INFO: [HLS 200-486] Changing DSP latency (root=mul_ln58_289) to 3 in order to utilize available DSP registers.
INFO: [HLS 200-486] Changing DSP latency (root=acc_2487) to 3 in order to utilize available DSP registers.
INFO: [HLS 200-486] Changing DSP latency (root=mul_ln65_767) to 3 in order to utilize available DSP registers.
INFO: [HLS 200-486] Changing DSP latency (root=mul_ln65_768) to 3 in order to utilize available DSP registers.
INFO: [HLS 200-486] Changing DSP latency (root=tmp755) to 3 in order to utilize available DSP registers.
INFO: [HLS 200-486] Changing DSP latency (root=mul_ln65_771) to 3 in order to utilize available DSP registers.
INFO: [HLS 200-486] Changing DSP latency (root=mul_ln65_770) to 3 in order to utilize available DSP registers.
INFO: [HLS 200-486] Changing DSP latency (root=mul_ln58_288) to 3 in order to utilize available DSP registers.
INFO: [HLS 200-486] Changing DSP latency (root=acc_2481) to 3 in order to utilize available DSP registers.
INFO: [HLS 200-486] Changing DSP latency (root=mul_ln65_759) to 3 in order to utilize available DSP registers.
INFO: [HLS 200-486] Changing DSP latency (root=mul_ln65_760) to 3 in order to utilize available DSP registers.
INFO: [HLS 200-486] Changing DSP latency (root=tmp744) to 3 in order to utilize available DSP registers.
INFO: [HLS 200-486] Changing DSP latency (root=mul_ln65_763) to 3 in order to utilize available DSP registers.
INFO: [HLS 200-486] Changing DSP latency (root=mul_ln65_762) to 3 in order to utilize available DSP registers.
INFO: [HLS 200-486] Changing DSP latency (root=mul_ln58_287) to 3 in order to utilize available DSP registers.
INFO: [HLS 200-486] Changing DSP latency (root=acc_2475) to 3 in order to utilize available DSP registers.
INFO: [HLS 200-486] Changing DSP latency (root=mul_ln65_751) to 3 in order to utilize available DSP registers.
INFO: [HLS 200-486] Changing DSP latency (root=mul_ln65_752) to 3 in order to utilize available DSP registers.
INFO: [HLS 200-486] Changing DSP latency (root=tmp733) to 3 in order to utilize available DSP registers.
INFO: [HLS 200-486] Changing DSP latency (root=mul_ln65_755) to 3 in order to utilize available DSP registers.
INFO: [HLS 200-486] Changing DSP latency (root=mul_ln65_754) to 3 in order to utilize available DSP registers.
INFO: [HLS 200-486] Changing DSP latency (root=mul_ln58_286) to 3 in order to utilize available DSP registers.
INFO: [HLS 200-486] Changing DSP latency (root=acc_2469) to 3 in order to utilize available DSP registers.
INFO: [HLS 200-486] Changing DSP latency (root=mul_ln65_743) to 3 in order to utilize available DSP registers.
INFO: [HLS 200-486] Changing DSP latency (root=mul_ln65_744) to 3 in order to utilize available DSP registers.
INFO: [HLS 200-486] Changing DSP latency (root=tmp722) to 3 in order to utilize available DSP registers.
INFO: [HLS 200-486] Changing DSP latency (root=mul_ln65_747) to 3 in order to utilize available DSP registers.
INFO: [HLS 200-486] Changing DSP latency (root=mul_ln65_746) to 3 in order to utilize available DSP registers.
INFO: [HLS 200-486] Changing DSP latency (root=mul_ln58_285) to 3 in order to utilize available DSP registers.
INFO: [HLS 200-486] Changing DSP latency (root=acc_2463) to 3 in order to utilize available DSP registers.
INFO: [HLS 200-486] Changing DSP latency (root=mul_ln65_735) to 3 in order to utilize available DSP registers.
INFO: [HLS 200-486] Changing DSP latency (root=mul_ln65_736) to 3 in order to utilize available DSP registers.
INFO: [HLS 200-486] Changing DSP latency (root=tmp711) to 3 in order to utilize available DSP registers.
INFO: [HLS 200-486] Changing DSP latency (root=mul_ln65_739) to 3 in order to utilize available DSP registers.
INFO: [HLS 200-486] Changing DSP latency (root=mul_ln65_738) to 3 in order to utilize available DSP registers.
INFO: [HLS 200-486] Changing DSP latency (root=mul_ln58_284) to 3 in order to utilize available DSP registers.
INFO: [HLS 200-486] Changing DSP latency (root=mul_ln65_2143) to 3 in order to utilize available DSP registers.
INFO: [HLS 200-486] Changing DSP latency (root=mul_ln61_14) to 3 in order to utilize available DSP registers.
INFO: [HLS 200-486] Changing DSP latency (root=tmp700) to 3 in order to utilize available DSP registers.
INFO: [HLS 200-486] Changing DSP latency (root=tmp695) to 3 in order to utilize available DSP registers.
INFO: [HLS 200-486] Changing DSP latency (root=tmp702) to 3 in order to utilize available DSP registers.
INFO: [HLS 200-486] Changing DSP latency (root=mul_ln65_733) to 3 in order to utilize available DSP registers.
INFO: [HLS 200-486] Changing DSP latency (root=mul_ln65_732) to 3 in order to utilize available DSP registers.
INFO: [HLS 200-486] Changing DSP latency (root=mul_ln65_2137) to 3 in order to utilize available DSP registers.
INFO: [HLS 200-486] Changing DSP latency (root=mul_ln61_13) to 3 in order to utilize available DSP registers.
INFO: [HLS 200-486] Changing DSP latency (root=tmp685) to 3 in order to utilize available DSP registers.
INFO: [HLS 200-486] Changing DSP latency (root=tmp680) to 3 in order to utilize available DSP registers.
INFO: [HLS 200-486] Changing DSP latency (root=tmp687) to 3 in order to utilize available DSP registers.
INFO: [HLS 200-486] Changing DSP latency (root=mul_ln65_730) to 3 in order to utilize available DSP registers.
INFO: [HLS 200-486] Changing DSP latency (root=mul_ln65_729) to 3 in order to utilize available DSP registers.
INFO: [HLS 200-486] Changing DSP latency (root=mul_ln65_2131) to 3 in order to utilize available DSP registers.
INFO: [HLS 200-486] Changing DSP latency (root=mul_ln61_12) to 3 in order to utilize available DSP registers.
INFO: [HLS 200-486] Changing DSP latency (root=tmp670) to 3 in order to utilize available DSP registers.
INFO: [HLS 200-486] Changing DSP latency (root=tmp665) to 3 in order to utilize available DSP registers.
INFO: [HLS 200-486] Changing DSP latency (root=tmp672) to 3 in order to utilize available DSP registers.
INFO: [HLS 200-486] Changing DSP latency (root=mul_ln65_727) to 3 in order to utilize available DSP registers.
INFO: [HLS 200-486] Changing DSP latency (root=mul_ln65_726) to 3 in order to utilize available DSP registers.
INFO: [HLS 200-486] Changing DSP latency (root=mul_ln65_2125) to 3 in order to utilize available DSP registers.
INFO: [HLS 200-486] Changing DSP latency (root=mul_ln61_11) to 3 in order to utilize available DSP registers.
INFO: [HLS 200-486] Changing DSP latency (root=tmp655) to 3 in order to utilize available DSP registers.
INFO: [HLS 200-486] Changing DSP latency (root=tmp650) to 3 in order to utilize available DSP registers.
INFO: [HLS 200-486] Changing DSP latency (root=tmp657) to 3 in order to utilize available DSP registers.
INFO: [HLS 200-486] Changing DSP latency (root=mul_ln65_724) to 3 in order to utilize available DSP registers.
INFO: [HLS 200-486] Changing DSP latency (root=mul_ln65_723) to 3 in order to utilize available DSP registers.
INFO: [HLS 200-486] Changing DSP latency (root=mul_ln65_2119) to 3 in order to utilize available DSP registers.
INFO: [HLS 200-486] Changing DSP latency (root=mul_ln61_10) to 3 in order to utilize available DSP registers.
INFO: [HLS 200-486] Changing DSP latency (root=tmp640) to 3 in order to utilize available DSP registers.
INFO: [HLS 200-486] Changing DSP latency (root=tmp635) to 3 in order to utilize available DSP registers.
INFO: [HLS 200-486] Changing DSP latency (root=tmp642) to 3 in order to utilize available DSP registers.
INFO: [HLS 200-486] Changing DSP latency (root=mul_ln65_721) to 3 in order to utilize available DSP registers.
INFO: [HLS 200-486] Changing DSP latency (root=mul_ln65_720) to 3 in order to utilize available DSP registers.
INFO: [HLS 200-486] Changing DSP latency (root=mul_ln65_2113) to 3 in order to utilize available DSP registers.
INFO: [HLS 200-486] Changing DSP latency (root=mul_ln61_9) to 3 in order to utilize available DSP registers.
INFO: [HLS 200-486] Changing DSP latency (root=tmp625) to 3 in order to utilize available DSP registers.
INFO: [HLS 200-486] Changing DSP latency (root=tmp620) to 3 in order to utilize available DSP registers.
INFO: [HLS 200-486] Changing DSP latency (root=tmp627) to 3 in order to utilize available DSP registers.
INFO: [HLS 200-486] Changing DSP latency (root=mul_ln65_718) to 3 in order to utilize available DSP registers.
INFO: [HLS 200-486] Changing DSP latency (root=mul_ln65_717) to 3 in order to utilize available DSP registers.
INFO: [HLS 200-486] Changing DSP latency (root=mul_ln65_2107) to 3 in order to utilize available DSP registers.
INFO: [HLS 200-486] Changing DSP latency (root=mul_ln61_8) to 3 in order to utilize available DSP registers.
INFO: [HLS 200-486] Changing DSP latency (root=tmp610) to 3 in order to utilize available DSP registers.
INFO: [HLS 200-486] Changing DSP latency (root=tmp605) to 3 in order to utilize available DSP registers.
INFO: [HLS 200-486] Changing DSP latency (root=tmp612) to 3 in order to utilize available DSP registers.
INFO: [HLS 200-486] Changing DSP latency (root=mul_ln65_715) to 3 in order to utilize available DSP registers.
INFO: [HLS 200-486] Changing DSP latency (root=mul_ln65_714) to 3 in order to utilize available DSP registers.
INFO: [HLS 200-486] Changing DSP latency (root=mul_ln65_2101) to 3 in order to utilize available DSP registers.
INFO: [HLS 200-486] Changing DSP latency (root=mul_ln61_7) to 3 in order to utilize available DSP registers.
INFO: [HLS 200-486] Changing DSP latency (root=tmp595) to 3 in order to utilize available DSP registers.
INFO: [HLS 200-486] Changing DSP latency (root=tmp590) to 3 in order to utilize available DSP registers.
INFO: [HLS 200-486] Changing DSP latency (root=tmp597) to 3 in order to utilize available DSP registers.
INFO: [HLS 200-486] Changing DSP latency (root=mul_ln65_712) to 3 in order to utilize available DSP registers.
INFO: [HLS 200-486] Changing DSP latency (root=mul_ln65_711) to 3 in order to utilize available DSP registers.
INFO: [HLS 200-486] Changing DSP latency (root=mul_ln65_2095) to 3 in order to utilize available DSP registers.
INFO: [HLS 200-486] Changing DSP latency (root=mul_ln61_6) to 3 in order to utilize available DSP registers.
INFO: [HLS 200-486] Changing DSP latency (root=tmp580) to 3 in order to utilize available DSP registers.
INFO: [HLS 200-486] Changing DSP latency (root=tmp575) to 3 in order to utilize available DSP registers.
INFO: [HLS 200-486] Changing DSP latency (root=tmp582) to 3 in order to utilize available DSP registers.
INFO: [HLS 200-486] Changing DSP latency (root=mul_ln65_709) to 3 in order to utilize available DSP registers.
INFO: [HLS 200-486] Changing DSP latency (root=mul_ln65_708) to 3 in order to utilize available DSP registers.
INFO: [HLS 200-486] Changing DSP latency (root=mul_ln65_2089) to 3 in order to utilize available DSP registers.
INFO: [HLS 200-486] Changing DSP latency (root=mul_ln61_5) to 3 in order to utilize available DSP registers.
INFO: [HLS 200-486] Changing DSP latency (root=tmp565) to 3 in order to utilize available DSP registers.
INFO: [HLS 200-486] Changing DSP latency (root=tmp560) to 3 in order to utilize available DSP registers.
INFO: [HLS 200-486] Changing DSP latency (root=tmp567) to 3 in order to utilize available DSP registers.
INFO: [HLS 200-486] Changing DSP latency (root=mul_ln65_706) to 3 in order to utilize available DSP registers.
INFO: [HLS 200-486] Changing DSP latency (root=mul_ln65_705) to 3 in order to utilize available DSP registers.
INFO: [HLS 200-486] Changing DSP latency (root=mul_ln65_2083) to 3 in order to utilize available DSP registers.
INFO: [HLS 200-486] Changing DSP latency (root=mul_ln61_4) to 3 in order to utilize available DSP registers.
INFO: [HLS 200-486] Changing DSP latency (root=tmp550) to 3 in order to utilize available DSP registers.
INFO: [HLS 200-486] Changing DSP latency (root=tmp545) to 3 in order to utilize available DSP registers.
INFO: [HLS 200-486] Changing DSP latency (root=tmp552) to 3 in order to utilize available DSP registers.
INFO: [HLS 200-486] Changing DSP latency (root=mul_ln65_703) to 3 in order to utilize available DSP registers.
INFO: [HLS 200-486] Changing DSP latency (root=mul_ln65_702) to 3 in order to utilize available DSP registers.
INFO: [HLS 200-486] Changing DSP latency (root=mul_ln65_2077) to 3 in order to utilize available DSP registers.
INFO: [HLS 200-486] Changing DSP latency (root=mul_ln61_3) to 3 in order to utilize available DSP registers.
INFO: [HLS 200-486] Changing DSP latency (root=tmp535) to 3 in order to utilize available DSP registers.
INFO: [HLS 200-486] Changing DSP latency (root=tmp530) to 3 in order to utilize available DSP registers.
INFO: [HLS 200-486] Changing DSP latency (root=tmp537) to 3 in order to utilize available DSP registers.
INFO: [HLS 200-486] Changing DSP latency (root=mul_ln65_700) to 3 in order to utilize available DSP registers.
INFO: [HLS 200-486] Changing DSP latency (root=mul_ln65_699) to 3 in order to utilize available DSP registers.
INFO: [HLS 200-486] Changing DSP latency (root=mul_ln65_2071) to 3 in order to utilize available DSP registers.
INFO: [HLS 200-486] Changing DSP latency (root=mul_ln61_2) to 3 in order to utilize available DSP registers.
INFO: [HLS 200-486] Changing DSP latency (root=tmp520) to 3 in order to utilize available DSP registers.
INFO: [HLS 200-486] Changing DSP latency (root=tmp515) to 3 in order to utilize available DSP registers.
INFO: [HLS 200-486] Changing DSP latency (root=tmp522) to 3 in order to utilize available DSP registers.
INFO: [HLS 200-486] Changing DSP latency (root=mul_ln65_697) to 3 in order to utilize available DSP registers.
INFO: [HLS 200-486] Changing DSP latency (root=mul_ln65_696) to 3 in order to utilize available DSP registers.
INFO: [HLS 200-486] Changing DSP latency (root=mul_ln65_2065) to 3 in order to utilize available DSP registers.
INFO: [HLS 200-486] Changing DSP latency (root=mul_ln61_1) to 3 in order to utilize available DSP registers.
INFO: [HLS 200-486] Changing DSP latency (root=tmp505) to 3 in order to utilize available DSP registers.
INFO: [HLS 200-486] Changing DSP latency (root=tmp500) to 3 in order to utilize available DSP registers.
INFO: [HLS 200-486] Changing DSP latency (root=tmp507) to 3 in order to utilize available DSP registers.
INFO: [HLS 200-486] Changing DSP latency (root=mul_ln65_694) to 3 in order to utilize available DSP registers.
INFO: [HLS 200-486] Changing DSP latency (root=mul_ln65_693) to 3 in order to utilize available DSP registers.
INFO: [HLS 200-486] Changing DSP latency (root=mul_ln65_2059) to 3 in order to utilize available DSP registers.
INFO: [HLS 200-486] Changing DSP latency (root=mul_ln61) to 3 in order to utilize available DSP registers.
INFO: [HLS 200-486] Changing DSP latency (root=tmp490) to 3 in order to utilize available DSP registers.
INFO: [HLS 200-486] Changing DSP latency (root=tmp485) to 3 in order to utilize available DSP registers.
INFO: [HLS 200-486] Changing DSP latency (root=tmp492) to 3 in order to utilize available DSP registers.
INFO: [HLS 200-486] Changing DSP latency (root=mul_ln65_691) to 3 in order to utilize available DSP registers.
INFO: [HLS 200-486] Changing DSP latency (root=mul_ln65_690) to 3 in order to utilize available DSP registers.
WARNING: [HLS 200-1015] Estimated delay Estimated delay (3.24ns)  of 'sitofp' operation ('conv', /data/home/songqiangxu/project/CNN/src/conv_br.h:80) exceeds the target cycle time (target cycle time: 2.5ns, clock uncertainty: 0.675ns, effective cycle time: 1.83ns).

Resolution: For help on HLS 200-1015 see www.xilinx.com/cgi-bin/docs/rdoc?v=2022.1;t=hls+guidance;d=200-1015.html
INFO: [SCHED 204-61] Pipelining loop 'Loop 1'.
INFO: [HLS 200-1470] Pipelining result : Target II = NA, Final II = 1, Depth = 80, loop 'Loop 1'
WARNING: [HLS 200-871] Estimated clock period (3.239ns) exceeds the target (target clock period: 2.5ns, clock uncertainty: 0.675ns, effective delay budget: 1.825ns).
Resolution: For help on HLS 200-871 see www.xilinx.com/cgi-bin/docs/rdoc?v=2022.1;t=hls+guidance;d=200-871.html
WARNING: [HLS 200-1016] The critical path in module 'do_conv_br_1_Pipeline_2' consists of the following:	'sitofp' operation ('conv98_12', /data/home/songqiangxu/project/CNN/src/conv_br.h:80) [28118]  (3.24 ns)

Resolution: For help on HLS 200-1016 see www.xilinx.com/cgi-bin/docs/rdoc?v=2022.1;t=hls+guidance;d=200-1016.html
INFO: [SCHED 204-11] Finished scheduling.
INFO: [HLS 200-111] Finished Scheduling: CPU user time: 75.98 seconds. CPU system time: 1.2 seconds. Elapsed time: 77.18 seconds; current allocated memory: 2.381 GB.
INFO: [BIND 205-100] Starting micro-architecture generation ...
INFO: [BIND 205-101] Performing variable lifetime analysis.
INFO: [BIND 205-101] Exploring resource sharing.
INFO: [BIND 205-101] Binding ...
INFO: [BIND 205-100] Finished micro-architecture generation.
INFO: [HLS 200-111] Finished Binding: CPU user time: 95.17 seconds. CPU system time: 0.2 seconds. Elapsed time: 95.39 seconds; current allocated memory: 2.381 GB.
INFO: [HLS 200-10] ----------------------------------------------------------------
INFO: [HLS 200-42] -- Implementing module 'do_conv_br_1' 
INFO: [HLS 200-10] ----------------------------------------------------------------
INFO: [SCHED 204-11] Starting scheduling ...
INFO: [SCHED 204-11] Finished scheduling.
INFO: [HLS 200-111] Finished Scheduling: CPU user time: 44.5 seconds. CPU system time: 0.22 seconds. Elapsed time: 44.72 seconds; current allocated memory: 2.381 GB.
INFO: [BIND 205-100] Starting micro-architecture generation ...
INFO: [BIND 205-101] Performing variable lifetime analysis.
INFO: [BIND 205-101] Exploring resource sharing.
INFO: [BIND 205-101] Binding ...
INFO: [BIND 205-100] Finished micro-architecture generation.
INFO: [HLS 200-111] Finished Binding: CPU user time: 10.99 seconds. CPU system time: 0.01 seconds. Elapsed time: 11 seconds; current allocated memory: 2.381 GB.
INFO: [HLS 200-10] ----------------------------------------------------------------
INFO: [HLS 200-42] -- Implementing module 'do_conv_br' 
INFO: [HLS 200-10] ----------------------------------------------------------------
INFO: [SCHED 204-11] Starting scheduling ...
INFO: [HLS 200-486] Changing DSP latency (root=tmp11480) to 3 in order to utilize available DSP registers.
INFO: [HLS 200-486] Changing DSP latency (root=mul_ln65_1718) to 3 in order to utilize available DSP registers.
INFO: [HLS 200-486] Changing DSP latency (root=tmp11500) to 3 in order to utilize available DSP registers.
INFO: [HLS 200-486] Changing DSP latency (root=mul_ln65_1719) to 3 in order to utilize available DSP registers.
INFO: [HLS 200-486] Changing DSP latency (root=mul_ln65_1721) to 3 in order to utilize available DSP registers.
INFO: [HLS 200-486] Changing DSP latency (root=tmp11508) to 3 in order to utilize available DSP registers.
INFO: [HLS 200-486] Changing DSP latency (root=mul_ln65_1722) to 3 in order to utilize available DSP registers.
INFO: [HLS 200-486] Changing DSP latency (root=mul_ln58_599) to 3 in order to utilize available DSP registers.
INFO: [HLS 200-486] Changing DSP latency (root=mul_ln65_1723) to 3 in order to utilize available DSP registers.
INFO: [HLS 200-486] Changing DSP latency (root=mul_ln65_1724) to 3 in order to utilize available DSP registers.
INFO: [HLS 200-486] Changing DSP latency (root=mul_ln58_269) to 3 in order to utilize available DSP registers.
INFO: [HLS 200-486] Changing DSP latency (root=tmp11505) to 3 in order to utilize available DSP registers.
INFO: [HLS 200-486] Changing DSP latency (root=tmp11437) to 3 in order to utilize available DSP registers.
INFO: [HLS 200-486] Changing DSP latency (root=mul_ln65_1710) to 3 in order to utilize available DSP registers.
INFO: [HLS 200-486] Changing DSP latency (root=tmp11457) to 3 in order to utilize available DSP registers.
INFO: [HLS 200-486] Changing DSP latency (root=mul_ln65_1711) to 3 in order to utilize available DSP registers.
INFO: [HLS 200-486] Changing DSP latency (root=mul_ln65_1713) to 3 in order to utilize available DSP registers.
INFO: [HLS 200-486] Changing DSP latency (root=tmp11465) to 3 in order to utilize available DSP registers.
INFO: [HLS 200-486] Changing DSP latency (root=mul_ln65_1714) to 3 in order to utilize available DSP registers.
INFO: [HLS 200-486] Changing DSP latency (root=mul_ln58_596) to 3 in order to utilize available DSP registers.
INFO: [HLS 200-486] Changing DSP latency (root=mul_ln65_1715) to 3 in order to utilize available DSP registers.
INFO: [HLS 200-486] Changing DSP latency (root=mul_ln65_1716) to 3 in order to utilize available DSP registers.
INFO: [HLS 200-486] Changing DSP latency (root=mul_ln58_268) to 3 in order to utilize available DSP registers.
INFO: [HLS 200-486] Changing DSP latency (root=tmp11462) to 3 in order to utilize available DSP registers.
INFO: [HLS 200-486] Changing DSP latency (root=tmp11394) to 3 in order to utilize available DSP registers.
INFO: [HLS 200-486] Changing DSP latency (root=mul_ln65_1702) to 3 in order to utilize available DSP registers.
INFO: [HLS 200-486] Changing DSP latency (root=tmp11414) to 3 in order to utilize available DSP registers.
INFO: [HLS 200-486] Changing DSP latency (root=mul_ln65_1703) to 3 in order to utilize available DSP registers.
INFO: [HLS 200-486] Changing DSP latency (root=mul_ln65_1705) to 3 in order to utilize available DSP registers.
INFO: [HLS 200-486] Changing DSP latency (root=tmp11422) to 3 in order to utilize available DSP registers.
INFO: [HLS 200-486] Changing DSP latency (root=mul_ln65_1706) to 3 in order to utilize available DSP registers.
INFO: [HLS 200-486] Changing DSP latency (root=mul_ln58_593) to 3 in order to utilize available DSP registers.
INFO: [HLS 200-486] Changing DSP latency (root=mul_ln65_1707) to 3 in order to utilize available DSP registers.
INFO: [HLS 200-486] Changing DSP latency (root=mul_ln65_1708) to 3 in order to utilize available DSP registers.
INFO: [HLS 200-486] Changing DSP latency (root=mul_ln58_267) to 3 in order to utilize available DSP registers.
INFO: [HLS 200-486] Changing DSP latency (root=tmp11419) to 3 in order to utilize available DSP registers.
INFO: [HLS 200-486] Changing DSP latency (root=tmp11351) to 3 in order to utilize available DSP registers.
INFO: [HLS 200-486] Changing DSP latency (root=mul_ln65_1694) to 3 in order to utilize available DSP registers.
INFO: [HLS 200-486] Changing DSP latency (root=tmp11371) to 3 in order to utilize available DSP registers.
INFO: [HLS 200-486] Changing DSP latency (root=mul_ln65_1695) to 3 in order to utilize available DSP registers.
INFO: [HLS 200-486] Changing DSP latency (root=mul_ln65_1697) to 3 in order to utilize available DSP registers.
INFO: [HLS 200-486] Changing DSP latency (root=tmp11379) to 3 in order to utilize available DSP registers.
INFO: [HLS 200-486] Changing DSP latency (root=mul_ln65_1698) to 3 in order to utilize available DSP registers.
INFO: [HLS 200-486] Changing DSP latency (root=mul_ln58_590) to 3 in order to utilize available DSP registers.
INFO: [HLS 200-486] Changing DSP latency (root=mul_ln65_1699) to 3 in order to utilize available DSP registers.
INFO: [HLS 200-486] Changing DSP latency (root=mul_ln65_1700) to 3 in order to utilize available DSP registers.
INFO: [HLS 200-486] Changing DSP latency (root=mul_ln58_266) to 3 in order to utilize available DSP registers.
INFO: [HLS 200-486] Changing DSP latency (root=tmp11376) to 3 in order to utilize available DSP registers.
INFO: [HLS 200-486] Changing DSP latency (root=tmp11308) to 3 in order to utilize available DSP registers.
INFO: [HLS 200-486] Changing DSP latency (root=mul_ln65_1686) to 3 in order to utilize available DSP registers.
INFO: [HLS 200-486] Changing DSP latency (root=tmp11328) to 3 in order to utilize available DSP registers.
INFO: [HLS 200-486] Changing DSP latency (root=mul_ln65_1687) to 3 in order to utilize available DSP registers.
INFO: [HLS 200-486] Changing DSP latency (root=mul_ln65_1689) to 3 in order to utilize available DSP registers.
INFO: [HLS 200-486] Changing DSP latency (root=tmp11336) to 3 in order to utilize available DSP registers.
INFO: [HLS 200-486] Changing DSP latency (root=mul_ln65_1690) to 3 in order to utilize available DSP registers.
INFO: [HLS 200-486] Changing DSP latency (root=mul_ln58_587) to 3 in order to utilize available DSP registers.
INFO: [HLS 200-486] Changing DSP latency (root=mul_ln65_1691) to 3 in order to utilize available DSP registers.
INFO: [HLS 200-486] Changing DSP latency (root=mul_ln65_1692) to 3 in order to utilize available DSP registers.
INFO: [HLS 200-486] Changing DSP latency (root=mul_ln58_265) to 3 in order to utilize available DSP registers.
INFO: [HLS 200-486] Changing DSP latency (root=tmp11333) to 3 in order to utilize available DSP registers.
INFO: [HLS 200-486] Changing DSP latency (root=tmp11265) to 3 in order to utilize available DSP registers.
INFO: [HLS 200-486] Changing DSP latency (root=mul_ln65_1678) to 3 in order to utilize available DSP registers.
INFO: [HLS 200-486] Changing DSP latency (root=tmp11285) to 3 in order to utilize available DSP registers.
INFO: [HLS 200-486] Changing DSP latency (root=mul_ln65_1679) to 3 in order to utilize available DSP registers.
INFO: [HLS 200-486] Changing DSP latency (root=mul_ln65_1681) to 3 in order to utilize available DSP registers.
INFO: [HLS 200-486] Changing DSP latency (root=tmp11293) to 3 in order to utilize available DSP registers.
INFO: [HLS 200-486] Changing DSP latency (root=mul_ln65_1682) to 3 in order to utilize available DSP registers.
INFO: [HLS 200-486] Changing DSP latency (root=mul_ln58_584) to 3 in order to utilize available DSP registers.
INFO: [HLS 200-486] Changing DSP latency (root=mul_ln65_1683) to 3 in order to utilize available DSP registers.
INFO: [HLS 200-486] Changing DSP latency (root=mul_ln65_1684) to 3 in order to utilize available DSP registers.
INFO: [HLS 200-486] Changing DSP latency (root=mul_ln58_264) to 3 in order to utilize available DSP registers.
INFO: [HLS 200-486] Changing DSP latency (root=tmp11290) to 3 in order to utilize available DSP registers.
INFO: [HLS 200-486] Changing DSP latency (root=tmp11222) to 3 in order to utilize available DSP registers.
INFO: [HLS 200-486] Changing DSP latency (root=mul_ln65_1670) to 3 in order to utilize available DSP registers.
INFO: [HLS 200-486] Changing DSP latency (root=tmp11242) to 3 in order to utilize available DSP registers.
INFO: [HLS 200-486] Changing DSP latency (root=mul_ln65_1671) to 3 in order to utilize available DSP registers.
INFO: [HLS 200-486] Changing DSP latency (root=mul_ln65_1673) to 3 in order to utilize available DSP registers.
INFO: [HLS 200-486] Changing DSP latency (root=tmp11250) to 3 in order to utilize available DSP registers.
INFO: [HLS 200-486] Changing DSP latency (root=mul_ln65_1674) to 3 in order to utilize available DSP registers.
INFO: [HLS 200-486] Changing DSP latency (root=mul_ln58_581) to 3 in order to utilize available DSP registers.
INFO: [HLS 200-486] Changing DSP latency (root=mul_ln65_1675) to 3 in order to utilize available DSP registers.
INFO: [HLS 200-486] Changing DSP latency (root=mul_ln65_1676) to 3 in order to utilize available DSP registers.
INFO: [HLS 200-486] Changing DSP latency (root=mul_ln58_263) to 3 in order to utilize available DSP registers.
INFO: [HLS 200-486] Changing DSP latency (root=tmp11247) to 3 in order to utilize available DSP registers.
INFO: [HLS 200-486] Changing DSP latency (root=tmp11179) to 3 in order to utilize available DSP registers.
INFO: [HLS 200-486] Changing DSP latency (root=mul_ln65_1662) to 3 in order to utilize available DSP registers.
INFO: [HLS 200-486] Changing DSP latency (root=tmp11199) to 3 in order to utilize available DSP registers.
INFO: [HLS 200-486] Changing DSP latency (root=mul_ln65_1663) to 3 in order to utilize available DSP registers.
INFO: [HLS 200-486] Changing DSP latency (root=mul_ln65_1665) to 3 in order to utilize available DSP registers.
INFO: [HLS 200-486] Changing DSP latency (root=tmp11207) to 3 in order to utilize available DSP registers.
INFO: [HLS 200-486] Changing DSP latency (root=mul_ln65_1666) to 3 in order to utilize available DSP registers.
INFO: [HLS 200-486] Changing DSP latency (root=mul_ln58_578) to 3 in order to utilize available DSP registers.
INFO: [HLS 200-486] Changing DSP latency (root=mul_ln65_1667) to 3 in order to utilize available DSP registers.
INFO: [HLS 200-486] Changing DSP latency (root=mul_ln65_1668) to 3 in order to utilize available DSP registers.
INFO: [HLS 200-486] Changing DSP latency (root=mul_ln58_262) to 3 in order to utilize available DSP registers.
INFO: [HLS 200-486] Changing DSP latency (root=tmp11204) to 3 in order to utilize available DSP registers.
INFO: [HLS 200-486] Changing DSP latency (root=tmp11136) to 3 in order to utilize available DSP registers.
INFO: [HLS 200-486] Changing DSP latency (root=mul_ln65_1654) to 3 in order to utilize available DSP registers.
INFO: [HLS 200-486] Changing DSP latency (root=tmp11156) to 3 in order to utilize available DSP registers.
INFO: [HLS 200-486] Changing DSP latency (root=mul_ln65_1655) to 3 in order to utilize available DSP registers.
INFO: [HLS 200-486] Changing DSP latency (root=mul_ln65_1657) to 3 in order to utilize available DSP registers.
INFO: [HLS 200-486] Changing DSP latency (root=tmp11164) to 3 in order to utilize available DSP registers.
INFO: [HLS 200-486] Changing DSP latency (root=mul_ln65_1658) to 3 in order to utilize available DSP registers.
INFO: [HLS 200-486] Changing DSP latency (root=mul_ln58_575) to 3 in order to utilize available DSP registers.
INFO: [HLS 200-486] Changing DSP latency (root=mul_ln65_1659) to 3 in order to utilize available DSP registers.
INFO: [HLS 200-486] Changing DSP latency (root=mul_ln65_1660) to 3 in order to utilize available DSP registers.
INFO: [HLS 200-486] Changing DSP latency (root=mul_ln58_261) to 3 in order to utilize available DSP registers.
INFO: [HLS 200-486] Changing DSP latency (root=tmp11161) to 3 in order to utilize available DSP registers.
INFO: [HLS 200-486] Changing DSP latency (root=tmp11093) to 3 in order to utilize available DSP registers.
INFO: [HLS 200-486] Changing DSP latency (root=mul_ln65_1646) to 3 in order to utilize available DSP registers.
INFO: [HLS 200-486] Changing DSP latency (root=tmp11113) to 3 in order to utilize available DSP registers.
INFO: [HLS 200-486] Changing DSP latency (root=mul_ln65_1647) to 3 in order to utilize available DSP registers.
INFO: [HLS 200-486] Changing DSP latency (root=mul_ln65_1649) to 3 in order to utilize available DSP registers.
INFO: [HLS 200-486] Changing DSP latency (root=tmp11121) to 3 in order to utilize available DSP registers.
INFO: [HLS 200-486] Changing DSP latency (root=mul_ln65_1650) to 3 in order to utilize available DSP registers.
INFO: [HLS 200-486] Changing DSP latency (root=mul_ln58_572) to 3 in order to utilize available DSP registers.
INFO: [HLS 200-486] Changing DSP latency (root=mul_ln65_1651) to 3 in order to utilize available DSP registers.
INFO: [HLS 200-486] Changing DSP latency (root=mul_ln65_1652) to 3 in order to utilize available DSP registers.
INFO: [HLS 200-486] Changing DSP latency (root=mul_ln58_260) to 3 in order to utilize available DSP registers.
INFO: [HLS 200-486] Changing DSP latency (root=tmp11118) to 3 in order to utilize available DSP registers.
INFO: [HLS 200-486] Changing DSP latency (root=tmp11050) to 3 in order to utilize available DSP registers.
INFO: [HLS 200-486] Changing DSP latency (root=mul_ln65_1638) to 3 in order to utilize available DSP registers.
INFO: [HLS 200-486] Changing DSP latency (root=tmp11070) to 3 in order to utilize available DSP registers.
INFO: [HLS 200-486] Changing DSP latency (root=mul_ln65_1639) to 3 in order to utilize available DSP registers.
INFO: [HLS 200-486] Changing DSP latency (root=mul_ln65_1641) to 3 in order to utilize available DSP registers.
INFO: [HLS 200-486] Changing DSP latency (root=tmp11078) to 3 in order to utilize available DSP registers.
INFO: [HLS 200-486] Changing DSP latency (root=mul_ln65_1642) to 3 in order to utilize available DSP registers.
INFO: [HLS 200-486] Changing DSP latency (root=mul_ln58_569) to 3 in order to utilize available DSP registers.
INFO: [HLS 200-486] Changing DSP latency (root=mul_ln65_1643) to 3 in order to utilize available DSP registers.
INFO: [HLS 200-486] Changing DSP latency (root=mul_ln65_1644) to 3 in order to utilize available DSP registers.
INFO: [HLS 200-486] Changing DSP latency (root=mul_ln58_259) to 3 in order to utilize available DSP registers.
INFO: [HLS 200-486] Changing DSP latency (root=tmp11075) to 3 in order to utilize available DSP registers.
INFO: [HLS 200-486] Changing DSP latency (root=tmp11007) to 3 in order to utilize available DSP registers.
INFO: [HLS 200-486] Changing DSP latency (root=mul_ln65_1630) to 3 in order to utilize available DSP registers.
INFO: [HLS 200-486] Changing DSP latency (root=tmp11027) to 3 in order to utilize available DSP registers.
INFO: [HLS 200-486] Changing DSP latency (root=mul_ln65_1631) to 3 in order to utilize available DSP registers.
INFO: [HLS 200-486] Changing DSP latency (root=mul_ln65_1633) to 3 in order to utilize available DSP registers.
INFO: [HLS 200-486] Changing DSP latency (root=tmp11035) to 3 in order to utilize available DSP registers.
INFO: [HLS 200-486] Changing DSP latency (root=mul_ln65_1634) to 3 in order to utilize available DSP registers.
INFO: [HLS 200-486] Changing DSP latency (root=mul_ln58_566) to 3 in order to utilize available DSP registers.
INFO: [HLS 200-486] Changing DSP latency (root=mul_ln65_1635) to 3 in order to utilize available DSP registers.
INFO: [HLS 200-486] Changing DSP latency (root=mul_ln65_1636) to 3 in order to utilize available DSP registers.
INFO: [HLS 200-486] Changing DSP latency (root=mul_ln58_258) to 3 in order to utilize available DSP registers.
INFO: [HLS 200-486] Changing DSP latency (root=tmp11032) to 3 in order to utilize available DSP registers.
INFO: [HLS 200-486] Changing DSP latency (root=tmp10964) to 3 in order to utilize available DSP registers.
INFO: [HLS 200-486] Changing DSP latency (root=mul_ln65_1622) to 3 in order to utilize available DSP registers.
INFO: [HLS 200-486] Changing DSP latency (root=tmp10984) to 3 in order to utilize available DSP registers.
INFO: [HLS 200-486] Changing DSP latency (root=mul_ln65_1623) to 3 in order to utilize available DSP registers.
INFO: [HLS 200-486] Changing DSP latency (root=mul_ln65_1625) to 3 in order to utilize available DSP registers.
INFO: [HLS 200-486] Changing DSP latency (root=tmp10992) to 3 in order to utilize available DSP registers.
INFO: [HLS 200-486] Changing DSP latency (root=mul_ln65_1626) to 3 in order to utilize available DSP registers.
INFO: [HLS 200-486] Changing DSP latency (root=mul_ln58_563) to 3 in order to utilize available DSP registers.
INFO: [HLS 200-486] Changing DSP latency (root=mul_ln65_1627) to 3 in order to utilize available DSP registers.
INFO: [HLS 200-486] Changing DSP latency (root=mul_ln65_1628) to 3 in order to utilize available DSP registers.
INFO: [HLS 200-486] Changing DSP latency (root=mul_ln58_257) to 3 in order to utilize available DSP registers.
INFO: [HLS 200-486] Changing DSP latency (root=tmp10989) to 3 in order to utilize available DSP registers.
INFO: [HLS 200-486] Changing DSP latency (root=tmp10921) to 3 in order to utilize available DSP registers.
INFO: [HLS 200-486] Changing DSP latency (root=mul_ln65_1614) to 3 in order to utilize available DSP registers.
INFO: [HLS 200-486] Changing DSP latency (root=tmp10941) to 3 in order to utilize available DSP registers.
INFO: [HLS 200-486] Changing DSP latency (root=mul_ln65_1615) to 3 in order to utilize available DSP registers.
INFO: [HLS 200-486] Changing DSP latency (root=mul_ln65_1617) to 3 in order to utilize available DSP registers.
INFO: [HLS 200-486] Changing DSP latency (root=tmp10949) to 3 in order to utilize available DSP registers.
INFO: [HLS 200-486] Changing DSP latency (root=mul_ln65_1618) to 3 in order to utilize available DSP registers.
INFO: [HLS 200-486] Changing DSP latency (root=mul_ln58_560) to 3 in order to utilize available DSP registers.
INFO: [HLS 200-486] Changing DSP latency (root=mul_ln65_1619) to 3 in order to utilize available DSP registers.
INFO: [HLS 200-486] Changing DSP latency (root=mul_ln65_1620) to 3 in order to utilize available DSP registers.
INFO: [HLS 200-486] Changing DSP latency (root=mul_ln58_256) to 3 in order to utilize available DSP registers.
INFO: [HLS 200-486] Changing DSP latency (root=tmp10946) to 3 in order to utilize available DSP registers.
INFO: [HLS 200-486] Changing DSP latency (root=tmp10878) to 3 in order to utilize available DSP registers.
INFO: [HLS 200-486] Changing DSP latency (root=mul_ln65_1606) to 3 in order to utilize available DSP registers.
INFO: [HLS 200-486] Changing DSP latency (root=tmp10898) to 3 in order to utilize available DSP registers.
INFO: [HLS 200-486] Changing DSP latency (root=mul_ln65_1607) to 3 in order to utilize available DSP registers.
INFO: [HLS 200-486] Changing DSP latency (root=mul_ln65_1609) to 3 in order to utilize available DSP registers.
INFO: [HLS 200-486] Changing DSP latency (root=tmp10906) to 3 in order to utilize available DSP registers.
INFO: [HLS 200-486] Changing DSP latency (root=mul_ln65_1610) to 3 in order to utilize available DSP registers.
INFO: [HLS 200-486] Changing DSP latency (root=mul_ln58_557) to 3 in order to utilize available DSP registers.
INFO: [HLS 200-486] Changing DSP latency (root=mul_ln65_1611) to 3 in order to utilize available DSP registers.
INFO: [HLS 200-486] Changing DSP latency (root=mul_ln65_1612) to 3 in order to utilize available DSP registers.
INFO: [HLS 200-486] Changing DSP latency (root=mul_ln58_255) to 3 in order to utilize available DSP registers.
INFO: [HLS 200-486] Changing DSP latency (root=tmp10903) to 3 in order to utilize available DSP registers.
INFO: [HLS 200-486] Changing DSP latency (root=tmp10852) to 3 in order to utilize available DSP registers.
INFO: [HLS 200-486] Changing DSP latency (root=mul_ln65_1594) to 3 in order to utilize available DSP registers.
INFO: [HLS 200-486] Changing DSP latency (root=mul_ln65_1595) to 3 in order to utilize available DSP registers.
INFO: [HLS 200-486] Changing DSP latency (root=mul_ln65_1598) to 3 in order to utilize available DSP registers.
INFO: [HLS 200-486] Changing DSP latency (root=mul_ln65_1597) to 3 in order to utilize available DSP registers.
INFO: [HLS 200-486] Changing DSP latency (root=mul_ln65_1601) to 3 in order to utilize available DSP registers.
INFO: [HLS 200-486] Changing DSP latency (root=mul_ln65_1600) to 3 in order to utilize available DSP registers.
INFO: [HLS 200-486] Changing DSP latency (root=mul_ln58_550) to 3 in order to utilize available DSP registers.
INFO: [HLS 200-486] Changing DSP latency (root=tmp10836) to 3 in order to utilize available DSP registers.
INFO: [HLS 200-486] Changing DSP latency (root=tmp10841) to 3 in order to utilize available DSP registers.
INFO: [HLS 200-486] Changing DSP latency (root=tmp10867) to 3 in order to utilize available DSP registers.
INFO: [HLS 200-486] Changing DSP latency (root=tmp10849) to 3 in order to utilize available DSP registers.
INFO: [HLS 200-486] Changing DSP latency (root=mul_ln58_554) to 3 in order to utilize available DSP registers.
INFO: [HLS 200-486] Changing DSP latency (root=mul_ln65_1604) to 3 in order to utilize available DSP registers.
INFO: [HLS 200-486] Changing DSP latency (root=mul_ln58_254) to 3 in order to utilize available DSP registers.
INFO: [HLS 200-486] Changing DSP latency (root=mul_ln58_253) to 3 in order to utilize available DSP registers.
INFO: [HLS 200-486] Changing DSP latency (root=tmp10810) to 3 in order to utilize available DSP registers.
INFO: [HLS 200-486] Changing DSP latency (root=mul_ln65_1583) to 3 in order to utilize available DSP registers.
INFO: [HLS 200-486] Changing DSP latency (root=mul_ln65_1584) to 3 in order to utilize available DSP registers.
INFO: [HLS 200-486] Changing DSP latency (root=mul_ln65_1587) to 3 in order to utilize available DSP registers.
INFO: [HLS 200-486] Changing DSP latency (root=mul_ln65_1586) to 3 in order to utilize available DSP registers.
INFO: [HLS 200-486] Changing DSP latency (root=mul_ln65_1590) to 3 in order to utilize available DSP registers.
INFO: [HLS 200-486] Changing DSP latency (root=mul_ln65_1589) to 3 in order to utilize available DSP registers.
INFO: [HLS 200-486] Changing DSP latency (root=mul_ln58_545) to 3 in order to utilize available DSP registers.
INFO: [HLS 200-486] Changing DSP latency (root=tmp10794) to 3 in order to utilize available DSP registers.
INFO: [HLS 200-486] Changing DSP latency (root=tmp10799) to 3 in order to utilize available DSP registers.
INFO: [HLS 200-486] Changing DSP latency (root=tmp10825) to 3 in order to utilize available DSP registers.
INFO: [HLS 200-486] Changing DSP latency (root=tmp10807) to 3 in order to utilize available DSP registers.
INFO: [HLS 200-486] Changing DSP latency (root=mul_ln58_549) to 3 in order to utilize available DSP registers.
INFO: [HLS 200-486] Changing DSP latency (root=mul_ln65_1593) to 3 in order to utilize available DSP registers.
INFO: [HLS 200-486] Changing DSP latency (root=mul_ln58_252) to 3 in order to utilize available DSP registers.
INFO: [HLS 200-486] Changing DSP latency (root=mul_ln58_251) to 3 in order to utilize available DSP registers.
INFO: [HLS 200-486] Changing DSP latency (root=tmp10768) to 3 in order to utilize available DSP registers.
INFO: [HLS 200-486] Changing DSP latency (root=mul_ln65_1572) to 3 in order to utilize available DSP registers.
INFO: [HLS 200-486] Changing DSP latency (root=mul_ln65_1573) to 3 in order to utilize available DSP registers.
INFO: [HLS 200-486] Changing DSP latency (root=mul_ln65_1576) to 3 in order to utilize available DSP registers.
INFO: [HLS 200-486] Changing DSP latency (root=mul_ln65_1575) to 3 in order to utilize available DSP registers.
INFO: [HLS 200-486] Changing DSP latency (root=mul_ln65_1579) to 3 in order to utilize available DSP registers.
INFO: [HLS 200-486] Changing DSP latency (root=mul_ln65_1578) to 3 in order to utilize available DSP registers.
INFO: [HLS 200-486] Changing DSP latency (root=mul_ln58_540) to 3 in order to utilize available DSP registers.
INFO: [HLS 200-486] Changing DSP latency (root=tmp10752) to 3 in order to utilize available DSP registers.
INFO: [HLS 200-486] Changing DSP latency (root=tmp10757) to 3 in order to utilize available DSP registers.
INFO: [HLS 200-486] Changing DSP latency (root=tmp10783) to 3 in order to utilize available DSP registers.
INFO: [HLS 200-486] Changing DSP latency (root=tmp10765) to 3 in order to utilize available DSP registers.
INFO: [HLS 200-486] Changing DSP latency (root=mul_ln58_544) to 3 in order to utilize available DSP registers.
INFO: [HLS 200-486] Changing DSP latency (root=mul_ln65_1582) to 3 in order to utilize available DSP registers.
INFO: [HLS 200-486] Changing DSP latency (root=mul_ln58_250) to 3 in order to utilize available DSP registers.
INFO: [HLS 200-486] Changing DSP latency (root=mul_ln58_249) to 3 in order to utilize available DSP registers.
INFO: [HLS 200-486] Changing DSP latency (root=tmp10726) to 3 in order to utilize available DSP registers.
INFO: [HLS 200-486] Changing DSP latency (root=mul_ln65_1561) to 3 in order to utilize available DSP registers.
INFO: [HLS 200-486] Changing DSP latency (root=mul_ln65_1562) to 3 in order to utilize available DSP registers.
INFO: [HLS 200-486] Changing DSP latency (root=mul_ln65_1565) to 3 in order to utilize available DSP registers.
INFO: [HLS 200-486] Changing DSP latency (root=mul_ln65_1564) to 3 in order to utilize available DSP registers.
INFO: [HLS 200-486] Changing DSP latency (root=mul_ln65_1568) to 3 in order to utilize available DSP registers.
INFO: [HLS 200-486] Changing DSP latency (root=mul_ln65_1567) to 3 in order to utilize available DSP registers.
INFO: [HLS 200-486] Changing DSP latency (root=mul_ln58_535) to 3 in order to utilize available DSP registers.
INFO: [HLS 200-486] Changing DSP latency (root=tmp10710) to 3 in order to utilize available DSP registers.
INFO: [HLS 200-486] Changing DSP latency (root=tmp10715) to 3 in order to utilize available DSP registers.
INFO: [HLS 200-486] Changing DSP latency (root=tmp10741) to 3 in order to utilize available DSP registers.
INFO: [HLS 200-486] Changing DSP latency (root=tmp10723) to 3 in order to utilize available DSP registers.
INFO: [HLS 200-486] Changing DSP latency (root=mul_ln58_539) to 3 in order to utilize available DSP registers.
INFO: [HLS 200-486] Changing DSP latency (root=mul_ln65_1571) to 3 in order to utilize available DSP registers.
INFO: [HLS 200-486] Changing DSP latency (root=mul_ln58_248) to 3 in order to utilize available DSP registers.
INFO: [HLS 200-486] Changing DSP latency (root=mul_ln58_247) to 3 in order to utilize available DSP registers.
INFO: [HLS 200-486] Changing DSP latency (root=tmp10684) to 3 in order to utilize available DSP registers.
INFO: [HLS 200-486] Changing DSP latency (root=mul_ln65_1550) to 3 in order to utilize available DSP registers.
INFO: [HLS 200-486] Changing DSP latency (root=mul_ln65_1551) to 3 in order to utilize available DSP registers.
INFO: [HLS 200-486] Changing DSP latency (root=mul_ln65_1554) to 3 in order to utilize available DSP registers.
INFO: [HLS 200-486] Changing DSP latency (root=mul_ln65_1553) to 3 in order to utilize available DSP registers.
INFO: [HLS 200-486] Changing DSP latency (root=mul_ln65_1557) to 3 in order to utilize available DSP registers.
INFO: [HLS 200-486] Changing DSP latency (root=mul_ln65_1556) to 3 in order to utilize available DSP registers.
INFO: [HLS 200-486] Changing DSP latency (root=mul_ln58_530) to 3 in order to utilize available DSP registers.
INFO: [HLS 200-486] Changing DSP latency (root=tmp10668) to 3 in order to utilize available DSP registers.
INFO: [HLS 200-486] Changing DSP latency (root=tmp10673) to 3 in order to utilize available DSP registers.
INFO: [HLS 200-486] Changing DSP latency (root=tmp10699) to 3 in order to utilize available DSP registers.
INFO: [HLS 200-486] Changing DSP latency (root=tmp10681) to 3 in order to utilize available DSP registers.
INFO: [HLS 200-486] Changing DSP latency (root=mul_ln58_534) to 3 in order to utilize available DSP registers.
INFO: [HLS 200-486] Changing DSP latency (root=mul_ln65_1560) to 3 in order to utilize available DSP registers.
INFO: [HLS 200-486] Changing DSP latency (root=mul_ln58_246) to 3 in order to utilize available DSP registers.
INFO: [HLS 200-486] Changing DSP latency (root=mul_ln58_245) to 3 in order to utilize available DSP registers.
INFO: [HLS 200-486] Changing DSP latency (root=tmp10642) to 3 in order to utilize available DSP registers.
INFO: [HLS 200-486] Changing DSP latency (root=mul_ln65_1539) to 3 in order to utilize available DSP registers.
INFO: [HLS 200-486] Changing DSP latency (root=mul_ln65_1540) to 3 in order to utilize available DSP registers.
INFO: [HLS 200-486] Changing DSP latency (root=mul_ln65_1543) to 3 in order to utilize available DSP registers.
INFO: [HLS 200-486] Changing DSP latency (root=mul_ln65_1542) to 3 in order to utilize available DSP registers.
INFO: [HLS 200-486] Changing DSP latency (root=mul_ln65_1546) to 3 in order to utilize available DSP registers.
INFO: [HLS 200-486] Changing DSP latency (root=mul_ln65_1545) to 3 in order to utilize available DSP registers.
INFO: [HLS 200-486] Changing DSP latency (root=mul_ln58_525) to 3 in order to utilize available DSP registers.
INFO: [HLS 200-486] Changing DSP latency (root=tmp10626) to 3 in order to utilize available DSP registers.
INFO: [HLS 200-486] Changing DSP latency (root=tmp10631) to 3 in order to utilize available DSP registers.
INFO: [HLS 200-486] Changing DSP latency (root=tmp10657) to 3 in order to utilize available DSP registers.
INFO: [HLS 200-486] Changing DSP latency (root=tmp10639) to 3 in order to utilize available DSP registers.
INFO: [HLS 200-486] Changing DSP latency (root=mul_ln58_529) to 3 in order to utilize available DSP registers.
INFO: [HLS 200-486] Changing DSP latency (root=mul_ln65_1549) to 3 in order to utilize available DSP registers.
INFO: [HLS 200-486] Changing DSP latency (root=mul_ln58_244) to 3 in order to utilize available DSP registers.
INFO: [HLS 200-486] Changing DSP latency (root=mul_ln58_243) to 3 in order to utilize available DSP registers.
INFO: [HLS 200-486] Changing DSP latency (root=tmp10600) to 3 in order to utilize available DSP registers.
INFO: [HLS 200-486] Changing DSP latency (root=mul_ln65_1528) to 3 in order to utilize available DSP registers.
INFO: [HLS 200-486] Changing DSP latency (root=mul_ln65_1529) to 3 in order to utilize available DSP registers.
INFO: [HLS 200-486] Changing DSP latency (root=mul_ln65_1532) to 3 in order to utilize available DSP registers.
INFO: [HLS 200-486] Changing DSP latency (root=mul_ln65_1531) to 3 in order to utilize available DSP registers.
INFO: [HLS 200-486] Changing DSP latency (root=mul_ln65_1535) to 3 in order to utilize available DSP registers.
INFO: [HLS 200-486] Changing DSP latency (root=mul_ln65_1534) to 3 in order to utilize available DSP registers.
INFO: [HLS 200-486] Changing DSP latency (root=mul_ln58_520) to 3 in order to utilize available DSP registers.
INFO: [HLS 200-486] Changing DSP latency (root=tmp10584) to 3 in order to utilize available DSP registers.
INFO: [HLS 200-486] Changing DSP latency (root=tmp10589) to 3 in order to utilize available DSP registers.
INFO: [HLS 200-486] Changing DSP latency (root=tmp10615) to 3 in order to utilize available DSP registers.
INFO: [HLS 200-486] Changing DSP latency (root=tmp10597) to 3 in order to utilize available DSP registers.
INFO: [HLS 200-486] Changing DSP latency (root=mul_ln58_524) to 3 in order to utilize available DSP registers.
INFO: [HLS 200-486] Changing DSP latency (root=mul_ln65_1538) to 3 in order to utilize available DSP registers.
INFO: [HLS 200-486] Changing DSP latency (root=mul_ln58_242) to 3 in order to utilize available DSP registers.
INFO: [HLS 200-486] Changing DSP latency (root=mul_ln58_241) to 3 in order to utilize available DSP registers.
INFO: [HLS 200-486] Changing DSP latency (root=tmp10558) to 3 in order to utilize available DSP registers.
INFO: [HLS 200-486] Changing DSP latency (root=mul_ln65_1517) to 3 in order to utilize available DSP registers.
INFO: [HLS 200-486] Changing DSP latency (root=mul_ln65_1518) to 3 in order to utilize available DSP registers.
INFO: [HLS 200-486] Changing DSP latency (root=mul_ln65_1521) to 3 in order to utilize available DSP registers.
INFO: [HLS 200-486] Changing DSP latency (root=mul_ln65_1520) to 3 in order to utilize available DSP registers.
INFO: [HLS 200-486] Changing DSP latency (root=mul_ln65_1524) to 3 in order to utilize available DSP registers.
INFO: [HLS 200-486] Changing DSP latency (root=mul_ln65_1523) to 3 in order to utilize available DSP registers.
INFO: [HLS 200-486] Changing DSP latency (root=mul_ln58_515) to 3 in order to utilize available DSP registers.
INFO: [HLS 200-486] Changing DSP latency (root=tmp10542) to 3 in order to utilize available DSP registers.
INFO: [HLS 200-486] Changing DSP latency (root=tmp10547) to 3 in order to utilize available DSP registers.
INFO: [HLS 200-486] Changing DSP latency (root=tmp10573) to 3 in order to utilize available DSP registers.
INFO: [HLS 200-486] Changing DSP latency (root=tmp10555) to 3 in order to utilize available DSP registers.
INFO: [HLS 200-486] Changing DSP latency (root=mul_ln58_519) to 3 in order to utilize available DSP registers.
INFO: [HLS 200-486] Changing DSP latency (root=mul_ln65_1527) to 3 in order to utilize available DSP registers.
INFO: [HLS 200-486] Changing DSP latency (root=mul_ln58_240) to 3 in order to utilize available DSP registers.
INFO: [HLS 200-486] Changing DSP latency (root=mul_ln58_239) to 3 in order to utilize available DSP registers.
INFO: [HLS 200-486] Changing DSP latency (root=tmp10516) to 3 in order to utilize available DSP registers.
INFO: [HLS 200-486] Changing DSP latency (root=mul_ln65_1506) to 3 in order to utilize available DSP registers.
INFO: [HLS 200-486] Changing DSP latency (root=mul_ln65_1507) to 3 in order to utilize available DSP registers.
INFO: [HLS 200-486] Changing DSP latency (root=mul_ln65_1510) to 3 in order to utilize available DSP registers.
INFO: [HLS 200-486] Changing DSP latency (root=mul_ln65_1509) to 3 in order to utilize available DSP registers.
INFO: [HLS 200-486] Changing DSP latency (root=mul_ln65_1513) to 3 in order to utilize available DSP registers.
INFO: [HLS 200-486] Changing DSP latency (root=mul_ln65_1512) to 3 in order to utilize available DSP registers.
INFO: [HLS 200-486] Changing DSP latency (root=mul_ln58_510) to 3 in order to utilize available DSP registers.
INFO: [HLS 200-486] Changing DSP latency (root=tmp10500) to 3 in order to utilize available DSP registers.
INFO: [HLS 200-486] Changing DSP latency (root=tmp10505) to 3 in order to utilize available DSP registers.
INFO: [HLS 200-486] Changing DSP latency (root=tmp10531) to 3 in order to utilize available DSP registers.
INFO: [HLS 200-486] Changing DSP latency (root=tmp10513) to 3 in order to utilize available DSP registers.
INFO: [HLS 200-486] Changing DSP latency (root=mul_ln58_514) to 3 in order to utilize available DSP registers.
INFO: [HLS 200-486] Changing DSP latency (root=mul_ln65_1516) to 3 in order to utilize available DSP registers.
INFO: [HLS 200-486] Changing DSP latency (root=mul_ln58_238) to 3 in order to utilize available DSP registers.
INFO: [HLS 200-486] Changing DSP latency (root=mul_ln58_237) to 3 in order to utilize available DSP registers.
INFO: [HLS 200-486] Changing DSP latency (root=tmp10474) to 3 in order to utilize available DSP registers.
INFO: [HLS 200-486] Changing DSP latency (root=mul_ln65_1495) to 3 in order to utilize available DSP registers.
INFO: [HLS 200-486] Changing DSP latency (root=mul_ln65_1496) to 3 in order to utilize available DSP registers.
INFO: [HLS 200-486] Changing DSP latency (root=mul_ln65_1499) to 3 in order to utilize available DSP registers.
INFO: [HLS 200-486] Changing DSP latency (root=mul_ln65_1498) to 3 in order to utilize available DSP registers.
INFO: [HLS 200-486] Changing DSP latency (root=mul_ln65_1502) to 3 in order to utilize available DSP registers.
INFO: [HLS 200-486] Changing DSP latency (root=mul_ln65_1501) to 3 in order to utilize available DSP registers.
INFO: [HLS 200-486] Changing DSP latency (root=mul_ln58_505) to 3 in order to utilize available DSP registers.
INFO: [HLS 200-486] Changing DSP latency (root=tmp10458) to 3 in order to utilize available DSP registers.
INFO: [HLS 200-486] Changing DSP latency (root=tmp10463) to 3 in order to utilize available DSP registers.
INFO: [HLS 200-486] Changing DSP latency (root=tmp10489) to 3 in order to utilize available DSP registers.
INFO: [HLS 200-486] Changing DSP latency (root=tmp10471) to 3 in order to utilize available DSP registers.
INFO: [HLS 200-486] Changing DSP latency (root=mul_ln58_509) to 3 in order to utilize available DSP registers.
INFO: [HLS 200-486] Changing DSP latency (root=mul_ln65_1505) to 3 in order to utilize available DSP registers.
INFO: [HLS 200-486] Changing DSP latency (root=mul_ln58_236) to 3 in order to utilize available DSP registers.
INFO: [HLS 200-486] Changing DSP latency (root=mul_ln58_235) to 3 in order to utilize available DSP registers.
INFO: [HLS 200-486] Changing DSP latency (root=tmp10432) to 3 in order to utilize available DSP registers.
INFO: [HLS 200-486] Changing DSP latency (root=mul_ln65_1484) to 3 in order to utilize available DSP registers.
INFO: [HLS 200-486] Changing DSP latency (root=mul_ln65_1485) to 3 in order to utilize available DSP registers.
INFO: [HLS 200-486] Changing DSP latency (root=mul_ln65_1488) to 3 in order to utilize available DSP registers.
INFO: [HLS 200-486] Changing DSP latency (root=mul_ln65_1487) to 3 in order to utilize available DSP registers.
INFO: [HLS 200-486] Changing DSP latency (root=mul_ln65_1491) to 3 in order to utilize available DSP registers.
INFO: [HLS 200-486] Changing DSP latency (root=mul_ln65_1490) to 3 in order to utilize available DSP registers.
INFO: [HLS 200-486] Changing DSP latency (root=mul_ln58_500) to 3 in order to utilize available DSP registers.
INFO: [HLS 200-486] Changing DSP latency (root=tmp10416) to 3 in order to utilize available DSP registers.
INFO: [HLS 200-486] Changing DSP latency (root=tmp10421) to 3 in order to utilize available DSP registers.
INFO: [HLS 200-486] Changing DSP latency (root=tmp10447) to 3 in order to utilize available DSP registers.
INFO: [HLS 200-486] Changing DSP latency (root=tmp10429) to 3 in order to utilize available DSP registers.
INFO: [HLS 200-486] Changing DSP latency (root=mul_ln58_504) to 3 in order to utilize available DSP registers.
INFO: [HLS 200-486] Changing DSP latency (root=mul_ln65_1494) to 3 in order to utilize available DSP registers.
INFO: [HLS 200-486] Changing DSP latency (root=mul_ln58_234) to 3 in order to utilize available DSP registers.
INFO: [HLS 200-486] Changing DSP latency (root=mul_ln58_233) to 3 in order to utilize available DSP registers.
INFO: [HLS 200-486] Changing DSP latency (root=tmp10390) to 3 in order to utilize available DSP registers.
INFO: [HLS 200-486] Changing DSP latency (root=mul_ln65_1473) to 3 in order to utilize available DSP registers.
INFO: [HLS 200-486] Changing DSP latency (root=mul_ln65_1474) to 3 in order to utilize available DSP registers.
INFO: [HLS 200-486] Changing DSP latency (root=mul_ln65_1477) to 3 in order to utilize available DSP registers.
INFO: [HLS 200-486] Changing DSP latency (root=mul_ln65_1476) to 3 in order to utilize available DSP registers.
INFO: [HLS 200-486] Changing DSP latency (root=mul_ln65_1480) to 3 in order to utilize available DSP registers.
INFO: [HLS 200-486] Changing DSP latency (root=mul_ln65_1479) to 3 in order to utilize available DSP registers.
INFO: [HLS 200-486] Changing DSP latency (root=mul_ln58_495) to 3 in order to utilize available DSP registers.
INFO: [HLS 200-486] Changing DSP latency (root=tmp10374) to 3 in order to utilize available DSP registers.
INFO: [HLS 200-486] Changing DSP latency (root=tmp10379) to 3 in order to utilize available DSP registers.
INFO: [HLS 200-486] Changing DSP latency (root=tmp10405) to 3 in order to utilize available DSP registers.
INFO: [HLS 200-486] Changing DSP latency (root=tmp10387) to 3 in order to utilize available DSP registers.
INFO: [HLS 200-486] Changing DSP latency (root=mul_ln58_499) to 3 in order to utilize available DSP registers.
INFO: [HLS 200-486] Changing DSP latency (root=mul_ln65_1483) to 3 in order to utilize available DSP registers.
INFO: [HLS 200-486] Changing DSP latency (root=mul_ln58_232) to 3 in order to utilize available DSP registers.
INFO: [HLS 200-486] Changing DSP latency (root=mul_ln58_231) to 3 in order to utilize available DSP registers.
INFO: [HLS 200-486] Changing DSP latency (root=tmp10348) to 3 in order to utilize available DSP registers.
INFO: [HLS 200-486] Changing DSP latency (root=mul_ln65_1462) to 3 in order to utilize available DSP registers.
INFO: [HLS 200-486] Changing DSP latency (root=mul_ln65_1463) to 3 in order to utilize available DSP registers.
INFO: [HLS 200-486] Changing DSP latency (root=mul_ln65_1466) to 3 in order to utilize available DSP registers.
INFO: [HLS 200-486] Changing DSP latency (root=mul_ln65_1465) to 3 in order to utilize available DSP registers.
INFO: [HLS 200-486] Changing DSP latency (root=mul_ln65_1469) to 3 in order to utilize available DSP registers.
INFO: [HLS 200-486] Changing DSP latency (root=mul_ln65_1468) to 3 in order to utilize available DSP registers.
INFO: [HLS 200-486] Changing DSP latency (root=mul_ln58_490) to 3 in order to utilize available DSP registers.
INFO: [HLS 200-486] Changing DSP latency (root=tmp10332) to 3 in order to utilize available DSP registers.
INFO: [HLS 200-486] Changing DSP latency (root=tmp10337) to 3 in order to utilize available DSP registers.
INFO: [HLS 200-486] Changing DSP latency (root=tmp10363) to 3 in order to utilize available DSP registers.
INFO: [HLS 200-486] Changing DSP latency (root=tmp10345) to 3 in order to utilize available DSP registers.
INFO: [HLS 200-486] Changing DSP latency (root=mul_ln58_494) to 3 in order to utilize available DSP registers.
INFO: [HLS 200-486] Changing DSP latency (root=mul_ln65_1472) to 3 in order to utilize available DSP registers.
INFO: [HLS 200-486] Changing DSP latency (root=mul_ln58_230) to 3 in order to utilize available DSP registers.
INFO: [HLS 200-486] Changing DSP latency (root=mul_ln58_229) to 3 in order to utilize available DSP registers.
INFO: [HLS 200-486] Changing DSP latency (root=tmp10306) to 3 in order to utilize available DSP registers.
INFO: [HLS 200-486] Changing DSP latency (root=mul_ln65_1451) to 3 in order to utilize available DSP registers.
INFO: [HLS 200-486] Changing DSP latency (root=mul_ln65_1452) to 3 in order to utilize available DSP registers.
INFO: [HLS 200-486] Changing DSP latency (root=mul_ln65_1455) to 3 in order to utilize available DSP registers.
INFO: [HLS 200-486] Changing DSP latency (root=mul_ln65_1454) to 3 in order to utilize available DSP registers.
INFO: [HLS 200-486] Changing DSP latency (root=mul_ln65_1458) to 3 in order to utilize available DSP registers.
INFO: [HLS 200-486] Changing DSP latency (root=mul_ln65_1457) to 3 in order to utilize available DSP registers.
INFO: [HLS 200-486] Changing DSP latency (root=mul_ln58_485) to 3 in order to utilize available DSP registers.
INFO: [HLS 200-486] Changing DSP latency (root=tmp10290) to 3 in order to utilize available DSP registers.
INFO: [HLS 200-486] Changing DSP latency (root=tmp10295) to 3 in order to utilize available DSP registers.
INFO: [HLS 200-486] Changing DSP latency (root=tmp10321) to 3 in order to utilize available DSP registers.
INFO: [HLS 200-486] Changing DSP latency (root=tmp10303) to 3 in order to utilize available DSP registers.
INFO: [HLS 200-486] Changing DSP latency (root=mul_ln58_489) to 3 in order to utilize available DSP registers.
INFO: [HLS 200-486] Changing DSP latency (root=mul_ln65_1461) to 3 in order to utilize available DSP registers.
INFO: [HLS 200-486] Changing DSP latency (root=mul_ln58_228) to 3 in order to utilize available DSP registers.
INFO: [HLS 200-486] Changing DSP latency (root=mul_ln58_227) to 3 in order to utilize available DSP registers.
INFO: [HLS 200-486] Changing DSP latency (root=tmp10264) to 3 in order to utilize available DSP registers.
INFO: [HLS 200-486] Changing DSP latency (root=mul_ln65_1440) to 3 in order to utilize available DSP registers.
INFO: [HLS 200-486] Changing DSP latency (root=mul_ln65_1441) to 3 in order to utilize available DSP registers.
INFO: [HLS 200-486] Changing DSP latency (root=mul_ln65_1444) to 3 in order to utilize available DSP registers.
INFO: [HLS 200-486] Changing DSP latency (root=mul_ln65_1443) to 3 in order to utilize available DSP registers.
INFO: [HLS 200-486] Changing DSP latency (root=mul_ln65_1447) to 3 in order to utilize available DSP registers.
INFO: [HLS 200-486] Changing DSP latency (root=mul_ln65_1446) to 3 in order to utilize available DSP registers.
INFO: [HLS 200-486] Changing DSP latency (root=mul_ln58_480) to 3 in order to utilize available DSP registers.
INFO: [HLS 200-486] Changing DSP latency (root=tmp10248) to 3 in order to utilize available DSP registers.
INFO: [HLS 200-486] Changing DSP latency (root=tmp10253) to 3 in order to utilize available DSP registers.
INFO: [HLS 200-486] Changing DSP latency (root=tmp10279) to 3 in order to utilize available DSP registers.
INFO: [HLS 200-486] Changing DSP latency (root=tmp10261) to 3 in order to utilize available DSP registers.
INFO: [HLS 200-486] Changing DSP latency (root=mul_ln58_484) to 3 in order to utilize available DSP registers.
INFO: [HLS 200-486] Changing DSP latency (root=mul_ln65_1450) to 3 in order to utilize available DSP registers.
INFO: [HLS 200-486] Changing DSP latency (root=mul_ln58_226) to 3 in order to utilize available DSP registers.
INFO: [HLS 200-486] Changing DSP latency (root=mul_ln58_225) to 3 in order to utilize available DSP registers.
INFO: [HLS 200-486] Changing DSP latency (root=tmp10239) to 3 in order to utilize available DSP registers.
INFO: [HLS 200-486] Changing DSP latency (root=tmp10221) to 3 in order to utilize available DSP registers.
INFO: [HLS 200-486] Changing DSP latency (root=mul_ln65_1436) to 3 in order to utilize available DSP registers.
INFO: [HLS 200-486] Changing DSP latency (root=mul_ln65_1438) to 3 in order to utilize available DSP registers.
INFO: [HLS 200-486] Changing DSP latency (root=tmp10216) to 3 in order to utilize available DSP registers.
INFO: [HLS 200-486] Changing DSP latency (root=tmp10226) to 3 in order to utilize available DSP registers.
INFO: [HLS 200-486] Changing DSP latency (root=mul_ln65_1439) to 3 in order to utilize available DSP registers.
INFO: [HLS 200-486] Changing DSP latency (root=tmp10176) to 3 in order to utilize available DSP registers.
INFO: [HLS 200-486] Changing DSP latency (root=tmp10158) to 3 in order to utilize available DSP registers.
INFO: [HLS 200-486] Changing DSP latency (root=mul_ln65_1431) to 3 in order to utilize available DSP registers.
INFO: [HLS 200-486] Changing DSP latency (root=mul_ln65_1433) to 3 in order to utilize available DSP registers.
INFO: [HLS 200-486] Changing DSP latency (root=tmp10153) to 3 in order to utilize available DSP registers.
INFO: [HLS 200-486] Changing DSP latency (root=tmp10163) to 3 in order to utilize available DSP registers.
INFO: [HLS 200-486] Changing DSP latency (root=mul_ln65_1434) to 3 in order to utilize available DSP registers.
INFO: [HLS 200-486] Changing DSP latency (root=tmp10113) to 3 in order to utilize available DSP registers.
INFO: [HLS 200-486] Changing DSP latency (root=tmp10095) to 3 in order to utilize available DSP registers.
INFO: [HLS 200-486] Changing DSP latency (root=mul_ln65_1426) to 3 in order to utilize available DSP registers.
INFO: [HLS 200-486] Changing DSP latency (root=mul_ln65_1428) to 3 in order to utilize available DSP registers.
INFO: [HLS 200-486] Changing DSP latency (root=tmp10090) to 3 in order to utilize available DSP registers.
INFO: [HLS 200-486] Changing DSP latency (root=tmp10100) to 3 in order to utilize available DSP registers.
INFO: [HLS 200-486] Changing DSP latency (root=mul_ln65_1429) to 3 in order to utilize available DSP registers.
INFO: [HLS 200-486] Changing DSP latency (root=tmp10050) to 3 in order to utilize available DSP registers.
INFO: [HLS 200-486] Changing DSP latency (root=tmp10032) to 3 in order to utilize available DSP registers.
INFO: [HLS 200-486] Changing DSP latency (root=mul_ln65_1421) to 3 in order to utilize available DSP registers.
INFO: [HLS 200-486] Changing DSP latency (root=mul_ln65_1423) to 3 in order to utilize available DSP registers.
INFO: [HLS 200-486] Changing DSP latency (root=tmp10027) to 3 in order to utilize available DSP registers.
INFO: [HLS 200-486] Changing DSP latency (root=tmp10037) to 3 in order to utilize available DSP registers.
INFO: [HLS 200-486] Changing DSP latency (root=mul_ln65_1424) to 3 in order to utilize available DSP registers.
INFO: [HLS 200-486] Changing DSP latency (root=tmp9987) to 3 in order to utilize available DSP registers.
INFO: [HLS 200-486] Changing DSP latency (root=tmp9969) to 3 in order to utilize available DSP registers.
INFO: [HLS 200-486] Changing DSP latency (root=mul_ln65_1416) to 3 in order to utilize available DSP registers.
INFO: [HLS 200-486] Changing DSP latency (root=mul_ln65_1418) to 3 in order to utilize available DSP registers.
INFO: [HLS 200-486] Changing DSP latency (root=tmp9964) to 3 in order to utilize available DSP registers.
INFO: [HLS 200-486] Changing DSP latency (root=tmp9974) to 3 in order to utilize available DSP registers.
INFO: [HLS 200-486] Changing DSP latency (root=mul_ln65_1419) to 3 in order to utilize available DSP registers.
INFO: [HLS 200-486] Changing DSP latency (root=tmp9924) to 3 in order to utilize available DSP registers.
INFO: [HLS 200-486] Changing DSP latency (root=tmp9906) to 3 in order to utilize available DSP registers.
INFO: [HLS 200-486] Changing DSP latency (root=mul_ln65_1411) to 3 in order to utilize available DSP registers.
INFO: [HLS 200-486] Changing DSP latency (root=mul_ln65_1413) to 3 in order to utilize available DSP registers.
INFO: [HLS 200-486] Changing DSP latency (root=tmp9901) to 3 in order to utilize available DSP registers.
INFO: [HLS 200-486] Changing DSP latency (root=tmp9911) to 3 in order to utilize available DSP registers.
INFO: [HLS 200-486] Changing DSP latency (root=mul_ln65_1414) to 3 in order to utilize available DSP registers.
INFO: [HLS 200-486] Changing DSP latency (root=tmp9861) to 3 in order to utilize available DSP registers.
INFO: [HLS 200-486] Changing DSP latency (root=tmp9843) to 3 in order to utilize available DSP registers.
INFO: [HLS 200-486] Changing DSP latency (root=mul_ln65_1406) to 3 in order to utilize available DSP registers.
INFO: [HLS 200-486] Changing DSP latency (root=mul_ln65_1408) to 3 in order to utilize available DSP registers.
INFO: [HLS 200-486] Changing DSP latency (root=tmp9838) to 3 in order to utilize available DSP registers.
INFO: [HLS 200-486] Changing DSP latency (root=tmp9848) to 3 in order to utilize available DSP registers.
INFO: [HLS 200-486] Changing DSP latency (root=mul_ln65_1409) to 3 in order to utilize available DSP registers.
INFO: [HLS 200-486] Changing DSP latency (root=tmp9798) to 3 in order to utilize available DSP registers.
INFO: [HLS 200-486] Changing DSP latency (root=tmp9780) to 3 in order to utilize available DSP registers.
INFO: [HLS 200-486] Changing DSP latency (root=mul_ln65_1401) to 3 in order to utilize available DSP registers.
INFO: [HLS 200-486] Changing DSP latency (root=mul_ln65_1403) to 3 in order to utilize available DSP registers.
INFO: [HLS 200-486] Changing DSP latency (root=tmp9775) to 3 in order to utilize available DSP registers.
INFO: [HLS 200-486] Changing DSP latency (root=tmp9785) to 3 in order to utilize available DSP registers.
INFO: [HLS 200-486] Changing DSP latency (root=mul_ln65_1404) to 3 in order to utilize available DSP registers.
INFO: [HLS 200-486] Changing DSP latency (root=tmp9735) to 3 in order to utilize available DSP registers.
INFO: [HLS 200-486] Changing DSP latency (root=tmp9717) to 3 in order to utilize available DSP registers.
INFO: [HLS 200-486] Changing DSP latency (root=mul_ln65_1396) to 3 in order to utilize available DSP registers.
INFO: [HLS 200-486] Changing DSP latency (root=mul_ln65_1398) to 3 in order to utilize available DSP registers.
INFO: [HLS 200-486] Changing DSP latency (root=tmp9712) to 3 in order to utilize available DSP registers.
INFO: [HLS 200-486] Changing DSP latency (root=tmp9722) to 3 in order to utilize available DSP registers.
INFO: [HLS 200-486] Changing DSP latency (root=mul_ln65_1399) to 3 in order to utilize available DSP registers.
INFO: [HLS 200-486] Changing DSP latency (root=tmp9672) to 3 in order to utilize available DSP registers.
INFO: [HLS 200-486] Changing DSP latency (root=tmp9654) to 3 in order to utilize available DSP registers.
INFO: [HLS 200-486] Changing DSP latency (root=mul_ln65_1391) to 3 in order to utilize available DSP registers.
INFO: [HLS 200-486] Changing DSP latency (root=mul_ln65_1393) to 3 in order to utilize available DSP registers.
INFO: [HLS 200-486] Changing DSP latency (root=tmp9649) to 3 in order to utilize available DSP registers.
INFO: [HLS 200-486] Changing DSP latency (root=tmp9659) to 3 in order to utilize available DSP registers.
INFO: [HLS 200-486] Changing DSP latency (root=mul_ln65_1394) to 3 in order to utilize available DSP registers.
INFO: [HLS 200-486] Changing DSP latency (root=tmp9609) to 3 in order to utilize available DSP registers.
INFO: [HLS 200-486] Changing DSP latency (root=tmp9591) to 3 in order to utilize available DSP registers.
INFO: [HLS 200-486] Changing DSP latency (root=mul_ln65_1386) to 3 in order to utilize available DSP registers.
INFO: [HLS 200-486] Changing DSP latency (root=mul_ln65_1388) to 3 in order to utilize available DSP registers.
INFO: [HLS 200-486] Changing DSP latency (root=tmp9586) to 3 in order to utilize available DSP registers.
INFO: [HLS 200-486] Changing DSP latency (root=tmp9596) to 3 in order to utilize available DSP registers.
INFO: [HLS 200-486] Changing DSP latency (root=mul_ln65_1389) to 3 in order to utilize available DSP registers.
INFO: [HLS 200-486] Changing DSP latency (root=tmp9546) to 3 in order to utilize available DSP registers.
INFO: [HLS 200-486] Changing DSP latency (root=tmp9528) to 3 in order to utilize available DSP registers.
INFO: [HLS 200-486] Changing DSP latency (root=mul_ln65_1381) to 3 in order to utilize available DSP registers.
INFO: [HLS 200-486] Changing DSP latency (root=mul_ln65_1383) to 3 in order to utilize available DSP registers.
INFO: [HLS 200-486] Changing DSP latency (root=tmp9523) to 3 in order to utilize available DSP registers.
INFO: [HLS 200-486] Changing DSP latency (root=tmp9533) to 3 in order to utilize available DSP registers.
INFO: [HLS 200-486] Changing DSP latency (root=mul_ln65_1384) to 3 in order to utilize available DSP registers.
INFO: [HLS 200-486] Changing DSP latency (root=tmp9483) to 3 in order to utilize available DSP registers.
INFO: [HLS 200-486] Changing DSP latency (root=tmp9465) to 3 in order to utilize available DSP registers.
INFO: [HLS 200-486] Changing DSP latency (root=mul_ln65_1376) to 3 in order to utilize available DSP registers.
INFO: [HLS 200-486] Changing DSP latency (root=mul_ln65_1378) to 3 in order to utilize available DSP registers.
INFO: [HLS 200-486] Changing DSP latency (root=tmp9460) to 3 in order to utilize available DSP registers.
INFO: [HLS 200-486] Changing DSP latency (root=tmp9470) to 3 in order to utilize available DSP registers.
INFO: [HLS 200-486] Changing DSP latency (root=mul_ln65_1379) to 3 in order to utilize available DSP registers.
INFO: [HLS 200-486] Changing DSP latency (root=tmp9420) to 3 in order to utilize available DSP registers.
INFO: [HLS 200-486] Changing DSP latency (root=tmp9402) to 3 in order to utilize available DSP registers.
INFO: [HLS 200-486] Changing DSP latency (root=mul_ln65_1371) to 3 in order to utilize available DSP registers.
INFO: [HLS 200-486] Changing DSP latency (root=mul_ln65_1373) to 3 in order to utilize available DSP registers.
INFO: [HLS 200-486] Changing DSP latency (root=tmp9397) to 3 in order to utilize available DSP registers.
INFO: [HLS 200-486] Changing DSP latency (root=tmp9407) to 3 in order to utilize available DSP registers.
INFO: [HLS 200-486] Changing DSP latency (root=mul_ln65_1374) to 3 in order to utilize available DSP registers.
INFO: [HLS 200-486] Changing DSP latency (root=tmp9357) to 3 in order to utilize available DSP registers.
INFO: [HLS 200-486] Changing DSP latency (root=tmp9339) to 3 in order to utilize available DSP registers.
INFO: [HLS 200-486] Changing DSP latency (root=mul_ln65_1366) to 3 in order to utilize available DSP registers.
INFO: [HLS 200-486] Changing DSP latency (root=mul_ln65_1368) to 3 in order to utilize available DSP registers.
INFO: [HLS 200-486] Changing DSP latency (root=tmp9334) to 3 in order to utilize available DSP registers.
INFO: [HLS 200-486] Changing DSP latency (root=tmp9344) to 3 in order to utilize available DSP registers.
INFO: [HLS 200-486] Changing DSP latency (root=mul_ln65_1369) to 3 in order to utilize available DSP registers.
INFO: [HLS 200-486] Changing DSP latency (root=tmp9271) to 3 in order to utilize available DSP registers.
INFO: [HLS 200-486] Changing DSP latency (root=tmp9274) to 3 in order to utilize available DSP registers.
INFO: [HLS 200-486] Changing DSP latency (root=tmp9277) to 3 in order to utilize available DSP registers.
INFO: [HLS 200-486] Changing DSP latency (root=mul_ln65_1359) to 3 in order to utilize available DSP registers.
INFO: [HLS 200-486] Changing DSP latency (root=mul_ln58_464) to 3 in order to utilize available DSP registers.
INFO: [HLS 200-486] Changing DSP latency (root=tmp9293) to 3 in order to utilize available DSP registers.
INFO: [HLS 200-486] Changing DSP latency (root=mul_ln65_1361) to 3 in order to utilize available DSP registers.
INFO: [HLS 200-486] Changing DSP latency (root=mul_ln65_1362) to 3 in order to utilize available DSP registers.
INFO: [HLS 200-486] Changing DSP latency (root=mul_ln65_1363) to 3 in order to utilize available DSP registers.
INFO: [HLS 200-486] Changing DSP latency (root=mul_ln58_193) to 3 in order to utilize available DSP registers.
INFO: [HLS 200-486] Changing DSP latency (root=tmp9224) to 3 in order to utilize available DSP registers.
INFO: [HLS 200-486] Changing DSP latency (root=tmp9227) to 3 in order to utilize available DSP registers.
INFO: [HLS 200-486] Changing DSP latency (root=tmp9230) to 3 in order to utilize available DSP registers.
INFO: [HLS 200-486] Changing DSP latency (root=mul_ln65_1353) to 3 in order to utilize available DSP registers.
INFO: [HLS 200-486] Changing DSP latency (root=mul_ln58_462) to 3 in order to utilize available DSP registers.
INFO: [HLS 200-486] Changing DSP latency (root=tmp9246) to 3 in order to utilize available DSP registers.
INFO: [HLS 200-486] Changing DSP latency (root=mul_ln65_1355) to 3 in order to utilize available DSP registers.
INFO: [HLS 200-486] Changing DSP latency (root=mul_ln65_1356) to 3 in order to utilize available DSP registers.
INFO: [HLS 200-486] Changing DSP latency (root=mul_ln65_1357) to 3 in order to utilize available DSP registers.
INFO: [HLS 200-486] Changing DSP latency (root=mul_ln58_191) to 3 in order to utilize available DSP registers.
INFO: [HLS 200-486] Changing DSP latency (root=tmp9177) to 3 in order to utilize available DSP registers.
INFO: [HLS 200-486] Changing DSP latency (root=tmp9180) to 3 in order to utilize available DSP registers.
INFO: [HLS 200-486] Changing DSP latency (root=tmp9183) to 3 in order to utilize available DSP registers.
INFO: [HLS 200-486] Changing DSP latency (root=mul_ln65_1347) to 3 in order to utilize available DSP registers.
INFO: [HLS 200-486] Changing DSP latency (root=mul_ln58_460) to 3 in order to utilize available DSP registers.
INFO: [HLS 200-486] Changing DSP latency (root=tmp9199) to 3 in order to utilize available DSP registers.
INFO: [HLS 200-486] Changing DSP latency (root=mul_ln65_1349) to 3 in order to utilize available DSP registers.
INFO: [HLS 200-486] Changing DSP latency (root=mul_ln65_1350) to 3 in order to utilize available DSP registers.
INFO: [HLS 200-486] Changing DSP latency (root=mul_ln65_1351) to 3 in order to utilize available DSP registers.
INFO: [HLS 200-486] Changing DSP latency (root=mul_ln58_189) to 3 in order to utilize available DSP registers.
INFO: [HLS 200-486] Changing DSP latency (root=tmp9130) to 3 in order to utilize available DSP registers.
INFO: [HLS 200-486] Changing DSP latency (root=tmp9133) to 3 in order to utilize available DSP registers.
INFO: [HLS 200-486] Changing DSP latency (root=tmp9136) to 3 in order to utilize available DSP registers.
INFO: [HLS 200-486] Changing DSP latency (root=mul_ln65_1341) to 3 in order to utilize available DSP registers.
INFO: [HLS 200-486] Changing DSP latency (root=mul_ln58_458) to 3 in order to utilize available DSP registers.
INFO: [HLS 200-486] Changing DSP latency (root=tmp9152) to 3 in order to utilize available DSP registers.
INFO: [HLS 200-486] Changing DSP latency (root=mul_ln65_1343) to 3 in order to utilize available DSP registers.
INFO: [HLS 200-486] Changing DSP latency (root=mul_ln65_1344) to 3 in order to utilize available DSP registers.
INFO: [HLS 200-486] Changing DSP latency (root=mul_ln65_1345) to 3 in order to utilize available DSP registers.
INFO: [HLS 200-486] Changing DSP latency (root=mul_ln58_187) to 3 in order to utilize available DSP registers.
INFO: [HLS 200-486] Changing DSP latency (root=tmp9083) to 3 in order to utilize available DSP registers.
INFO: [HLS 200-486] Changing DSP latency (root=tmp9086) to 3 in order to utilize available DSP registers.
INFO: [HLS 200-486] Changing DSP latency (root=tmp9089) to 3 in order to utilize available DSP registers.
INFO: [HLS 200-486] Changing DSP latency (root=mul_ln65_1335) to 3 in order to utilize available DSP registers.
INFO: [HLS 200-486] Changing DSP latency (root=mul_ln58_456) to 3 in order to utilize available DSP registers.
INFO: [HLS 200-486] Changing DSP latency (root=tmp9105) to 3 in order to utilize available DSP registers.
INFO: [HLS 200-486] Changing DSP latency (root=mul_ln65_1337) to 3 in order to utilize available DSP registers.
INFO: [HLS 200-486] Changing DSP latency (root=mul_ln65_1338) to 3 in order to utilize available DSP registers.
INFO: [HLS 200-486] Changing DSP latency (root=mul_ln65_1339) to 3 in order to utilize available DSP registers.
INFO: [HLS 200-486] Changing DSP latency (root=mul_ln58_185) to 3 in order to utilize available DSP registers.
INFO: [HLS 200-486] Changing DSP latency (root=tmp9036) to 3 in order to utilize available DSP registers.
INFO: [HLS 200-486] Changing DSP latency (root=tmp9039) to 3 in order to utilize available DSP registers.
INFO: [HLS 200-486] Changing DSP latency (root=tmp9042) to 3 in order to utilize available DSP registers.
INFO: [HLS 200-486] Changing DSP latency (root=mul_ln65_1329) to 3 in order to utilize available DSP registers.
INFO: [HLS 200-486] Changing DSP latency (root=mul_ln58_454) to 3 in order to utilize available DSP registers.
INFO: [HLS 200-486] Changing DSP latency (root=tmp9058) to 3 in order to utilize available DSP registers.
INFO: [HLS 200-486] Changing DSP latency (root=mul_ln65_1331) to 3 in order to utilize available DSP registers.
INFO: [HLS 200-486] Changing DSP latency (root=mul_ln65_1332) to 3 in order to utilize available DSP registers.
INFO: [HLS 200-486] Changing DSP latency (root=mul_ln65_1333) to 3 in order to utilize available DSP registers.
INFO: [HLS 200-486] Changing DSP latency (root=mul_ln58_183) to 3 in order to utilize available DSP registers.
INFO: [HLS 200-486] Changing DSP latency (root=tmp8989) to 3 in order to utilize available DSP registers.
INFO: [HLS 200-486] Changing DSP latency (root=tmp8992) to 3 in order to utilize available DSP registers.
INFO: [HLS 200-486] Changing DSP latency (root=tmp8995) to 3 in order to utilize available DSP registers.
INFO: [HLS 200-486] Changing DSP latency (root=mul_ln65_1323) to 3 in order to utilize available DSP registers.
INFO: [HLS 200-486] Changing DSP latency (root=mul_ln58_452) to 3 in order to utilize available DSP registers.
INFO: [HLS 200-486] Changing DSP latency (root=tmp9011) to 3 in order to utilize available DSP registers.
INFO: [HLS 200-486] Changing DSP latency (root=mul_ln65_1325) to 3 in order to utilize available DSP registers.
INFO: [HLS 200-486] Changing DSP latency (root=mul_ln65_1326) to 3 in order to utilize available DSP registers.
INFO: [HLS 200-486] Changing DSP latency (root=mul_ln65_1327) to 3 in order to utilize available DSP registers.
INFO: [HLS 200-486] Changing DSP latency (root=mul_ln58_181) to 3 in order to utilize available DSP registers.
INFO: [HLS 200-486] Changing DSP latency (root=tmp8942) to 3 in order to utilize available DSP registers.
INFO: [HLS 200-486] Changing DSP latency (root=tmp8945) to 3 in order to utilize available DSP registers.
INFO: [HLS 200-486] Changing DSP latency (root=tmp8948) to 3 in order to utilize available DSP registers.
INFO: [HLS 200-486] Changing DSP latency (root=mul_ln65_1317) to 3 in order to utilize available DSP registers.
INFO: [HLS 200-486] Changing DSP latency (root=mul_ln58_450) to 3 in order to utilize available DSP registers.
INFO: [HLS 200-486] Changing DSP latency (root=tmp8964) to 3 in order to utilize available DSP registers.
INFO: [HLS 200-486] Changing DSP latency (root=mul_ln65_1319) to 3 in order to utilize available DSP registers.
INFO: [HLS 200-486] Changing DSP latency (root=mul_ln65_1320) to 3 in order to utilize available DSP registers.
INFO: [HLS 200-486] Changing DSP latency (root=mul_ln65_1321) to 3 in order to utilize available DSP registers.
INFO: [HLS 200-486] Changing DSP latency (root=mul_ln58_179) to 3 in order to utilize available DSP registers.
INFO: [HLS 200-486] Changing DSP latency (root=tmp8895) to 3 in order to utilize available DSP registers.
INFO: [HLS 200-486] Changing DSP latency (root=tmp8898) to 3 in order to utilize available DSP registers.
INFO: [HLS 200-486] Changing DSP latency (root=tmp8901) to 3 in order to utilize available DSP registers.
INFO: [HLS 200-486] Changing DSP latency (root=mul_ln65_1311) to 3 in order to utilize available DSP registers.
INFO: [HLS 200-486] Changing DSP latency (root=mul_ln58_448) to 3 in order to utilize available DSP registers.
INFO: [HLS 200-486] Changing DSP latency (root=tmp8917) to 3 in order to utilize available DSP registers.
INFO: [HLS 200-486] Changing DSP latency (root=mul_ln65_1313) to 3 in order to utilize available DSP registers.
INFO: [HLS 200-486] Changing DSP latency (root=mul_ln65_1314) to 3 in order to utilize available DSP registers.
INFO: [HLS 200-486] Changing DSP latency (root=mul_ln65_1315) to 3 in order to utilize available DSP registers.
INFO: [HLS 200-486] Changing DSP latency (root=mul_ln58_177) to 3 in order to utilize available DSP registers.
INFO: [HLS 200-486] Changing DSP latency (root=tmp8848) to 3 in order to utilize available DSP registers.
INFO: [HLS 200-486] Changing DSP latency (root=tmp8851) to 3 in order to utilize available DSP registers.
INFO: [HLS 200-486] Changing DSP latency (root=tmp8854) to 3 in order to utilize available DSP registers.
INFO: [HLS 200-486] Changing DSP latency (root=mul_ln65_1305) to 3 in order to utilize available DSP registers.
INFO: [HLS 200-486] Changing DSP latency (root=mul_ln58_446) to 3 in order to utilize available DSP registers.
INFO: [HLS 200-486] Changing DSP latency (root=tmp8870) to 3 in order to utilize available DSP registers.
INFO: [HLS 200-486] Changing DSP latency (root=mul_ln65_1307) to 3 in order to utilize available DSP registers.
INFO: [HLS 200-486] Changing DSP latency (root=mul_ln65_1308) to 3 in order to utilize available DSP registers.
INFO: [HLS 200-486] Changing DSP latency (root=mul_ln65_1309) to 3 in order to utilize available DSP registers.
INFO: [HLS 200-486] Changing DSP latency (root=mul_ln58_175) to 3 in order to utilize available DSP registers.
INFO: [HLS 200-486] Changing DSP latency (root=tmp8801) to 3 in order to utilize available DSP registers.
INFO: [HLS 200-486] Changing DSP latency (root=tmp8804) to 3 in order to utilize available DSP registers.
INFO: [HLS 200-486] Changing DSP latency (root=tmp8807) to 3 in order to utilize available DSP registers.
INFO: [HLS 200-486] Changing DSP latency (root=mul_ln65_1299) to 3 in order to utilize available DSP registers.
INFO: [HLS 200-486] Changing DSP latency (root=mul_ln58_444) to 3 in order to utilize available DSP registers.
INFO: [HLS 200-486] Changing DSP latency (root=tmp8823) to 3 in order to utilize available DSP registers.
INFO: [HLS 200-486] Changing DSP latency (root=mul_ln65_1301) to 3 in order to utilize available DSP registers.
INFO: [HLS 200-486] Changing DSP latency (root=mul_ln65_1302) to 3 in order to utilize available DSP registers.
INFO: [HLS 200-486] Changing DSP latency (root=mul_ln65_1303) to 3 in order to utilize available DSP registers.
INFO: [HLS 200-486] Changing DSP latency (root=mul_ln58_173) to 3 in order to utilize available DSP registers.
INFO: [HLS 200-486] Changing DSP latency (root=tmp8754) to 3 in order to utilize available DSP registers.
INFO: [HLS 200-486] Changing DSP latency (root=tmp8757) to 3 in order to utilize available DSP registers.
INFO: [HLS 200-486] Changing DSP latency (root=tmp8760) to 3 in order to utilize available DSP registers.
INFO: [HLS 200-486] Changing DSP latency (root=mul_ln65_1293) to 3 in order to utilize available DSP registers.
INFO: [HLS 200-486] Changing DSP latency (root=mul_ln58_442) to 3 in order to utilize available DSP registers.
INFO: [HLS 200-486] Changing DSP latency (root=tmp8776) to 3 in order to utilize available DSP registers.
INFO: [HLS 200-486] Changing DSP latency (root=mul_ln65_1295) to 3 in order to utilize available DSP registers.
INFO: [HLS 200-486] Changing DSP latency (root=mul_ln65_1296) to 3 in order to utilize available DSP registers.
INFO: [HLS 200-486] Changing DSP latency (root=mul_ln65_1297) to 3 in order to utilize available DSP registers.
INFO: [HLS 200-486] Changing DSP latency (root=mul_ln58_171) to 3 in order to utilize available DSP registers.
INFO: [HLS 200-486] Changing DSP latency (root=tmp8707) to 3 in order to utilize available DSP registers.
INFO: [HLS 200-486] Changing DSP latency (root=tmp8710) to 3 in order to utilize available DSP registers.
INFO: [HLS 200-486] Changing DSP latency (root=tmp8713) to 3 in order to utilize available DSP registers.
INFO: [HLS 200-486] Changing DSP latency (root=mul_ln65_1287) to 3 in order to utilize available DSP registers.
INFO: [HLS 200-486] Changing DSP latency (root=mul_ln58_440) to 3 in order to utilize available DSP registers.
INFO: [HLS 200-486] Changing DSP latency (root=tmp8729) to 3 in order to utilize available DSP registers.
INFO: [HLS 200-486] Changing DSP latency (root=mul_ln65_1289) to 3 in order to utilize available DSP registers.
INFO: [HLS 200-486] Changing DSP latency (root=mul_ln65_1290) to 3 in order to utilize available DSP registers.
INFO: [HLS 200-486] Changing DSP latency (root=mul_ln65_1291) to 3 in order to utilize available DSP registers.
INFO: [HLS 200-486] Changing DSP latency (root=mul_ln58_169) to 3 in order to utilize available DSP registers.
INFO: [HLS 200-486] Changing DSP latency (root=tmp8660) to 3 in order to utilize available DSP registers.
INFO: [HLS 200-486] Changing DSP latency (root=tmp8663) to 3 in order to utilize available DSP registers.
INFO: [HLS 200-486] Changing DSP latency (root=tmp8666) to 3 in order to utilize available DSP registers.
INFO: [HLS 200-486] Changing DSP latency (root=mul_ln65_1281) to 3 in order to utilize available DSP registers.
INFO: [HLS 200-486] Changing DSP latency (root=mul_ln58_438) to 3 in order to utilize available DSP registers.
INFO: [HLS 200-486] Changing DSP latency (root=tmp8682) to 3 in order to utilize available DSP registers.
INFO: [HLS 200-486] Changing DSP latency (root=mul_ln65_1283) to 3 in order to utilize available DSP registers.
INFO: [HLS 200-486] Changing DSP latency (root=mul_ln65_1284) to 3 in order to utilize available DSP registers.
INFO: [HLS 200-486] Changing DSP latency (root=mul_ln65_1285) to 3 in order to utilize available DSP registers.
INFO: [HLS 200-486] Changing DSP latency (root=mul_ln58_167) to 3 in order to utilize available DSP registers.
INFO: [HLS 200-486] Changing DSP latency (root=tmp8613) to 3 in order to utilize available DSP registers.
INFO: [HLS 200-486] Changing DSP latency (root=tmp8616) to 3 in order to utilize available DSP registers.
INFO: [HLS 200-486] Changing DSP latency (root=tmp8619) to 3 in order to utilize available DSP registers.
INFO: [HLS 200-486] Changing DSP latency (root=mul_ln65_1275) to 3 in order to utilize available DSP registers.
INFO: [HLS 200-486] Changing DSP latency (root=mul_ln58_436) to 3 in order to utilize available DSP registers.
INFO: [HLS 200-486] Changing DSP latency (root=tmp8635) to 3 in order to utilize available DSP registers.
INFO: [HLS 200-486] Changing DSP latency (root=mul_ln65_1277) to 3 in order to utilize available DSP registers.
INFO: [HLS 200-486] Changing DSP latency (root=mul_ln65_1278) to 3 in order to utilize available DSP registers.
INFO: [HLS 200-486] Changing DSP latency (root=mul_ln65_1279) to 3 in order to utilize available DSP registers.
INFO: [HLS 200-486] Changing DSP latency (root=mul_ln58_165) to 3 in order to utilize available DSP registers.
INFO: [HLS 200-486] Changing DSP latency (root=mul_ln65_1270) to 3 in order to utilize available DSP registers.
INFO: [HLS 200-486] Changing DSP latency (root=mul_ln65_1273) to 3 in order to utilize available DSP registers.
INFO: [HLS 200-486] Changing DSP latency (root=mul_ln65_1269) to 3 in order to utilize available DSP registers.
INFO: [HLS 200-486] Changing DSP latency (root=tmp8547) to 3 in order to utilize available DSP registers.
INFO: [HLS 200-486] Changing DSP latency (root=mul_ln58_434) to 3 in order to utilize available DSP registers.
INFO: [HLS 200-486] Changing DSP latency (root=mul_ln65_1272) to 3 in order to utilize available DSP registers.
INFO: [HLS 200-486] Changing DSP latency (root=tmp8573) to 3 in order to utilize available DSP registers.
INFO: [HLS 200-486] Changing DSP latency (root=mul_ln58_162) to 3 in order to utilize available DSP registers.
INFO: [HLS 200-486] Changing DSP latency (root=mul_ln58_163) to 3 in order to utilize available DSP registers.
INFO: [HLS 200-486] Changing DSP latency (root=mul_ln58_164) to 3 in order to utilize available DSP registers.
INFO: [HLS 200-486] Changing DSP latency (root=mul_ln65_1264) to 3 in order to utilize available DSP registers.
INFO: [HLS 200-486] Changing DSP latency (root=mul_ln65_1267) to 3 in order to utilize available DSP registers.
INFO: [HLS 200-486] Changing DSP latency (root=mul_ln65_1263) to 3 in order to utilize available DSP registers.
INFO: [HLS 200-486] Changing DSP latency (root=tmp8493) to 3 in order to utilize available DSP registers.
INFO: [HLS 200-486] Changing DSP latency (root=mul_ln58_433) to 3 in order to utilize available DSP registers.
INFO: [HLS 200-486] Changing DSP latency (root=mul_ln65_1266) to 3 in order to utilize available DSP registers.
INFO: [HLS 200-486] Changing DSP latency (root=tmp8519) to 3 in order to utilize available DSP registers.
INFO: [HLS 200-486] Changing DSP latency (root=mul_ln58_159) to 3 in order to utilize available DSP registers.
INFO: [HLS 200-486] Changing DSP latency (root=mul_ln58_160) to 3 in order to utilize available DSP registers.
INFO: [HLS 200-486] Changing DSP latency (root=mul_ln58_161) to 3 in order to utilize available DSP registers.
INFO: [HLS 200-486] Changing DSP latency (root=mul_ln65_1258) to 3 in order to utilize available DSP registers.
INFO: [HLS 200-486] Changing DSP latency (root=mul_ln65_1261) to 3 in order to utilize available DSP registers.
INFO: [HLS 200-486] Changing DSP latency (root=mul_ln65_1257) to 3 in order to utilize available DSP registers.
INFO: [HLS 200-486] Changing DSP latency (root=tmp8439) to 3 in order to utilize available DSP registers.
INFO: [HLS 200-486] Changing DSP latency (root=mul_ln58_432) to 3 in order to utilize available DSP registers.
INFO: [HLS 200-486] Changing DSP latency (root=mul_ln65_1260) to 3 in order to utilize available DSP registers.
INFO: [HLS 200-486] Changing DSP latency (root=tmp8465) to 3 in order to utilize available DSP registers.
INFO: [HLS 200-486] Changing DSP latency (root=mul_ln58_156) to 3 in order to utilize available DSP registers.
INFO: [HLS 200-486] Changing DSP latency (root=mul_ln58_157) to 3 in order to utilize available DSP registers.
INFO: [HLS 200-486] Changing DSP latency (root=mul_ln58_158) to 3 in order to utilize available DSP registers.
INFO: [HLS 200-486] Changing DSP latency (root=mul_ln65_1252) to 3 in order to utilize available DSP registers.
INFO: [HLS 200-486] Changing DSP latency (root=mul_ln65_1255) to 3 in order to utilize available DSP registers.
INFO: [HLS 200-486] Changing DSP latency (root=mul_ln65_1251) to 3 in order to utilize available DSP registers.
INFO: [HLS 200-486] Changing DSP latency (root=tmp8385) to 3 in order to utilize available DSP registers.
INFO: [HLS 200-486] Changing DSP latency (root=mul_ln58_431) to 3 in order to utilize available DSP registers.
INFO: [HLS 200-486] Changing DSP latency (root=mul_ln65_1254) to 3 in order to utilize available DSP registers.
INFO: [HLS 200-486] Changing DSP latency (root=tmp8411) to 3 in order to utilize available DSP registers.
INFO: [HLS 200-486] Changing DSP latency (root=mul_ln58_153) to 3 in order to utilize available DSP registers.
INFO: [HLS 200-486] Changing DSP latency (root=mul_ln58_154) to 3 in order to utilize available DSP registers.
INFO: [HLS 200-486] Changing DSP latency (root=mul_ln58_155) to 3 in order to utilize available DSP registers.
INFO: [HLS 200-486] Changing DSP latency (root=mul_ln65_1246) to 3 in order to utilize available DSP registers.
INFO: [HLS 200-486] Changing DSP latency (root=mul_ln65_1249) to 3 in order to utilize available DSP registers.
INFO: [HLS 200-486] Changing DSP latency (root=mul_ln65_1245) to 3 in order to utilize available DSP registers.
INFO: [HLS 200-486] Changing DSP latency (root=tmp8331) to 3 in order to utilize available DSP registers.
INFO: [HLS 200-486] Changing DSP latency (root=mul_ln58_430) to 3 in order to utilize available DSP registers.
INFO: [HLS 200-486] Changing DSP latency (root=mul_ln65_1248) to 3 in order to utilize available DSP registers.
INFO: [HLS 200-486] Changing DSP latency (root=tmp8357) to 3 in order to utilize available DSP registers.
INFO: [HLS 200-486] Changing DSP latency (root=mul_ln58_150) to 3 in order to utilize available DSP registers.
INFO: [HLS 200-486] Changing DSP latency (root=mul_ln58_151) to 3 in order to utilize available DSP registers.
INFO: [HLS 200-486] Changing DSP latency (root=mul_ln58_152) to 3 in order to utilize available DSP registers.
INFO: [HLS 200-486] Changing DSP latency (root=mul_ln65_1240) to 3 in order to utilize available DSP registers.
INFO: [HLS 200-486] Changing DSP latency (root=mul_ln65_1243) to 3 in order to utilize available DSP registers.
INFO: [HLS 200-486] Changing DSP latency (root=mul_ln65_1239) to 3 in order to utilize available DSP registers.
INFO: [HLS 200-486] Changing DSP latency (root=tmp8277) to 3 in order to utilize available DSP registers.
INFO: [HLS 200-486] Changing DSP latency (root=mul_ln58_429) to 3 in order to utilize available DSP registers.
INFO: [HLS 200-486] Changing DSP latency (root=mul_ln65_1242) to 3 in order to utilize available DSP registers.
INFO: [HLS 200-486] Changing DSP latency (root=tmp8303) to 3 in order to utilize available DSP registers.
INFO: [HLS 200-486] Changing DSP latency (root=mul_ln58_147) to 3 in order to utilize available DSP registers.
INFO: [HLS 200-486] Changing DSP latency (root=mul_ln58_148) to 3 in order to utilize available DSP registers.
INFO: [HLS 200-486] Changing DSP latency (root=mul_ln58_149) to 3 in order to utilize available DSP registers.
INFO: [HLS 200-486] Changing DSP latency (root=mul_ln65_1234) to 3 in order to utilize available DSP registers.
INFO: [HLS 200-486] Changing DSP latency (root=mul_ln65_1237) to 3 in order to utilize available DSP registers.
INFO: [HLS 200-486] Changing DSP latency (root=mul_ln65_1233) to 3 in order to utilize available DSP registers.
INFO: [HLS 200-486] Changing DSP latency (root=tmp8223) to 3 in order to utilize available DSP registers.
INFO: [HLS 200-486] Changing DSP latency (root=mul_ln58_428) to 3 in order to utilize available DSP registers.
INFO: [HLS 200-486] Changing DSP latency (root=mul_ln65_1236) to 3 in order to utilize available DSP registers.
INFO: [HLS 200-486] Changing DSP latency (root=tmp8249) to 3 in order to utilize available DSP registers.
INFO: [HLS 200-486] Changing DSP latency (root=mul_ln58_144) to 3 in order to utilize available DSP registers.
INFO: [HLS 200-486] Changing DSP latency (root=mul_ln58_145) to 3 in order to utilize available DSP registers.
INFO: [HLS 200-486] Changing DSP latency (root=mul_ln58_146) to 3 in order to utilize available DSP registers.
INFO: [HLS 200-486] Changing DSP latency (root=mul_ln65_1228) to 3 in order to utilize available DSP registers.
INFO: [HLS 200-486] Changing DSP latency (root=mul_ln65_1231) to 3 in order to utilize available DSP registers.
INFO: [HLS 200-486] Changing DSP latency (root=mul_ln65_1227) to 3 in order to utilize available DSP registers.
INFO: [HLS 200-486] Changing DSP latency (root=tmp8169) to 3 in order to utilize available DSP registers.
INFO: [HLS 200-486] Changing DSP latency (root=mul_ln58_427) to 3 in order to utilize available DSP registers.
INFO: [HLS 200-486] Changing DSP latency (root=mul_ln65_1230) to 3 in order to utilize available DSP registers.
INFO: [HLS 200-486] Changing DSP latency (root=tmp8195) to 3 in order to utilize available DSP registers.
INFO: [HLS 200-486] Changing DSP latency (root=mul_ln58_141) to 3 in order to utilize available DSP registers.
INFO: [HLS 200-486] Changing DSP latency (root=mul_ln58_142) to 3 in order to utilize available DSP registers.
INFO: [HLS 200-486] Changing DSP latency (root=mul_ln58_143) to 3 in order to utilize available DSP registers.
INFO: [HLS 200-486] Changing DSP latency (root=mul_ln65_1222) to 3 in order to utilize available DSP registers.
INFO: [HLS 200-486] Changing DSP latency (root=mul_ln65_1225) to 3 in order to utilize available DSP registers.
INFO: [HLS 200-486] Changing DSP latency (root=mul_ln65_1221) to 3 in order to utilize available DSP registers.
INFO: [HLS 200-486] Changing DSP latency (root=tmp8115) to 3 in order to utilize available DSP registers.
INFO: [HLS 200-486] Changing DSP latency (root=mul_ln58_426) to 3 in order to utilize available DSP registers.
INFO: [HLS 200-486] Changing DSP latency (root=mul_ln65_1224) to 3 in order to utilize available DSP registers.
INFO: [HLS 200-486] Changing DSP latency (root=tmp8141) to 3 in order to utilize available DSP registers.
INFO: [HLS 200-486] Changing DSP latency (root=mul_ln58_138) to 3 in order to utilize available DSP registers.
INFO: [HLS 200-486] Changing DSP latency (root=mul_ln58_139) to 3 in order to utilize available DSP registers.
INFO: [HLS 200-486] Changing DSP latency (root=mul_ln58_140) to 3 in order to utilize available DSP registers.
INFO: [HLS 200-486] Changing DSP latency (root=mul_ln65_1216) to 3 in order to utilize available DSP registers.
INFO: [HLS 200-486] Changing DSP latency (root=mul_ln65_1219) to 3 in order to utilize available DSP registers.
INFO: [HLS 200-486] Changing DSP latency (root=mul_ln65_1215) to 3 in order to utilize available DSP registers.
INFO: [HLS 200-486] Changing DSP latency (root=tmp8061) to 3 in order to utilize available DSP registers.
INFO: [HLS 200-486] Changing DSP latency (root=mul_ln58_425) to 3 in order to utilize available DSP registers.
INFO: [HLS 200-486] Changing DSP latency (root=mul_ln65_1218) to 3 in order to utilize available DSP registers.
INFO: [HLS 200-486] Changing DSP latency (root=tmp8087) to 3 in order to utilize available DSP registers.
INFO: [HLS 200-486] Changing DSP latency (root=mul_ln58_135) to 3 in order to utilize available DSP registers.
INFO: [HLS 200-486] Changing DSP latency (root=mul_ln58_136) to 3 in order to utilize available DSP registers.
INFO: [HLS 200-486] Changing DSP latency (root=mul_ln58_137) to 3 in order to utilize available DSP registers.
INFO: [HLS 200-486] Changing DSP latency (root=mul_ln65_1210) to 3 in order to utilize available DSP registers.
INFO: [HLS 200-486] Changing DSP latency (root=mul_ln65_1213) to 3 in order to utilize available DSP registers.
INFO: [HLS 200-486] Changing DSP latency (root=mul_ln65_1209) to 3 in order to utilize available DSP registers.
INFO: [HLS 200-486] Changing DSP latency (root=tmp8007) to 3 in order to utilize available DSP registers.
INFO: [HLS 200-486] Changing DSP latency (root=mul_ln58_424) to 3 in order to utilize available DSP registers.
INFO: [HLS 200-486] Changing DSP latency (root=mul_ln65_1212) to 3 in order to utilize available DSP registers.
INFO: [HLS 200-486] Changing DSP latency (root=tmp8033) to 3 in order to utilize available DSP registers.
INFO: [HLS 200-486] Changing DSP latency (root=mul_ln58_132) to 3 in order to utilize available DSP registers.
INFO: [HLS 200-486] Changing DSP latency (root=mul_ln58_133) to 3 in order to utilize available DSP registers.
INFO: [HLS 200-486] Changing DSP latency (root=mul_ln58_134) to 3 in order to utilize available DSP registers.
INFO: [HLS 200-486] Changing DSP latency (root=mul_ln65_1204) to 3 in order to utilize available DSP registers.
INFO: [HLS 200-486] Changing DSP latency (root=mul_ln65_1207) to 3 in order to utilize available DSP registers.
INFO: [HLS 200-486] Changing DSP latency (root=mul_ln65_1203) to 3 in order to utilize available DSP registers.
INFO: [HLS 200-486] Changing DSP latency (root=tmp7953) to 3 in order to utilize available DSP registers.
INFO: [HLS 200-486] Changing DSP latency (root=mul_ln58_423) to 3 in order to utilize available DSP registers.
INFO: [HLS 200-486] Changing DSP latency (root=mul_ln65_1206) to 3 in order to utilize available DSP registers.
INFO: [HLS 200-486] Changing DSP latency (root=tmp7979) to 3 in order to utilize available DSP registers.
INFO: [HLS 200-486] Changing DSP latency (root=mul_ln58_129) to 3 in order to utilize available DSP registers.
INFO: [HLS 200-486] Changing DSP latency (root=mul_ln58_130) to 3 in order to utilize available DSP registers.
INFO: [HLS 200-486] Changing DSP latency (root=mul_ln58_131) to 3 in order to utilize available DSP registers.
INFO: [HLS 200-486] Changing DSP latency (root=mul_ln65_1198) to 3 in order to utilize available DSP registers.
INFO: [HLS 200-486] Changing DSP latency (root=mul_ln65_1201) to 3 in order to utilize available DSP registers.
INFO: [HLS 200-486] Changing DSP latency (root=mul_ln65_1197) to 3 in order to utilize available DSP registers.
INFO: [HLS 200-486] Changing DSP latency (root=tmp7899) to 3 in order to utilize available DSP registers.
INFO: [HLS 200-486] Changing DSP latency (root=mul_ln58_422) to 3 in order to utilize available DSP registers.
INFO: [HLS 200-486] Changing DSP latency (root=mul_ln65_1200) to 3 in order to utilize available DSP registers.
INFO: [HLS 200-486] Changing DSP latency (root=tmp7925) to 3 in order to utilize available DSP registers.
INFO: [HLS 200-486] Changing DSP latency (root=mul_ln58_126) to 3 in order to utilize available DSP registers.
INFO: [HLS 200-486] Changing DSP latency (root=mul_ln58_127) to 3 in order to utilize available DSP registers.
INFO: [HLS 200-486] Changing DSP latency (root=mul_ln58_128) to 3 in order to utilize available DSP registers.
INFO: [HLS 200-486] Changing DSP latency (root=mul_ln65_1192) to 3 in order to utilize available DSP registers.
INFO: [HLS 200-486] Changing DSP latency (root=mul_ln65_1195) to 3 in order to utilize available DSP registers.
INFO: [HLS 200-486] Changing DSP latency (root=mul_ln65_1191) to 3 in order to utilize available DSP registers.
INFO: [HLS 200-486] Changing DSP latency (root=tmp7845) to 3 in order to utilize available DSP registers.
INFO: [HLS 200-486] Changing DSP latency (root=mul_ln58_421) to 3 in order to utilize available DSP registers.
INFO: [HLS 200-486] Changing DSP latency (root=mul_ln65_1194) to 3 in order to utilize available DSP registers.
INFO: [HLS 200-486] Changing DSP latency (root=tmp7871) to 3 in order to utilize available DSP registers.
INFO: [HLS 200-486] Changing DSP latency (root=mul_ln58_123) to 3 in order to utilize available DSP registers.
INFO: [HLS 200-486] Changing DSP latency (root=mul_ln58_124) to 3 in order to utilize available DSP registers.
INFO: [HLS 200-486] Changing DSP latency (root=mul_ln58_125) to 3 in order to utilize available DSP registers.
INFO: [HLS 200-486] Changing DSP latency (root=mul_ln65_1186) to 3 in order to utilize available DSP registers.
INFO: [HLS 200-486] Changing DSP latency (root=mul_ln65_1189) to 3 in order to utilize available DSP registers.
INFO: [HLS 200-486] Changing DSP latency (root=mul_ln65_1185) to 3 in order to utilize available DSP registers.
INFO: [HLS 200-486] Changing DSP latency (root=tmp7791) to 3 in order to utilize available DSP registers.
INFO: [HLS 200-486] Changing DSP latency (root=mul_ln58_420) to 3 in order to utilize available DSP registers.
INFO: [HLS 200-486] Changing DSP latency (root=mul_ln65_1188) to 3 in order to utilize available DSP registers.
INFO: [HLS 200-486] Changing DSP latency (root=tmp7817) to 3 in order to utilize available DSP registers.
INFO: [HLS 200-486] Changing DSP latency (root=mul_ln58_120) to 3 in order to utilize available DSP registers.
INFO: [HLS 200-486] Changing DSP latency (root=mul_ln58_121) to 3 in order to utilize available DSP registers.
INFO: [HLS 200-486] Changing DSP latency (root=mul_ln58_122) to 3 in order to utilize available DSP registers.
INFO: [HLS 200-486] Changing DSP latency (root=tmp7756) to 3 in order to utilize available DSP registers.
INFO: [HLS 200-486] Changing DSP latency (root=tmp7760) to 3 in order to utilize available DSP registers.
INFO: [HLS 200-486] Changing DSP latency (root=tmp7736) to 3 in order to utilize available DSP registers.
INFO: [HLS 200-486] Changing DSP latency (root=tmp7782) to 3 in order to utilize available DSP registers.
INFO: [HLS 200-486] Changing DSP latency (root=tmp7764) to 3 in order to utilize available DSP registers.
INFO: [HLS 200-486] Changing DSP latency (root=tmp7762) to 3 in order to utilize available DSP registers.
INFO: [HLS 200-486] Changing DSP latency (root=tmp7693) to 3 in order to utilize available DSP registers.
INFO: [HLS 200-486] Changing DSP latency (root=tmp7697) to 3 in order to utilize available DSP registers.
INFO: [HLS 200-486] Changing DSP latency (root=tmp7673) to 3 in order to utilize available DSP registers.
INFO: [HLS 200-486] Changing DSP latency (root=tmp7719) to 3 in order to utilize available DSP registers.
INFO: [HLS 200-486] Changing DSP latency (root=tmp7701) to 3 in order to utilize available DSP registers.
INFO: [HLS 200-486] Changing DSP latency (root=tmp7699) to 3 in order to utilize available DSP registers.
INFO: [HLS 200-486] Changing DSP latency (root=tmp7630) to 3 in order to utilize available DSP registers.
INFO: [HLS 200-486] Changing DSP latency (root=tmp7634) to 3 in order to utilize available DSP registers.
INFO: [HLS 200-486] Changing DSP latency (root=tmp7610) to 3 in order to utilize available DSP registers.
INFO: [HLS 200-486] Changing DSP latency (root=tmp7656) to 3 in order to utilize available DSP registers.
INFO: [HLS 200-486] Changing DSP latency (root=tmp7638) to 3 in order to utilize available DSP registers.
INFO: [HLS 200-486] Changing DSP latency (root=tmp7636) to 3 in order to utilize available DSP registers.
INFO: [HLS 200-486] Changing DSP latency (root=tmp7567) to 3 in order to utilize available DSP registers.
INFO: [HLS 200-486] Changing DSP latency (root=tmp7571) to 3 in order to utilize available DSP registers.
INFO: [HLS 200-486] Changing DSP latency (root=tmp7547) to 3 in order to utilize available DSP registers.
INFO: [HLS 200-486] Changing DSP latency (root=tmp7593) to 3 in order to utilize available DSP registers.
INFO: [HLS 200-486] Changing DSP latency (root=tmp7575) to 3 in order to utilize available DSP registers.
INFO: [HLS 200-486] Changing DSP latency (root=tmp7573) to 3 in order to utilize available DSP registers.
INFO: [HLS 200-486] Changing DSP latency (root=tmp7504) to 3 in order to utilize available DSP registers.
INFO: [HLS 200-486] Changing DSP latency (root=tmp7508) to 3 in order to utilize available DSP registers.
INFO: [HLS 200-486] Changing DSP latency (root=tmp7484) to 3 in order to utilize available DSP registers.
INFO: [HLS 200-486] Changing DSP latency (root=tmp7530) to 3 in order to utilize available DSP registers.
INFO: [HLS 200-486] Changing DSP latency (root=tmp7512) to 3 in order to utilize available DSP registers.
INFO: [HLS 200-486] Changing DSP latency (root=tmp7510) to 3 in order to utilize available DSP registers.
INFO: [HLS 200-486] Changing DSP latency (root=tmp7441) to 3 in order to utilize available DSP registers.
INFO: [HLS 200-486] Changing DSP latency (root=tmp7445) to 3 in order to utilize available DSP registers.
INFO: [HLS 200-486] Changing DSP latency (root=tmp7421) to 3 in order to utilize available DSP registers.
INFO: [HLS 200-486] Changing DSP latency (root=tmp7467) to 3 in order to utilize available DSP registers.
INFO: [HLS 200-486] Changing DSP latency (root=tmp7449) to 3 in order to utilize available DSP registers.
INFO: [HLS 200-486] Changing DSP latency (root=tmp7447) to 3 in order to utilize available DSP registers.
INFO: [HLS 200-486] Changing DSP latency (root=tmp7378) to 3 in order to utilize available DSP registers.
INFO: [HLS 200-486] Changing DSP latency (root=tmp7382) to 3 in order to utilize available DSP registers.
INFO: [HLS 200-486] Changing DSP latency (root=tmp7358) to 3 in order to utilize available DSP registers.
INFO: [HLS 200-486] Changing DSP latency (root=tmp7404) to 3 in order to utilize available DSP registers.
INFO: [HLS 200-486] Changing DSP latency (root=tmp7386) to 3 in order to utilize available DSP registers.
INFO: [HLS 200-486] Changing DSP latency (root=tmp7384) to 3 in order to utilize available DSP registers.
INFO: [HLS 200-486] Changing DSP latency (root=tmp7315) to 3 in order to utilize available DSP registers.
INFO: [HLS 200-486] Changing DSP latency (root=tmp7319) to 3 in order to utilize available DSP registers.
INFO: [HLS 200-486] Changing DSP latency (root=tmp7295) to 3 in order to utilize available DSP registers.
INFO: [HLS 200-486] Changing DSP latency (root=tmp7341) to 3 in order to utilize available DSP registers.
INFO: [HLS 200-486] Changing DSP latency (root=tmp7323) to 3 in order to utilize available DSP registers.
INFO: [HLS 200-486] Changing DSP latency (root=tmp7321) to 3 in order to utilize available DSP registers.
INFO: [HLS 200-486] Changing DSP latency (root=tmp7252) to 3 in order to utilize available DSP registers.
INFO: [HLS 200-486] Changing DSP latency (root=tmp7256) to 3 in order to utilize available DSP registers.
INFO: [HLS 200-486] Changing DSP latency (root=tmp7232) to 3 in order to utilize available DSP registers.
INFO: [HLS 200-486] Changing DSP latency (root=tmp7278) to 3 in order to utilize available DSP registers.
INFO: [HLS 200-486] Changing DSP latency (root=tmp7260) to 3 in order to utilize available DSP registers.
INFO: [HLS 200-486] Changing DSP latency (root=tmp7258) to 3 in order to utilize available DSP registers.
INFO: [HLS 200-486] Changing DSP latency (root=tmp7189) to 3 in order to utilize available DSP registers.
INFO: [HLS 200-486] Changing DSP latency (root=tmp7193) to 3 in order to utilize available DSP registers.
INFO: [HLS 200-486] Changing DSP latency (root=tmp7169) to 3 in order to utilize available DSP registers.
INFO: [HLS 200-486] Changing DSP latency (root=tmp7215) to 3 in order to utilize available DSP registers.
INFO: [HLS 200-486] Changing DSP latency (root=tmp7197) to 3 in order to utilize available DSP registers.
INFO: [HLS 200-486] Changing DSP latency (root=tmp7195) to 3 in order to utilize available DSP registers.
INFO: [HLS 200-486] Changing DSP latency (root=tmp7126) to 3 in order to utilize available DSP registers.
INFO: [HLS 200-486] Changing DSP latency (root=tmp7130) to 3 in order to utilize available DSP registers.
INFO: [HLS 200-486] Changing DSP latency (root=tmp7106) to 3 in order to utilize available DSP registers.
INFO: [HLS 200-486] Changing DSP latency (root=tmp7152) to 3 in order to utilize available DSP registers.
INFO: [HLS 200-486] Changing DSP latency (root=tmp7134) to 3 in order to utilize available DSP registers.
INFO: [HLS 200-486] Changing DSP latency (root=tmp7132) to 3 in order to utilize available DSP registers.
INFO: [HLS 200-486] Changing DSP latency (root=tmp7063) to 3 in order to utilize available DSP registers.
INFO: [HLS 200-486] Changing DSP latency (root=tmp7067) to 3 in order to utilize available DSP registers.
INFO: [HLS 200-486] Changing DSP latency (root=tmp7043) to 3 in order to utilize available DSP registers.
INFO: [HLS 200-486] Changing DSP latency (root=tmp7089) to 3 in order to utilize available DSP registers.
INFO: [HLS 200-486] Changing DSP latency (root=tmp7071) to 3 in order to utilize available DSP registers.
INFO: [HLS 200-486] Changing DSP latency (root=tmp7069) to 3 in order to utilize available DSP registers.
INFO: [HLS 200-486] Changing DSP latency (root=tmp7000) to 3 in order to utilize available DSP registers.
INFO: [HLS 200-486] Changing DSP latency (root=tmp7004) to 3 in order to utilize available DSP registers.
INFO: [HLS 200-486] Changing DSP latency (root=tmp6980) to 3 in order to utilize available DSP registers.
INFO: [HLS 200-486] Changing DSP latency (root=tmp7026) to 3 in order to utilize available DSP registers.
INFO: [HLS 200-486] Changing DSP latency (root=tmp7008) to 3 in order to utilize available DSP registers.
INFO: [HLS 200-486] Changing DSP latency (root=tmp7006) to 3 in order to utilize available DSP registers.
INFO: [HLS 200-486] Changing DSP latency (root=tmp6937) to 3 in order to utilize available DSP registers.
INFO: [HLS 200-486] Changing DSP latency (root=tmp6941) to 3 in order to utilize available DSP registers.
INFO: [HLS 200-486] Changing DSP latency (root=tmp6917) to 3 in order to utilize available DSP registers.
INFO: [HLS 200-486] Changing DSP latency (root=tmp6963) to 3 in order to utilize available DSP registers.
INFO: [HLS 200-486] Changing DSP latency (root=tmp6945) to 3 in order to utilize available DSP registers.
INFO: [HLS 200-486] Changing DSP latency (root=tmp6943) to 3 in order to utilize available DSP registers.
INFO: [HLS 200-486] Changing DSP latency (root=tmp6874) to 3 in order to utilize available DSP registers.
INFO: [HLS 200-486] Changing DSP latency (root=tmp6878) to 3 in order to utilize available DSP registers.
INFO: [HLS 200-486] Changing DSP latency (root=tmp6854) to 3 in order to utilize available DSP registers.
INFO: [HLS 200-486] Changing DSP latency (root=tmp6900) to 3 in order to utilize available DSP registers.
INFO: [HLS 200-486] Changing DSP latency (root=tmp6882) to 3 in order to utilize available DSP registers.
INFO: [HLS 200-486] Changing DSP latency (root=tmp6880) to 3 in order to utilize available DSP registers.
INFO: [HLS 200-486] Changing DSP latency (root=mul_ln65_1101) to 3 in order to utilize available DSP registers.
INFO: [HLS 200-486] Changing DSP latency (root=tmp6803) to 3 in order to utilize available DSP registers.
INFO: [HLS 200-486] Changing DSP latency (root=tmp6832) to 3 in order to utilize available DSP registers.
INFO: [HLS 200-486] Changing DSP latency (root=tmp6829) to 3 in order to utilize available DSP registers.
INFO: [HLS 200-486] Changing DSP latency (root=mul_ln65_1105) to 3 in order to utilize available DSP registers.
INFO: [HLS 200-486] Changing DSP latency (root=mul_ln65_1104) to 3 in order to utilize available DSP registers.
INFO: [HLS 200-486] Changing DSP latency (root=mul_ln65_1106) to 3 in order to utilize available DSP registers.
INFO: [HLS 200-486] Changing DSP latency (root=mul_ln65_1108) to 3 in order to utilize available DSP registers.
INFO: [HLS 200-486] Changing DSP latency (root=mul_ln65_1107) to 3 in order to utilize available DSP registers.
INFO: [HLS 200-486] Changing DSP latency (root=mul_ln58_119) to 3 in order to utilize available DSP registers.
INFO: [HLS 200-486] Changing DSP latency (root=mul_ln65_1091) to 3 in order to utilize available DSP registers.
INFO: [HLS 200-486] Changing DSP latency (root=tmp6758) to 3 in order to utilize available DSP registers.
INFO: [HLS 200-486] Changing DSP latency (root=tmp6787) to 3 in order to utilize available DSP registers.
INFO: [HLS 200-486] Changing DSP latency (root=tmp6784) to 3 in order to utilize available DSP registers.
INFO: [HLS 200-486] Changing DSP latency (root=mul_ln65_1095) to 3 in order to utilize available DSP registers.
INFO: [HLS 200-486] Changing DSP latency (root=mul_ln65_1094) to 3 in order to utilize available DSP registers.
INFO: [HLS 200-486] Changing DSP latency (root=mul_ln65_1096) to 3 in order to utilize available DSP registers.
INFO: [HLS 200-486] Changing DSP latency (root=mul_ln65_1098) to 3 in order to utilize available DSP registers.
INFO: [HLS 200-486] Changing DSP latency (root=mul_ln65_1097) to 3 in order to utilize available DSP registers.
INFO: [HLS 200-486] Changing DSP latency (root=mul_ln58_118) to 3 in order to utilize available DSP registers.
INFO: [HLS 200-486] Changing DSP latency (root=mul_ln65_1081) to 3 in order to utilize available DSP registers.
INFO: [HLS 200-486] Changing DSP latency (root=tmp6713) to 3 in order to utilize available DSP registers.
INFO: [HLS 200-486] Changing DSP latency (root=tmp6742) to 3 in order to utilize available DSP registers.
INFO: [HLS 200-486] Changing DSP latency (root=tmp6739) to 3 in order to utilize available DSP registers.
INFO: [HLS 200-486] Changing DSP latency (root=mul_ln65_1085) to 3 in order to utilize available DSP registers.
INFO: [HLS 200-486] Changing DSP latency (root=mul_ln65_1084) to 3 in order to utilize available DSP registers.
INFO: [HLS 200-486] Changing DSP latency (root=mul_ln65_1086) to 3 in order to utilize available DSP registers.
INFO: [HLS 200-486] Changing DSP latency (root=mul_ln65_1088) to 3 in order to utilize available DSP registers.
INFO: [HLS 200-486] Changing DSP latency (root=mul_ln65_1087) to 3 in order to utilize available DSP registers.
INFO: [HLS 200-486] Changing DSP latency (root=mul_ln58_117) to 3 in order to utilize available DSP registers.
INFO: [HLS 200-486] Changing DSP latency (root=mul_ln65_1071) to 3 in order to utilize available DSP registers.
INFO: [HLS 200-486] Changing DSP latency (root=tmp6668) to 3 in order to utilize available DSP registers.
INFO: [HLS 200-486] Changing DSP latency (root=tmp6697) to 3 in order to utilize available DSP registers.
INFO: [HLS 200-486] Changing DSP latency (root=tmp6694) to 3 in order to utilize available DSP registers.
INFO: [HLS 200-486] Changing DSP latency (root=mul_ln65_1075) to 3 in order to utilize available DSP registers.
INFO: [HLS 200-486] Changing DSP latency (root=mul_ln65_1074) to 3 in order to utilize available DSP registers.
INFO: [HLS 200-486] Changing DSP latency (root=mul_ln65_1076) to 3 in order to utilize available DSP registers.
INFO: [HLS 200-486] Changing DSP latency (root=mul_ln65_1078) to 3 in order to utilize available DSP registers.
INFO: [HLS 200-486] Changing DSP latency (root=mul_ln65_1077) to 3 in order to utilize available DSP registers.
INFO: [HLS 200-486] Changing DSP latency (root=mul_ln58_116) to 3 in order to utilize available DSP registers.
INFO: [HLS 200-486] Changing DSP latency (root=mul_ln65_1061) to 3 in order to utilize available DSP registers.
INFO: [HLS 200-486] Changing DSP latency (root=tmp6623) to 3 in order to utilize available DSP registers.
INFO: [HLS 200-486] Changing DSP latency (root=tmp6652) to 3 in order to utilize available DSP registers.
INFO: [HLS 200-486] Changing DSP latency (root=tmp6649) to 3 in order to utilize available DSP registers.
INFO: [HLS 200-486] Changing DSP latency (root=mul_ln65_1065) to 3 in order to utilize available DSP registers.
INFO: [HLS 200-486] Changing DSP latency (root=mul_ln65_1064) to 3 in order to utilize available DSP registers.
INFO: [HLS 200-486] Changing DSP latency (root=mul_ln65_1066) to 3 in order to utilize available DSP registers.
INFO: [HLS 200-486] Changing DSP latency (root=mul_ln65_1068) to 3 in order to utilize available DSP registers.
INFO: [HLS 200-486] Changing DSP latency (root=mul_ln65_1067) to 3 in order to utilize available DSP registers.
INFO: [HLS 200-486] Changing DSP latency (root=mul_ln58_115) to 3 in order to utilize available DSP registers.
INFO: [HLS 200-486] Changing DSP latency (root=mul_ln65_1051) to 3 in order to utilize available DSP registers.
INFO: [HLS 200-486] Changing DSP latency (root=tmp6578) to 3 in order to utilize available DSP registers.
INFO: [HLS 200-486] Changing DSP latency (root=tmp6607) to 3 in order to utilize available DSP registers.
INFO: [HLS 200-486] Changing DSP latency (root=tmp6604) to 3 in order to utilize available DSP registers.
INFO: [HLS 200-486] Changing DSP latency (root=mul_ln65_1055) to 3 in order to utilize available DSP registers.
INFO: [HLS 200-486] Changing DSP latency (root=mul_ln65_1054) to 3 in order to utilize available DSP registers.
INFO: [HLS 200-486] Changing DSP latency (root=mul_ln65_1056) to 3 in order to utilize available DSP registers.
INFO: [HLS 200-486] Changing DSP latency (root=mul_ln65_1058) to 3 in order to utilize available DSP registers.
INFO: [HLS 200-486] Changing DSP latency (root=mul_ln65_1057) to 3 in order to utilize available DSP registers.
INFO: [HLS 200-486] Changing DSP latency (root=mul_ln58_114) to 3 in order to utilize available DSP registers.
INFO: [HLS 200-486] Changing DSP latency (root=mul_ln65_1041) to 3 in order to utilize available DSP registers.
INFO: [HLS 200-486] Changing DSP latency (root=tmp6533) to 3 in order to utilize available DSP registers.
INFO: [HLS 200-486] Changing DSP latency (root=tmp6562) to 3 in order to utilize available DSP registers.
INFO: [HLS 200-486] Changing DSP latency (root=tmp6559) to 3 in order to utilize available DSP registers.
INFO: [HLS 200-486] Changing DSP latency (root=mul_ln65_1045) to 3 in order to utilize available DSP registers.
INFO: [HLS 200-486] Changing DSP latency (root=mul_ln65_1044) to 3 in order to utilize available DSP registers.
INFO: [HLS 200-486] Changing DSP latency (root=mul_ln65_1046) to 3 in order to utilize available DSP registers.
INFO: [HLS 200-486] Changing DSP latency (root=mul_ln65_1048) to 3 in order to utilize available DSP registers.
INFO: [HLS 200-486] Changing DSP latency (root=mul_ln65_1047) to 3 in order to utilize available DSP registers.
INFO: [HLS 200-486] Changing DSP latency (root=mul_ln58_113) to 3 in order to utilize available DSP registers.
INFO: [HLS 200-486] Changing DSP latency (root=mul_ln65_1031) to 3 in order to utilize available DSP registers.
INFO: [HLS 200-486] Changing DSP latency (root=tmp6488) to 3 in order to utilize available DSP registers.
INFO: [HLS 200-486] Changing DSP latency (root=tmp6517) to 3 in order to utilize available DSP registers.
INFO: [HLS 200-486] Changing DSP latency (root=tmp6514) to 3 in order to utilize available DSP registers.
INFO: [HLS 200-486] Changing DSP latency (root=mul_ln65_1035) to 3 in order to utilize available DSP registers.
INFO: [HLS 200-486] Changing DSP latency (root=mul_ln65_1034) to 3 in order to utilize available DSP registers.
INFO: [HLS 200-486] Changing DSP latency (root=mul_ln65_1036) to 3 in order to utilize available DSP registers.
INFO: [HLS 200-486] Changing DSP latency (root=mul_ln65_1038) to 3 in order to utilize available DSP registers.
INFO: [HLS 200-486] Changing DSP latency (root=mul_ln65_1037) to 3 in order to utilize available DSP registers.
INFO: [HLS 200-486] Changing DSP latency (root=mul_ln58_112) to 3 in order to utilize available DSP registers.
INFO: [HLS 200-486] Changing DSP latency (root=mul_ln65_1021) to 3 in order to utilize available DSP registers.
INFO: [HLS 200-486] Changing DSP latency (root=tmp6443) to 3 in order to utilize available DSP registers.
INFO: [HLS 200-486] Changing DSP latency (root=tmp6472) to 3 in order to utilize available DSP registers.
INFO: [HLS 200-486] Changing DSP latency (root=tmp6469) to 3 in order to utilize available DSP registers.
INFO: [HLS 200-486] Changing DSP latency (root=mul_ln65_1025) to 3 in order to utilize available DSP registers.
INFO: [HLS 200-486] Changing DSP latency (root=mul_ln65_1024) to 3 in order to utilize available DSP registers.
INFO: [HLS 200-486] Changing DSP latency (root=mul_ln65_1026) to 3 in order to utilize available DSP registers.
INFO: [HLS 200-486] Changing DSP latency (root=mul_ln65_1028) to 3 in order to utilize available DSP registers.
INFO: [HLS 200-486] Changing DSP latency (root=mul_ln65_1027) to 3 in order to utilize available DSP registers.
INFO: [HLS 200-486] Changing DSP latency (root=mul_ln58_111) to 3 in order to utilize available DSP registers.
INFO: [HLS 200-486] Changing DSP latency (root=mul_ln65_1011) to 3 in order to utilize available DSP registers.
INFO: [HLS 200-486] Changing DSP latency (root=tmp6398) to 3 in order to utilize available DSP registers.
INFO: [HLS 200-486] Changing DSP latency (root=tmp6427) to 3 in order to utilize available DSP registers.
INFO: [HLS 200-486] Changing DSP latency (root=tmp6424) to 3 in order to utilize available DSP registers.
INFO: [HLS 200-486] Changing DSP latency (root=mul_ln65_1015) to 3 in order to utilize available DSP registers.
INFO: [HLS 200-486] Changing DSP latency (root=mul_ln65_1014) to 3 in order to utilize available DSP registers.
INFO: [HLS 200-486] Changing DSP latency (root=mul_ln65_1016) to 3 in order to utilize available DSP registers.
INFO: [HLS 200-486] Changing DSP latency (root=mul_ln65_1018) to 3 in order to utilize available DSP registers.
INFO: [HLS 200-486] Changing DSP latency (root=mul_ln65_1017) to 3 in order to utilize available DSP registers.
INFO: [HLS 200-486] Changing DSP latency (root=mul_ln58_110) to 3 in order to utilize available DSP registers.
INFO: [HLS 200-486] Changing DSP latency (root=mul_ln65_1001) to 3 in order to utilize available DSP registers.
INFO: [HLS 200-486] Changing DSP latency (root=tmp6353) to 3 in order to utilize available DSP registers.
INFO: [HLS 200-486] Changing DSP latency (root=tmp6382) to 3 in order to utilize available DSP registers.
INFO: [HLS 200-486] Changing DSP latency (root=tmp6379) to 3 in order to utilize available DSP registers.
INFO: [HLS 200-486] Changing DSP latency (root=mul_ln65_1005) to 3 in order to utilize available DSP registers.
INFO: [HLS 200-486] Changing DSP latency (root=mul_ln65_1004) to 3 in order to utilize available DSP registers.
INFO: [HLS 200-486] Changing DSP latency (root=mul_ln65_1006) to 3 in order to utilize available DSP registers.
INFO: [HLS 200-486] Changing DSP latency (root=mul_ln65_1008) to 3 in order to utilize available DSP registers.
INFO: [HLS 200-486] Changing DSP latency (root=mul_ln65_1007) to 3 in order to utilize available DSP registers.
INFO: [HLS 200-486] Changing DSP latency (root=mul_ln58_109) to 3 in order to utilize available DSP registers.
INFO: [HLS 200-486] Changing DSP latency (root=mul_ln65_991) to 3 in order to utilize available DSP registers.
INFO: [HLS 200-486] Changing DSP latency (root=tmp6308) to 3 in order to utilize available DSP registers.
INFO: [HLS 200-486] Changing DSP latency (root=tmp6337) to 3 in order to utilize available DSP registers.
INFO: [HLS 200-486] Changing DSP latency (root=tmp6334) to 3 in order to utilize available DSP registers.
INFO: [HLS 200-486] Changing DSP latency (root=mul_ln65_995) to 3 in order to utilize available DSP registers.
INFO: [HLS 200-486] Changing DSP latency (root=mul_ln65_994) to 3 in order to utilize available DSP registers.
INFO: [HLS 200-486] Changing DSP latency (root=mul_ln65_996) to 3 in order to utilize available DSP registers.
INFO: [HLS 200-486] Changing DSP latency (root=mul_ln65_998) to 3 in order to utilize available DSP registers.
INFO: [HLS 200-486] Changing DSP latency (root=mul_ln65_997) to 3 in order to utilize available DSP registers.
INFO: [HLS 200-486] Changing DSP latency (root=mul_ln58_108) to 3 in order to utilize available DSP registers.
INFO: [HLS 200-486] Changing DSP latency (root=mul_ln65_981) to 3 in order to utilize available DSP registers.
INFO: [HLS 200-486] Changing DSP latency (root=tmp6263) to 3 in order to utilize available DSP registers.
INFO: [HLS 200-486] Changing DSP latency (root=tmp6292) to 3 in order to utilize available DSP registers.
INFO: [HLS 200-486] Changing DSP latency (root=tmp6289) to 3 in order to utilize available DSP registers.
INFO: [HLS 200-486] Changing DSP latency (root=mul_ln65_985) to 3 in order to utilize available DSP registers.
INFO: [HLS 200-486] Changing DSP latency (root=mul_ln65_984) to 3 in order to utilize available DSP registers.
INFO: [HLS 200-486] Changing DSP latency (root=mul_ln65_986) to 3 in order to utilize available DSP registers.
INFO: [HLS 200-486] Changing DSP latency (root=mul_ln65_988) to 3 in order to utilize available DSP registers.
INFO: [HLS 200-486] Changing DSP latency (root=mul_ln65_987) to 3 in order to utilize available DSP registers.
INFO: [HLS 200-486] Changing DSP latency (root=mul_ln58_107) to 3 in order to utilize available DSP registers.
INFO: [HLS 200-486] Changing DSP latency (root=mul_ln65_971) to 3 in order to utilize available DSP registers.
INFO: [HLS 200-486] Changing DSP latency (root=tmp6218) to 3 in order to utilize available DSP registers.
INFO: [HLS 200-486] Changing DSP latency (root=tmp6247) to 3 in order to utilize available DSP registers.
INFO: [HLS 200-486] Changing DSP latency (root=tmp6244) to 3 in order to utilize available DSP registers.
INFO: [HLS 200-486] Changing DSP latency (root=mul_ln65_975) to 3 in order to utilize available DSP registers.
INFO: [HLS 200-486] Changing DSP latency (root=mul_ln65_974) to 3 in order to utilize available DSP registers.
INFO: [HLS 200-486] Changing DSP latency (root=mul_ln65_976) to 3 in order to utilize available DSP registers.
INFO: [HLS 200-486] Changing DSP latency (root=mul_ln65_978) to 3 in order to utilize available DSP registers.
INFO: [HLS 200-486] Changing DSP latency (root=mul_ln65_977) to 3 in order to utilize available DSP registers.
INFO: [HLS 200-486] Changing DSP latency (root=mul_ln58_106) to 3 in order to utilize available DSP registers.
INFO: [HLS 200-486] Changing DSP latency (root=mul_ln65_961) to 3 in order to utilize available DSP registers.
INFO: [HLS 200-486] Changing DSP latency (root=tmp6173) to 3 in order to utilize available DSP registers.
INFO: [HLS 200-486] Changing DSP latency (root=tmp6202) to 3 in order to utilize available DSP registers.
INFO: [HLS 200-486] Changing DSP latency (root=tmp6199) to 3 in order to utilize available DSP registers.
INFO: [HLS 200-486] Changing DSP latency (root=mul_ln65_965) to 3 in order to utilize available DSP registers.
INFO: [HLS 200-486] Changing DSP latency (root=mul_ln65_964) to 3 in order to utilize available DSP registers.
INFO: [HLS 200-486] Changing DSP latency (root=mul_ln65_966) to 3 in order to utilize available DSP registers.
INFO: [HLS 200-486] Changing DSP latency (root=mul_ln65_968) to 3 in order to utilize available DSP registers.
INFO: [HLS 200-486] Changing DSP latency (root=mul_ln65_967) to 3 in order to utilize available DSP registers.
INFO: [HLS 200-486] Changing DSP latency (root=mul_ln58_105) to 3 in order to utilize available DSP registers.
INFO: [HLS 200-486] Changing DSP latency (root=tmp6146) to 3 in order to utilize available DSP registers.
INFO: [HLS 200-486] Changing DSP latency (root=tmp6159) to 3 in order to utilize available DSP registers.
INFO: [HLS 200-486] Changing DSP latency (root=tmp6141) to 3 in order to utilize available DSP registers.
INFO: [HLS 200-486] Changing DSP latency (root=tmp6130) to 3 in order to utilize available DSP registers.
INFO: [HLS 200-486] Changing DSP latency (root=mul_ln65_955) to 3 in order to utilize available DSP registers.
INFO: [HLS 200-486] Changing DSP latency (root=tmp6126) to 3 in order to utilize available DSP registers.
INFO: [HLS 200-486] Changing DSP latency (root=mul_ln65_958) to 3 in order to utilize available DSP registers.
INFO: [HLS 200-486] Changing DSP latency (root=mul_ln58_104) to 3 in order to utilize available DSP registers.
INFO: [HLS 200-486] Changing DSP latency (root=tmp6091) to 3 in order to utilize available DSP registers.
INFO: [HLS 200-486] Changing DSP latency (root=tmp6104) to 3 in order to utilize available DSP registers.
INFO: [HLS 200-486] Changing DSP latency (root=tmp6086) to 3 in order to utilize available DSP registers.
INFO: [HLS 200-486] Changing DSP latency (root=tmp6075) to 3 in order to utilize available DSP registers.
INFO: [HLS 200-486] Changing DSP latency (root=mul_ln65_947) to 3 in order to utilize available DSP registers.
INFO: [HLS 200-486] Changing DSP latency (root=tmp6071) to 3 in order to utilize available DSP registers.
INFO: [HLS 200-486] Changing DSP latency (root=mul_ln65_950) to 3 in order to utilize available DSP registers.
INFO: [HLS 200-486] Changing DSP latency (root=mul_ln58_103) to 3 in order to utilize available DSP registers.
INFO: [HLS 200-486] Changing DSP latency (root=tmp6036) to 3 in order to utilize available DSP registers.
INFO: [HLS 200-486] Changing DSP latency (root=tmp6049) to 3 in order to utilize available DSP registers.
INFO: [HLS 200-486] Changing DSP latency (root=tmp6031) to 3 in order to utilize available DSP registers.
INFO: [HLS 200-486] Changing DSP latency (root=tmp6020) to 3 in order to utilize available DSP registers.
INFO: [HLS 200-486] Changing DSP latency (root=mul_ln65_939) to 3 in order to utilize available DSP registers.
INFO: [HLS 200-486] Changing DSP latency (root=tmp6016) to 3 in order to utilize available DSP registers.
INFO: [HLS 200-486] Changing DSP latency (root=mul_ln65_942) to 3 in order to utilize available DSP registers.
INFO: [HLS 200-486] Changing DSP latency (root=mul_ln58_102) to 3 in order to utilize available DSP registers.
INFO: [HLS 200-486] Changing DSP latency (root=tmp5981) to 3 in order to utilize available DSP registers.
INFO: [HLS 200-486] Changing DSP latency (root=tmp5994) to 3 in order to utilize available DSP registers.
INFO: [HLS 200-486] Changing DSP latency (root=tmp5976) to 3 in order to utilize available DSP registers.
INFO: [HLS 200-486] Changing DSP latency (root=tmp5965) to 3 in order to utilize available DSP registers.
INFO: [HLS 200-486] Changing DSP latency (root=mul_ln65_931) to 3 in order to utilize available DSP registers.
INFO: [HLS 200-486] Changing DSP latency (root=tmp5961) to 3 in order to utilize available DSP registers.
INFO: [HLS 200-486] Changing DSP latency (root=mul_ln65_934) to 3 in order to utilize available DSP registers.
INFO: [HLS 200-486] Changing DSP latency (root=mul_ln58_101) to 3 in order to utilize available DSP registers.
INFO: [HLS 200-486] Changing DSP latency (root=tmp5926) to 3 in order to utilize available DSP registers.
INFO: [HLS 200-486] Changing DSP latency (root=tmp5939) to 3 in order to utilize available DSP registers.
INFO: [HLS 200-486] Changing DSP latency (root=tmp5921) to 3 in order to utilize available DSP registers.
INFO: [HLS 200-486] Changing DSP latency (root=tmp5910) to 3 in order to utilize available DSP registers.
INFO: [HLS 200-486] Changing DSP latency (root=mul_ln65_923) to 3 in order to utilize available DSP registers.
INFO: [HLS 200-486] Changing DSP latency (root=tmp5906) to 3 in order to utilize available DSP registers.
INFO: [HLS 200-486] Changing DSP latency (root=mul_ln65_926) to 3 in order to utilize available DSP registers.
INFO: [HLS 200-486] Changing DSP latency (root=mul_ln58_100) to 3 in order to utilize available DSP registers.
INFO: [HLS 200-486] Changing DSP latency (root=tmp5871) to 3 in order to utilize available DSP registers.
INFO: [HLS 200-486] Changing DSP latency (root=tmp5884) to 3 in order to utilize available DSP registers.
INFO: [HLS 200-486] Changing DSP latency (root=tmp5866) to 3 in order to utilize available DSP registers.
INFO: [HLS 200-486] Changing DSP latency (root=tmp5855) to 3 in order to utilize available DSP registers.
INFO: [HLS 200-486] Changing DSP latency (root=mul_ln65_915) to 3 in order to utilize available DSP registers.
INFO: [HLS 200-486] Changing DSP latency (root=tmp5851) to 3 in order to utilize available DSP registers.
INFO: [HLS 200-486] Changing DSP latency (root=mul_ln65_918) to 3 in order to utilize available DSP registers.
INFO: [HLS 200-486] Changing DSP latency (root=mul_ln58_99) to 3 in order to utilize available DSP registers.
INFO: [HLS 200-486] Changing DSP latency (root=tmp5816) to 3 in order to utilize available DSP registers.
INFO: [HLS 200-486] Changing DSP latency (root=tmp5829) to 3 in order to utilize available DSP registers.
INFO: [HLS 200-486] Changing DSP latency (root=tmp5811) to 3 in order to utilize available DSP registers.
INFO: [HLS 200-486] Changing DSP latency (root=tmp5800) to 3 in order to utilize available DSP registers.
INFO: [HLS 200-486] Changing DSP latency (root=mul_ln65_907) to 3 in order to utilize available DSP registers.
INFO: [HLS 200-486] Changing DSP latency (root=tmp5796) to 3 in order to utilize available DSP registers.
INFO: [HLS 200-486] Changing DSP latency (root=mul_ln65_910) to 3 in order to utilize available DSP registers.
INFO: [HLS 200-486] Changing DSP latency (root=mul_ln58_98) to 3 in order to utilize available DSP registers.
INFO: [HLS 200-486] Changing DSP latency (root=tmp5761) to 3 in order to utilize available DSP registers.
INFO: [HLS 200-486] Changing DSP latency (root=tmp5774) to 3 in order to utilize available DSP registers.
INFO: [HLS 200-486] Changing DSP latency (root=tmp5756) to 3 in order to utilize available DSP registers.
INFO: [HLS 200-486] Changing DSP latency (root=tmp5745) to 3 in order to utilize available DSP registers.
INFO: [HLS 200-486] Changing DSP latency (root=mul_ln65_899) to 3 in order to utilize available DSP registers.
INFO: [HLS 200-486] Changing DSP latency (root=tmp5741) to 3 in order to utilize available DSP registers.
INFO: [HLS 200-486] Changing DSP latency (root=mul_ln65_902) to 3 in order to utilize available DSP registers.
INFO: [HLS 200-486] Changing DSP latency (root=mul_ln58_97) to 3 in order to utilize available DSP registers.
INFO: [HLS 200-486] Changing DSP latency (root=tmp5706) to 3 in order to utilize available DSP registers.
INFO: [HLS 200-486] Changing DSP latency (root=tmp5719) to 3 in order to utilize available DSP registers.
INFO: [HLS 200-486] Changing DSP latency (root=tmp5701) to 3 in order to utilize available DSP registers.
INFO: [HLS 200-486] Changing DSP latency (root=tmp5690) to 3 in order to utilize available DSP registers.
INFO: [HLS 200-486] Changing DSP latency (root=mul_ln65_891) to 3 in order to utilize available DSP registers.
INFO: [HLS 200-486] Changing DSP latency (root=tmp5686) to 3 in order to utilize available DSP registers.
INFO: [HLS 200-486] Changing DSP latency (root=mul_ln65_894) to 3 in order to utilize available DSP registers.
INFO: [HLS 200-486] Changing DSP latency (root=mul_ln58_96) to 3 in order to utilize available DSP registers.
INFO: [HLS 200-486] Changing DSP latency (root=tmp5651) to 3 in order to utilize available DSP registers.
INFO: [HLS 200-486] Changing DSP latency (root=tmp5664) to 3 in order to utilize available DSP registers.
INFO: [HLS 200-486] Changing DSP latency (root=tmp5646) to 3 in order to utilize available DSP registers.
INFO: [HLS 200-486] Changing DSP latency (root=tmp5635) to 3 in order to utilize available DSP registers.
INFO: [HLS 200-486] Changing DSP latency (root=mul_ln65_883) to 3 in order to utilize available DSP registers.
INFO: [HLS 200-486] Changing DSP latency (root=tmp5631) to 3 in order to utilize available DSP registers.
INFO: [HLS 200-486] Changing DSP latency (root=mul_ln65_886) to 3 in order to utilize available DSP registers.
INFO: [HLS 200-486] Changing DSP latency (root=mul_ln58_95) to 3 in order to utilize available DSP registers.
INFO: [HLS 200-486] Changing DSP latency (root=tmp5596) to 3 in order to utilize available DSP registers.
INFO: [HLS 200-486] Changing DSP latency (root=tmp5609) to 3 in order to utilize available DSP registers.
INFO: [HLS 200-486] Changing DSP latency (root=tmp5591) to 3 in order to utilize available DSP registers.
INFO: [HLS 200-486] Changing DSP latency (root=tmp5580) to 3 in order to utilize available DSP registers.
INFO: [HLS 200-486] Changing DSP latency (root=mul_ln65_875) to 3 in order to utilize available DSP registers.
INFO: [HLS 200-486] Changing DSP latency (root=tmp5576) to 3 in order to utilize available DSP registers.
INFO: [HLS 200-486] Changing DSP latency (root=mul_ln65_878) to 3 in order to utilize available DSP registers.
INFO: [HLS 200-486] Changing DSP latency (root=mul_ln58_94) to 3 in order to utilize available DSP registers.
INFO: [HLS 200-486] Changing DSP latency (root=tmp5541) to 3 in order to utilize available DSP registers.
INFO: [HLS 200-486] Changing DSP latency (root=tmp5554) to 3 in order to utilize available DSP registers.
INFO: [HLS 200-486] Changing DSP latency (root=tmp5536) to 3 in order to utilize available DSP registers.
INFO: [HLS 200-486] Changing DSP latency (root=tmp5525) to 3 in order to utilize available DSP registers.
INFO: [HLS 200-486] Changing DSP latency (root=mul_ln65_867) to 3 in order to utilize available DSP registers.
INFO: [HLS 200-486] Changing DSP latency (root=tmp5521) to 3 in order to utilize available DSP registers.
INFO: [HLS 200-486] Changing DSP latency (root=mul_ln65_870) to 3 in order to utilize available DSP registers.
INFO: [HLS 200-486] Changing DSP latency (root=mul_ln58_93) to 3 in order to utilize available DSP registers.
INFO: [HLS 200-486] Changing DSP latency (root=tmp5486) to 3 in order to utilize available DSP registers.
INFO: [HLS 200-486] Changing DSP latency (root=tmp5499) to 3 in order to utilize available DSP registers.
INFO: [HLS 200-486] Changing DSP latency (root=tmp5481) to 3 in order to utilize available DSP registers.
INFO: [HLS 200-486] Changing DSP latency (root=tmp5470) to 3 in order to utilize available DSP registers.
INFO: [HLS 200-486] Changing DSP latency (root=mul_ln65_859) to 3 in order to utilize available DSP registers.
INFO: [HLS 200-486] Changing DSP latency (root=tmp5466) to 3 in order to utilize available DSP registers.
INFO: [HLS 200-486] Changing DSP latency (root=mul_ln65_862) to 3 in order to utilize available DSP registers.
INFO: [HLS 200-486] Changing DSP latency (root=mul_ln58_92) to 3 in order to utilize available DSP registers.
INFO: [HLS 200-486] Changing DSP latency (root=tmp5431) to 3 in order to utilize available DSP registers.
INFO: [HLS 200-486] Changing DSP latency (root=tmp5444) to 3 in order to utilize available DSP registers.
INFO: [HLS 200-486] Changing DSP latency (root=tmp5426) to 3 in order to utilize available DSP registers.
INFO: [HLS 200-486] Changing DSP latency (root=tmp5415) to 3 in order to utilize available DSP registers.
INFO: [HLS 200-486] Changing DSP latency (root=mul_ln65_851) to 3 in order to utilize available DSP registers.
INFO: [HLS 200-486] Changing DSP latency (root=tmp5411) to 3 in order to utilize available DSP registers.
INFO: [HLS 200-486] Changing DSP latency (root=mul_ln65_854) to 3 in order to utilize available DSP registers.
INFO: [HLS 200-486] Changing DSP latency (root=mul_ln58_91) to 3 in order to utilize available DSP registers.
INFO: [HLS 200-486] Changing DSP latency (root=tmp5376) to 3 in order to utilize available DSP registers.
INFO: [HLS 200-486] Changing DSP latency (root=tmp5389) to 3 in order to utilize available DSP registers.
INFO: [HLS 200-486] Changing DSP latency (root=tmp5371) to 3 in order to utilize available DSP registers.
INFO: [HLS 200-486] Changing DSP latency (root=tmp5360) to 3 in order to utilize available DSP registers.
INFO: [HLS 200-486] Changing DSP latency (root=mul_ln65_843) to 3 in order to utilize available DSP registers.
INFO: [HLS 200-486] Changing DSP latency (root=tmp5356) to 3 in order to utilize available DSP registers.
INFO: [HLS 200-486] Changing DSP latency (root=mul_ln65_846) to 3 in order to utilize available DSP registers.
INFO: [HLS 200-486] Changing DSP latency (root=mul_ln58_90) to 3 in order to utilize available DSP registers.
INFO: [HLS 200-486] Changing DSP latency (root=mul_ln65_831) to 3 in order to utilize available DSP registers.
INFO: [HLS 200-486] Changing DSP latency (root=tmp5295) to 3 in order to utilize available DSP registers.
INFO: [HLS 200-486] Changing DSP latency (root=tmp5301) to 3 in order to utilize available DSP registers.
INFO: [HLS 200-486] Changing DSP latency (root=mul_ln65_833) to 3 in order to utilize available DSP registers.
INFO: [HLS 200-486] Changing DSP latency (root=mul_ln65_834) to 3 in order to utilize available DSP registers.
INFO: [HLS 200-486] Changing DSP latency (root=mul_ln58_389) to 3 in order to utilize available DSP registers.
INFO: [HLS 200-486] Changing DSP latency (root=tmp5332) to 3 in order to utilize available DSP registers.
INFO: [HLS 200-486] Changing DSP latency (root=mul_ln65_835) to 3 in order to utilize available DSP registers.
INFO: [HLS 200-486] Changing DSP latency (root=mul_ln65_836) to 3 in order to utilize available DSP registers.
INFO: [HLS 200-486] Changing DSP latency (root=tmp5324) to 3 in order to utilize available DSP registers.
INFO: [HLS 200-486] Changing DSP latency (root=mul_ln65_821) to 3 in order to utilize available DSP registers.
INFO: [HLS 200-486] Changing DSP latency (root=tmp5247) to 3 in order to utilize available DSP registers.
INFO: [HLS 200-486] Changing DSP latency (root=tmp5253) to 3 in order to utilize available DSP registers.
INFO: [HLS 200-486] Changing DSP latency (root=mul_ln65_823) to 3 in order to utilize available DSP registers.
INFO: [HLS 200-486] Changing DSP latency (root=mul_ln65_824) to 3 in order to utilize available DSP registers.
INFO: [HLS 200-486] Changing DSP latency (root=mul_ln58_387) to 3 in order to utilize available DSP registers.
INFO: [HLS 200-486] Changing DSP latency (root=tmp5284) to 3 in order to utilize available DSP registers.
INFO: [HLS 200-486] Changing DSP latency (root=mul_ln65_825) to 3 in order to utilize available DSP registers.
INFO: [HLS 200-486] Changing DSP latency (root=mul_ln65_826) to 3 in order to utilize available DSP registers.
INFO: [HLS 200-486] Changing DSP latency (root=tmp5276) to 3 in order to utilize available DSP registers.
INFO: [HLS 200-486] Changing DSP latency (root=mul_ln65_811) to 3 in order to utilize available DSP registers.
INFO: [HLS 200-486] Changing DSP latency (root=tmp5199) to 3 in order to utilize available DSP registers.
INFO: [HLS 200-486] Changing DSP latency (root=tmp5205) to 3 in order to utilize available DSP registers.
INFO: [HLS 200-486] Changing DSP latency (root=mul_ln65_813) to 3 in order to utilize available DSP registers.
INFO: [HLS 200-486] Changing DSP latency (root=mul_ln65_814) to 3 in order to utilize available DSP registers.
INFO: [HLS 200-486] Changing DSP latency (root=mul_ln58_385) to 3 in order to utilize available DSP registers.
INFO: [HLS 200-486] Changing DSP latency (root=tmp5236) to 3 in order to utilize available DSP registers.
INFO: [HLS 200-486] Changing DSP latency (root=mul_ln65_815) to 3 in order to utilize available DSP registers.
INFO: [HLS 200-486] Changing DSP latency (root=mul_ln65_816) to 3 in order to utilize available DSP registers.
INFO: [HLS 200-486] Changing DSP latency (root=tmp5228) to 3 in order to utilize available DSP registers.
INFO: [HLS 200-486] Changing DSP latency (root=mul_ln65_801) to 3 in order to utilize available DSP registers.
INFO: [HLS 200-486] Changing DSP latency (root=tmp5151) to 3 in order to utilize available DSP registers.
INFO: [HLS 200-486] Changing DSP latency (root=tmp5157) to 3 in order to utilize available DSP registers.
INFO: [HLS 200-486] Changing DSP latency (root=mul_ln65_803) to 3 in order to utilize available DSP registers.
INFO: [HLS 200-486] Changing DSP latency (root=mul_ln65_804) to 3 in order to utilize available DSP registers.
INFO: [HLS 200-486] Changing DSP latency (root=mul_ln58_383) to 3 in order to utilize available DSP registers.
INFO: [HLS 200-486] Changing DSP latency (root=tmp5188) to 3 in order to utilize available DSP registers.
INFO: [HLS 200-486] Changing DSP latency (root=mul_ln65_805) to 3 in order to utilize available DSP registers.
INFO: [HLS 200-486] Changing DSP latency (root=mul_ln65_806) to 3 in order to utilize available DSP registers.
INFO: [HLS 200-486] Changing DSP latency (root=tmp5180) to 3 in order to utilize available DSP registers.
INFO: [HLS 200-486] Changing DSP latency (root=mul_ln65_791) to 3 in order to utilize available DSP registers.
INFO: [HLS 200-486] Changing DSP latency (root=tmp5103) to 3 in order to utilize available DSP registers.
INFO: [HLS 200-486] Changing DSP latency (root=tmp5109) to 3 in order to utilize available DSP registers.
INFO: [HLS 200-486] Changing DSP latency (root=mul_ln65_793) to 3 in order to utilize available DSP registers.
INFO: [HLS 200-486] Changing DSP latency (root=mul_ln65_794) to 3 in order to utilize available DSP registers.
INFO: [HLS 200-486] Changing DSP latency (root=mul_ln58_381) to 3 in order to utilize available DSP registers.
INFO: [HLS 200-486] Changing DSP latency (root=tmp5140) to 3 in order to utilize available DSP registers.
INFO: [HLS 200-486] Changing DSP latency (root=mul_ln65_795) to 3 in order to utilize available DSP registers.
INFO: [HLS 200-486] Changing DSP latency (root=mul_ln65_796) to 3 in order to utilize available DSP registers.
INFO: [HLS 200-486] Changing DSP latency (root=tmp5132) to 3 in order to utilize available DSP registers.
INFO: [HLS 200-486] Changing DSP latency (root=mul_ln65_781) to 3 in order to utilize available DSP registers.
INFO: [HLS 200-486] Changing DSP latency (root=tmp5055) to 3 in order to utilize available DSP registers.
INFO: [HLS 200-486] Changing DSP latency (root=tmp5061) to 3 in order to utilize available DSP registers.
INFO: [HLS 200-486] Changing DSP latency (root=mul_ln65_783) to 3 in order to utilize available DSP registers.
INFO: [HLS 200-486] Changing DSP latency (root=mul_ln65_784) to 3 in order to utilize available DSP registers.
INFO: [HLS 200-486] Changing DSP latency (root=mul_ln58_379) to 3 in order to utilize available DSP registers.
INFO: [HLS 200-486] Changing DSP latency (root=tmp5092) to 3 in order to utilize available DSP registers.
INFO: [HLS 200-486] Changing DSP latency (root=mul_ln65_785) to 3 in order to utilize available DSP registers.
INFO: [HLS 200-486] Changing DSP latency (root=mul_ln65_786) to 3 in order to utilize available DSP registers.
INFO: [HLS 200-486] Changing DSP latency (root=tmp5084) to 3 in order to utilize available DSP registers.
INFO: [HLS 200-486] Changing DSP latency (root=mul_ln65_771) to 3 in order to utilize available DSP registers.
INFO: [HLS 200-486] Changing DSP latency (root=tmp5007) to 3 in order to utilize available DSP registers.
INFO: [HLS 200-486] Changing DSP latency (root=tmp5013) to 3 in order to utilize available DSP registers.
INFO: [HLS 200-486] Changing DSP latency (root=mul_ln65_773) to 3 in order to utilize available DSP registers.
INFO: [HLS 200-486] Changing DSP latency (root=mul_ln65_774) to 3 in order to utilize available DSP registers.
INFO: [HLS 200-486] Changing DSP latency (root=mul_ln58_377) to 3 in order to utilize available DSP registers.
INFO: [HLS 200-486] Changing DSP latency (root=tmp5044) to 3 in order to utilize available DSP registers.
INFO: [HLS 200-486] Changing DSP latency (root=mul_ln65_775) to 3 in order to utilize available DSP registers.
INFO: [HLS 200-486] Changing DSP latency (root=mul_ln65_776) to 3 in order to utilize available DSP registers.
INFO: [HLS 200-486] Changing DSP latency (root=tmp5036) to 3 in order to utilize available DSP registers.
INFO: [HLS 200-486] Changing DSP latency (root=mul_ln65_761) to 3 in order to utilize available DSP registers.
INFO: [HLS 200-486] Changing DSP latency (root=tmp4959) to 3 in order to utilize available DSP registers.
INFO: [HLS 200-486] Changing DSP latency (root=tmp4965) to 3 in order to utilize available DSP registers.
INFO: [HLS 200-486] Changing DSP latency (root=mul_ln65_763) to 3 in order to utilize available DSP registers.
INFO: [HLS 200-486] Changing DSP latency (root=mul_ln65_764) to 3 in order to utilize available DSP registers.
INFO: [HLS 200-486] Changing DSP latency (root=mul_ln58_375) to 3 in order to utilize available DSP registers.
INFO: [HLS 200-486] Changing DSP latency (root=tmp4996) to 3 in order to utilize available DSP registers.
INFO: [HLS 200-486] Changing DSP latency (root=mul_ln65_765) to 3 in order to utilize available DSP registers.
INFO: [HLS 200-486] Changing DSP latency (root=mul_ln65_766) to 3 in order to utilize available DSP registers.
INFO: [HLS 200-486] Changing DSP latency (root=tmp4988) to 3 in order to utilize available DSP registers.
INFO: [HLS 200-486] Changing DSP latency (root=mul_ln65_751) to 3 in order to utilize available DSP registers.
INFO: [HLS 200-486] Changing DSP latency (root=tmp4911) to 3 in order to utilize available DSP registers.
INFO: [HLS 200-486] Changing DSP latency (root=tmp4917) to 3 in order to utilize available DSP registers.
INFO: [HLS 200-486] Changing DSP latency (root=mul_ln65_753) to 3 in order to utilize available DSP registers.
INFO: [HLS 200-486] Changing DSP latency (root=mul_ln65_754) to 3 in order to utilize available DSP registers.
INFO: [HLS 200-486] Changing DSP latency (root=mul_ln58_373) to 3 in order to utilize available DSP registers.
INFO: [HLS 200-486] Changing DSP latency (root=tmp4948) to 3 in order to utilize available DSP registers.
INFO: [HLS 200-486] Changing DSP latency (root=mul_ln65_755) to 3 in order to utilize available DSP registers.
INFO: [HLS 200-486] Changing DSP latency (root=mul_ln65_756) to 3 in order to utilize available DSP registers.
INFO: [HLS 200-486] Changing DSP latency (root=tmp4940) to 3 in order to utilize available DSP registers.
INFO: [HLS 200-486] Changing DSP latency (root=mul_ln65_741) to 3 in order to utilize available DSP registers.
INFO: [HLS 200-486] Changing DSP latency (root=tmp4863) to 3 in order to utilize available DSP registers.
INFO: [HLS 200-486] Changing DSP latency (root=tmp4869) to 3 in order to utilize available DSP registers.
INFO: [HLS 200-486] Changing DSP latency (root=mul_ln65_743) to 3 in order to utilize available DSP registers.
INFO: [HLS 200-486] Changing DSP latency (root=mul_ln65_744) to 3 in order to utilize available DSP registers.
INFO: [HLS 200-486] Changing DSP latency (root=mul_ln58_371) to 3 in order to utilize available DSP registers.
INFO: [HLS 200-486] Changing DSP latency (root=tmp4900) to 3 in order to utilize available DSP registers.
INFO: [HLS 200-486] Changing DSP latency (root=mul_ln65_745) to 3 in order to utilize available DSP registers.
INFO: [HLS 200-486] Changing DSP latency (root=mul_ln65_746) to 3 in order to utilize available DSP registers.
INFO: [HLS 200-486] Changing DSP latency (root=tmp4892) to 3 in order to utilize available DSP registers.
INFO: [HLS 200-486] Changing DSP latency (root=mul_ln65_731) to 3 in order to utilize available DSP registers.
INFO: [HLS 200-486] Changing DSP latency (root=tmp4815) to 3 in order to utilize available DSP registers.
INFO: [HLS 200-486] Changing DSP latency (root=tmp4821) to 3 in order to utilize available DSP registers.
INFO: [HLS 200-486] Changing DSP latency (root=mul_ln65_733) to 3 in order to utilize available DSP registers.
INFO: [HLS 200-486] Changing DSP latency (root=mul_ln65_734) to 3 in order to utilize available DSP registers.
INFO: [HLS 200-486] Changing DSP latency (root=mul_ln58_369) to 3 in order to utilize available DSP registers.
INFO: [HLS 200-486] Changing DSP latency (root=tmp4852) to 3 in order to utilize available DSP registers.
INFO: [HLS 200-486] Changing DSP latency (root=mul_ln65_735) to 3 in order to utilize available DSP registers.
INFO: [HLS 200-486] Changing DSP latency (root=mul_ln65_736) to 3 in order to utilize available DSP registers.
INFO: [HLS 200-486] Changing DSP latency (root=tmp4844) to 3 in order to utilize available DSP registers.
INFO: [HLS 200-486] Changing DSP latency (root=mul_ln65_721) to 3 in order to utilize available DSP registers.
INFO: [HLS 200-486] Changing DSP latency (root=tmp4767) to 3 in order to utilize available DSP registers.
INFO: [HLS 200-486] Changing DSP latency (root=tmp4773) to 3 in order to utilize available DSP registers.
INFO: [HLS 200-486] Changing DSP latency (root=mul_ln65_723) to 3 in order to utilize available DSP registers.
INFO: [HLS 200-486] Changing DSP latency (root=mul_ln65_724) to 3 in order to utilize available DSP registers.
INFO: [HLS 200-486] Changing DSP latency (root=mul_ln58_367) to 3 in order to utilize available DSP registers.
INFO: [HLS 200-486] Changing DSP latency (root=tmp4804) to 3 in order to utilize available DSP registers.
INFO: [HLS 200-486] Changing DSP latency (root=mul_ln65_725) to 3 in order to utilize available DSP registers.
INFO: [HLS 200-486] Changing DSP latency (root=mul_ln65_726) to 3 in order to utilize available DSP registers.
INFO: [HLS 200-486] Changing DSP latency (root=tmp4796) to 3 in order to utilize available DSP registers.
INFO: [HLS 200-486] Changing DSP latency (root=mul_ln65_711) to 3 in order to utilize available DSP registers.
INFO: [HLS 200-486] Changing DSP latency (root=tmp4719) to 3 in order to utilize available DSP registers.
INFO: [HLS 200-486] Changing DSP latency (root=tmp4725) to 3 in order to utilize available DSP registers.
INFO: [HLS 200-486] Changing DSP latency (root=mul_ln65_713) to 3 in order to utilize available DSP registers.
INFO: [HLS 200-486] Changing DSP latency (root=mul_ln65_714) to 3 in order to utilize available DSP registers.
INFO: [HLS 200-486] Changing DSP latency (root=mul_ln58_365) to 3 in order to utilize available DSP registers.
INFO: [HLS 200-486] Changing DSP latency (root=tmp4756) to 3 in order to utilize available DSP registers.
INFO: [HLS 200-486] Changing DSP latency (root=mul_ln65_715) to 3 in order to utilize available DSP registers.
INFO: [HLS 200-486] Changing DSP latency (root=mul_ln65_716) to 3 in order to utilize available DSP registers.
INFO: [HLS 200-486] Changing DSP latency (root=tmp4748) to 3 in order to utilize available DSP registers.
INFO: [HLS 200-486] Changing DSP latency (root=mul_ln65_701) to 3 in order to utilize available DSP registers.
INFO: [HLS 200-486] Changing DSP latency (root=tmp4671) to 3 in order to utilize available DSP registers.
INFO: [HLS 200-486] Changing DSP latency (root=tmp4677) to 3 in order to utilize available DSP registers.
INFO: [HLS 200-486] Changing DSP latency (root=mul_ln65_703) to 3 in order to utilize available DSP registers.
INFO: [HLS 200-486] Changing DSP latency (root=mul_ln65_704) to 3 in order to utilize available DSP registers.
INFO: [HLS 200-486] Changing DSP latency (root=mul_ln58_363) to 3 in order to utilize available DSP registers.
INFO: [HLS 200-486] Changing DSP latency (root=tmp4708) to 3 in order to utilize available DSP registers.
INFO: [HLS 200-486] Changing DSP latency (root=mul_ln65_705) to 3 in order to utilize available DSP registers.
INFO: [HLS 200-486] Changing DSP latency (root=mul_ln65_706) to 3 in order to utilize available DSP registers.
INFO: [HLS 200-486] Changing DSP latency (root=tmp4700) to 3 in order to utilize available DSP registers.
INFO: [HLS 200-486] Changing DSP latency (root=mul_ln65_691) to 3 in order to utilize available DSP registers.
INFO: [HLS 200-486] Changing DSP latency (root=tmp4623) to 3 in order to utilize available DSP registers.
INFO: [HLS 200-486] Changing DSP latency (root=tmp4629) to 3 in order to utilize available DSP registers.
INFO: [HLS 200-486] Changing DSP latency (root=mul_ln65_693) to 3 in order to utilize available DSP registers.
INFO: [HLS 200-486] Changing DSP latency (root=mul_ln65_694) to 3 in order to utilize available DSP registers.
INFO: [HLS 200-486] Changing DSP latency (root=mul_ln58_361) to 3 in order to utilize available DSP registers.
INFO: [HLS 200-486] Changing DSP latency (root=tmp4660) to 3 in order to utilize available DSP registers.
INFO: [HLS 200-486] Changing DSP latency (root=mul_ln65_695) to 3 in order to utilize available DSP registers.
INFO: [HLS 200-486] Changing DSP latency (root=mul_ln65_696) to 3 in order to utilize available DSP registers.
INFO: [HLS 200-486] Changing DSP latency (root=tmp4652) to 3 in order to utilize available DSP registers.
INFO: [HLS 200-486] Changing DSP latency (root=tmp4614) to 3 in order to utilize available DSP registers.
INFO: [HLS 200-486] Changing DSP latency (root=tmp4596) to 3 in order to utilize available DSP registers.
INFO: [HLS 200-486] Changing DSP latency (root=tmp4591) to 3 in order to utilize available DSP registers.
INFO: [HLS 200-486] Changing DSP latency (root=mul_ln65_684) to 3 in order to utilize available DSP registers.
INFO: [HLS 200-486] Changing DSP latency (root=tmp4617) to 3 in order to utilize available DSP registers.
INFO: [HLS 200-486] Changing DSP latency (root=tmp4599) to 3 in order to utilize available DSP registers.
INFO: [HLS 200-486] Changing DSP latency (root=tmp4584) to 3 in order to utilize available DSP registers.
INFO: [HLS 200-486] Changing DSP latency (root=mul_ln58_359) to 3 in order to utilize available DSP registers.
INFO: [HLS 200-486] Changing DSP latency (root=mul_ln65_688) to 3 in order to utilize available DSP registers.
INFO: [HLS 200-486] Changing DSP latency (root=mul_ln58_74) to 3 in order to utilize available DSP registers.
INFO: [HLS 200-486] Changing DSP latency (root=tmp4570) to 3 in order to utilize available DSP registers.
INFO: [HLS 200-486] Changing DSP latency (root=tmp4552) to 3 in order to utilize available DSP registers.
INFO: [HLS 200-486] Changing DSP latency (root=tmp4547) to 3 in order to utilize available DSP registers.
INFO: [HLS 200-486] Changing DSP latency (root=mul_ln65_674) to 3 in order to utilize available DSP registers.
INFO: [HLS 200-486] Changing DSP latency (root=tmp4573) to 3 in order to utilize available DSP registers.
INFO: [HLS 200-486] Changing DSP latency (root=tmp4555) to 3 in order to utilize available DSP registers.
INFO: [HLS 200-486] Changing DSP latency (root=tmp4540) to 3 in order to utilize available DSP registers.
INFO: [HLS 200-486] Changing DSP latency (root=mul_ln58_357) to 3 in order to utilize available DSP registers.
INFO: [HLS 200-486] Changing DSP latency (root=mul_ln65_678) to 3 in order to utilize available DSP registers.
INFO: [HLS 200-486] Changing DSP latency (root=mul_ln58_73) to 3 in order to utilize available DSP registers.
INFO: [HLS 200-486] Changing DSP latency (root=tmp4526) to 3 in order to utilize available DSP registers.
INFO: [HLS 200-486] Changing DSP latency (root=tmp4508) to 3 in order to utilize available DSP registers.
INFO: [HLS 200-486] Changing DSP latency (root=tmp4503) to 3 in order to utilize available DSP registers.
INFO: [HLS 200-486] Changing DSP latency (root=mul_ln65_664) to 3 in order to utilize available DSP registers.
INFO: [HLS 200-486] Changing DSP latency (root=tmp4529) to 3 in order to utilize available DSP registers.
INFO: [HLS 200-486] Changing DSP latency (root=tmp4511) to 3 in order to utilize available DSP registers.
INFO: [HLS 200-486] Changing DSP latency (root=tmp4496) to 3 in order to utilize available DSP registers.
INFO: [HLS 200-486] Changing DSP latency (root=mul_ln58_355) to 3 in order to utilize available DSP registers.
INFO: [HLS 200-486] Changing DSP latency (root=mul_ln65_668) to 3 in order to utilize available DSP registers.
INFO: [HLS 200-486] Changing DSP latency (root=mul_ln58_72) to 3 in order to utilize available DSP registers.
INFO: [HLS 200-486] Changing DSP latency (root=tmp4482) to 3 in order to utilize available DSP registers.
INFO: [HLS 200-486] Changing DSP latency (root=tmp4464) to 3 in order to utilize available DSP registers.
INFO: [HLS 200-486] Changing DSP latency (root=tmp4459) to 3 in order to utilize available DSP registers.
INFO: [HLS 200-486] Changing DSP latency (root=mul_ln65_654) to 3 in order to utilize available DSP registers.
INFO: [HLS 200-486] Changing DSP latency (root=tmp4485) to 3 in order to utilize available DSP registers.
INFO: [HLS 200-486] Changing DSP latency (root=tmp4467) to 3 in order to utilize available DSP registers.
INFO: [HLS 200-486] Changing DSP latency (root=tmp4452) to 3 in order to utilize available DSP registers.
INFO: [HLS 200-486] Changing DSP latency (root=mul_ln58_353) to 3 in order to utilize available DSP registers.
INFO: [HLS 200-486] Changing DSP latency (root=mul_ln65_658) to 3 in order to utilize available DSP registers.
INFO: [HLS 200-486] Changing DSP latency (root=mul_ln58_71) to 3 in order to utilize available DSP registers.
INFO: [HLS 200-486] Changing DSP latency (root=tmp4438) to 3 in order to utilize available DSP registers.
INFO: [HLS 200-486] Changing DSP latency (root=tmp4420) to 3 in order to utilize available DSP registers.
INFO: [HLS 200-486] Changing DSP latency (root=tmp4415) to 3 in order to utilize available DSP registers.
INFO: [HLS 200-486] Changing DSP latency (root=mul_ln65_644) to 3 in order to utilize available DSP registers.
INFO: [HLS 200-486] Changing DSP latency (root=tmp4441) to 3 in order to utilize available DSP registers.
INFO: [HLS 200-486] Changing DSP latency (root=tmp4423) to 3 in order to utilize available DSP registers.
INFO: [HLS 200-486] Changing DSP latency (root=tmp4408) to 3 in order to utilize available DSP registers.
INFO: [HLS 200-486] Changing DSP latency (root=mul_ln58_351) to 3 in order to utilize available DSP registers.
INFO: [HLS 200-486] Changing DSP latency (root=mul_ln65_648) to 3 in order to utilize available DSP registers.
INFO: [HLS 200-486] Changing DSP latency (root=mul_ln58_70) to 3 in order to utilize available DSP registers.
INFO: [HLS 200-486] Changing DSP latency (root=tmp4394) to 3 in order to utilize available DSP registers.
INFO: [HLS 200-486] Changing DSP latency (root=tmp4376) to 3 in order to utilize available DSP registers.
INFO: [HLS 200-486] Changing DSP latency (root=tmp4371) to 3 in order to utilize available DSP registers.
INFO: [HLS 200-486] Changing DSP latency (root=mul_ln65_634) to 3 in order to utilize available DSP registers.
INFO: [HLS 200-486] Changing DSP latency (root=tmp4397) to 3 in order to utilize available DSP registers.
INFO: [HLS 200-486] Changing DSP latency (root=tmp4379) to 3 in order to utilize available DSP registers.
INFO: [HLS 200-486] Changing DSP latency (root=tmp4364) to 3 in order to utilize available DSP registers.
INFO: [HLS 200-486] Changing DSP latency (root=mul_ln58_349) to 3 in order to utilize available DSP registers.
INFO: [HLS 200-486] Changing DSP latency (root=mul_ln65_638) to 3 in order to utilize available DSP registers.
INFO: [HLS 200-486] Changing DSP latency (root=mul_ln58_69) to 3 in order to utilize available DSP registers.
INFO: [HLS 200-486] Changing DSP latency (root=tmp4350) to 3 in order to utilize available DSP registers.
INFO: [HLS 200-486] Changing DSP latency (root=tmp4332) to 3 in order to utilize available DSP registers.
INFO: [HLS 200-486] Changing DSP latency (root=tmp4327) to 3 in order to utilize available DSP registers.
INFO: [HLS 200-486] Changing DSP latency (root=mul_ln65_624) to 3 in order to utilize available DSP registers.
INFO: [HLS 200-486] Changing DSP latency (root=tmp4353) to 3 in order to utilize available DSP registers.
INFO: [HLS 200-486] Changing DSP latency (root=tmp4335) to 3 in order to utilize available DSP registers.
INFO: [HLS 200-486] Changing DSP latency (root=tmp4320) to 3 in order to utilize available DSP registers.
INFO: [HLS 200-486] Changing DSP latency (root=mul_ln58_347) to 3 in order to utilize available DSP registers.
INFO: [HLS 200-486] Changing DSP latency (root=mul_ln65_628) to 3 in order to utilize available DSP registers.
INFO: [HLS 200-486] Changing DSP latency (root=mul_ln58_68) to 3 in order to utilize available DSP registers.
INFO: [HLS 200-486] Changing DSP latency (root=tmp4306) to 3 in order to utilize available DSP registers.
INFO: [HLS 200-486] Changing DSP latency (root=tmp4288) to 3 in order to utilize available DSP registers.
INFO: [HLS 200-486] Changing DSP latency (root=tmp4283) to 3 in order to utilize available DSP registers.
INFO: [HLS 200-486] Changing DSP latency (root=mul_ln65_614) to 3 in order to utilize available DSP registers.
INFO: [HLS 200-486] Changing DSP latency (root=tmp4309) to 3 in order to utilize available DSP registers.
INFO: [HLS 200-486] Changing DSP latency (root=tmp4291) to 3 in order to utilize available DSP registers.
INFO: [HLS 200-486] Changing DSP latency (root=tmp4276) to 3 in order to utilize available DSP registers.
INFO: [HLS 200-486] Changing DSP latency (root=mul_ln58_345) to 3 in order to utilize available DSP registers.
INFO: [HLS 200-486] Changing DSP latency (root=mul_ln65_618) to 3 in order to utilize available DSP registers.
INFO: [HLS 200-486] Changing DSP latency (root=mul_ln58_67) to 3 in order to utilize available DSP registers.
INFO: [HLS 200-486] Changing DSP latency (root=tmp4262) to 3 in order to utilize available DSP registers.
INFO: [HLS 200-486] Changing DSP latency (root=tmp4244) to 3 in order to utilize available DSP registers.
INFO: [HLS 200-486] Changing DSP latency (root=tmp4239) to 3 in order to utilize available DSP registers.
INFO: [HLS 200-486] Changing DSP latency (root=mul_ln65_604) to 3 in order to utilize available DSP registers.
INFO: [HLS 200-486] Changing DSP latency (root=tmp4265) to 3 in order to utilize available DSP registers.
INFO: [HLS 200-486] Changing DSP latency (root=tmp4247) to 3 in order to utilize available DSP registers.
INFO: [HLS 200-486] Changing DSP latency (root=tmp4232) to 3 in order to utilize available DSP registers.
INFO: [HLS 200-486] Changing DSP latency (root=mul_ln58_343) to 3 in order to utilize available DSP registers.
INFO: [HLS 200-486] Changing DSP latency (root=mul_ln65_608) to 3 in order to utilize available DSP registers.
INFO: [HLS 200-486] Changing DSP latency (root=mul_ln58_66) to 3 in order to utilize available DSP registers.
INFO: [HLS 200-486] Changing DSP latency (root=tmp4218) to 3 in order to utilize available DSP registers.
INFO: [HLS 200-486] Changing DSP latency (root=tmp4200) to 3 in order to utilize available DSP registers.
INFO: [HLS 200-486] Changing DSP latency (root=tmp4195) to 3 in order to utilize available DSP registers.
INFO: [HLS 200-486] Changing DSP latency (root=mul_ln65_594) to 3 in order to utilize available DSP registers.
INFO: [HLS 200-486] Changing DSP latency (root=tmp4221) to 3 in order to utilize available DSP registers.
INFO: [HLS 200-486] Changing DSP latency (root=tmp4203) to 3 in order to utilize available DSP registers.
INFO: [HLS 200-486] Changing DSP latency (root=tmp4188) to 3 in order to utilize available DSP registers.
INFO: [HLS 200-486] Changing DSP latency (root=mul_ln58_341) to 3 in order to utilize available DSP registers.
INFO: [HLS 200-486] Changing DSP latency (root=mul_ln65_598) to 3 in order to utilize available DSP registers.
INFO: [HLS 200-486] Changing DSP latency (root=mul_ln58_65) to 3 in order to utilize available DSP registers.
INFO: [HLS 200-486] Changing DSP latency (root=tmp4174) to 3 in order to utilize available DSP registers.
INFO: [HLS 200-486] Changing DSP latency (root=tmp4156) to 3 in order to utilize available DSP registers.
INFO: [HLS 200-486] Changing DSP latency (root=tmp4151) to 3 in order to utilize available DSP registers.
INFO: [HLS 200-486] Changing DSP latency (root=mul_ln65_584) to 3 in order to utilize available DSP registers.
INFO: [HLS 200-486] Changing DSP latency (root=tmp4177) to 3 in order to utilize available DSP registers.
INFO: [HLS 200-486] Changing DSP latency (root=tmp4159) to 3 in order to utilize available DSP registers.
INFO: [HLS 200-486] Changing DSP latency (root=tmp4144) to 3 in order to utilize available DSP registers.
INFO: [HLS 200-486] Changing DSP latency (root=mul_ln58_339) to 3 in order to utilize available DSP registers.
INFO: [HLS 200-486] Changing DSP latency (root=mul_ln65_588) to 3 in order to utilize available DSP registers.
INFO: [HLS 200-486] Changing DSP latency (root=mul_ln58_64) to 3 in order to utilize available DSP registers.
INFO: [HLS 200-486] Changing DSP latency (root=tmp4130) to 3 in order to utilize available DSP registers.
INFO: [HLS 200-486] Changing DSP latency (root=tmp4112) to 3 in order to utilize available DSP registers.
INFO: [HLS 200-486] Changing DSP latency (root=tmp4107) to 3 in order to utilize available DSP registers.
INFO: [HLS 200-486] Changing DSP latency (root=mul_ln65_574) to 3 in order to utilize available DSP registers.
INFO: [HLS 200-486] Changing DSP latency (root=tmp4133) to 3 in order to utilize available DSP registers.
INFO: [HLS 200-486] Changing DSP latency (root=tmp4115) to 3 in order to utilize available DSP registers.
INFO: [HLS 200-486] Changing DSP latency (root=tmp4100) to 3 in order to utilize available DSP registers.
INFO: [HLS 200-486] Changing DSP latency (root=mul_ln58_337) to 3 in order to utilize available DSP registers.
INFO: [HLS 200-486] Changing DSP latency (root=mul_ln65_578) to 3 in order to utilize available DSP registers.
INFO: [HLS 200-486] Changing DSP latency (root=mul_ln58_63) to 3 in order to utilize available DSP registers.
INFO: [HLS 200-486] Changing DSP latency (root=tmp4086) to 3 in order to utilize available DSP registers.
INFO: [HLS 200-486] Changing DSP latency (root=tmp4068) to 3 in order to utilize available DSP registers.
INFO: [HLS 200-486] Changing DSP latency (root=tmp4063) to 3 in order to utilize available DSP registers.
INFO: [HLS 200-486] Changing DSP latency (root=mul_ln65_564) to 3 in order to utilize available DSP registers.
INFO: [HLS 200-486] Changing DSP latency (root=tmp4089) to 3 in order to utilize available DSP registers.
INFO: [HLS 200-486] Changing DSP latency (root=tmp4071) to 3 in order to utilize available DSP registers.
INFO: [HLS 200-486] Changing DSP latency (root=tmp4056) to 3 in order to utilize available DSP registers.
INFO: [HLS 200-486] Changing DSP latency (root=mul_ln58_335) to 3 in order to utilize available DSP registers.
INFO: [HLS 200-486] Changing DSP latency (root=mul_ln65_568) to 3 in order to utilize available DSP registers.
INFO: [HLS 200-486] Changing DSP latency (root=mul_ln58_62) to 3 in order to utilize available DSP registers.
INFO: [HLS 200-486] Changing DSP latency (root=tmp4042) to 3 in order to utilize available DSP registers.
INFO: [HLS 200-486] Changing DSP latency (root=tmp4024) to 3 in order to utilize available DSP registers.
INFO: [HLS 200-486] Changing DSP latency (root=tmp4019) to 3 in order to utilize available DSP registers.
INFO: [HLS 200-486] Changing DSP latency (root=mul_ln65_554) to 3 in order to utilize available DSP registers.
INFO: [HLS 200-486] Changing DSP latency (root=tmp4045) to 3 in order to utilize available DSP registers.
INFO: [HLS 200-486] Changing DSP latency (root=tmp4027) to 3 in order to utilize available DSP registers.
INFO: [HLS 200-486] Changing DSP latency (root=tmp4012) to 3 in order to utilize available DSP registers.
INFO: [HLS 200-486] Changing DSP latency (root=mul_ln58_333) to 3 in order to utilize available DSP registers.
INFO: [HLS 200-486] Changing DSP latency (root=mul_ln65_558) to 3 in order to utilize available DSP registers.
INFO: [HLS 200-486] Changing DSP latency (root=mul_ln58_61) to 3 in order to utilize available DSP registers.
INFO: [HLS 200-486] Changing DSP latency (root=tmp3998) to 3 in order to utilize available DSP registers.
INFO: [HLS 200-486] Changing DSP latency (root=tmp3980) to 3 in order to utilize available DSP registers.
INFO: [HLS 200-486] Changing DSP latency (root=tmp3975) to 3 in order to utilize available DSP registers.
INFO: [HLS 200-486] Changing DSP latency (root=mul_ln65_544) to 3 in order to utilize available DSP registers.
INFO: [HLS 200-486] Changing DSP latency (root=tmp4001) to 3 in order to utilize available DSP registers.
INFO: [HLS 200-486] Changing DSP latency (root=tmp3983) to 3 in order to utilize available DSP registers.
INFO: [HLS 200-486] Changing DSP latency (root=tmp3968) to 3 in order to utilize available DSP registers.
INFO: [HLS 200-486] Changing DSP latency (root=mul_ln58_331) to 3 in order to utilize available DSP registers.
INFO: [HLS 200-486] Changing DSP latency (root=mul_ln65_548) to 3 in order to utilize available DSP registers.
INFO: [HLS 200-486] Changing DSP latency (root=mul_ln58_60) to 3 in order to utilize available DSP registers.
INFO: [HLS 200-486] Changing DSP latency (root=tmp3933) to 3 in order to utilize available DSP registers.
INFO: [HLS 200-486] Changing DSP latency (root=tmp3923) to 3 in order to utilize available DSP registers.
INFO: [HLS 200-486] Changing DSP latency (root=mul_ln65_527) to 3 in order to utilize available DSP registers.
INFO: [HLS 200-486] Changing DSP latency (root=tmp3955) to 3 in order to utilize available DSP registers.
INFO: [HLS 200-486] Changing DSP latency (root=tmp3957) to 3 in order to utilize available DSP registers.
INFO: [HLS 200-486] Changing DSP latency (root=tmp3930) to 3 in order to utilize available DSP registers.
INFO: [HLS 200-486] Changing DSP latency (root=mul_ln65_531) to 3 in order to utilize available DSP registers.
INFO: [HLS 200-486] Changing DSP latency (root=mul_ln65_532) to 3 in order to utilize available DSP registers.
INFO: [HLS 200-486] Changing DSP latency (root=tmp3926) to 3 in order to utilize available DSP registers.
INFO: [HLS 200-486] Changing DSP latency (root=mul_ln65_536) to 3 in order to utilize available DSP registers.
INFO: [HLS 200-486] Changing DSP latency (root=mul_ln65_537) to 3 in order to utilize available DSP registers.
INFO: [HLS 200-486] Changing DSP latency (root=mul_ln58_59) to 3 in order to utilize available DSP registers.
INFO: [HLS 200-486] Changing DSP latency (root=tmp3891) to 3 in order to utilize available DSP registers.
INFO: [HLS 200-486] Changing DSP latency (root=tmp3881) to 3 in order to utilize available DSP registers.
INFO: [HLS 200-486] Changing DSP latency (root=mul_ln65_513) to 3 in order to utilize available DSP registers.
INFO: [HLS 200-486] Changing DSP latency (root=tmp3913) to 3 in order to utilize available DSP registers.
INFO: [HLS 200-486] Changing DSP latency (root=tmp3915) to 3 in order to utilize available DSP registers.
INFO: [HLS 200-486] Changing DSP latency (root=tmp3888) to 3 in order to utilize available DSP registers.
INFO: [HLS 200-486] Changing DSP latency (root=mul_ln65_517) to 3 in order to utilize available DSP registers.
INFO: [HLS 200-486] Changing DSP latency (root=mul_ln65_518) to 3 in order to utilize available DSP registers.
INFO: [HLS 200-486] Changing DSP latency (root=tmp3884) to 3 in order to utilize available DSP registers.
INFO: [HLS 200-486] Changing DSP latency (root=mul_ln65_522) to 3 in order to utilize available DSP registers.
INFO: [HLS 200-486] Changing DSP latency (root=mul_ln65_523) to 3 in order to utilize available DSP registers.
INFO: [HLS 200-486] Changing DSP latency (root=mul_ln58_58) to 3 in order to utilize available DSP registers.
INFO: [HLS 200-486] Changing DSP latency (root=tmp3849) to 3 in order to utilize available DSP registers.
INFO: [HLS 200-486] Changing DSP latency (root=tmp3839) to 3 in order to utilize available DSP registers.
INFO: [HLS 200-486] Changing DSP latency (root=mul_ln65_499) to 3 in order to utilize available DSP registers.
INFO: [HLS 200-486] Changing DSP latency (root=tmp3871) to 3 in order to utilize available DSP registers.
INFO: [HLS 200-486] Changing DSP latency (root=tmp3873) to 3 in order to utilize available DSP registers.
INFO: [HLS 200-486] Changing DSP latency (root=tmp3846) to 3 in order to utilize available DSP registers.
INFO: [HLS 200-486] Changing DSP latency (root=mul_ln65_503) to 3 in order to utilize available DSP registers.
INFO: [HLS 200-486] Changing DSP latency (root=mul_ln65_504) to 3 in order to utilize available DSP registers.
INFO: [HLS 200-486] Changing DSP latency (root=tmp3842) to 3 in order to utilize available DSP registers.
INFO: [HLS 200-486] Changing DSP latency (root=mul_ln65_508) to 3 in order to utilize available DSP registers.
INFO: [HLS 200-486] Changing DSP latency (root=mul_ln65_509) to 3 in order to utilize available DSP registers.
INFO: [HLS 200-486] Changing DSP latency (root=mul_ln58_57) to 3 in order to utilize available DSP registers.
INFO: [HLS 200-486] Changing DSP latency (root=tmp3807) to 3 in order to utilize available DSP registers.
INFO: [HLS 200-486] Changing DSP latency (root=tmp3797) to 3 in order to utilize available DSP registers.
INFO: [HLS 200-486] Changing DSP latency (root=mul_ln65_485) to 3 in order to utilize available DSP registers.
INFO: [HLS 200-486] Changing DSP latency (root=tmp3829) to 3 in order to utilize available DSP registers.
INFO: [HLS 200-486] Changing DSP latency (root=tmp3831) to 3 in order to utilize available DSP registers.
INFO: [HLS 200-486] Changing DSP latency (root=tmp3804) to 3 in order to utilize available DSP registers.
INFO: [HLS 200-486] Changing DSP latency (root=mul_ln65_489) to 3 in order to utilize available DSP registers.
INFO: [HLS 200-486] Changing DSP latency (root=mul_ln65_490) to 3 in order to utilize available DSP registers.
INFO: [HLS 200-486] Changing DSP latency (root=tmp3800) to 3 in order to utilize available DSP registers.
INFO: [HLS 200-486] Changing DSP latency (root=mul_ln65_494) to 3 in order to utilize available DSP registers.
INFO: [HLS 200-486] Changing DSP latency (root=mul_ln65_495) to 3 in order to utilize available DSP registers.
INFO: [HLS 200-486] Changing DSP latency (root=mul_ln58_56) to 3 in order to utilize available DSP registers.
INFO: [HLS 200-486] Changing DSP latency (root=tmp3765) to 3 in order to utilize available DSP registers.
INFO: [HLS 200-486] Changing DSP latency (root=tmp3755) to 3 in order to utilize available DSP registers.
INFO: [HLS 200-486] Changing DSP latency (root=mul_ln65_471) to 3 in order to utilize available DSP registers.
INFO: [HLS 200-486] Changing DSP latency (root=tmp3787) to 3 in order to utilize available DSP registers.
INFO: [HLS 200-486] Changing DSP latency (root=tmp3789) to 3 in order to utilize available DSP registers.
INFO: [HLS 200-486] Changing DSP latency (root=tmp3762) to 3 in order to utilize available DSP registers.
INFO: [HLS 200-486] Changing DSP latency (root=mul_ln65_475) to 3 in order to utilize available DSP registers.
INFO: [HLS 200-486] Changing DSP latency (root=mul_ln65_476) to 3 in order to utilize available DSP registers.
INFO: [HLS 200-486] Changing DSP latency (root=tmp3758) to 3 in order to utilize available DSP registers.
INFO: [HLS 200-486] Changing DSP latency (root=mul_ln65_480) to 3 in order to utilize available DSP registers.
INFO: [HLS 200-486] Changing DSP latency (root=mul_ln65_481) to 3 in order to utilize available DSP registers.
INFO: [HLS 200-486] Changing DSP latency (root=mul_ln58_55) to 3 in order to utilize available DSP registers.
INFO: [HLS 200-486] Changing DSP latency (root=tmp3723) to 3 in order to utilize available DSP registers.
INFO: [HLS 200-486] Changing DSP latency (root=tmp3713) to 3 in order to utilize available DSP registers.
INFO: [HLS 200-486] Changing DSP latency (root=mul_ln65_457) to 3 in order to utilize available DSP registers.
INFO: [HLS 200-486] Changing DSP latency (root=tmp3745) to 3 in order to utilize available DSP registers.
INFO: [HLS 200-486] Changing DSP latency (root=tmp3747) to 3 in order to utilize available DSP registers.
INFO: [HLS 200-486] Changing DSP latency (root=tmp3720) to 3 in order to utilize available DSP registers.
INFO: [HLS 200-486] Changing DSP latency (root=mul_ln65_461) to 3 in order to utilize available DSP registers.
INFO: [HLS 200-486] Changing DSP latency (root=mul_ln65_462) to 3 in order to utilize available DSP registers.
INFO: [HLS 200-486] Changing DSP latency (root=tmp3716) to 3 in order to utilize available DSP registers.
INFO: [HLS 200-486] Changing DSP latency (root=mul_ln65_466) to 3 in order to utilize available DSP registers.
INFO: [HLS 200-486] Changing DSP latency (root=mul_ln65_467) to 3 in order to utilize available DSP registers.
INFO: [HLS 200-486] Changing DSP latency (root=mul_ln58_54) to 3 in order to utilize available DSP registers.
INFO: [HLS 200-486] Changing DSP latency (root=tmp3681) to 3 in order to utilize available DSP registers.
INFO: [HLS 200-486] Changing DSP latency (root=tmp3671) to 3 in order to utilize available DSP registers.
INFO: [HLS 200-486] Changing DSP latency (root=mul_ln65_443) to 3 in order to utilize available DSP registers.
INFO: [HLS 200-486] Changing DSP latency (root=tmp3703) to 3 in order to utilize available DSP registers.
INFO: [HLS 200-486] Changing DSP latency (root=tmp3705) to 3 in order to utilize available DSP registers.
INFO: [HLS 200-486] Changing DSP latency (root=tmp3678) to 3 in order to utilize available DSP registers.
INFO: [HLS 200-486] Changing DSP latency (root=mul_ln65_447) to 3 in order to utilize available DSP registers.
INFO: [HLS 200-486] Changing DSP latency (root=mul_ln65_448) to 3 in order to utilize available DSP registers.
INFO: [HLS 200-486] Changing DSP latency (root=tmp3674) to 3 in order to utilize available DSP registers.
INFO: [HLS 200-486] Changing DSP latency (root=mul_ln65_452) to 3 in order to utilize available DSP registers.
INFO: [HLS 200-486] Changing DSP latency (root=mul_ln65_453) to 3 in order to utilize available DSP registers.
INFO: [HLS 200-486] Changing DSP latency (root=mul_ln58_53) to 3 in order to utilize available DSP registers.
INFO: [HLS 200-486] Changing DSP latency (root=tmp3639) to 3 in order to utilize available DSP registers.
INFO: [HLS 200-486] Changing DSP latency (root=tmp3629) to 3 in order to utilize available DSP registers.
INFO: [HLS 200-486] Changing DSP latency (root=mul_ln65_429) to 3 in order to utilize available DSP registers.
INFO: [HLS 200-486] Changing DSP latency (root=tmp3661) to 3 in order to utilize available DSP registers.
INFO: [HLS 200-486] Changing DSP latency (root=tmp3663) to 3 in order to utilize available DSP registers.
INFO: [HLS 200-486] Changing DSP latency (root=tmp3636) to 3 in order to utilize available DSP registers.
INFO: [HLS 200-486] Changing DSP latency (root=mul_ln65_433) to 3 in order to utilize available DSP registers.
INFO: [HLS 200-486] Changing DSP latency (root=mul_ln65_434) to 3 in order to utilize available DSP registers.
INFO: [HLS 200-486] Changing DSP latency (root=tmp3632) to 3 in order to utilize available DSP registers.
INFO: [HLS 200-486] Changing DSP latency (root=mul_ln65_438) to 3 in order to utilize available DSP registers.
INFO: [HLS 200-486] Changing DSP latency (root=mul_ln65_439) to 3 in order to utilize available DSP registers.
INFO: [HLS 200-486] Changing DSP latency (root=mul_ln58_52) to 3 in order to utilize available DSP registers.
INFO: [HLS 200-486] Changing DSP latency (root=tmp3597) to 3 in order to utilize available DSP registers.
INFO: [HLS 200-486] Changing DSP latency (root=tmp3587) to 3 in order to utilize available DSP registers.
INFO: [HLS 200-486] Changing DSP latency (root=mul_ln65_415) to 3 in order to utilize available DSP registers.
INFO: [HLS 200-486] Changing DSP latency (root=tmp3619) to 3 in order to utilize available DSP registers.
INFO: [HLS 200-486] Changing DSP latency (root=tmp3621) to 3 in order to utilize available DSP registers.
INFO: [HLS 200-486] Changing DSP latency (root=tmp3594) to 3 in order to utilize available DSP registers.
INFO: [HLS 200-486] Changing DSP latency (root=mul_ln65_419) to 3 in order to utilize available DSP registers.
INFO: [HLS 200-486] Changing DSP latency (root=mul_ln65_420) to 3 in order to utilize available DSP registers.
INFO: [HLS 200-486] Changing DSP latency (root=tmp3590) to 3 in order to utilize available DSP registers.
INFO: [HLS 200-486] Changing DSP latency (root=mul_ln65_424) to 3 in order to utilize available DSP registers.
INFO: [HLS 200-486] Changing DSP latency (root=mul_ln65_425) to 3 in order to utilize available DSP registers.
INFO: [HLS 200-486] Changing DSP latency (root=mul_ln58_51) to 3 in order to utilize available DSP registers.
INFO: [HLS 200-486] Changing DSP latency (root=tmp3555) to 3 in order to utilize available DSP registers.
INFO: [HLS 200-486] Changing DSP latency (root=tmp3545) to 3 in order to utilize available DSP registers.
INFO: [HLS 200-486] Changing DSP latency (root=mul_ln65_401) to 3 in order to utilize available DSP registers.
INFO: [HLS 200-486] Changing DSP latency (root=tmp3577) to 3 in order to utilize available DSP registers.
INFO: [HLS 200-486] Changing DSP latency (root=tmp3579) to 3 in order to utilize available DSP registers.
INFO: [HLS 200-486] Changing DSP latency (root=tmp3552) to 3 in order to utilize available DSP registers.
INFO: [HLS 200-486] Changing DSP latency (root=mul_ln65_405) to 3 in order to utilize available DSP registers.
INFO: [HLS 200-486] Changing DSP latency (root=mul_ln65_406) to 3 in order to utilize available DSP registers.
INFO: [HLS 200-486] Changing DSP latency (root=tmp3548) to 3 in order to utilize available DSP registers.
INFO: [HLS 200-486] Changing DSP latency (root=mul_ln65_410) to 3 in order to utilize available DSP registers.
INFO: [HLS 200-486] Changing DSP latency (root=mul_ln65_411) to 3 in order to utilize available DSP registers.
INFO: [HLS 200-486] Changing DSP latency (root=mul_ln58_50) to 3 in order to utilize available DSP registers.
INFO: [HLS 200-486] Changing DSP latency (root=tmp3513) to 3 in order to utilize available DSP registers.
INFO: [HLS 200-486] Changing DSP latency (root=tmp3503) to 3 in order to utilize available DSP registers.
INFO: [HLS 200-486] Changing DSP latency (root=mul_ln65_387) to 3 in order to utilize available DSP registers.
INFO: [HLS 200-486] Changing DSP latency (root=tmp3535) to 3 in order to utilize available DSP registers.
INFO: [HLS 200-486] Changing DSP latency (root=tmp3537) to 3 in order to utilize available DSP registers.
INFO: [HLS 200-486] Changing DSP latency (root=tmp3510) to 3 in order to utilize available DSP registers.
INFO: [HLS 200-486] Changing DSP latency (root=mul_ln65_391) to 3 in order to utilize available DSP registers.
INFO: [HLS 200-486] Changing DSP latency (root=mul_ln65_392) to 3 in order to utilize available DSP registers.
INFO: [HLS 200-486] Changing DSP latency (root=tmp3506) to 3 in order to utilize available DSP registers.
INFO: [HLS 200-486] Changing DSP latency (root=mul_ln65_396) to 3 in order to utilize available DSP registers.
INFO: [HLS 200-486] Changing DSP latency (root=mul_ln65_397) to 3 in order to utilize available DSP registers.
INFO: [HLS 200-486] Changing DSP latency (root=mul_ln58_49) to 3 in order to utilize available DSP registers.
INFO: [HLS 200-486] Changing DSP latency (root=tmp3471) to 3 in order to utilize available DSP registers.
INFO: [HLS 200-486] Changing DSP latency (root=tmp3461) to 3 in order to utilize available DSP registers.
INFO: [HLS 200-486] Changing DSP latency (root=mul_ln65_373) to 3 in order to utilize available DSP registers.
INFO: [HLS 200-486] Changing DSP latency (root=tmp3493) to 3 in order to utilize available DSP registers.
INFO: [HLS 200-486] Changing DSP latency (root=tmp3495) to 3 in order to utilize available DSP registers.
INFO: [HLS 200-486] Changing DSP latency (root=tmp3468) to 3 in order to utilize available DSP registers.
INFO: [HLS 200-486] Changing DSP latency (root=mul_ln65_377) to 3 in order to utilize available DSP registers.
INFO: [HLS 200-486] Changing DSP latency (root=mul_ln65_378) to 3 in order to utilize available DSP registers.
INFO: [HLS 200-486] Changing DSP latency (root=tmp3464) to 3 in order to utilize available DSP registers.
INFO: [HLS 200-486] Changing DSP latency (root=mul_ln65_382) to 3 in order to utilize available DSP registers.
INFO: [HLS 200-486] Changing DSP latency (root=mul_ln65_383) to 3 in order to utilize available DSP registers.
INFO: [HLS 200-486] Changing DSP latency (root=mul_ln58_48) to 3 in order to utilize available DSP registers.
INFO: [HLS 200-486] Changing DSP latency (root=tmp3429) to 3 in order to utilize available DSP registers.
INFO: [HLS 200-486] Changing DSP latency (root=tmp3419) to 3 in order to utilize available DSP registers.
INFO: [HLS 200-486] Changing DSP latency (root=mul_ln65_359) to 3 in order to utilize available DSP registers.
INFO: [HLS 200-486] Changing DSP latency (root=tmp3451) to 3 in order to utilize available DSP registers.
INFO: [HLS 200-486] Changing DSP latency (root=tmp3453) to 3 in order to utilize available DSP registers.
INFO: [HLS 200-486] Changing DSP latency (root=tmp3426) to 3 in order to utilize available DSP registers.
INFO: [HLS 200-486] Changing DSP latency (root=mul_ln65_363) to 3 in order to utilize available DSP registers.
INFO: [HLS 200-486] Changing DSP latency (root=mul_ln65_364) to 3 in order to utilize available DSP registers.
INFO: [HLS 200-486] Changing DSP latency (root=tmp3422) to 3 in order to utilize available DSP registers.
INFO: [HLS 200-486] Changing DSP latency (root=mul_ln65_368) to 3 in order to utilize available DSP registers.
INFO: [HLS 200-486] Changing DSP latency (root=mul_ln65_369) to 3 in order to utilize available DSP registers.
INFO: [HLS 200-486] Changing DSP latency (root=mul_ln58_47) to 3 in order to utilize available DSP registers.
INFO: [HLS 200-486] Changing DSP latency (root=tmp3387) to 3 in order to utilize available DSP registers.
INFO: [HLS 200-486] Changing DSP latency (root=tmp3377) to 3 in order to utilize available DSP registers.
INFO: [HLS 200-486] Changing DSP latency (root=mul_ln65_345) to 3 in order to utilize available DSP registers.
INFO: [HLS 200-486] Changing DSP latency (root=tmp3409) to 3 in order to utilize available DSP registers.
INFO: [HLS 200-486] Changing DSP latency (root=tmp3411) to 3 in order to utilize available DSP registers.
INFO: [HLS 200-486] Changing DSP latency (root=tmp3384) to 3 in order to utilize available DSP registers.
INFO: [HLS 200-486] Changing DSP latency (root=mul_ln65_349) to 3 in order to utilize available DSP registers.
INFO: [HLS 200-486] Changing DSP latency (root=mul_ln65_350) to 3 in order to utilize available DSP registers.
INFO: [HLS 200-486] Changing DSP latency (root=tmp3380) to 3 in order to utilize available DSP registers.
INFO: [HLS 200-486] Changing DSP latency (root=mul_ln65_354) to 3 in order to utilize available DSP registers.
INFO: [HLS 200-486] Changing DSP latency (root=mul_ln65_355) to 3 in order to utilize available DSP registers.
INFO: [HLS 200-486] Changing DSP latency (root=mul_ln58_46) to 3 in order to utilize available DSP registers.
INFO: [HLS 200-486] Changing DSP latency (root=tmp3345) to 3 in order to utilize available DSP registers.
INFO: [HLS 200-486] Changing DSP latency (root=tmp3335) to 3 in order to utilize available DSP registers.
INFO: [HLS 200-486] Changing DSP latency (root=mul_ln65_331) to 3 in order to utilize available DSP registers.
INFO: [HLS 200-486] Changing DSP latency (root=tmp3367) to 3 in order to utilize available DSP registers.
INFO: [HLS 200-486] Changing DSP latency (root=tmp3369) to 3 in order to utilize available DSP registers.
INFO: [HLS 200-486] Changing DSP latency (root=tmp3342) to 3 in order to utilize available DSP registers.
INFO: [HLS 200-486] Changing DSP latency (root=mul_ln65_335) to 3 in order to utilize available DSP registers.
INFO: [HLS 200-486] Changing DSP latency (root=mul_ln65_336) to 3 in order to utilize available DSP registers.
INFO: [HLS 200-486] Changing DSP latency (root=tmp3338) to 3 in order to utilize available DSP registers.
INFO: [HLS 200-486] Changing DSP latency (root=mul_ln65_340) to 3 in order to utilize available DSP registers.
INFO: [HLS 200-486] Changing DSP latency (root=mul_ln65_341) to 3 in order to utilize available DSP registers.
INFO: [HLS 200-486] Changing DSP latency (root=mul_ln58_45) to 3 in order to utilize available DSP registers.
INFO: [HLS 200-486] Changing DSP latency (root=mul_ln65_329) to 3 in order to utilize available DSP registers.
INFO: [HLS 200-486] Changing DSP latency (root=mul_ln65_324) to 3 in order to utilize available DSP registers.
INFO: [HLS 200-486] Changing DSP latency (root=tmp3290) to 3 in order to utilize available DSP registers.
INFO: [HLS 200-486] Changing DSP latency (root=tmp3287) to 3 in order to utilize available DSP registers.
INFO: [HLS 200-486] Changing DSP latency (root=tmp3282) to 3 in order to utilize available DSP registers.
INFO: [HLS 200-486] Changing DSP latency (root=tmp3316) to 3 in order to utilize available DSP registers.
INFO: [HLS 200-486] Changing DSP latency (root=tmp3324) to 3 in order to utilize available DSP registers.
INFO: [HLS 200-486] Changing DSP latency (root=mul_ln58_314) to 3 in order to utilize available DSP registers.
INFO: [HLS 200-486] Changing DSP latency (root=mul_ln65_327) to 3 in order to utilize available DSP registers.
INFO: [HLS 200-486] Changing DSP latency (root=mul_ln65_328) to 3 in order to utilize available DSP registers.
INFO: [HLS 200-486] Changing DSP latency (root=mul_ln58_44) to 3 in order to utilize available DSP registers.
INFO: [HLS 200-486] Changing DSP latency (root=mul_ln65_323) to 3 in order to utilize available DSP registers.
INFO: [HLS 200-486] Changing DSP latency (root=mul_ln65_318) to 3 in order to utilize available DSP registers.
INFO: [HLS 200-486] Changing DSP latency (root=tmp3235) to 3 in order to utilize available DSP registers.
INFO: [HLS 200-486] Changing DSP latency (root=tmp3232) to 3 in order to utilize available DSP registers.
INFO: [HLS 200-486] Changing DSP latency (root=tmp3227) to 3 in order to utilize available DSP registers.
INFO: [HLS 200-486] Changing DSP latency (root=tmp3261) to 3 in order to utilize available DSP registers.
INFO: [HLS 200-486] Changing DSP latency (root=tmp3269) to 3 in order to utilize available DSP registers.
INFO: [HLS 200-486] Changing DSP latency (root=mul_ln58_312) to 3 in order to utilize available DSP registers.
INFO: [HLS 200-486] Changing DSP latency (root=mul_ln65_321) to 3 in order to utilize available DSP registers.
INFO: [HLS 200-486] Changing DSP latency (root=mul_ln65_322) to 3 in order to utilize available DSP registers.
INFO: [HLS 200-486] Changing DSP latency (root=mul_ln58_43) to 3 in order to utilize available DSP registers.
INFO: [HLS 200-486] Changing DSP latency (root=mul_ln65_317) to 3 in order to utilize available DSP registers.
INFO: [HLS 200-486] Changing DSP latency (root=mul_ln65_312) to 3 in order to utilize available DSP registers.
INFO: [HLS 200-486] Changing DSP latency (root=tmp3180) to 3 in order to utilize available DSP registers.
INFO: [HLS 200-486] Changing DSP latency (root=tmp3177) to 3 in order to utilize available DSP registers.
INFO: [HLS 200-486] Changing DSP latency (root=tmp3172) to 3 in order to utilize available DSP registers.
INFO: [HLS 200-486] Changing DSP latency (root=tmp3206) to 3 in order to utilize available DSP registers.
INFO: [HLS 200-486] Changing DSP latency (root=tmp3214) to 3 in order to utilize available DSP registers.
INFO: [HLS 200-486] Changing DSP latency (root=mul_ln58_310) to 3 in order to utilize available DSP registers.
INFO: [HLS 200-486] Changing DSP latency (root=mul_ln65_315) to 3 in order to utilize available DSP registers.
INFO: [HLS 200-486] Changing DSP latency (root=mul_ln65_316) to 3 in order to utilize available DSP registers.
INFO: [HLS 200-486] Changing DSP latency (root=mul_ln58_42) to 3 in order to utilize available DSP registers.
INFO: [HLS 200-486] Changing DSP latency (root=mul_ln65_311) to 3 in order to utilize available DSP registers.
INFO: [HLS 200-486] Changing DSP latency (root=mul_ln65_306) to 3 in order to utilize available DSP registers.
INFO: [HLS 200-486] Changing DSP latency (root=tmp3125) to 3 in order to utilize available DSP registers.
INFO: [HLS 200-486] Changing DSP latency (root=tmp3122) to 3 in order to utilize available DSP registers.
INFO: [HLS 200-486] Changing DSP latency (root=tmp3117) to 3 in order to utilize available DSP registers.
INFO: [HLS 200-486] Changing DSP latency (root=tmp3151) to 3 in order to utilize available DSP registers.
INFO: [HLS 200-486] Changing DSP latency (root=tmp3159) to 3 in order to utilize available DSP registers.
INFO: [HLS 200-486] Changing DSP latency (root=mul_ln58_308) to 3 in order to utilize available DSP registers.
INFO: [HLS 200-486] Changing DSP latency (root=mul_ln65_309) to 3 in order to utilize available DSP registers.
INFO: [HLS 200-486] Changing DSP latency (root=mul_ln65_310) to 3 in order to utilize available DSP registers.
INFO: [HLS 200-486] Changing DSP latency (root=mul_ln58_41) to 3 in order to utilize available DSP registers.
INFO: [HLS 200-486] Changing DSP latency (root=mul_ln65_305) to 3 in order to utilize available DSP registers.
INFO: [HLS 200-486] Changing DSP latency (root=mul_ln65_300) to 3 in order to utilize available DSP registers.
INFO: [HLS 200-486] Changing DSP latency (root=tmp3070) to 3 in order to utilize available DSP registers.
INFO: [HLS 200-486] Changing DSP latency (root=tmp3067) to 3 in order to utilize available DSP registers.
INFO: [HLS 200-486] Changing DSP latency (root=tmp3062) to 3 in order to utilize available DSP registers.
INFO: [HLS 200-486] Changing DSP latency (root=tmp3096) to 3 in order to utilize available DSP registers.
INFO: [HLS 200-486] Changing DSP latency (root=tmp3104) to 3 in order to utilize available DSP registers.
INFO: [HLS 200-486] Changing DSP latency (root=mul_ln58_306) to 3 in order to utilize available DSP registers.
INFO: [HLS 200-486] Changing DSP latency (root=mul_ln65_303) to 3 in order to utilize available DSP registers.
INFO: [HLS 200-486] Changing DSP latency (root=mul_ln65_304) to 3 in order to utilize available DSP registers.
INFO: [HLS 200-486] Changing DSP latency (root=mul_ln58_40) to 3 in order to utilize available DSP registers.
INFO: [HLS 200-486] Changing DSP latency (root=mul_ln65_299) to 3 in order to utilize available DSP registers.
INFO: [HLS 200-486] Changing DSP latency (root=mul_ln65_294) to 3 in order to utilize available DSP registers.
INFO: [HLS 200-486] Changing DSP latency (root=tmp3015) to 3 in order to utilize available DSP registers.
INFO: [HLS 200-486] Changing DSP latency (root=tmp3012) to 3 in order to utilize available DSP registers.
INFO: [HLS 200-486] Changing DSP latency (root=tmp3007) to 3 in order to utilize available DSP registers.
INFO: [HLS 200-486] Changing DSP latency (root=tmp3041) to 3 in order to utilize available DSP registers.
INFO: [HLS 200-486] Changing DSP latency (root=tmp3049) to 3 in order to utilize available DSP registers.
INFO: [HLS 200-486] Changing DSP latency (root=mul_ln58_304) to 3 in order to utilize available DSP registers.
INFO: [HLS 200-486] Changing DSP latency (root=mul_ln65_297) to 3 in order to utilize available DSP registers.
INFO: [HLS 200-486] Changing DSP latency (root=mul_ln65_298) to 3 in order to utilize available DSP registers.
INFO: [HLS 200-486] Changing DSP latency (root=mul_ln58_39) to 3 in order to utilize available DSP registers.
INFO: [HLS 200-486] Changing DSP latency (root=mul_ln65_293) to 3 in order to utilize available DSP registers.
INFO: [HLS 200-486] Changing DSP latency (root=mul_ln65_288) to 3 in order to utilize available DSP registers.
INFO: [HLS 200-486] Changing DSP latency (root=tmp2960) to 3 in order to utilize available DSP registers.
INFO: [HLS 200-486] Changing DSP latency (root=tmp2957) to 3 in order to utilize available DSP registers.
INFO: [HLS 200-486] Changing DSP latency (root=tmp2952) to 3 in order to utilize available DSP registers.
INFO: [HLS 200-486] Changing DSP latency (root=tmp2986) to 3 in order to utilize available DSP registers.
INFO: [HLS 200-486] Changing DSP latency (root=tmp2994) to 3 in order to utilize available DSP registers.
INFO: [HLS 200-486] Changing DSP latency (root=mul_ln58_302) to 3 in order to utilize available DSP registers.
INFO: [HLS 200-486] Changing DSP latency (root=mul_ln65_291) to 3 in order to utilize available DSP registers.
INFO: [HLS 200-486] Changing DSP latency (root=mul_ln65_292) to 3 in order to utilize available DSP registers.
INFO: [HLS 200-486] Changing DSP latency (root=mul_ln58_38) to 3 in order to utilize available DSP registers.
INFO: [HLS 200-486] Changing DSP latency (root=mul_ln65_287) to 3 in order to utilize available DSP registers.
INFO: [HLS 200-486] Changing DSP latency (root=mul_ln65_282) to 3 in order to utilize available DSP registers.
INFO: [HLS 200-486] Changing DSP latency (root=tmp2905) to 3 in order to utilize available DSP registers.
INFO: [HLS 200-486] Changing DSP latency (root=tmp2902) to 3 in order to utilize available DSP registers.
INFO: [HLS 200-486] Changing DSP latency (root=tmp2897) to 3 in order to utilize available DSP registers.
INFO: [HLS 200-486] Changing DSP latency (root=tmp2931) to 3 in order to utilize available DSP registers.
INFO: [HLS 200-486] Changing DSP latency (root=tmp2939) to 3 in order to utilize available DSP registers.
INFO: [HLS 200-486] Changing DSP latency (root=mul_ln58_300) to 3 in order to utilize available DSP registers.
INFO: [HLS 200-486] Changing DSP latency (root=mul_ln65_285) to 3 in order to utilize available DSP registers.
INFO: [HLS 200-486] Changing DSP latency (root=mul_ln65_286) to 3 in order to utilize available DSP registers.
INFO: [HLS 200-486] Changing DSP latency (root=mul_ln58_37) to 3 in order to utilize available DSP registers.
INFO: [HLS 200-486] Changing DSP latency (root=mul_ln65_281) to 3 in order to utilize available DSP registers.
INFO: [HLS 200-486] Changing DSP latency (root=mul_ln65_276) to 3 in order to utilize available DSP registers.
INFO: [HLS 200-486] Changing DSP latency (root=tmp2850) to 3 in order to utilize available DSP registers.
INFO: [HLS 200-486] Changing DSP latency (root=tmp2847) to 3 in order to utilize available DSP registers.
INFO: [HLS 200-486] Changing DSP latency (root=tmp2842) to 3 in order to utilize available DSP registers.
INFO: [HLS 200-486] Changing DSP latency (root=tmp2876) to 3 in order to utilize available DSP registers.
INFO: [HLS 200-486] Changing DSP latency (root=tmp2884) to 3 in order to utilize available DSP registers.
INFO: [HLS 200-486] Changing DSP latency (root=mul_ln58_298) to 3 in order to utilize available DSP registers.
INFO: [HLS 200-486] Changing DSP latency (root=mul_ln65_279) to 3 in order to utilize available DSP registers.
INFO: [HLS 200-486] Changing DSP latency (root=mul_ln65_280) to 3 in order to utilize available DSP registers.
INFO: [HLS 200-486] Changing DSP latency (root=mul_ln58_36) to 3 in order to utilize available DSP registers.
INFO: [HLS 200-486] Changing DSP latency (root=mul_ln65_275) to 3 in order to utilize available DSP registers.
INFO: [HLS 200-486] Changing DSP latency (root=mul_ln65_270) to 3 in order to utilize available DSP registers.
INFO: [HLS 200-486] Changing DSP latency (root=tmp2795) to 3 in order to utilize available DSP registers.
INFO: [HLS 200-486] Changing DSP latency (root=tmp2792) to 3 in order to utilize available DSP registers.
INFO: [HLS 200-486] Changing DSP latency (root=tmp2787) to 3 in order to utilize available DSP registers.
INFO: [HLS 200-486] Changing DSP latency (root=tmp2821) to 3 in order to utilize available DSP registers.
INFO: [HLS 200-486] Changing DSP latency (root=tmp2829) to 3 in order to utilize available DSP registers.
INFO: [HLS 200-486] Changing DSP latency (root=mul_ln58_296) to 3 in order to utilize available DSP registers.
INFO: [HLS 200-486] Changing DSP latency (root=mul_ln65_273) to 3 in order to utilize available DSP registers.
INFO: [HLS 200-486] Changing DSP latency (root=mul_ln65_274) to 3 in order to utilize available DSP registers.
INFO: [HLS 200-486] Changing DSP latency (root=mul_ln58_35) to 3 in order to utilize available DSP registers.
INFO: [HLS 200-486] Changing DSP latency (root=mul_ln65_269) to 3 in order to utilize available DSP registers.
INFO: [HLS 200-486] Changing DSP latency (root=mul_ln65_264) to 3 in order to utilize available DSP registers.
INFO: [HLS 200-486] Changing DSP latency (root=tmp2740) to 3 in order to utilize available DSP registers.
INFO: [HLS 200-486] Changing DSP latency (root=tmp2737) to 3 in order to utilize available DSP registers.
INFO: [HLS 200-486] Changing DSP latency (root=tmp2732) to 3 in order to utilize available DSP registers.
INFO: [HLS 200-486] Changing DSP latency (root=tmp2766) to 3 in order to utilize available DSP registers.
INFO: [HLS 200-486] Changing DSP latency (root=tmp2774) to 3 in order to utilize available DSP registers.
INFO: [HLS 200-486] Changing DSP latency (root=mul_ln58_294) to 3 in order to utilize available DSP registers.
INFO: [HLS 200-486] Changing DSP latency (root=mul_ln65_267) to 3 in order to utilize available DSP registers.
INFO: [HLS 200-486] Changing DSP latency (root=mul_ln65_268) to 3 in order to utilize available DSP registers.
INFO: [HLS 200-486] Changing DSP latency (root=mul_ln58_34) to 3 in order to utilize available DSP registers.
INFO: [HLS 200-486] Changing DSP latency (root=mul_ln65_263) to 3 in order to utilize available DSP registers.
INFO: [HLS 200-486] Changing DSP latency (root=mul_ln65_258) to 3 in order to utilize available DSP registers.
INFO: [HLS 200-486] Changing DSP latency (root=tmp2685) to 3 in order to utilize available DSP registers.
INFO: [HLS 200-486] Changing DSP latency (root=tmp2682) to 3 in order to utilize available DSP registers.
INFO: [HLS 200-486] Changing DSP latency (root=tmp2677) to 3 in order to utilize available DSP registers.
INFO: [HLS 200-486] Changing DSP latency (root=tmp2711) to 3 in order to utilize available DSP registers.
INFO: [HLS 200-486] Changing DSP latency (root=tmp2719) to 3 in order to utilize available DSP registers.
INFO: [HLS 200-486] Changing DSP latency (root=mul_ln58_292) to 3 in order to utilize available DSP registers.
INFO: [HLS 200-486] Changing DSP latency (root=mul_ln65_261) to 3 in order to utilize available DSP registers.
INFO: [HLS 200-486] Changing DSP latency (root=mul_ln65_262) to 3 in order to utilize available DSP registers.
INFO: [HLS 200-486] Changing DSP latency (root=mul_ln58_33) to 3 in order to utilize available DSP registers.
INFO: [HLS 200-486] Changing DSP latency (root=mul_ln65_257) to 3 in order to utilize available DSP registers.
INFO: [HLS 200-486] Changing DSP latency (root=mul_ln65_252) to 3 in order to utilize available DSP registers.
INFO: [HLS 200-486] Changing DSP latency (root=tmp2630) to 3 in order to utilize available DSP registers.
INFO: [HLS 200-486] Changing DSP latency (root=tmp2627) to 3 in order to utilize available DSP registers.
INFO: [HLS 200-486] Changing DSP latency (root=tmp2622) to 3 in order to utilize available DSP registers.
INFO: [HLS 200-486] Changing DSP latency (root=tmp2656) to 3 in order to utilize available DSP registers.
INFO: [HLS 200-486] Changing DSP latency (root=tmp2664) to 3 in order to utilize available DSP registers.
INFO: [HLS 200-486] Changing DSP latency (root=mul_ln58_290) to 3 in order to utilize available DSP registers.
INFO: [HLS 200-486] Changing DSP latency (root=mul_ln65_255) to 3 in order to utilize available DSP registers.
INFO: [HLS 200-486] Changing DSP latency (root=mul_ln65_256) to 3 in order to utilize available DSP registers.
INFO: [HLS 200-486] Changing DSP latency (root=mul_ln58_32) to 3 in order to utilize available DSP registers.
INFO: [HLS 200-486] Changing DSP latency (root=mul_ln65_251) to 3 in order to utilize available DSP registers.
INFO: [HLS 200-486] Changing DSP latency (root=mul_ln65_246) to 3 in order to utilize available DSP registers.
INFO: [HLS 200-486] Changing DSP latency (root=tmp2575) to 3 in order to utilize available DSP registers.
INFO: [HLS 200-486] Changing DSP latency (root=tmp2572) to 3 in order to utilize available DSP registers.
INFO: [HLS 200-486] Changing DSP latency (root=tmp2567) to 3 in order to utilize available DSP registers.
INFO: [HLS 200-486] Changing DSP latency (root=tmp2601) to 3 in order to utilize available DSP registers.
INFO: [HLS 200-486] Changing DSP latency (root=tmp2609) to 3 in order to utilize available DSP registers.
INFO: [HLS 200-486] Changing DSP latency (root=mul_ln58_288) to 3 in order to utilize available DSP registers.
INFO: [HLS 200-486] Changing DSP latency (root=mul_ln65_249) to 3 in order to utilize available DSP registers.
INFO: [HLS 200-486] Changing DSP latency (root=mul_ln65_250) to 3 in order to utilize available DSP registers.
INFO: [HLS 200-486] Changing DSP latency (root=mul_ln58_31) to 3 in order to utilize available DSP registers.
INFO: [HLS 200-486] Changing DSP latency (root=mul_ln65_245) to 3 in order to utilize available DSP registers.
INFO: [HLS 200-486] Changing DSP latency (root=mul_ln65_240) to 3 in order to utilize available DSP registers.
INFO: [HLS 200-486] Changing DSP latency (root=tmp2520) to 3 in order to utilize available DSP registers.
INFO: [HLS 200-486] Changing DSP latency (root=tmp2517) to 3 in order to utilize available DSP registers.
INFO: [HLS 200-486] Changing DSP latency (root=tmp2512) to 3 in order to utilize available DSP registers.
INFO: [HLS 200-486] Changing DSP latency (root=tmp2546) to 3 in order to utilize available DSP registers.
INFO: [HLS 200-486] Changing DSP latency (root=tmp2554) to 3 in order to utilize available DSP registers.
INFO: [HLS 200-486] Changing DSP latency (root=mul_ln58_286) to 3 in order to utilize available DSP registers.
INFO: [HLS 200-486] Changing DSP latency (root=mul_ln65_243) to 3 in order to utilize available DSP registers.
INFO: [HLS 200-486] Changing DSP latency (root=mul_ln65_244) to 3 in order to utilize available DSP registers.
INFO: [HLS 200-486] Changing DSP latency (root=mul_ln58_30) to 3 in order to utilize available DSP registers.
INFO: [HLS 200-486] Changing DSP latency (root=acc_7333) to 3 in order to utilize available DSP registers.
INFO: [HLS 200-486] Changing DSP latency (root=mul_ln65_232) to 3 in order to utilize available DSP registers.
INFO: [HLS 200-486] Changing DSP latency (root=mul_ln65_231) to 3 in order to utilize available DSP registers.
INFO: [HLS 200-486] Changing DSP latency (root=tmp2497) to 3 in order to utilize available DSP registers.
INFO: [HLS 200-486] Changing DSP latency (root=mul_ln65_233) to 3 in order to utilize available DSP registers.
INFO: [HLS 200-486] Changing DSP latency (root=tmp2479) to 3 in order to utilize available DSP registers.
INFO: [HLS 200-486] Changing DSP latency (root=mul_ln65_236) to 3 in order to utilize available DSP registers.
INFO: [HLS 200-486] Changing DSP latency (root=acc_7332) to 3 in order to utilize available DSP registers.
INFO: [HLS 200-486] Changing DSP latency (root=mul_ln65_222) to 3 in order to utilize available DSP registers.
INFO: [HLS 200-486] Changing DSP latency (root=mul_ln65_221) to 3 in order to utilize available DSP registers.
INFO: [HLS 200-486] Changing DSP latency (root=tmp2452) to 3 in order to utilize available DSP registers.
INFO: [HLS 200-486] Changing DSP latency (root=mul_ln65_223) to 3 in order to utilize available DSP registers.
INFO: [HLS 200-486] Changing DSP latency (root=tmp2434) to 3 in order to utilize available DSP registers.
INFO: [HLS 200-486] Changing DSP latency (root=mul_ln65_226) to 3 in order to utilize available DSP registers.
INFO: [HLS 200-486] Changing DSP latency (root=acc_7331) to 3 in order to utilize available DSP registers.
INFO: [HLS 200-486] Changing DSP latency (root=mul_ln65_212) to 3 in order to utilize available DSP registers.
INFO: [HLS 200-486] Changing DSP latency (root=mul_ln65_211) to 3 in order to utilize available DSP registers.
INFO: [HLS 200-486] Changing DSP latency (root=tmp2407) to 3 in order to utilize available DSP registers.
INFO: [HLS 200-486] Changing DSP latency (root=mul_ln65_213) to 3 in order to utilize available DSP registers.
INFO: [HLS 200-486] Changing DSP latency (root=tmp2389) to 3 in order to utilize available DSP registers.
INFO: [HLS 200-486] Changing DSP latency (root=mul_ln65_216) to 3 in order to utilize available DSP registers.
INFO: [HLS 200-486] Changing DSP latency (root=acc_7330) to 3 in order to utilize available DSP registers.
INFO: [HLS 200-486] Changing DSP latency (root=mul_ln65_202) to 3 in order to utilize available DSP registers.
INFO: [HLS 200-486] Changing DSP latency (root=mul_ln65_201) to 3 in order to utilize available DSP registers.
INFO: [HLS 200-486] Changing DSP latency (root=tmp2362) to 3 in order to utilize available DSP registers.
INFO: [HLS 200-486] Changing DSP latency (root=mul_ln65_203) to 3 in order to utilize available DSP registers.
INFO: [HLS 200-486] Changing DSP latency (root=tmp2344) to 3 in order to utilize available DSP registers.
INFO: [HLS 200-486] Changing DSP latency (root=mul_ln65_206) to 3 in order to utilize available DSP registers.
INFO: [HLS 200-486] Changing DSP latency (root=acc_7329) to 3 in order to utilize available DSP registers.
INFO: [HLS 200-486] Changing DSP latency (root=mul_ln65_192) to 3 in order to utilize available DSP registers.
INFO: [HLS 200-486] Changing DSP latency (root=mul_ln65_191) to 3 in order to utilize available DSP registers.
INFO: [HLS 200-486] Changing DSP latency (root=tmp2317) to 3 in order to utilize available DSP registers.
INFO: [HLS 200-486] Changing DSP latency (root=mul_ln65_193) to 3 in order to utilize available DSP registers.
INFO: [HLS 200-486] Changing DSP latency (root=tmp2299) to 3 in order to utilize available DSP registers.
INFO: [HLS 200-486] Changing DSP latency (root=mul_ln65_196) to 3 in order to utilize available DSP registers.
INFO: [HLS 200-486] Changing DSP latency (root=acc_7328) to 3 in order to utilize available DSP registers.
INFO: [HLS 200-486] Changing DSP latency (root=mul_ln65_182) to 3 in order to utilize available DSP registers.
INFO: [HLS 200-486] Changing DSP latency (root=mul_ln65_181) to 3 in order to utilize available DSP registers.
INFO: [HLS 200-486] Changing DSP latency (root=tmp2272) to 3 in order to utilize available DSP registers.
INFO: [HLS 200-486] Changing DSP latency (root=mul_ln65_183) to 3 in order to utilize available DSP registers.
INFO: [HLS 200-486] Changing DSP latency (root=tmp2254) to 3 in order to utilize available DSP registers.
INFO: [HLS 200-486] Changing DSP latency (root=mul_ln65_186) to 3 in order to utilize available DSP registers.
INFO: [HLS 200-486] Changing DSP latency (root=acc_7327) to 3 in order to utilize available DSP registers.
INFO: [HLS 200-486] Changing DSP latency (root=mul_ln65_172) to 3 in order to utilize available DSP registers.
INFO: [HLS 200-486] Changing DSP latency (root=mul_ln65_171) to 3 in order to utilize available DSP registers.
INFO: [HLS 200-486] Changing DSP latency (root=tmp2227) to 3 in order to utilize available DSP registers.
INFO: [HLS 200-486] Changing DSP latency (root=mul_ln65_173) to 3 in order to utilize available DSP registers.
INFO: [HLS 200-486] Changing DSP latency (root=tmp2209) to 3 in order to utilize available DSP registers.
INFO: [HLS 200-486] Changing DSP latency (root=mul_ln65_176) to 3 in order to utilize available DSP registers.
INFO: [HLS 200-486] Changing DSP latency (root=acc_7326) to 3 in order to utilize available DSP registers.
INFO: [HLS 200-486] Changing DSP latency (root=mul_ln65_162) to 3 in order to utilize available DSP registers.
INFO: [HLS 200-486] Changing DSP latency (root=mul_ln65_161) to 3 in order to utilize available DSP registers.
INFO: [HLS 200-486] Changing DSP latency (root=tmp2182) to 3 in order to utilize available DSP registers.
INFO: [HLS 200-486] Changing DSP latency (root=mul_ln65_163) to 3 in order to utilize available DSP registers.
INFO: [HLS 200-486] Changing DSP latency (root=tmp2164) to 3 in order to utilize available DSP registers.
INFO: [HLS 200-486] Changing DSP latency (root=mul_ln65_166) to 3 in order to utilize available DSP registers.
INFO: [HLS 200-486] Changing DSP latency (root=acc_7325) to 3 in order to utilize available DSP registers.
INFO: [HLS 200-486] Changing DSP latency (root=mul_ln65_152) to 3 in order to utilize available DSP registers.
INFO: [HLS 200-486] Changing DSP latency (root=mul_ln65_151) to 3 in order to utilize available DSP registers.
INFO: [HLS 200-486] Changing DSP latency (root=tmp2137) to 3 in order to utilize available DSP registers.
INFO: [HLS 200-486] Changing DSP latency (root=mul_ln65_153) to 3 in order to utilize available DSP registers.
INFO: [HLS 200-486] Changing DSP latency (root=tmp2119) to 3 in order to utilize available DSP registers.
INFO: [HLS 200-486] Changing DSP latency (root=mul_ln65_156) to 3 in order to utilize available DSP registers.
INFO: [HLS 200-486] Changing DSP latency (root=acc_7324) to 3 in order to utilize available DSP registers.
INFO: [HLS 200-486] Changing DSP latency (root=mul_ln65_142) to 3 in order to utilize available DSP registers.
INFO: [HLS 200-486] Changing DSP latency (root=mul_ln65_141) to 3 in order to utilize available DSP registers.
INFO: [HLS 200-486] Changing DSP latency (root=tmp2092) to 3 in order to utilize available DSP registers.
INFO: [HLS 200-486] Changing DSP latency (root=mul_ln65_143) to 3 in order to utilize available DSP registers.
INFO: [HLS 200-486] Changing DSP latency (root=tmp2074) to 3 in order to utilize available DSP registers.
INFO: [HLS 200-486] Changing DSP latency (root=mul_ln65_146) to 3 in order to utilize available DSP registers.
INFO: [HLS 200-486] Changing DSP latency (root=acc_7323) to 3 in order to utilize available DSP registers.
INFO: [HLS 200-486] Changing DSP latency (root=mul_ln65_132) to 3 in order to utilize available DSP registers.
INFO: [HLS 200-486] Changing DSP latency (root=mul_ln65_131) to 3 in order to utilize available DSP registers.
INFO: [HLS 200-486] Changing DSP latency (root=tmp2047) to 3 in order to utilize available DSP registers.
INFO: [HLS 200-486] Changing DSP latency (root=mul_ln65_133) to 3 in order to utilize available DSP registers.
INFO: [HLS 200-486] Changing DSP latency (root=tmp2029) to 3 in order to utilize available DSP registers.
INFO: [HLS 200-486] Changing DSP latency (root=mul_ln65_136) to 3 in order to utilize available DSP registers.
INFO: [HLS 200-486] Changing DSP latency (root=acc_7322) to 3 in order to utilize available DSP registers.
INFO: [HLS 200-486] Changing DSP latency (root=mul_ln65_122) to 3 in order to utilize available DSP registers.
INFO: [HLS 200-486] Changing DSP latency (root=mul_ln65_121) to 3 in order to utilize available DSP registers.
INFO: [HLS 200-486] Changing DSP latency (root=tmp2002) to 3 in order to utilize available DSP registers.
INFO: [HLS 200-486] Changing DSP latency (root=mul_ln65_123) to 3 in order to utilize available DSP registers.
INFO: [HLS 200-486] Changing DSP latency (root=tmp1984) to 3 in order to utilize available DSP registers.
INFO: [HLS 200-486] Changing DSP latency (root=mul_ln65_126) to 3 in order to utilize available DSP registers.
INFO: [HLS 200-486] Changing DSP latency (root=acc_7321) to 3 in order to utilize available DSP registers.
INFO: [HLS 200-486] Changing DSP latency (root=mul_ln65_112) to 3 in order to utilize available DSP registers.
INFO: [HLS 200-486] Changing DSP latency (root=mul_ln65_111) to 3 in order to utilize available DSP registers.
INFO: [HLS 200-486] Changing DSP latency (root=tmp1957) to 3 in order to utilize available DSP registers.
INFO: [HLS 200-486] Changing DSP latency (root=mul_ln65_113) to 3 in order to utilize available DSP registers.
INFO: [HLS 200-486] Changing DSP latency (root=tmp1939) to 3 in order to utilize available DSP registers.
INFO: [HLS 200-486] Changing DSP latency (root=mul_ln65_116) to 3 in order to utilize available DSP registers.
INFO: [HLS 200-486] Changing DSP latency (root=acc_7320) to 3 in order to utilize available DSP registers.
INFO: [HLS 200-486] Changing DSP latency (root=mul_ln65_102) to 3 in order to utilize available DSP registers.
INFO: [HLS 200-486] Changing DSP latency (root=mul_ln65_101) to 3 in order to utilize available DSP registers.
INFO: [HLS 200-486] Changing DSP latency (root=tmp1912) to 3 in order to utilize available DSP registers.
INFO: [HLS 200-486] Changing DSP latency (root=mul_ln65_103) to 3 in order to utilize available DSP registers.
INFO: [HLS 200-486] Changing DSP latency (root=tmp1894) to 3 in order to utilize available DSP registers.
INFO: [HLS 200-486] Changing DSP latency (root=mul_ln65_106) to 3 in order to utilize available DSP registers.
INFO: [HLS 200-486] Changing DSP latency (root=acc_7319) to 3 in order to utilize available DSP registers.
INFO: [HLS 200-486] Changing DSP latency (root=mul_ln65_92) to 3 in order to utilize available DSP registers.
INFO: [HLS 200-486] Changing DSP latency (root=mul_ln65_91) to 3 in order to utilize available DSP registers.
INFO: [HLS 200-486] Changing DSP latency (root=tmp1867) to 3 in order to utilize available DSP registers.
INFO: [HLS 200-486] Changing DSP latency (root=mul_ln65_93) to 3 in order to utilize available DSP registers.
INFO: [HLS 200-486] Changing DSP latency (root=tmp1849) to 3 in order to utilize available DSP registers.
INFO: [HLS 200-486] Changing DSP latency (root=mul_ln65_96) to 3 in order to utilize available DSP registers.
INFO: [HLS 200-486] Changing DSP latency (root=mul_ln65_84) to 3 in order to utilize available DSP registers.
INFO: [HLS 200-486] Changing DSP latency (root=tmp1824) to 3 in order to utilize available DSP registers.
INFO: [HLS 200-486] Changing DSP latency (root=tmp1807) to 3 in order to utilize available DSP registers.
INFO: [HLS 200-486] Changing DSP latency (root=tmp1818) to 3 in order to utilize available DSP registers.
INFO: [HLS 200-486] Changing DSP latency (root=tmp1804) to 3 in order to utilize available DSP registers.
INFO: [HLS 200-486] Changing DSP latency (root=tmp1827) to 3 in order to utilize available DSP registers.
INFO: [HLS 200-486] Changing DSP latency (root=mul_ln58_284) to 3 in order to utilize available DSP registers.
INFO: [HLS 200-486] Changing DSP latency (root=mul_ln61_29) to 3 in order to utilize available DSP registers.
INFO: [HLS 200-486] Changing DSP latency (root=mul_ln65_89) to 3 in order to utilize available DSP registers.
INFO: [HLS 200-486] Changing DSP latency (root=mul_ln65_88) to 3 in order to utilize available DSP registers.
INFO: [HLS 200-486] Changing DSP latency (root=mul_ln58_29) to 3 in order to utilize available DSP registers.
INFO: [HLS 200-486] Changing DSP latency (root=mul_ln65_78) to 3 in order to utilize available DSP registers.
INFO: [HLS 200-486] Changing DSP latency (root=tmp1766) to 3 in order to utilize available DSP registers.
INFO: [HLS 200-486] Changing DSP latency (root=tmp1749) to 3 in order to utilize available DSP registers.
INFO: [HLS 200-486] Changing DSP latency (root=tmp1760) to 3 in order to utilize available DSP registers.
INFO: [HLS 200-486] Changing DSP latency (root=tmp1746) to 3 in order to utilize available DSP registers.
INFO: [HLS 200-486] Changing DSP latency (root=tmp1769) to 3 in order to utilize available DSP registers.
INFO: [HLS 200-486] Changing DSP latency (root=mul_ln58_283) to 3 in order to utilize available DSP registers.
INFO: [HLS 200-486] Changing DSP latency (root=mul_ln61_27) to 3 in order to utilize available DSP registers.
INFO: [HLS 200-486] Changing DSP latency (root=mul_ln65_83) to 3 in order to utilize available DSP registers.
INFO: [HLS 200-486] Changing DSP latency (root=mul_ln65_82) to 3 in order to utilize available DSP registers.
INFO: [HLS 200-486] Changing DSP latency (root=mul_ln58_27) to 3 in order to utilize available DSP registers.
INFO: [HLS 200-486] Changing DSP latency (root=mul_ln65_72) to 3 in order to utilize available DSP registers.
INFO: [HLS 200-486] Changing DSP latency (root=tmp1708) to 3 in order to utilize available DSP registers.
INFO: [HLS 200-486] Changing DSP latency (root=tmp1691) to 3 in order to utilize available DSP registers.
INFO: [HLS 200-486] Changing DSP latency (root=tmp1702) to 3 in order to utilize available DSP registers.
INFO: [HLS 200-486] Changing DSP latency (root=tmp1688) to 3 in order to utilize available DSP registers.
INFO: [HLS 200-486] Changing DSP latency (root=tmp1711) to 3 in order to utilize available DSP registers.
INFO: [HLS 200-486] Changing DSP latency (root=mul_ln58_282) to 3 in order to utilize available DSP registers.
INFO: [HLS 200-486] Changing DSP latency (root=mul_ln61_25) to 3 in order to utilize available DSP registers.
INFO: [HLS 200-486] Changing DSP latency (root=mul_ln65_77) to 3 in order to utilize available DSP registers.
INFO: [HLS 200-486] Changing DSP latency (root=mul_ln65_76) to 3 in order to utilize available DSP registers.
INFO: [HLS 200-486] Changing DSP latency (root=mul_ln58_25) to 3 in order to utilize available DSP registers.
INFO: [HLS 200-486] Changing DSP latency (root=mul_ln65_66) to 3 in order to utilize available DSP registers.
INFO: [HLS 200-486] Changing DSP latency (root=tmp1650) to 3 in order to utilize available DSP registers.
INFO: [HLS 200-486] Changing DSP latency (root=tmp1633) to 3 in order to utilize available DSP registers.
INFO: [HLS 200-486] Changing DSP latency (root=tmp1644) to 3 in order to utilize available DSP registers.
INFO: [HLS 200-486] Changing DSP latency (root=tmp1630) to 3 in order to utilize available DSP registers.
INFO: [HLS 200-486] Changing DSP latency (root=tmp1653) to 3 in order to utilize available DSP registers.
INFO: [HLS 200-486] Changing DSP latency (root=mul_ln58_281) to 3 in order to utilize available DSP registers.
INFO: [HLS 200-486] Changing DSP latency (root=mul_ln61_23) to 3 in order to utilize available DSP registers.
INFO: [HLS 200-486] Changing DSP latency (root=mul_ln65_71) to 3 in order to utilize available DSP registers.
INFO: [HLS 200-486] Changing DSP latency (root=mul_ln65_70) to 3 in order to utilize available DSP registers.
INFO: [HLS 200-486] Changing DSP latency (root=mul_ln58_23) to 3 in order to utilize available DSP registers.
INFO: [HLS 200-486] Changing DSP latency (root=mul_ln65_60) to 3 in order to utilize available DSP registers.
INFO: [HLS 200-486] Changing DSP latency (root=tmp1592) to 3 in order to utilize available DSP registers.
INFO: [HLS 200-486] Changing DSP latency (root=tmp1575) to 3 in order to utilize available DSP registers.
INFO: [HLS 200-486] Changing DSP latency (root=tmp1586) to 3 in order to utilize available DSP registers.
INFO: [HLS 200-486] Changing DSP latency (root=tmp1572) to 3 in order to utilize available DSP registers.
INFO: [HLS 200-486] Changing DSP latency (root=tmp1595) to 3 in order to utilize available DSP registers.
INFO: [HLS 200-486] Changing DSP latency (root=mul_ln58_280) to 3 in order to utilize available DSP registers.
INFO: [HLS 200-486] Changing DSP latency (root=mul_ln61_21) to 3 in order to utilize available DSP registers.
INFO: [HLS 200-486] Changing DSP latency (root=mul_ln65_65) to 3 in order to utilize available DSP registers.
INFO: [HLS 200-486] Changing DSP latency (root=mul_ln65_64) to 3 in order to utilize available DSP registers.
INFO: [HLS 200-486] Changing DSP latency (root=mul_ln58_21) to 3 in order to utilize available DSP registers.
INFO: [HLS 200-486] Changing DSP latency (root=mul_ln65_54) to 3 in order to utilize available DSP registers.
INFO: [HLS 200-486] Changing DSP latency (root=tmp1534) to 3 in order to utilize available DSP registers.
INFO: [HLS 200-486] Changing DSP latency (root=tmp1517) to 3 in order to utilize available DSP registers.
INFO: [HLS 200-486] Changing DSP latency (root=tmp1528) to 3 in order to utilize available DSP registers.
INFO: [HLS 200-486] Changing DSP latency (root=tmp1514) to 3 in order to utilize available DSP registers.
INFO: [HLS 200-486] Changing DSP latency (root=tmp1537) to 3 in order to utilize available DSP registers.
INFO: [HLS 200-486] Changing DSP latency (root=mul_ln58_279) to 3 in order to utilize available DSP registers.
INFO: [HLS 200-486] Changing DSP latency (root=mul_ln61_19) to 3 in order to utilize available DSP registers.
INFO: [HLS 200-486] Changing DSP latency (root=mul_ln65_59) to 3 in order to utilize available DSP registers.
INFO: [HLS 200-486] Changing DSP latency (root=mul_ln65_58) to 3 in order to utilize available DSP registers.
INFO: [HLS 200-486] Changing DSP latency (root=mul_ln58_19) to 3 in order to utilize available DSP registers.
INFO: [HLS 200-486] Changing DSP latency (root=mul_ln65_48) to 3 in order to utilize available DSP registers.
INFO: [HLS 200-486] Changing DSP latency (root=tmp1476) to 3 in order to utilize available DSP registers.
INFO: [HLS 200-486] Changing DSP latency (root=tmp1459) to 3 in order to utilize available DSP registers.
INFO: [HLS 200-486] Changing DSP latency (root=tmp1470) to 3 in order to utilize available DSP registers.
INFO: [HLS 200-486] Changing DSP latency (root=tmp1456) to 3 in order to utilize available DSP registers.
INFO: [HLS 200-486] Changing DSP latency (root=tmp1479) to 3 in order to utilize available DSP registers.
INFO: [HLS 200-486] Changing DSP latency (root=mul_ln58_278) to 3 in order to utilize available DSP registers.
INFO: [HLS 200-486] Changing DSP latency (root=mul_ln61_17) to 3 in order to utilize available DSP registers.
INFO: [HLS 200-486] Changing DSP latency (root=mul_ln65_53) to 3 in order to utilize available DSP registers.
INFO: [HLS 200-486] Changing DSP latency (root=mul_ln65_52) to 3 in order to utilize available DSP registers.
INFO: [HLS 200-486] Changing DSP latency (root=mul_ln58_17) to 3 in order to utilize available DSP registers.
INFO: [HLS 200-486] Changing DSP latency (root=mul_ln65_42) to 3 in order to utilize available DSP registers.
INFO: [HLS 200-486] Changing DSP latency (root=tmp1418) to 3 in order to utilize available DSP registers.
INFO: [HLS 200-486] Changing DSP latency (root=tmp1401) to 3 in order to utilize available DSP registers.
INFO: [HLS 200-486] Changing DSP latency (root=tmp1412) to 3 in order to utilize available DSP registers.
INFO: [HLS 200-486] Changing DSP latency (root=tmp1398) to 3 in order to utilize available DSP registers.
INFO: [HLS 200-486] Changing DSP latency (root=tmp1421) to 3 in order to utilize available DSP registers.
INFO: [HLS 200-486] Changing DSP latency (root=mul_ln58_277) to 3 in order to utilize available DSP registers.
INFO: [HLS 200-486] Changing DSP latency (root=mul_ln61_15) to 3 in order to utilize available DSP registers.
INFO: [HLS 200-486] Changing DSP latency (root=mul_ln65_47) to 3 in order to utilize available DSP registers.
INFO: [HLS 200-486] Changing DSP latency (root=mul_ln65_46) to 3 in order to utilize available DSP registers.
INFO: [HLS 200-486] Changing DSP latency (root=mul_ln58_15) to 3 in order to utilize available DSP registers.
INFO: [HLS 200-486] Changing DSP latency (root=mul_ln65_36) to 3 in order to utilize available DSP registers.
INFO: [HLS 200-486] Changing DSP latency (root=tmp1360) to 3 in order to utilize available DSP registers.
INFO: [HLS 200-486] Changing DSP latency (root=tmp1343) to 3 in order to utilize available DSP registers.
INFO: [HLS 200-486] Changing DSP latency (root=tmp1354) to 3 in order to utilize available DSP registers.
INFO: [HLS 200-486] Changing DSP latency (root=tmp1340) to 3 in order to utilize available DSP registers.
INFO: [HLS 200-486] Changing DSP latency (root=tmp1363) to 3 in order to utilize available DSP registers.
INFO: [HLS 200-486] Changing DSP latency (root=mul_ln58_276) to 3 in order to utilize available DSP registers.
INFO: [HLS 200-486] Changing DSP latency (root=mul_ln61_13) to 3 in order to utilize available DSP registers.
INFO: [HLS 200-486] Changing DSP latency (root=mul_ln65_41) to 3 in order to utilize available DSP registers.
INFO: [HLS 200-486] Changing DSP latency (root=mul_ln65_40) to 3 in order to utilize available DSP registers.
INFO: [HLS 200-486] Changing DSP latency (root=mul_ln58_13) to 3 in order to utilize available DSP registers.
INFO: [HLS 200-486] Changing DSP latency (root=mul_ln65_30) to 3 in order to utilize available DSP registers.
INFO: [HLS 200-486] Changing DSP latency (root=tmp1302) to 3 in order to utilize available DSP registers.
INFO: [HLS 200-486] Changing DSP latency (root=tmp1285) to 3 in order to utilize available DSP registers.
INFO: [HLS 200-486] Changing DSP latency (root=tmp1296) to 3 in order to utilize available DSP registers.
INFO: [HLS 200-486] Changing DSP latency (root=tmp1282) to 3 in order to utilize available DSP registers.
INFO: [HLS 200-486] Changing DSP latency (root=tmp1305) to 3 in order to utilize available DSP registers.
INFO: [HLS 200-486] Changing DSP latency (root=mul_ln58_275) to 3 in order to utilize available DSP registers.
INFO: [HLS 200-486] Changing DSP latency (root=mul_ln61_11) to 3 in order to utilize available DSP registers.
INFO: [HLS 200-486] Changing DSP latency (root=mul_ln65_35) to 3 in order to utilize available DSP registers.
INFO: [HLS 200-486] Changing DSP latency (root=mul_ln65_34) to 3 in order to utilize available DSP registers.
INFO: [HLS 200-486] Changing DSP latency (root=mul_ln58_11) to 3 in order to utilize available DSP registers.
INFO: [HLS 200-486] Changing DSP latency (root=mul_ln65_24) to 3 in order to utilize available DSP registers.
INFO: [HLS 200-486] Changing DSP latency (root=tmp1244) to 3 in order to utilize available DSP registers.
INFO: [HLS 200-486] Changing DSP latency (root=tmp1227) to 3 in order to utilize available DSP registers.
INFO: [HLS 200-486] Changing DSP latency (root=tmp1238) to 3 in order to utilize available DSP registers.
INFO: [HLS 200-486] Changing DSP latency (root=tmp1224) to 3 in order to utilize available DSP registers.
INFO: [HLS 200-486] Changing DSP latency (root=tmp1247) to 3 in order to utilize available DSP registers.
INFO: [HLS 200-486] Changing DSP latency (root=mul_ln58_274) to 3 in order to utilize available DSP registers.
INFO: [HLS 200-486] Changing DSP latency (root=mul_ln61_9) to 3 in order to utilize available DSP registers.
INFO: [HLS 200-486] Changing DSP latency (root=mul_ln65_29) to 3 in order to utilize available DSP registers.
INFO: [HLS 200-486] Changing DSP latency (root=mul_ln65_28) to 3 in order to utilize available DSP registers.
INFO: [HLS 200-486] Changing DSP latency (root=mul_ln58_9) to 3 in order to utilize available DSP registers.
INFO: [HLS 200-486] Changing DSP latency (root=mul_ln65_18) to 3 in order to utilize available DSP registers.
INFO: [HLS 200-486] Changing DSP latency (root=tmp1186) to 3 in order to utilize available DSP registers.
INFO: [HLS 200-486] Changing DSP latency (root=tmp1169) to 3 in order to utilize available DSP registers.
INFO: [HLS 200-486] Changing DSP latency (root=tmp1180) to 3 in order to utilize available DSP registers.
INFO: [HLS 200-486] Changing DSP latency (root=tmp1166) to 3 in order to utilize available DSP registers.
INFO: [HLS 200-486] Changing DSP latency (root=tmp1189) to 3 in order to utilize available DSP registers.
INFO: [HLS 200-486] Changing DSP latency (root=mul_ln58_273) to 3 in order to utilize available DSP registers.
INFO: [HLS 200-486] Changing DSP latency (root=mul_ln61_7) to 3 in order to utilize available DSP registers.
INFO: [HLS 200-486] Changing DSP latency (root=mul_ln65_23) to 3 in order to utilize available DSP registers.
INFO: [HLS 200-486] Changing DSP latency (root=mul_ln65_22) to 3 in order to utilize available DSP registers.
INFO: [HLS 200-486] Changing DSP latency (root=mul_ln58_7) to 3 in order to utilize available DSP registers.
INFO: [HLS 200-486] Changing DSP latency (root=mul_ln65_12) to 3 in order to utilize available DSP registers.
INFO: [HLS 200-486] Changing DSP latency (root=tmp1128) to 3 in order to utilize available DSP registers.
INFO: [HLS 200-486] Changing DSP latency (root=tmp1111) to 3 in order to utilize available DSP registers.
INFO: [HLS 200-486] Changing DSP latency (root=tmp1122) to 3 in order to utilize available DSP registers.
INFO: [HLS 200-486] Changing DSP latency (root=tmp1108) to 3 in order to utilize available DSP registers.
INFO: [HLS 200-486] Changing DSP latency (root=tmp1131) to 3 in order to utilize available DSP registers.
INFO: [HLS 200-486] Changing DSP latency (root=mul_ln58_272) to 3 in order to utilize available DSP registers.
INFO: [HLS 200-486] Changing DSP latency (root=mul_ln61_5) to 3 in order to utilize available DSP registers.
INFO: [HLS 200-486] Changing DSP latency (root=mul_ln65_17) to 3 in order to utilize available DSP registers.
INFO: [HLS 200-486] Changing DSP latency (root=mul_ln65_16) to 3 in order to utilize available DSP registers.
INFO: [HLS 200-486] Changing DSP latency (root=mul_ln58_5) to 3 in order to utilize available DSP registers.
INFO: [HLS 200-486] Changing DSP latency (root=mul_ln65_6) to 3 in order to utilize available DSP registers.
INFO: [HLS 200-486] Changing DSP latency (root=tmp1070) to 3 in order to utilize available DSP registers.
INFO: [HLS 200-486] Changing DSP latency (root=tmp1053) to 3 in order to utilize available DSP registers.
INFO: [HLS 200-486] Changing DSP latency (root=tmp1064) to 3 in order to utilize available DSP registers.
INFO: [HLS 200-486] Changing DSP latency (root=tmp1050) to 3 in order to utilize available DSP registers.
INFO: [HLS 200-486] Changing DSP latency (root=tmp1073) to 3 in order to utilize available DSP registers.
INFO: [HLS 200-486] Changing DSP latency (root=mul_ln58_271) to 3 in order to utilize available DSP registers.
INFO: [HLS 200-486] Changing DSP latency (root=mul_ln61_3) to 3 in order to utilize available DSP registers.
INFO: [HLS 200-486] Changing DSP latency (root=mul_ln65_11) to 3 in order to utilize available DSP registers.
INFO: [HLS 200-486] Changing DSP latency (root=mul_ln65_10) to 3 in order to utilize available DSP registers.
INFO: [HLS 200-486] Changing DSP latency (root=mul_ln58_3) to 3 in order to utilize available DSP registers.
INFO: [HLS 200-486] Changing DSP latency (root=mul_ln65) to 3 in order to utilize available DSP registers.
INFO: [HLS 200-486] Changing DSP latency (root=tmp1012) to 3 in order to utilize available DSP registers.
INFO: [HLS 200-486] Changing DSP latency (root=tmp995) to 3 in order to utilize available DSP registers.
INFO: [HLS 200-486] Changing DSP latency (root=tmp1006) to 3 in order to utilize available DSP registers.
INFO: [HLS 200-486] Changing DSP latency (root=tmp992) to 3 in order to utilize available DSP registers.
INFO: [HLS 200-486] Changing DSP latency (root=tmp1015) to 3 in order to utilize available DSP registers.
INFO: [HLS 200-486] Changing DSP latency (root=mul_ln58_270) to 3 in order to utilize available DSP registers.
INFO: [HLS 200-486] Changing DSP latency (root=mul_ln61_1) to 3 in order to utilize available DSP registers.
INFO: [HLS 200-486] Changing DSP latency (root=mul_ln65_5) to 3 in order to utilize available DSP registers.
INFO: [HLS 200-486] Changing DSP latency (root=mul_ln65_4) to 3 in order to utilize available DSP registers.
INFO: [HLS 200-486] Changing DSP latency (root=mul_ln58_1) to 3 in order to utilize available DSP registers.
WARNING: [HLS 200-1015] Estimated delay Estimated delay (3.24ns)  of 'sitofp' operation ('conv', /data/home/songqiangxu/project/CNN/src/conv_br.h:80) exceeds the target cycle time (target cycle time: 2.5ns, clock uncertainty: 0.675ns, effective cycle time: 1.83ns).

Resolution: For help on HLS 200-1015 see www.xilinx.com/cgi-bin/docs/rdoc?v=2022.1;t=hls+guidance;d=200-1015.html
INFO: [SCHED 204-61] Pipelining loop 'Loop 1'.
INFO: [HLS 200-1470] Pipelining result : Target II = NA, Final II = 1, Depth = 86, loop 'Loop 1'
WARNING: [HLS 200-871] Estimated clock period (3.239ns) exceeds the target (target clock period: 2.5ns, clock uncertainty: 0.675ns, effective delay budget: 1.825ns).
Resolution: For help on HLS 200-871 see www.xilinx.com/cgi-bin/docs/rdoc?v=2022.1;t=hls+guidance;d=200-871.html
WARNING: [HLS 200-1016] The critical path in module 'do_conv_br' consists of the following:	'sitofp' operation ('conv98_1', /data/home/songqiangxu/project/CNN/src/conv_br.h:80) [11909]  (3.24 ns)

Resolution: For help on HLS 200-1016 see www.xilinx.com/cgi-bin/docs/rdoc?v=2022.1;t=hls+guidance;d=200-1016.html
INFO: [SCHED 204-11] Finished scheduling.
INFO: [HLS 200-111] Finished Scheduling: CPU user time: 173.23 seconds. CPU system time: 2.75 seconds. Elapsed time: 176.02 seconds; current allocated memory: 2.825 GB.
INFO: [BIND 205-100] Starting micro-architecture generation ...
INFO: [BIND 205-101] Performing variable lifetime analysis.
INFO: [BIND 205-101] Exploring resource sharing.
INFO: [BIND 205-101] Binding ...
INFO: [BIND 205-100] Finished micro-architecture generation.
INFO: [HLS 200-111] Finished Binding: CPU user time: 297.95 seconds. CPU system time: 0.38 seconds. Elapsed time: 298.36 seconds; current allocated memory: 2.825 GB.
INFO: [HLS 200-10] ----------------------------------------------------------------
INFO: [HLS 200-42] -- Implementing module 'requant_to_concat_domain' 
INFO: [HLS 200-10] ----------------------------------------------------------------
INFO: [SCHED 204-11] Starting scheduling ...
WARNING: [HLS 200-1015] Estimated delay Estimated delay (3.24ns)  of 'sitofp' operation ('conv2', /data/home/songqiangxu/project/CNN/src/concat.h:55) exceeds the target cycle time (target cycle time: 2.5ns, clock uncertainty: 0.675ns, effective cycle time: 1.83ns).

Resolution: For help on HLS 200-1015 see www.xilinx.com/cgi-bin/docs/rdoc?v=2022.1;t=hls+guidance;d=200-1015.html
INFO: [SCHED 204-61] Pipelining function 'requant_to_concat_domain'.
INFO: [HLS 200-1470] Pipelining result : Target II = 0, Final II = 1, Depth = 88, function 'requant_to_concat_domain'
WARNING: [HLS 200-871] Estimated clock period (3.239ns) exceeds the target (target clock period: 2.5ns, clock uncertainty: 0.675ns, effective delay budget: 1.825ns).
Resolution: For help on HLS 200-871 see www.xilinx.com/cgi-bin/docs/rdoc?v=2022.1;t=hls+guidance;d=200-871.html
WARNING: [HLS 200-1016] The critical path in module 'requant_to_concat_domain' consists of the following:	'sitofp' operation ('conv2', /data/home/songqiangxu/project/CNN/src/concat.h:55) [11]  (3.24 ns)

Resolution: For help on HLS 200-1016 see www.xilinx.com/cgi-bin/docs/rdoc?v=2022.1;t=hls+guidance;d=200-1016.html
INFO: [SCHED 204-11] Finished scheduling.
INFO: [HLS 200-111] Finished Scheduling: CPU user time: 71.76 seconds. CPU system time: 0.39 seconds. Elapsed time: 72.16 seconds; current allocated memory: 2.825 GB.
INFO: [BIND 205-100] Starting micro-architecture generation ...
INFO: [BIND 205-101] Performing variable lifetime analysis.
INFO: [BIND 205-101] Exploring resource sharing.
INFO: [BIND 205-101] Binding ...
INFO: [BIND 205-100] Finished micro-architecture generation.
INFO: [HLS 200-111] Finished Binding: CPU user time: 2.6 seconds. CPU system time: 0.01 seconds. Elapsed time: 2.6 seconds; current allocated memory: 2.825 GB.
INFO: [HLS 200-10] ----------------------------------------------------------------
INFO: [HLS 200-42] -- Implementing module 'do_concat_Pipeline_1' 
INFO: [HLS 200-10] ----------------------------------------------------------------
INFO: [SCHED 204-11] Starting scheduling ...
WARNING: [HLS 200-1015] Estimated delay Estimated delay (3.24ns)  of 'call' operation ('ref_tmp_assign_s', /data/home/songqiangxu/project/CNN/src/concat.h:86) to 'requant_to_concat_domain' exceeds the target cycle time (target cycle time: 2.5ns, clock uncertainty: 0.675ns, effective cycle time: 1.83ns).

Resolution: For help on HLS 200-1015 see www.xilinx.com/cgi-bin/docs/rdoc?v=2022.1;t=hls+guidance;d=200-1015.html
INFO: [SCHED 204-61] Pipelining loop 'Loop 1'.
INFO: [HLS 200-1470] Pipelining result : Target II = 1, Final II = 1, Depth = 92, loop 'Loop 1'
WARNING: [HLS 200-871] Estimated clock period (3.239ns) exceeds the target (target clock period: 2.5ns, clock uncertainty: 0.675ns, effective delay budget: 1.825ns).
Resolution: For help on HLS 200-871 see www.xilinx.com/cgi-bin/docs/rdoc?v=2022.1;t=hls+guidance;d=200-871.html
WARNING: [HLS 200-1016] The critical path in module 'do_concat_Pipeline_1' consists of the following:	'call' operation ('ref_tmp_assign_s', /data/home/songqiangxu/project/CNN/src/concat.h:86) to 'requant_to_concat_domain' [1822]  (3.24 ns)

Resolution: For help on HLS 200-1016 see www.xilinx.com/cgi-bin/docs/rdoc?v=2022.1;t=hls+guidance;d=200-1016.html
INFO: [SCHED 204-11] Finished scheduling.
INFO: [HLS 200-111] Finished Scheduling: CPU user time: 3.38 seconds. CPU system time: 0.03 seconds. Elapsed time: 3.41 seconds; current allocated memory: 2.852 GB.
INFO: [BIND 205-100] Starting micro-architecture generation ...
INFO: [BIND 205-101] Performing variable lifetime analysis.
INFO: [BIND 205-101] Exploring resource sharing.
INFO: [BIND 205-101] Binding ...
INFO: [BIND 205-100] Finished micro-architecture generation.
INFO: [HLS 200-111] Finished Binding: CPU user time: 22.3 seconds. CPU system time: 0.1 seconds. Elapsed time: 22.4 seconds; current allocated memory: 2.940 GB.
INFO: [HLS 200-10] ----------------------------------------------------------------
INFO: [HLS 200-42] -- Implementing module 'do_concat_Pipeline_2' 
INFO: [HLS 200-10] ----------------------------------------------------------------
INFO: [SCHED 204-11] Starting scheduling ...
INFO: [SCHED 204-61] Pipelining loop 'Loop 1'.
WARNING: [HLS 200-880] The II Violation in module 'do_concat_Pipeline_2' (loop 'Loop 1'): Unable to enforce a carried dependence constraint (II = 1, distance = 1, offset = 1) between 'add' operation ('add_ln108', /data/home/songqiangxu/project/CNN/src/concat.h:108) and 'icmp' operation ('icmp_ln108', /data/home/songqiangxu/project/CNN/src/concat.h:108).
Resolution: For help on HLS 200-880 see www.xilinx.com/cgi-bin/docs/rdoc?v=2022.1;t=hls+guidance;d=200-880.html
WARNING: [HLS 200-880] The II Violation in module 'do_concat_Pipeline_2' (loop 'Loop 1'): Unable to enforce a carried dependence constraint (II = 2, distance = 1, offset = 1) between 'add' operation ('add_ln108', /data/home/songqiangxu/project/CNN/src/concat.h:108) and 'icmp' operation ('icmp_ln108', /data/home/songqiangxu/project/CNN/src/concat.h:108).
Resolution: For help on HLS 200-880 see www.xilinx.com/cgi-bin/docs/rdoc?v=2022.1;t=hls+guidance;d=200-880.html
INFO: [HLS 200-1470] Pipelining result : Target II = NA, Final II = 3, Depth = 9, loop 'Loop 1'
INFO: [SCHED 204-11] Finished scheduling.
INFO: [HLS 200-111] Finished Scheduling: CPU user time: 61.32 seconds. CPU system time: 0.15 seconds. Elapsed time: 61.49 seconds; current allocated memory: 2.950 GB.
INFO: [BIND 205-100] Starting micro-architecture generation ...
INFO: [BIND 205-101] Performing variable lifetime analysis.
INFO: [BIND 205-101] Exploring resource sharing.
INFO: [BIND 205-101] Binding ...
INFO: [BIND 205-100] Finished micro-architecture generation.
INFO: [HLS 200-111] Finished Binding: CPU user time: 0.42 seconds. CPU system time: 0.01 seconds. Elapsed time: 0.42 seconds; current allocated memory: 2.950 GB.
INFO: [HLS 200-10] ----------------------------------------------------------------
INFO: [HLS 200-42] -- Implementing module 'do_concat_Pipeline_3' 
INFO: [HLS 200-10] ----------------------------------------------------------------
INFO: [SCHED 204-11] Starting scheduling ...
INFO: [SCHED 204-61] Pipelining loop 'Loop 1'.
WARNING: [HLS 200-880] The II Violation in module 'do_concat_Pipeline_3' (loop 'Loop 1'): Unable to enforce a carried dependence constraint (II = 1, distance = 1, offset = 1) between 'add' operation ('add_ln119', /data/home/songqiangxu/project/CNN/src/concat.h:119) and 'icmp' operation ('icmp_ln119', /data/home/songqiangxu/project/CNN/src/concat.h:119).
Resolution: For help on HLS 200-880 see www.xilinx.com/cgi-bin/docs/rdoc?v=2022.1;t=hls+guidance;d=200-880.html
WARNING: [HLS 200-880] The II Violation in module 'do_concat_Pipeline_3' (loop 'Loop 1'): Unable to enforce a carried dependence constraint (II = 2, distance = 1, offset = 1) between 'add' operation ('add_ln119', /data/home/songqiangxu/project/CNN/src/concat.h:119) and 'icmp' operation ('icmp_ln119', /data/home/songqiangxu/project/CNN/src/concat.h:119).
Resolution: For help on HLS 200-880 see www.xilinx.com/cgi-bin/docs/rdoc?v=2022.1;t=hls+guidance;d=200-880.html
INFO: [HLS 200-1470] Pipelining result : Target II = NA, Final II = 3, Depth = 9, loop 'Loop 1'
INFO: [SCHED 204-11] Finished scheduling.
INFO: [HLS 200-111] Finished Scheduling: CPU user time: 1.31 seconds. CPU system time: 0.02 seconds. Elapsed time: 1.33 seconds; current allocated memory: 2.956 GB.
INFO: [BIND 205-100] Starting micro-architecture generation ...
INFO: [BIND 205-101] Performing variable lifetime analysis.
INFO: [BIND 205-101] Exploring resource sharing.
INFO: [BIND 205-101] Binding ...
INFO: [BIND 205-100] Finished micro-architecture generation.
INFO: [HLS 200-111] Finished Binding: CPU user time: 0.42 seconds. CPU system time: 0 seconds. Elapsed time: 0.42 seconds; current allocated memory: 2.956 GB.
INFO: [HLS 200-10] ----------------------------------------------------------------
INFO: [HLS 200-42] -- Implementing module 'do_concat_Pipeline_4' 
INFO: [HLS 200-10] ----------------------------------------------------------------
INFO: [SCHED 204-11] Starting scheduling ...
INFO: [SCHED 204-61] Pipelining loop 'Loop 1'.
WARNING: [HLS 200-880] The II Violation in module 'do_concat_Pipeline_4' (loop 'Loop 1'): Unable to enforce a carried dependence constraint (II = 1, distance = 1, offset = 1) between 'add' operation ('add_ln130', /data/home/songqiangxu/project/CNN/src/concat.h:130) and 'icmp' operation ('icmp_ln130', /data/home/songqiangxu/project/CNN/src/concat.h:130).
Resolution: For help on HLS 200-880 see www.xilinx.com/cgi-bin/docs/rdoc?v=2022.1;t=hls+guidance;d=200-880.html
WARNING: [HLS 200-880] The II Violation in module 'do_concat_Pipeline_4' (loop 'Loop 1'): Unable to enforce a carried dependence constraint (II = 2, distance = 1, offset = 1) between 'add' operation ('add_ln130', /data/home/songqiangxu/project/CNN/src/concat.h:130) and 'icmp' operation ('icmp_ln130', /data/home/songqiangxu/project/CNN/src/concat.h:130).
Resolution: For help on HLS 200-880 see www.xilinx.com/cgi-bin/docs/rdoc?v=2022.1;t=hls+guidance;d=200-880.html
INFO: [HLS 200-1470] Pipelining result : Target II = NA, Final II = 3, Depth = 9, loop 'Loop 1'
INFO: [SCHED 204-11] Finished scheduling.
INFO: [HLS 200-111] Finished Scheduling: CPU user time: 1.4 seconds. CPU system time: 0.02 seconds. Elapsed time: 1.41 seconds; current allocated memory: 2.963 GB.
INFO: [BIND 205-100] Starting micro-architecture generation ...
INFO: [BIND 205-101] Performing variable lifetime analysis.
INFO: [BIND 205-101] Exploring resource sharing.
INFO: [BIND 205-101] Binding ...
INFO: [BIND 205-100] Finished micro-architecture generation.
INFO: [HLS 200-111] Finished Binding: CPU user time: 0.43 seconds. CPU system time: 0.01 seconds. Elapsed time: 0.44 seconds; current allocated memory: 2.963 GB.
INFO: [HLS 200-10] ----------------------------------------------------------------
INFO: [HLS 200-42] -- Implementing module 'do_concat' 
INFO: [HLS 200-10] ----------------------------------------------------------------
INFO: [SCHED 204-11] Starting scheduling ...
INFO: [SCHED 204-11] Finished scheduling.
INFO: [HLS 200-111] Finished Scheduling: CPU user time: 0.62 seconds. CPU system time: 0.01 seconds. Elapsed time: 0.63 seconds; current allocated memory: 2.968 GB.
INFO: [BIND 205-100] Starting micro-architecture generation ...
INFO: [BIND 205-101] Performing variable lifetime analysis.
INFO: [BIND 205-101] Exploring resource sharing.
INFO: [BIND 205-101] Binding ...
INFO: [BIND 205-100] Finished micro-architecture generation.
INFO: [HLS 200-111] Finished Binding: CPU user time: 22.36 seconds. CPU system time: 0.06 seconds. Elapsed time: 22.42 seconds; current allocated memory: 2.969 GB.
INFO: [HLS 200-10] ----------------------------------------------------------------
INFO: [HLS 200-42] -- Implementing module 'do_conv_spatial_Pipeline_1' 
INFO: [HLS 200-10] ----------------------------------------------------------------
INFO: [SCHED 204-11] Starting scheduling ...
INFO: [SCHED 204-61] Pipelining loop 'Loop 1'.
INFO: [HLS 200-1470] Pipelining result : Target II = 1, Final II = 1, Depth = 8, loop 'Loop 1'
WARNING: [HLS 200-871] Estimated clock period (2.18863ns) exceeds the target (target clock period: 2.5ns, clock uncertainty: 0.675ns, effective delay budget: 1.825ns).
Resolution: For help on HLS 200-871 see www.xilinx.com/cgi-bin/docs/rdoc?v=2022.1;t=hls+guidance;d=200-871.html
WARNING: [HLS 200-1016] The critical path in module 'do_conv_spatial_Pipeline_1' consists of the following:	'alloca' operation ('t') [604]  (0 ns)
	'load' operation ('t', /data/home/songqiangxu/project/CNN/src/conv2d.h:119) on local variable 't' [1211]  (0 ns)
	'add' operation ('add_ln119', /data/home/songqiangxu/project/CNN/src/conv2d.h:119) [1214]  (1.36 ns)
	'store' operation ('t_3_write_ln119', /data/home/songqiangxu/project/CNN/src/conv2d.h:119) of variable 'add_ln119', /data/home/songqiangxu/project/CNN/src/conv2d.h:119 on local variable 't' [3785]  (0.833 ns)

Resolution: For help on HLS 200-1016 see www.xilinx.com/cgi-bin/docs/rdoc?v=2022.1;t=hls+guidance;d=200-1016.html
INFO: [SCHED 204-11] Finished scheduling.
INFO: [HLS 200-111] Finished Scheduling: CPU user time: 63.47 seconds. CPU system time: 0.04 seconds. Elapsed time: 63.51 seconds; current allocated memory: 2.989 GB.
INFO: [BIND 205-100] Starting micro-architecture generation ...
INFO: [BIND 205-101] Performing variable lifetime analysis.
INFO: [BIND 205-101] Exploring resource sharing.
INFO: [BIND 205-101] Binding ...
INFO: [BIND 205-100] Finished micro-architecture generation.
INFO: [HLS 200-111] Finished Binding: CPU user time: 0.95 seconds. CPU system time: 0.01 seconds. Elapsed time: 0.96 seconds; current allocated memory: 2.989 GB.
INFO: [HLS 200-10] ----------------------------------------------------------------
INFO: [HLS 200-42] -- Implementing module 'do_conv_spatial_Pipeline_2' 
INFO: [HLS 200-10] ----------------------------------------------------------------
INFO: [SCHED 204-11] Starting scheduling ...
INFO: [HLS 200-486] Changing DSP latency (root=mul_ln140_566) to 3 in order to utilize available DSP registers.
INFO: [HLS 200-486] Changing DSP latency (root=mul_ln140_574) to 3 in order to utilize available DSP registers.
INFO: [HLS 200-486] Changing DSP latency (root=mul_ln140_503) to 3 in order to utilize available DSP registers.
INFO: [HLS 200-486] Changing DSP latency (root=mul_ln140_575) to 3 in order to utilize available DSP registers.
INFO: [HLS 200-486] Changing DSP latency (root=mul_ln140_572) to 3 in order to utilize available DSP registers.
INFO: [HLS 200-486] Changing DSP latency (root=mul_ln140_569) to 3 in order to utilize available DSP registers.
INFO: [HLS 200-486] Changing DSP latency (root=mul_ln140_567) to 3 in order to utilize available DSP registers.
INFO: [HLS 200-486] Changing DSP latency (root=mul_ln140_564) to 3 in order to utilize available DSP registers.
INFO: [HLS 200-486] Changing DSP latency (root=mul_ln140_562) to 3 in order to utilize available DSP registers.
INFO: [HLS 200-486] Changing DSP latency (root=mul_ln140_560) to 3 in order to utilize available DSP registers.
INFO: [HLS 200-486] Changing DSP latency (root=mul_ln140_557) to 3 in order to utilize available DSP registers.
INFO: [HLS 200-486] Changing DSP latency (root=mul_ln140_555) to 3 in order to utilize available DSP registers.
INFO: [HLS 200-486] Changing DSP latency (root=mul_ln140_553) to 3 in order to utilize available DSP registers.
INFO: [HLS 200-486] Changing DSP latency (root=mul_ln140_550) to 3 in order to utilize available DSP registers.
INFO: [HLS 200-486] Changing DSP latency (root=mul_ln140_548) to 3 in order to utilize available DSP registers.
INFO: [HLS 200-486] Changing DSP latency (root=mul_ln140_546) to 3 in order to utilize available DSP registers.
INFO: [HLS 200-486] Changing DSP latency (root=mul_ln140_544) to 3 in order to utilize available DSP registers.
INFO: [HLS 200-486] Changing DSP latency (root=mul_ln140_542) to 3 in order to utilize available DSP registers.
INFO: [HLS 200-486] Changing DSP latency (root=mul_ln140_540) to 3 in order to utilize available DSP registers.
INFO: [HLS 200-486] Changing DSP latency (root=mul_ln140_538) to 3 in order to utilize available DSP registers.
INFO: [HLS 200-486] Changing DSP latency (root=mul_ln140_536) to 3 in order to utilize available DSP registers.
INFO: [HLS 200-486] Changing DSP latency (root=mul_ln140_534) to 3 in order to utilize available DSP registers.
INFO: [HLS 200-486] Changing DSP latency (root=mul_ln140_532) to 3 in order to utilize available DSP registers.
INFO: [HLS 200-486] Changing DSP latency (root=mul_ln140_530) to 3 in order to utilize available DSP registers.
INFO: [HLS 200-486] Changing DSP latency (root=mul_ln140_528) to 3 in order to utilize available DSP registers.
INFO: [HLS 200-486] Changing DSP latency (root=mul_ln140_526) to 3 in order to utilize available DSP registers.
INFO: [HLS 200-486] Changing DSP latency (root=mul_ln140_524) to 3 in order to utilize available DSP registers.
INFO: [HLS 200-486] Changing DSP latency (root=mul_ln140_522) to 3 in order to utilize available DSP registers.
INFO: [HLS 200-486] Changing DSP latency (root=mul_ln140_520) to 3 in order to utilize available DSP registers.
INFO: [HLS 200-486] Changing DSP latency (root=mul_ln140_518) to 3 in order to utilize available DSP registers.
INFO: [HLS 200-486] Changing DSP latency (root=mul_ln140_516) to 3 in order to utilize available DSP registers.
INFO: [HLS 200-486] Changing DSP latency (root=mul_ln140_513) to 3 in order to utilize available DSP registers.
INFO: [HLS 200-486] Changing DSP latency (root=mul_ln140_511) to 3 in order to utilize available DSP registers.
INFO: [HLS 200-486] Changing DSP latency (root=mul_ln140_509) to 3 in order to utilize available DSP registers.
INFO: [HLS 200-486] Changing DSP latency (root=mul_ln140_507) to 3 in order to utilize available DSP registers.
INFO: [HLS 200-486] Changing DSP latency (root=mul_ln140_504) to 3 in order to utilize available DSP registers.
INFO: [HLS 200-486] Changing DSP latency (root=mul_ln140_500) to 3 in order to utilize available DSP registers.
INFO: [HLS 200-486] Changing DSP latency (root=mul_ln140_498) to 3 in order to utilize available DSP registers.
INFO: [HLS 200-486] Changing DSP latency (root=mul_ln140_496) to 3 in order to utilize available DSP registers.
INFO: [HLS 200-486] Changing DSP latency (root=mul_ln140_493) to 3 in order to utilize available DSP registers.
INFO: [HLS 200-486] Changing DSP latency (root=mul_ln140_490) to 3 in order to utilize available DSP registers.
INFO: [HLS 200-486] Changing DSP latency (root=mul_ln140_488) to 3 in order to utilize available DSP registers.
INFO: [HLS 200-486] Changing DSP latency (root=mul_ln140_486) to 3 in order to utilize available DSP registers.
INFO: [HLS 200-486] Changing DSP latency (root=mul_ln140_484) to 3 in order to utilize available DSP registers.
INFO: [HLS 200-486] Changing DSP latency (root=mul_ln140_481) to 3 in order to utilize available DSP registers.
INFO: [HLS 200-486] Changing DSP latency (root=mul_ln140_479) to 3 in order to utilize available DSP registers.
INFO: [HLS 200-486] Changing DSP latency (root=mul_ln140_477) to 3 in order to utilize available DSP registers.
INFO: [HLS 200-486] Changing DSP latency (root=mul_ln140_475) to 3 in order to utilize available DSP registers.
INFO: [HLS 200-486] Changing DSP latency (root=mul_ln140_473) to 3 in order to utilize available DSP registers.
INFO: [HLS 200-486] Changing DSP latency (root=mul_ln140_471) to 3 in order to utilize available DSP registers.
INFO: [HLS 200-486] Changing DSP latency (root=mul_ln140_469) to 3 in order to utilize available DSP registers.
INFO: [HLS 200-486] Changing DSP latency (root=mul_ln140_467) to 3 in order to utilize available DSP registers.
INFO: [HLS 200-486] Changing DSP latency (root=mul_ln140_465) to 3 in order to utilize available DSP registers.
INFO: [HLS 200-486] Changing DSP latency (root=mul_ln140_463) to 3 in order to utilize available DSP registers.
INFO: [HLS 200-486] Changing DSP latency (root=mul_ln140_461) to 3 in order to utilize available DSP registers.
INFO: [HLS 200-486] Changing DSP latency (root=mul_ln140_459) to 3 in order to utilize available DSP registers.
INFO: [HLS 200-486] Changing DSP latency (root=mul_ln140_457) to 3 in order to utilize available DSP registers.
INFO: [HLS 200-486] Changing DSP latency (root=mul_ln140_455) to 3 in order to utilize available DSP registers.
INFO: [HLS 200-486] Changing DSP latency (root=mul_ln140_453) to 3 in order to utilize available DSP registers.
INFO: [HLS 200-486] Changing DSP latency (root=mul_ln140_451) to 3 in order to utilize available DSP registers.
INFO: [HLS 200-486] Changing DSP latency (root=mul_ln140_559) to 3 in order to utilize available DSP registers.
INFO: [HLS 200-486] Changing DSP latency (root=mul_ln587_19) to 3 in order to utilize available DSP registers.
INFO: [HLS 200-486] Changing DSP latency (root=mul_ln140_514) to 3 in order to utilize available DSP registers.
INFO: [HLS 200-486] Changing DSP latency (root=mul_ln140_502) to 3 in order to utilize available DSP registers.
INFO: [HLS 200-486] Changing DSP latency (root=mul_ln140_492) to 3 in order to utilize available DSP registers.
INFO: [HLS 200-486] Changing DSP latency (root=mul_ln140_431) to 3 in order to utilize available DSP registers.
INFO: [HLS 200-486] Changing DSP latency (root=mul_ln140_396) to 3 in order to utilize available DSP registers.
INFO: [HLS 200-486] Changing DSP latency (root=mul_ln140_362) to 3 in order to utilize available DSP registers.
INFO: [HLS 200-486] Changing DSP latency (root=mul_ln140_367) to 3 in order to utilize available DSP registers.
INFO: [HLS 200-486] Changing DSP latency (root=mul_ln140_361) to 3 in order to utilize available DSP registers.
INFO: [HLS 200-486] Changing DSP latency (root=mul_ln140_358) to 3 in order to utilize available DSP registers.
INFO: [HLS 200-486] Changing DSP latency (root=mul_ln140_345) to 3 in order to utilize available DSP registers.
INFO: [HLS 200-486] Changing DSP latency (root=mul_ln140_352) to 3 in order to utilize available DSP registers.
INFO: [HLS 200-486] Changing DSP latency (root=mul_ln140_342) to 3 in order to utilize available DSP registers.
INFO: [HLS 200-486] Changing DSP latency (root=mul_ln140_328) to 3 in order to utilize available DSP registers.
INFO: [HLS 200-486] Changing DSP latency (root=mul_ln140_313) to 3 in order to utilize available DSP registers.
INFO: [HLS 200-486] Changing DSP latency (root=mul_ln140_321) to 3 in order to utilize available DSP registers.
INFO: [HLS 200-486] Changing DSP latency (root=mul_ln140_312) to 3 in order to utilize available DSP registers.
INFO: [HLS 200-486] Changing DSP latency (root=mul_ln140_305) to 3 in order to utilize available DSP registers.
INFO: [HLS 200-486] Changing DSP latency (root=mul_ln140_285) to 3 in order to utilize available DSP registers.
INFO: [HLS 200-486] Changing DSP latency (root=mul_ln140_297) to 3 in order to utilize available DSP registers.
INFO: [HLS 200-486] Changing DSP latency (root=mul_ln140_279) to 3 in order to utilize available DSP registers.
INFO: [HLS 200-486] Changing DSP latency (root=mul_ln140_247) to 3 in order to utilize available DSP registers.
INFO: [HLS 200-486] Changing DSP latency (root=mul_ln140_446) to 3 in order to utilize available DSP registers.
INFO: [HLS 200-486] Changing DSP latency (root=mul_ln140_448) to 3 in order to utilize available DSP registers.
INFO: [HLS 200-486] Changing DSP latency (root=mul_ln140_445) to 3 in order to utilize available DSP registers.
INFO: [HLS 200-486] Changing DSP latency (root=mul_ln140_443) to 3 in order to utilize available DSP registers.
INFO: [HLS 200-486] Changing DSP latency (root=mul_ln140_438) to 3 in order to utilize available DSP registers.
INFO: [HLS 200-486] Changing DSP latency (root=mul_ln140_440) to 3 in order to utilize available DSP registers.
INFO: [HLS 200-486] Changing DSP latency (root=mul_ln140_437) to 3 in order to utilize available DSP registers.
INFO: [HLS 200-486] Changing DSP latency (root=mul_ln140_435) to 3 in order to utilize available DSP registers.
INFO: [HLS 200-486] Changing DSP latency (root=mul_ln140_430) to 3 in order to utilize available DSP registers.
INFO: [HLS 200-486] Changing DSP latency (root=mul_ln140_433) to 3 in order to utilize available DSP registers.
INFO: [HLS 200-486] Changing DSP latency (root=mul_ln140_426) to 3 in order to utilize available DSP registers.
INFO: [HLS 200-486] Changing DSP latency (root=mul_ln140_429) to 3 in order to utilize available DSP registers.
INFO: [HLS 200-486] Changing DSP latency (root=mul_ln140_423) to 3 in order to utilize available DSP registers.
INFO: [HLS 200-486] Changing DSP latency (root=mul_ln140_425) to 3 in order to utilize available DSP registers.
INFO: [HLS 200-486] Changing DSP latency (root=mul_ln140_422) to 3 in order to utilize available DSP registers.
INFO: [HLS 200-486] Changing DSP latency (root=mul_ln140_419) to 3 in order to utilize available DSP registers.
INFO: [HLS 200-486] Changing DSP latency (root=mul_ln140_414) to 3 in order to utilize available DSP registers.
INFO: [HLS 200-486] Changing DSP latency (root=mul_ln140_416) to 3 in order to utilize available DSP registers.
INFO: [HLS 200-486] Changing DSP latency (root=mul_ln140_413) to 3 in order to utilize available DSP registers.
INFO: [HLS 200-486] Changing DSP latency (root=mul_ln140_411) to 3 in order to utilize available DSP registers.
INFO: [HLS 200-486] Changing DSP latency (root=mul_ln140_405) to 3 in order to utilize available DSP registers.
INFO: [HLS 200-486] Changing DSP latency (root=mul_ln140_409) to 3 in order to utilize available DSP registers.
INFO: [HLS 200-486] Changing DSP latency (root=mul_ln140_404) to 3 in order to utilize available DSP registers.
INFO: [HLS 200-486] Changing DSP latency (root=mul_ln140_402) to 3 in order to utilize available DSP registers.
INFO: [HLS 200-486] Changing DSP latency (root=mul_ln140_395) to 3 in order to utilize available DSP registers.
INFO: [HLS 200-486] Changing DSP latency (root=mul_ln140_400) to 3 in order to utilize available DSP registers.
INFO: [HLS 200-486] Changing DSP latency (root=mul_ln140_394) to 3 in order to utilize available DSP registers.
INFO: [HLS 200-486] Changing DSP latency (root=mul_ln140_392) to 3 in order to utilize available DSP registers.
INFO: [HLS 200-486] Changing DSP latency (root=mul_ln140_387) to 3 in order to utilize available DSP registers.
INFO: [HLS 200-486] Changing DSP latency (root=mul_ln140_389) to 3 in order to utilize available DSP registers.
INFO: [HLS 200-486] Changing DSP latency (root=mul_ln140_386) to 3 in order to utilize available DSP registers.
INFO: [HLS 200-486] Changing DSP latency (root=mul_ln140_384) to 3 in order to utilize available DSP registers.
INFO: [HLS 200-486] Changing DSP latency (root=mul_ln140_380) to 3 in order to utilize available DSP registers.
INFO: [HLS 200-486] Changing DSP latency (root=mul_ln140_382) to 3 in order to utilize available DSP registers.
INFO: [HLS 200-486] Changing DSP latency (root=mul_ln140_379) to 3 in order to utilize available DSP registers.
INFO: [HLS 200-486] Changing DSP latency (root=mul_ln140_377) to 3 in order to utilize available DSP registers.
INFO: [HLS 200-486] Changing DSP latency (root=mul_ln140_373) to 3 in order to utilize available DSP registers.
INFO: [HLS 200-486] Changing DSP latency (root=mul_ln140_375) to 3 in order to utilize available DSP registers.
INFO: [HLS 200-486] Changing DSP latency (root=mul_ln140_372) to 3 in order to utilize available DSP registers.
INFO: [HLS 200-486] Changing DSP latency (root=mul_ln140_370) to 3 in order to utilize available DSP registers.
INFO: [HLS 200-486] Changing DSP latency (root=mul_ln140_364) to 3 in order to utilize available DSP registers.
INFO: [HLS 200-486] Changing DSP latency (root=mul_ln140_368) to 3 in order to utilize available DSP registers.
INFO: [HLS 200-486] Changing DSP latency (root=mul_ln140_356) to 3 in order to utilize available DSP registers.
INFO: [HLS 200-486] Changing DSP latency (root=mul_ln140_363) to 3 in order to utilize available DSP registers.
INFO: [HLS 200-486] Changing DSP latency (root=mul_ln140_353) to 3 in order to utilize available DSP registers.
INFO: [HLS 200-486] Changing DSP latency (root=mul_ln140_355) to 3 in order to utilize available DSP registers.
INFO: [HLS 200-486] Changing DSP latency (root=mul_ln140_350) to 3 in order to utilize available DSP registers.
INFO: [HLS 200-486] Changing DSP latency (root=mul_ln140_348) to 3 in order to utilize available DSP registers.
INFO: [HLS 200-486] Changing DSP latency (root=mul_ln140_343) to 3 in order to utilize available DSP registers.
INFO: [HLS 200-486] Changing DSP latency (root=mul_ln140_346) to 3 in order to utilize available DSP registers.
INFO: [HLS 200-486] Changing DSP latency (root=mul_ln140_341) to 3 in order to utilize available DSP registers.
INFO: [HLS 200-486] Changing DSP latency (root=mul_ln140_339) to 3 in order to utilize available DSP registers.
INFO: [HLS 200-486] Changing DSP latency (root=mul_ln140_335) to 3 in order to utilize available DSP registers.
INFO: [HLS 200-486] Changing DSP latency (root=mul_ln140_337) to 3 in order to utilize available DSP registers.
INFO: [HLS 200-486] Changing DSP latency (root=mul_ln140_334) to 3 in order to utilize available DSP registers.
INFO: [HLS 200-486] Changing DSP latency (root=mul_ln140_332) to 3 in order to utilize available DSP registers.
INFO: [HLS 200-486] Changing DSP latency (root=mul_ln140_326) to 3 in order to utilize available DSP registers.
INFO: [HLS 200-486] Changing DSP latency (root=mul_ln140_329) to 3 in order to utilize available DSP registers.
INFO: [HLS 200-486] Changing DSP latency (root=mul_ln140_325) to 3 in order to utilize available DSP registers.
INFO: [HLS 200-486] Changing DSP latency (root=mul_ln140_323) to 3 in order to utilize available DSP registers.
INFO: [HLS 200-486] Changing DSP latency (root=mul_ln140_317) to 3 in order to utilize available DSP registers.
INFO: [HLS 200-486] Changing DSP latency (root=mul_ln140_319) to 3 in order to utilize available DSP registers.
INFO: [HLS 200-486] Changing DSP latency (root=mul_ln140_315) to 3 in order to utilize available DSP registers.
INFO: [HLS 200-486] Changing DSP latency (root=mul_ln140_311) to 3 in order to utilize available DSP registers.
INFO: [HLS 200-486] Changing DSP latency (root=mul_ln140_306) to 3 in order to utilize available DSP registers.
INFO: [HLS 200-486] Changing DSP latency (root=mul_ln140_309) to 3 in order to utilize available DSP registers.
INFO: [HLS 200-486] Changing DSP latency (root=mul_ln140_304) to 3 in order to utilize available DSP registers.
INFO: [HLS 200-486] Changing DSP latency (root=mul_ln140_302) to 3 in order to utilize available DSP registers.
INFO: [HLS 200-486] Changing DSP latency (root=mul_ln140_296) to 3 in order to utilize available DSP registers.
INFO: [HLS 200-486] Changing DSP latency (root=mul_ln140_300) to 3 in order to utilize available DSP registers.
INFO: [HLS 200-486] Changing DSP latency (root=mul_ln140_295) to 3 in order to utilize available DSP registers.
INFO: [HLS 200-486] Changing DSP latency (root=mul_ln140_293) to 3 in order to utilize available DSP registers.
INFO: [HLS 200-486] Changing DSP latency (root=mul_ln140_288) to 3 in order to utilize available DSP registers.
INFO: [HLS 200-486] Changing DSP latency (root=mul_ln140_290) to 3 in order to utilize available DSP registers.
INFO: [HLS 200-486] Changing DSP latency (root=mul_ln140_284) to 3 in order to utilize available DSP registers.
INFO: [HLS 200-486] Changing DSP latency (root=mul_ln140_287) to 3 in order to utilize available DSP registers.
INFO: [HLS 200-486] Changing DSP latency (root=mul_ln140_281) to 3 in order to utilize available DSP registers.
INFO: [HLS 200-486] Changing DSP latency (root=mul_ln140_283) to 3 in order to utilize available DSP registers.
INFO: [HLS 200-486] Changing DSP latency (root=mul_ln140_280) to 3 in order to utilize available DSP registers.
INFO: [HLS 200-486] Changing DSP latency (root=mul_ln140_276) to 3 in order to utilize available DSP registers.
INFO: [HLS 200-486] Changing DSP latency (root=mul_ln140_271) to 3 in order to utilize available DSP registers.
INFO: [HLS 200-486] Changing DSP latency (root=mul_ln140_273) to 3 in order to utilize available DSP registers.
INFO: [HLS 200-486] Changing DSP latency (root=mul_ln140_270) to 3 in order to utilize available DSP registers.
INFO: [HLS 200-486] Changing DSP latency (root=mul_ln140_268) to 3 in order to utilize available DSP registers.
INFO: [HLS 200-486] Changing DSP latency (root=mul_ln140_264) to 3 in order to utilize available DSP registers.
INFO: [HLS 200-486] Changing DSP latency (root=mul_ln140_266) to 3 in order to utilize available DSP registers.
INFO: [HLS 200-486] Changing DSP latency (root=mul_ln140_263) to 3 in order to utilize available DSP registers.
INFO: [HLS 200-486] Changing DSP latency (root=mul_ln140_261) to 3 in order to utilize available DSP registers.
INFO: [HLS 200-486] Changing DSP latency (root=mul_ln140_256) to 3 in order to utilize available DSP registers.
INFO: [HLS 200-486] Changing DSP latency (root=mul_ln140_259) to 3 in order to utilize available DSP registers.
INFO: [HLS 200-486] Changing DSP latency (root=mul_ln140_253) to 3 in order to utilize available DSP registers.
INFO: [HLS 200-486] Changing DSP latency (root=mul_ln140_255) to 3 in order to utilize available DSP registers.
INFO: [HLS 200-486] Changing DSP latency (root=mul_ln140_250) to 3 in order to utilize available DSP registers.
INFO: [HLS 200-486] Changing DSP latency (root=mul_ln140_252) to 3 in order to utilize available DSP registers.
INFO: [HLS 200-486] Changing DSP latency (root=mul_ln140_249) to 3 in order to utilize available DSP registers.
INFO: [HLS 200-486] Changing DSP latency (root=mul_ln140_246) to 3 in order to utilize available DSP registers.
INFO: [HLS 200-486] Changing DSP latency (root=mul_ln140_242) to 3 in order to utilize available DSP registers.
INFO: [HLS 200-486] Changing DSP latency (root=mul_ln140_244) to 3 in order to utilize available DSP registers.
INFO: [HLS 200-486] Changing DSP latency (root=mul_ln140_241) to 3 in order to utilize available DSP registers.
INFO: [HLS 200-486] Changing DSP latency (root=mul_ln140_239) to 3 in order to utilize available DSP registers.
INFO: [HLS 200-486] Changing DSP latency (root=mul_ln140_442) to 3 in order to utilize available DSP registers.
INFO: [HLS 200-486] Changing DSP latency (root=mul_ln140_237) to 3 in order to utilize available DSP registers.
INFO: [HLS 200-486] Changing DSP latency (root=mul_ln140_427) to 3 in order to utilize available DSP registers.
INFO: [HLS 200-486] Changing DSP latency (root=mul_ln140_408) to 3 in order to utilize available DSP registers.
INFO: [HLS 200-486] Changing DSP latency (root=mul_ln587_15) to 3 in order to utilize available DSP registers.
INFO: [HLS 200-486] Changing DSP latency (root=mul_ln140_397) to 3 in order to utilize available DSP registers.
INFO: [HLS 200-486] Changing DSP latency (root=mul_ln140_407) to 3 in order to utilize available DSP registers.
INFO: [HLS 200-486] Changing DSP latency (root=mul_ln140_274) to 3 in order to utilize available DSP registers.
INFO: [HLS 200-486] Changing DSP latency (root=mul_ln140_233) to 3 in order to utilize available DSP registers.
INFO: [HLS 200-486] Changing DSP latency (root=mul_ln140_227) to 3 in order to utilize available DSP registers.
INFO: [HLS 200-486] Changing DSP latency (root=mul_ln140_209) to 3 in order to utilize available DSP registers.
INFO: [HLS 200-486] Changing DSP latency (root=mul_ln140_201) to 3 in order to utilize available DSP registers.
INFO: [HLS 200-486] Changing DSP latency (root=mul_ln140_198) to 3 in order to utilize available DSP registers.
INFO: [HLS 200-486] Changing DSP latency (root=mul_ln140_196) to 3 in order to utilize available DSP registers.
INFO: [HLS 200-486] Changing DSP latency (root=mul_ln140_194) to 3 in order to utilize available DSP registers.
INFO: [HLS 200-486] Changing DSP latency (root=mul_ln140_186) to 3 in order to utilize available DSP registers.
INFO: [HLS 200-486] Changing DSP latency (root=mul_ln140_169) to 3 in order to utilize available DSP registers.
INFO: [HLS 200-486] Changing DSP latency (root=mul_ln140_164) to 3 in order to utilize available DSP registers.
INFO: [HLS 200-486] Changing DSP latency (root=mul_ln140_161) to 3 in order to utilize available DSP registers.
INFO: [HLS 200-486] Changing DSP latency (root=mul_ln140_159) to 3 in order to utilize available DSP registers.
INFO: [HLS 200-486] Changing DSP latency (root=mul_ln140_156) to 3 in order to utilize available DSP registers.
INFO: [HLS 200-486] Changing DSP latency (root=mul_ln140_153) to 3 in order to utilize available DSP registers.
INFO: [HLS 200-486] Changing DSP latency (root=mul_ln140_151) to 3 in order to utilize available DSP registers.
INFO: [HLS 200-486] Changing DSP latency (root=mul_ln140_146) to 3 in order to utilize available DSP registers.
INFO: [HLS 200-486] Changing DSP latency (root=mul_ln140_141) to 3 in order to utilize available DSP registers.
INFO: [HLS 200-486] Changing DSP latency (root=mul_ln140_139) to 3 in order to utilize available DSP registers.
INFO: [HLS 200-486] Changing DSP latency (root=mul_ln140_128) to 3 in order to utilize available DSP registers.
INFO: [HLS 200-486] Changing DSP latency (root=mul_ln140_123) to 3 in order to utilize available DSP registers.
INFO: [HLS 200-486] Changing DSP latency (root=mul_ln140_120) to 3 in order to utilize available DSP registers.
INFO: [HLS 200-486] Changing DSP latency (root=mul_ln140_235) to 3 in order to utilize available DSP registers.
INFO: [HLS 200-486] Changing DSP latency (root=mul_ln140_232) to 3 in order to utilize available DSP registers.
INFO: [HLS 200-486] Changing DSP latency (root=mul_ln140_230) to 3 in order to utilize available DSP registers.
INFO: [HLS 200-486] Changing DSP latency (root=mul_ln140_226) to 3 in order to utilize available DSP registers.
INFO: [HLS 200-486] Changing DSP latency (root=mul_ln140_223) to 3 in order to utilize available DSP registers.
INFO: [HLS 200-486] Changing DSP latency (root=mul_ln140_221) to 3 in order to utilize available DSP registers.
INFO: [HLS 200-486] Changing DSP latency (root=mul_ln140_219) to 3 in order to utilize available DSP registers.
INFO: [HLS 200-486] Changing DSP latency (root=mul_ln140_217) to 3 in order to utilize available DSP registers.
INFO: [HLS 200-486] Changing DSP latency (root=mul_ln140_215) to 3 in order to utilize available DSP registers.
INFO: [HLS 200-486] Changing DSP latency (root=mul_ln140_211) to 3 in order to utilize available DSP registers.
INFO: [HLS 200-486] Changing DSP latency (root=mul_ln140_213) to 3 in order to utilize available DSP registers.
INFO: [HLS 200-486] Changing DSP latency (root=mul_ln140_210) to 3 in order to utilize available DSP registers.
INFO: [HLS 200-486] Changing DSP latency (root=mul_ln140_207) to 3 in order to utilize available DSP registers.
INFO: [HLS 200-486] Changing DSP latency (root=mul_ln140_205) to 3 in order to utilize available DSP registers.
INFO: [HLS 200-486] Changing DSP latency (root=mul_ln140_202) to 3 in order to utilize available DSP registers.
INFO: [HLS 200-486] Changing DSP latency (root=mul_ln140_193) to 3 in order to utilize available DSP registers.
INFO: [HLS 200-486] Changing DSP latency (root=mul_ln140_191) to 3 in order to utilize available DSP registers.
INFO: [HLS 200-486] Changing DSP latency (root=mul_ln140_188) to 3 in order to utilize available DSP registers.
INFO: [HLS 200-486] Changing DSP latency (root=mul_ln140_185) to 3 in order to utilize available DSP registers.
INFO: [HLS 200-486] Changing DSP latency (root=mul_ln140_183) to 3 in order to utilize available DSP registers.
INFO: [HLS 200-486] Changing DSP latency (root=mul_ln140_181) to 3 in order to utilize available DSP registers.
INFO: [HLS 200-486] Changing DSP latency (root=mul_ln140_179) to 3 in order to utilize available DSP registers.
INFO: [HLS 200-486] Changing DSP latency (root=mul_ln140_177) to 3 in order to utilize available DSP registers.
INFO: [HLS 200-486] Changing DSP latency (root=mul_ln140_174) to 3 in order to utilize available DSP registers.
INFO: [HLS 200-486] Changing DSP latency (root=mul_ln140_172) to 3 in order to utilize available DSP registers.
INFO: [HLS 200-486] Changing DSP latency (root=mul_ln140_166) to 3 in order to utilize available DSP registers.
INFO: [HLS 200-486] Changing DSP latency (root=mul_ln140_170) to 3 in order to utilize available DSP registers.
INFO: [HLS 200-486] Changing DSP latency (root=mul_ln140_165) to 3 in order to utilize available DSP registers.
INFO: [HLS 200-486] Changing DSP latency (root=mul_ln140_157) to 3 in order to utilize available DSP registers.
INFO: [HLS 200-486] Changing DSP latency (root=mul_ln140_150) to 3 in order to utilize available DSP registers.
INFO: [HLS 200-486] Changing DSP latency (root=mul_ln140_148) to 3 in order to utilize available DSP registers.
INFO: [HLS 200-486] Changing DSP latency (root=mul_ln140_143) to 3 in order to utilize available DSP registers.
INFO: [HLS 200-486] Changing DSP latency (root=mul_ln587_10) to 3 in order to utilize available DSP registers.
INFO: [HLS 200-486] Changing DSP latency (root=mul_ln140_137) to 3 in order to utilize available DSP registers.
INFO: [HLS 200-486] Changing DSP latency (root=mul_ln140_135) to 3 in order to utilize available DSP registers.
INFO: [HLS 200-486] Changing DSP latency (root=mul_ln140_133) to 3 in order to utilize available DSP registers.
INFO: [HLS 200-486] Changing DSP latency (root=mul_ln140_131) to 3 in order to utilize available DSP registers.
INFO: [HLS 200-486] Changing DSP latency (root=mul_ln140_129) to 3 in order to utilize available DSP registers.
INFO: [HLS 200-486] Changing DSP latency (root=mul_ln140_125) to 3 in order to utilize available DSP registers.
INFO: [HLS 200-486] Changing DSP latency (root=mul_ln140_122) to 3 in order to utilize available DSP registers.
INFO: [HLS 200-486] Changing DSP latency (root=mul_ln140_118) to 3 in order to utilize available DSP registers.
INFO: [HLS 200-486] Changing DSP latency (root=mul_ln140_111) to 3 in order to utilize available DSP registers.
INFO: [HLS 200-486] Changing DSP latency (root=mul_ln140_117) to 3 in order to utilize available DSP registers.
INFO: [HLS 200-486] Changing DSP latency (root=mul_ln140_110) to 3 in order to utilize available DSP registers.
INFO: [HLS 200-486] Changing DSP latency (root=mul_ln140_103) to 3 in order to utilize available DSP registers.
INFO: [HLS 200-486] Changing DSP latency (root=mul_ln140_89) to 3 in order to utilize available DSP registers.
INFO: [HLS 200-486] Changing DSP latency (root=mul_ln140_86) to 3 in order to utilize available DSP registers.
INFO: [HLS 200-486] Changing DSP latency (root=mul_ln140_83) to 3 in order to utilize available DSP registers.
INFO: [HLS 200-486] Changing DSP latency (root=mul_ln140_81) to 3 in order to utilize available DSP registers.
INFO: [HLS 200-486] Changing DSP latency (root=mul_ln140_78) to 3 in order to utilize available DSP registers.
INFO: [HLS 200-486] Changing DSP latency (root=mul_ln140_72) to 3 in order to utilize available DSP registers.
INFO: [HLS 200-486] Changing DSP latency (root=mul_ln140_74) to 3 in order to utilize available DSP registers.
INFO: [HLS 200-486] Changing DSP latency (root=mul_ln140_70) to 3 in order to utilize available DSP registers.
INFO: [HLS 200-486] Changing DSP latency (root=mul_ln140_63) to 3 in order to utilize available DSP registers.
INFO: [HLS 200-486] Changing DSP latency (root=mul_ln140_115) to 3 in order to utilize available DSP registers.
INFO: [HLS 200-486] Changing DSP latency (root=mul_ln140_113) to 3 in order to utilize available DSP registers.
INFO: [HLS 200-486] Changing DSP latency (root=mul_ln140_109) to 3 in order to utilize available DSP registers.
INFO: [HLS 200-486] Changing DSP latency (root=mul_ln140_106) to 3 in order to utilize available DSP registers.
INFO: [HLS 200-486] Changing DSP latency (root=mul_ln140_104) to 3 in order to utilize available DSP registers.
INFO: [HLS 200-486] Changing DSP latency (root=mul_ln140_98) to 3 in order to utilize available DSP registers.
INFO: [HLS 200-486] Changing DSP latency (root=mul_ln140_100) to 3 in order to utilize available DSP registers.
INFO: [HLS 200-486] Changing DSP latency (root=mul_ln140_97) to 3 in order to utilize available DSP registers.
INFO: [HLS 200-486] Changing DSP latency (root=mul_ln140_95) to 3 in order to utilize available DSP registers.
INFO: [HLS 200-486] Changing DSP latency (root=mul_ln140_93) to 3 in order to utilize available DSP registers.
INFO: [HLS 200-486] Changing DSP latency (root=mul_ln140_91) to 3 in order to utilize available DSP registers.
INFO: [HLS 200-486] Changing DSP latency (root=mul_ln140_87) to 3 in order to utilize available DSP registers.
INFO: [HLS 200-486] Changing DSP latency (root=mul_ln140_79) to 3 in order to utilize available DSP registers.
INFO: [HLS 200-486] Changing DSP latency (root=mul_ln140_75) to 3 in order to utilize available DSP registers.
INFO: [HLS 200-486] Changing DSP latency (root=mul_ln140_69) to 3 in order to utilize available DSP registers.
INFO: [HLS 200-486] Changing DSP latency (root=mul_ln140_67) to 3 in order to utilize available DSP registers.
INFO: [HLS 200-486] Changing DSP latency (root=mul_ln140_64) to 3 in order to utilize available DSP registers.
INFO: [HLS 200-486] Changing DSP latency (root=mul_ln140_61) to 3 in order to utilize available DSP registers.
INFO: [HLS 200-486] Changing DSP latency (root=mul_ln140_59) to 3 in order to utilize available DSP registers.
INFO: [HLS 200-486] Changing DSP latency (root=mul_ln140_56) to 3 in order to utilize available DSP registers.
INFO: [HLS 200-486] Changing DSP latency (root=mul_ln140_52) to 3 in order to utilize available DSP registers.
INFO: [HLS 200-486] Changing DSP latency (root=mul_ln140_54) to 3 in order to utilize available DSP registers.
INFO: [HLS 200-486] Changing DSP latency (root=mul_ln140_49) to 3 in order to utilize available DSP registers.
INFO: [HLS 200-486] Changing DSP latency (root=mul_ln140_29) to 3 in order to utilize available DSP registers.
INFO: [HLS 200-486] Changing DSP latency (root=mul_ln140_51) to 3 in order to utilize available DSP registers.
INFO: [HLS 200-486] Changing DSP latency (root=mul_ln140_48) to 3 in order to utilize available DSP registers.
INFO: [HLS 200-486] Changing DSP latency (root=mul_ln140_46) to 3 in order to utilize available DSP registers.
INFO: [HLS 200-486] Changing DSP latency (root=mul_ln140_44) to 3 in order to utilize available DSP registers.
INFO: [HLS 200-486] Changing DSP latency (root=mul_ln140_42) to 3 in order to utilize available DSP registers.
INFO: [HLS 200-486] Changing DSP latency (root=mul_ln140_40) to 3 in order to utilize available DSP registers.
INFO: [HLS 200-486] Changing DSP latency (root=mul_ln140_38) to 3 in order to utilize available DSP registers.
INFO: [HLS 200-486] Changing DSP latency (root=mul_ln140_36) to 3 in order to utilize available DSP registers.
INFO: [HLS 200-486] Changing DSP latency (root=mul_ln140_33) to 3 in order to utilize available DSP registers.
INFO: [HLS 200-486] Changing DSP latency (root=mul_ln140_31) to 3 in order to utilize available DSP registers.
INFO: [HLS 200-486] Changing DSP latency (root=mul_ln140_28) to 3 in order to utilize available DSP registers.
INFO: [HLS 200-486] Changing DSP latency (root=mul_ln140_26) to 3 in order to utilize available DSP registers.
INFO: [HLS 200-486] Changing DSP latency (root=mul_ln140_20) to 3 in order to utilize available DSP registers.
INFO: [HLS 200-486] Changing DSP latency (root=mul_ln140_24) to 3 in order to utilize available DSP registers.
INFO: [HLS 200-486] Changing DSP latency (root=mul_ln140_18) to 3 in order to utilize available DSP registers.
INFO: [HLS 200-486] Changing DSP latency (root=mul_ln140_14) to 3 in order to utilize available DSP registers.
INFO: [HLS 200-486] Changing DSP latency (root=mul_ln140_16) to 3 in order to utilize available DSP registers.
INFO: [HLS 200-486] Changing DSP latency (root=mul_ln140_13) to 3 in order to utilize available DSP registers.
INFO: [HLS 200-486] Changing DSP latency (root=mul_ln140_22) to 3 in order to utilize available DSP registers.
INFO: [HLS 200-486] Changing DSP latency (root=mul_ln133_1) to 3 in order to utilize available DSP registers.
INFO: [HLS 200-486] Changing DSP latency (root=mul_ln140_21) to 3 in order to utilize available DSP registers.
INFO: [HLS 200-486] Changing DSP latency (root=mul_ln140_11) to 3 in order to utilize available DSP registers.
INFO: [HLS 200-486] Changing DSP latency (root=mul_ln587_5) to 3 in order to utilize available DSP registers.
INFO: [HLS 200-486] Changing DSP latency (root=mul_ln140_5) to 3 in order to utilize available DSP registers.
INFO: [HLS 200-486] Changing DSP latency (root=mul_ln140_9) to 3 in order to utilize available DSP registers.
INFO: [HLS 200-486] Changing DSP latency (root=mul_ln140_10) to 3 in order to utilize available DSP registers.
INFO: [HLS 200-486] Changing DSP latency (root=mul_ln140_6) to 3 in order to utilize available DSP registers.
INFO: [HLS 200-486] Changing DSP latency (root=mul_ln587_3) to 3 in order to utilize available DSP registers.
INFO: [HLS 200-486] Changing DSP latency (root=mul_ln140_4) to 3 in order to utilize available DSP registers.
INFO: [HLS 200-486] Changing DSP latency (root=mul_ln140_3) to 3 in order to utilize available DSP registers.
INFO: [HLS 200-486] Changing DSP latency (root=mul_ln587_1) to 3 in order to utilize available DSP registers.
INFO: [HLS 200-486] Changing DSP latency (root=mul_ln140_2) to 3 in order to utilize available DSP registers.
INFO: [HLS 200-486] Changing DSP latency (root=mul_ln140) to 3 in order to utilize available DSP registers.
WARNING: [HLS 200-1015] Estimated delay Estimated delay (3.24ns)  of 'sitofp' operation ('conv', /data/home/songqiangxu/project/CNN/src/conv2d.h:143) exceeds the target cycle time (target cycle time: 2.5ns, clock uncertainty: 0.675ns, effective cycle time: 1.83ns).

Resolution: For help on HLS 200-1015 see www.xilinx.com/cgi-bin/docs/rdoc?v=2022.1;t=hls+guidance;d=200-1015.html
INFO: [SCHED 204-61] Pipelining loop 'Loop 1'.
WARNING: [HLS 200-880] The II Violation in module 'do_conv_spatial_Pipeline_2' (loop 'Loop 1'): Unable to enforce a carried dependence constraint (II = 1, distance = 1, offset = 1) between 'add' operation ('add_ln130', /data/home/songqiangxu/project/CNN/src/conv2d.h:130) and 'icmp' operation ('icmp_ln130', /data/home/songqiangxu/project/CNN/src/conv2d.h:130).
Resolution: For help on HLS 200-880 see www.xilinx.com/cgi-bin/docs/rdoc?v=2022.1;t=hls+guidance;d=200-880.html
INFO: [HLS 200-1470] Pipelining result : Target II = NA, Final II = 2, Depth = 100, loop 'Loop 1'
WARNING: [HLS 200-871] Estimated clock period (3.239ns) exceeds the target (target clock period: 2.5ns, clock uncertainty: 0.675ns, effective delay budget: 1.825ns).
Resolution: For help on HLS 200-871 see www.xilinx.com/cgi-bin/docs/rdoc?v=2022.1;t=hls+guidance;d=200-871.html
WARNING: [HLS 200-1016] The critical path in module 'do_conv_spatial_Pipeline_2' consists of the following:	'sitofp' operation ('conv', /data/home/songqiangxu/project/CNN/src/conv2d.h:143) [8382]  (3.24 ns)

Resolution: For help on HLS 200-1016 see www.xilinx.com/cgi-bin/docs/rdoc?v=2022.1;t=hls+guidance;d=200-1016.html
INFO: [SCHED 204-11] Finished scheduling.
INFO: [HLS 200-111] Finished Scheduling: CPU user time: 486.1 seconds. CPU system time: 0.57 seconds. Elapsed time: 486.69 seconds; current allocated memory: 3.059 GB.
INFO: [BIND 205-100] Starting micro-architecture generation ...
INFO: [BIND 205-101] Performing variable lifetime analysis.
INFO: [BIND 205-101] Exploring resource sharing.
INFO: [BIND 205-101] Binding ...
INFO: [BIND 205-100] Finished micro-architecture generation.
INFO: [HLS 200-111] Finished Binding: CPU user time: 7.63 seconds. CPU system time: 0.02 seconds. Elapsed time: 7.65 seconds; current allocated memory: 3.059 GB.
INFO: [HLS 200-10] ----------------------------------------------------------------
INFO: [HLS 200-42] -- Implementing module 'do_conv_spatial' 
INFO: [HLS 200-10] ----------------------------------------------------------------
INFO: [SCHED 204-11] Starting scheduling ...
WARNING: [HLS 200-871] Estimated clock period (1.833ns) exceeds the target (target clock period: 2.5ns, clock uncertainty: 0.675ns, effective delay budget: 1.825ns).
Resolution: For help on HLS 200-871 see www.xilinx.com/cgi-bin/docs/rdoc?v=2022.1;t=hls+guidance;d=200-871.html
WARNING: [HLS 200-1016] The critical path in module 'do_conv_spatial' consists of the following:	'call' operation ('_ln114', /data/home/songqiangxu/project/CNN/src/conv2d.h:114) to 'do_conv_spatial_Pipeline_1' [1827]  (1.83 ns)

Resolution: For help on HLS 200-1016 see www.xilinx.com/cgi-bin/docs/rdoc?v=2022.1;t=hls+guidance;d=200-1016.html
INFO: [SCHED 204-11] Finished scheduling.
INFO: [HLS 200-111] Finished Scheduling: CPU user time: 5.79 seconds. CPU system time: 0.05 seconds. Elapsed time: 5.85 seconds; current allocated memory: 3.059 GB.
INFO: [BIND 205-100] Starting micro-architecture generation ...
INFO: [BIND 205-101] Performing variable lifetime analysis.
INFO: [BIND 205-101] Exploring resource sharing.
INFO: [BIND 205-101] Binding ...
INFO: [BIND 205-100] Finished micro-architecture generation.
INFO: [HLS 200-111] Finished Binding: CPU user time: 3.74 seconds. CPU system time: 0.03 seconds. Elapsed time: 3.77 seconds; current allocated memory: 3.059 GB.
INFO: [HLS 200-10] ----------------------------------------------------------------
INFO: [HLS 200-42] -- Implementing module 'do_lut_func' 
INFO: [HLS 200-10] ----------------------------------------------------------------
INFO: [SCHED 204-11] Starting scheduling ...
INFO: [SCHED 204-61] Pipelining loop 'channels_loop'.
INFO: [HLS 200-1470] Pipelining result : Target II = 1, Final II = 1, Depth = 4, loop 'channels_loop'
WARNING: [HLS 200-871] Estimated clock period (2.021ns) exceeds the target (target clock period: 2.5ns, clock uncertainty: 0.675ns, effective delay budget: 1.825ns).
Resolution: For help on HLS 200-871 see www.xilinx.com/cgi-bin/docs/rdoc?v=2022.1;t=hls+guidance;d=200-871.html
WARNING: [HLS 200-1016] The critical path in module 'do_lut_func' consists of the following:	'alloca' operation ('c') [4]  (0 ns)
	'load' operation ('c', /data/home/songqiangxu/project/CNN/src/square.h:36) on local variable 'c' [10]  (0 ns)
	'add' operation ('c', /data/home/songqiangxu/project/CNN/src/square.h:36) [13]  (1.19 ns)
	'store' operation ('c_write_ln36', /data/home/songqiangxu/project/CNN/src/square.h:36) of variable 'c', /data/home/songqiangxu/project/CNN/src/square.h:36 on local variable 'c' [1661]  (0.833 ns)

Resolution: For help on HLS 200-1016 see www.xilinx.com/cgi-bin/docs/rdoc?v=2022.1;t=hls+guidance;d=200-1016.html
INFO: [SCHED 204-11] Finished scheduling.
INFO: [HLS 200-111] Finished Scheduling: CPU user time: 5.79 seconds. CPU system time: 0.03 seconds. Elapsed time: 5.82 seconds; current allocated memory: 3.066 GB.
INFO: [BIND 205-100] Starting micro-architecture generation ...
INFO: [BIND 205-101] Performing variable lifetime analysis.
INFO: [BIND 205-101] Exploring resource sharing.
INFO: [BIND 205-101] Binding ...
INFO: [BIND 205-100] Finished micro-architecture generation.
INFO: [HLS 200-111] Finished Binding: CPU user time: 3.74 seconds. CPU system time: 0.04 seconds. Elapsed time: 3.78 seconds; current allocated memory: 3.069 GB.
INFO: [HLS 200-10] ----------------------------------------------------------------
INFO: [HLS 200-42] -- Implementing module 'do_pool_func' 
INFO: [HLS 200-10] ----------------------------------------------------------------
INFO: [SCHED 204-11] Starting scheduling ...
INFO: [HLS 200-486] Changing DSP latency (root=mul_ln42_18) to 3 in order to utilize available DSP registers.
INFO: [HLS 200-486] Changing DSP latency (root=mul_ln42_17) to 3 in order to utilize available DSP registers.
INFO: [HLS 200-486] Changing DSP latency (root=mul_ln42_16) to 3 in order to utilize available DSP registers.
INFO: [HLS 200-486] Changing DSP latency (root=mul_ln42_15) to 3 in order to utilize available DSP registers.
INFO: [HLS 200-486] Changing DSP latency (root=mul_ln42_14) to 3 in order to utilize available DSP registers.
INFO: [HLS 200-486] Changing DSP latency (root=mul_ln42_13) to 3 in order to utilize available DSP registers.
INFO: [HLS 200-486] Changing DSP latency (root=mul_ln42_12) to 3 in order to utilize available DSP registers.
INFO: [HLS 200-486] Changing DSP latency (root=mul_ln42_11) to 3 in order to utilize available DSP registers.
INFO: [HLS 200-486] Changing DSP latency (root=mul_ln42_10) to 3 in order to utilize available DSP registers.
INFO: [HLS 200-486] Changing DSP latency (root=mul_ln42_9) to 3 in order to utilize available DSP registers.
INFO: [HLS 200-486] Changing DSP latency (root=mul_ln42_8) to 3 in order to utilize available DSP registers.
INFO: [HLS 200-486] Changing DSP latency (root=mul_ln42_7) to 3 in order to utilize available DSP registers.
INFO: [HLS 200-486] Changing DSP latency (root=mul_ln42_6) to 3 in order to utilize available DSP registers.
INFO: [HLS 200-486] Changing DSP latency (root=mul_ln42_5) to 3 in order to utilize available DSP registers.
INFO: [HLS 200-486] Changing DSP latency (root=mul_ln42_4) to 3 in order to utilize available DSP registers.
INFO: [HLS 200-486] Changing DSP latency (root=mul_ln42_3) to 3 in order to utilize available DSP registers.
INFO: [HLS 200-486] Changing DSP latency (root=mul_ln42_2) to 3 in order to utilize available DSP registers.
INFO: [HLS 200-486] Changing DSP latency (root=mul_ln42_1) to 3 in order to utilize available DSP registers.
INFO: [HLS 200-486] Changing DSP latency (root=mul_ln42) to 3 in order to utilize available DSP registers.
INFO: [SCHED 204-61] Pipelining loop 'channels_loop'.
INFO: [HLS 200-1470] Pipelining result : Target II = 1, Final II = 1, Depth = 30, loop 'channels_loop'
WARNING: [HLS 200-871] Estimated clock period (2.021ns) exceeds the target (target clock period: 2.5ns, clock uncertainty: 0.675ns, effective delay budget: 1.825ns).
Resolution: For help on HLS 200-871 see www.xilinx.com/cgi-bin/docs/rdoc?v=2022.1;t=hls+guidance;d=200-871.html
WARNING: [HLS 200-1016] The critical path in module 'do_pool_func' consists of the following:	'alloca' operation ('chan') [3]  (0 ns)
	'load' operation ('chan', /data/home/songqiangxu/project/CNN/src/pool.h:27) on local variable 'chan' [9]  (0 ns)
	'add' operation ('chan', /data/home/songqiangxu/project/CNN/src/pool.h:27) [12]  (1.19 ns)
	'store' operation ('chan_write_ln27', /data/home/songqiangxu/project/CNN/src/pool.h:27) of variable 'chan', /data/home/songqiangxu/project/CNN/src/pool.h:27 on local variable 'chan' [2560]  (0.833 ns)

Resolution: For help on HLS 200-1016 see www.xilinx.com/cgi-bin/docs/rdoc?v=2022.1;t=hls+guidance;d=200-1016.html
INFO: [SCHED 204-11] Finished scheduling.
INFO: [HLS 200-111] Finished Scheduling: CPU user time: 3.14 seconds. CPU system time: 0.06 seconds. Elapsed time: 3.2 seconds; current allocated memory: 3.085 GB.
INFO: [BIND 205-100] Starting micro-architecture generation ...
INFO: [BIND 205-101] Performing variable lifetime analysis.
INFO: [BIND 205-101] Exploring resource sharing.
INFO: [BIND 205-101] Binding ...
INFO: [BIND 205-100] Finished micro-architecture generation.
INFO: [HLS 200-111] Finished Binding: CPU user time: 4.57 seconds. CPU system time: 0.01 seconds. Elapsed time: 4.59 seconds; current allocated memory: 3.087 GB.
INFO: [HLS 200-10] ----------------------------------------------------------------
INFO: [HLS 200-42] -- Implementing module 'do_lut_func_1' 
INFO: [HLS 200-10] ----------------------------------------------------------------
INFO: [SCHED 204-11] Starting scheduling ...
INFO: [SCHED 204-61] Pipelining loop 'channels_loop'.
INFO: [HLS 200-1470] Pipelining result : Target II = 1, Final II = 1, Depth = 4, loop 'channels_loop'
WARNING: [HLS 200-871] Estimated clock period (2.021ns) exceeds the target (target clock period: 2.5ns, clock uncertainty: 0.675ns, effective delay budget: 1.825ns).
Resolution: For help on HLS 200-871 see www.xilinx.com/cgi-bin/docs/rdoc?v=2022.1;t=hls+guidance;d=200-871.html
WARNING: [HLS 200-1016] The critical path in module 'do_lut_func_1' consists of the following:	'alloca' operation ('c') [4]  (0 ns)
	'load' operation ('c', /data/home/songqiangxu/project/CNN/src/log.h:37) on local variable 'c' [10]  (0 ns)
	'add' operation ('c', /data/home/songqiangxu/project/CNN/src/log.h:37) [13]  (1.19 ns)
	'store' operation ('c_write_ln37', /data/home/songqiangxu/project/CNN/src/log.h:37) of variable 'c', /data/home/songqiangxu/project/CNN/src/log.h:37 on local variable 'c' [97]  (0.833 ns)

Resolution: For help on HLS 200-1016 see www.xilinx.com/cgi-bin/docs/rdoc?v=2022.1;t=hls+guidance;d=200-1016.html
INFO: [SCHED 204-11] Finished scheduling.
INFO: [HLS 200-111] Finished Scheduling: CPU user time: 3.23 seconds. CPU system time: 0.01 seconds. Elapsed time: 3.24 seconds; current allocated memory: 3.089 GB.
INFO: [BIND 205-100] Starting micro-architecture generation ...
INFO: [BIND 205-101] Performing variable lifetime analysis.
INFO: [BIND 205-101] Exploring resource sharing.
INFO: [BIND 205-101] Binding ...
INFO: [BIND 205-100] Finished micro-architecture generation.
INFO: [HLS 200-111] Finished Binding: CPU user time: 2.32 seconds. CPU system time: 0 seconds. Elapsed time: 2.33 seconds; current allocated memory: 3.091 GB.
INFO: [HLS 200-10] ----------------------------------------------------------------
INFO: [HLS 200-42] -- Implementing module 'do_split_func' 
INFO: [HLS 200-10] ----------------------------------------------------------------
INFO: [SCHED 204-11] Starting scheduling ...
INFO: [SCHED 204-61] Pipelining loop 'channels_loop'.
INFO: [HLS 200-1470] Pipelining result : Target II = 1, Final II = 1, Depth = 2, loop 'channels_loop'
WARNING: [HLS 200-871] Estimated clock period (2.021ns) exceeds the target (target clock period: 2.5ns, clock uncertainty: 0.675ns, effective delay budget: 1.825ns).
Resolution: For help on HLS 200-871 see www.xilinx.com/cgi-bin/docs/rdoc?v=2022.1;t=hls+guidance;d=200-871.html
WARNING: [HLS 200-1016] The critical path in module 'do_split_func' consists of the following:	'alloca' operation ('c') [4]  (0 ns)
	'load' operation ('c', /data/home/songqiangxu/project/CNN/src/split.h:30) on local variable 'c' [11]  (0 ns)
	'add' operation ('c', /data/home/songqiangxu/project/CNN/src/split.h:30) [14]  (1.19 ns)
	'store' operation ('c_write_ln30', /data/home/songqiangxu/project/CNN/src/split.h:30) of variable 'c', /data/home/songqiangxu/project/CNN/src/split.h:30 on local variable 'c' [22]  (0.833 ns)

Resolution: For help on HLS 200-1016 see www.xilinx.com/cgi-bin/docs/rdoc?v=2022.1;t=hls+guidance;d=200-1016.html
INFO: [SCHED 204-11] Finished scheduling.
INFO: [HLS 200-111] Finished Scheduling: CPU user time: 0.36 seconds. CPU system time: 0.02 seconds. Elapsed time: 0.37 seconds; current allocated memory: 3.091 GB.
INFO: [BIND 205-100] Starting micro-architecture generation ...
INFO: [BIND 205-101] Performing variable lifetime analysis.
INFO: [BIND 205-101] Exploring resource sharing.
INFO: [BIND 205-101] Binding ...
INFO: [BIND 205-100] Finished micro-architecture generation.
INFO: [HLS 200-111] Finished Binding: CPU user time: 2.36 seconds. CPU system time: 0 seconds. Elapsed time: 2.37 seconds; current allocated memory: 3.091 GB.
INFO: [HLS 200-10] ----------------------------------------------------------------
INFO: [HLS 200-42] -- Implementing module 'do_linear_func_1_Pipeline_channels_loop' 
INFO: [HLS 200-10] ----------------------------------------------------------------
INFO: [SCHED 204-11] Starting scheduling ...
INFO: [HLS 200-486] Changing DSP latency (root=mul_ln60_6) to 3 in order to utilize available DSP registers.
INFO: [HLS 200-486] Changing DSP latency (root=mul_ln60_7) to 3 in order to utilize available DSP registers.
INFO: [HLS 200-486] Changing DSP latency (root=mul_ln60_5) to 3 in order to utilize available DSP registers.
INFO: [HLS 200-486] Changing DSP latency (root=mul_ln60_4) to 3 in order to utilize available DSP registers.
INFO: [HLS 200-486] Changing DSP latency (root=mul_ln60_3) to 3 in order to utilize available DSP registers.
INFO: [HLS 200-486] Changing DSP latency (root=mul_ln60_1) to 3 in order to utilize available DSP registers.
INFO: [SCHED 204-61] Pipelining loop 'channels_loop'.
INFO: [HLS 200-1470] Pipelining result : Target II = 1, Final II = 1, Depth = 18, loop 'channels_loop'
WARNING: [HLS 200-871] Estimated clock period (2.2735ns) exceeds the target (target clock period: 2.5ns, clock uncertainty: 0.675ns, effective delay budget: 1.825ns).
Resolution: For help on HLS 200-871 see www.xilinx.com/cgi-bin/docs/rdoc?v=2022.1;t=hls+guidance;d=200-871.html
WARNING: [HLS 200-1016] The critical path in module 'do_linear_func_1_Pipeline_channels_loop' consists of the following:	'load' operation ('p_load', /data/home/songqiangxu/project/CNN/src/linear_cls.h:60) on local variable 'empty' [75]  (0 ns)
	'add' operation ('add_ln60_18', /data/home/songqiangxu/project/CNN/src/linear_cls.h:60) [253]  (1.44 ns)
	'store' operation ('empty_write_ln52', /data/home/songqiangxu/project/CNN/src/linear_cls.h:52) of variable 'add_ln60_18', /data/home/songqiangxu/project/CNN/src/linear_cls.h:60 on local variable 'empty' [255]  (0.833 ns)

Resolution: For help on HLS 200-1016 see www.xilinx.com/cgi-bin/docs/rdoc?v=2022.1;t=hls+guidance;d=200-1016.html
INFO: [SCHED 204-11] Finished scheduling.
INFO: [HLS 200-111] Finished Scheduling: CPU user time: 0.78 seconds. CPU system time: 0.03 seconds. Elapsed time: 0.8 seconds; current allocated memory: 3.093 GB.
INFO: [BIND 205-100] Starting micro-architecture generation ...
INFO: [BIND 205-101] Performing variable lifetime analysis.
INFO: [BIND 205-101] Exploring resource sharing.
INFO: [BIND 205-101] Binding ...
INFO: [BIND 205-100] Finished micro-architecture generation.
INFO: [HLS 200-111] Finished Binding: CPU user time: 0.39 seconds. CPU system time: 0 seconds. Elapsed time: 0.39 seconds; current allocated memory: 3.093 GB.
INFO: [HLS 200-10] ----------------------------------------------------------------
INFO: [HLS 200-42] -- Implementing module 'do_linear_func_1' 
INFO: [HLS 200-10] ----------------------------------------------------------------
INFO: [SCHED 204-11] Starting scheduling ...
WARNING: [HLS 200-1015] Estimated delay Estimated delay (3.24ns)  of 'sitofp' operation ('conv', /data/home/songqiangxu/project/CNN/src/linear_cls.h:66) exceeds the target cycle time (target cycle time: 2.5ns, clock uncertainty: 0.675ns, effective cycle time: 1.83ns).

Resolution: For help on HLS 200-1015 see www.xilinx.com/cgi-bin/docs/rdoc?v=2022.1;t=hls+guidance;d=200-1015.html
WARNING: [HLS 200-871] Estimated clock period (3.239ns) exceeds the target (target clock period: 2.5ns, clock uncertainty: 0.675ns, effective delay budget: 1.825ns).
Resolution: For help on HLS 200-871 see www.xilinx.com/cgi-bin/docs/rdoc?v=2022.1;t=hls+guidance;d=200-871.html
WARNING: [HLS 200-1016] The critical path in module 'do_linear_func_1' consists of the following:	'sitofp' operation ('conv', /data/home/songqiangxu/project/CNN/src/linear_cls.h:66) [54]  (3.24 ns)

Resolution: For help on HLS 200-1016 see www.xilinx.com/cgi-bin/docs/rdoc?v=2022.1;t=hls+guidance;d=200-1016.html
INFO: [SCHED 204-11] Finished scheduling.
INFO: [HLS 200-111] Finished Scheduling: CPU user time: 0.7 seconds. CPU system time: 0.01 seconds. Elapsed time: 0.7 seconds; current allocated memory: 3.095 GB.
INFO: [BIND 205-100] Starting micro-architecture generation ...
INFO: [BIND 205-101] Performing variable lifetime analysis.
INFO: [BIND 205-101] Exploring resource sharing.
INFO: [BIND 205-101] Binding ...
INFO: [BIND 205-100] Finished micro-architecture generation.
INFO: [HLS 200-111] Finished Binding: CPU user time: 2.82 seconds. CPU system time: 0 seconds. Elapsed time: 2.82 seconds; current allocated memory: 3.095 GB.
INFO: [HLS 200-10] ----------------------------------------------------------------
INFO: [HLS 200-42] -- Implementing module 'do_linear_func_Pipeline_channels_loop' 
INFO: [HLS 200-10] ----------------------------------------------------------------
INFO: [SCHED 204-11] Starting scheduling ...
INFO: [HLS 200-486] Changing DSP latency (root=mul_ln59_6) to 3 in order to utilize available DSP registers.
INFO: [HLS 200-486] Changing DSP latency (root=mul_ln59_9) to 3 in order to utilize available DSP registers.
INFO: [HLS 200-486] Changing DSP latency (root=mul_ln59_5) to 3 in order to utilize available DSP registers.
INFO: [HLS 200-486] Changing DSP latency (root=mul_ln59_8) to 3 in order to utilize available DSP registers.
INFO: [HLS 200-486] Changing DSP latency (root=mul_ln59_2) to 3 in order to utilize available DSP registers.
INFO: [HLS 200-486] Changing DSP latency (root=mul_ln59_1) to 3 in order to utilize available DSP registers.
INFO: [SCHED 204-61] Pipelining loop 'channels_loop'.
INFO: [HLS 200-1470] Pipelining result : Target II = 1, Final II = 1, Depth = 18, loop 'channels_loop'
WARNING: [HLS 200-871] Estimated clock period (2.2735ns) exceeds the target (target clock period: 2.5ns, clock uncertainty: 0.675ns, effective delay budget: 1.825ns).
Resolution: For help on HLS 200-871 see www.xilinx.com/cgi-bin/docs/rdoc?v=2022.1;t=hls+guidance;d=200-871.html
WARNING: [HLS 200-1016] The critical path in module 'do_linear_func_Pipeline_channels_loop' consists of the following:	'load' operation ('p_load', /data/home/songqiangxu/project/CNN/src/linear_hue.h:59) on local variable 'empty' [75]  (0 ns)
	'add' operation ('add_ln59_18', /data/home/songqiangxu/project/CNN/src/linear_hue.h:59) [250]  (1.44 ns)
	'store' operation ('empty_write_ln51', /data/home/songqiangxu/project/CNN/src/linear_hue.h:51) of variable 'add_ln59_18', /data/home/songqiangxu/project/CNN/src/linear_hue.h:59 on local variable 'empty' [252]  (0.833 ns)

Resolution: For help on HLS 200-1016 see www.xilinx.com/cgi-bin/docs/rdoc?v=2022.1;t=hls+guidance;d=200-1016.html
INFO: [SCHED 204-11] Finished scheduling.
INFO: [HLS 200-111] Finished Scheduling: CPU user time: 1.09 seconds. CPU system time: 0.03 seconds. Elapsed time: 1.12 seconds; current allocated memory: 3.095 GB.
INFO: [BIND 205-100] Starting micro-architecture generation ...
INFO: [BIND 205-101] Performing variable lifetime analysis.
INFO: [BIND 205-101] Exploring resource sharing.
INFO: [BIND 205-101] Binding ...
INFO: [BIND 205-100] Finished micro-architecture generation.
INFO: [HLS 200-111] Finished Binding: CPU user time: 0.38 seconds. CPU system time: 0.01 seconds. Elapsed time: 0.38 seconds; current allocated memory: 3.096 GB.
INFO: [HLS 200-10] ----------------------------------------------------------------
INFO: [HLS 200-42] -- Implementing module 'do_linear_func' 
INFO: [HLS 200-10] ----------------------------------------------------------------
INFO: [SCHED 204-11] Starting scheduling ...
WARNING: [HLS 200-1015] Estimated delay Estimated delay (3.24ns)  of 'sitofp' operation ('conv', /data/home/songqiangxu/project/CNN/src/linear_hue.h:64) exceeds the target cycle time (target cycle time: 2.5ns, clock uncertainty: 0.675ns, effective cycle time: 1.83ns).

Resolution: For help on HLS 200-1015 see www.xilinx.com/cgi-bin/docs/rdoc?v=2022.1;t=hls+guidance;d=200-1015.html
WARNING: [HLS 200-871] Estimated clock period (3.239ns) exceeds the target (target clock period: 2.5ns, clock uncertainty: 0.675ns, effective delay budget: 1.825ns).
Resolution: For help on HLS 200-871 see www.xilinx.com/cgi-bin/docs/rdoc?v=2022.1;t=hls+guidance;d=200-871.html
WARNING: [HLS 200-1016] The critical path in module 'do_linear_func' consists of the following:	'sitofp' operation ('conv', /data/home/songqiangxu/project/CNN/src/linear_hue.h:64) [50]  (3.24 ns)

Resolution: For help on HLS 200-1016 see www.xilinx.com/cgi-bin/docs/rdoc?v=2022.1;t=hls+guidance;d=200-1016.html
INFO: [SCHED 204-11] Finished scheduling.
INFO: [HLS 200-111] Finished Scheduling: CPU user time: 0.65 seconds. CPU system time: 0.01 seconds. Elapsed time: 0.67 seconds; current allocated memory: 3.097 GB.
INFO: [BIND 205-100] Starting micro-architecture generation ...
INFO: [BIND 205-101] Performing variable lifetime analysis.
INFO: [BIND 205-101] Exploring resource sharing.
INFO: [BIND 205-101] Binding ...
INFO: [BIND 205-100] Finished micro-architecture generation.
INFO: [HLS 200-111] Finished Binding: CPU user time: 2.68 seconds. CPU system time: 0.02 seconds. Elapsed time: 2.71 seconds; current allocated memory: 3.097 GB.
INFO: [HLS 200-10] ----------------------------------------------------------------
INFO: [HLS 200-42] -- Implementing module 'top' 
INFO: [HLS 200-10] ----------------------------------------------------------------
INFO: [SCHED 204-11] Starting scheduling ...
INFO: [SCHED 204-11] Finished scheduling.
INFO: [HLS 200-111] Finished Scheduling: CPU user time: 0.6 seconds. CPU system time: 0.02 seconds. Elapsed time: 0.62 seconds; current allocated memory: 3.097 GB.
INFO: [BIND 205-100] Starting micro-architecture generation ...
INFO: [BIND 205-101] Performing variable lifetime analysis.
INFO: [BIND 205-101] Exploring resource sharing.
INFO: [BIND 205-101] Binding ...
INFO: [BIND 205-100] Finished micro-architecture generation.
INFO: [HLS 200-111] Finished Binding: CPU user time: 56.96 seconds. CPU system time: 0.21 seconds. Elapsed time: 57.17 seconds; current allocated memory: 3.099 GB.
INFO: [HLS 200-10] ----------------------------------------------------------------
INFO: [HLS 200-10] -- Generating RTL for module 'quantize_one_ap_uint_8_s' 
INFO: [HLS 200-10] ----------------------------------------------------------------
INFO: [RTGEN 206-100] Generating core module 'fadd_32ns_32ns_32_12_no_dsp_0': 2 instance(s).
INFO: [RTGEN 206-100] Generating core module 'fcmp_32ns_32ns_1_4_no_dsp_0': 1 instance(s).
INFO: [RTGEN 206-100] Generating core module 'fdiv_32ns_32ns_32_30_no_dsp_0': 1 instance(s).
INFO: [RTGEN 206-100] Generating core module 'lshr_79ns_32ns_79_4_0': 1 instance(s).
INFO: [RTGEN 206-100] Generating core module 'shl_79ns_32ns_79_4_0': 1 instance(s).
INFO: [RTGEN 206-100] Finished creating RTL model for 'quantize_one_ap_uint_8_s'.
INFO: [HLS 200-111] Finished Creating RTL model: CPU user time: 165.71 seconds. CPU system time: 0.53 seconds. Elapsed time: 166.25 seconds; current allocated memory: 3.100 GB.
INFO: [HLS 200-10] ----------------------------------------------------------------
INFO: [HLS 200-10] -- Generating RTL for module 'do_quantize' 
INFO: [HLS 200-10] ----------------------------------------------------------------
INFO: [HLS 200-1030] Apply Unified Pipeline Control on module 'do_quantize' pipeline 'Loop 1' pipeline type 'loop pipeline'
INFO: [RTGEN 206-100] Finished creating RTL model for 'do_quantize'.
INFO: [HLS 200-111] Finished Creating RTL model: CPU user time: 0.57 seconds. CPU system time: 0.02 seconds. Elapsed time: 0.59 seconds; current allocated memory: 3.105 GB.
INFO: [HLS 200-10] ----------------------------------------------------------------
INFO: [HLS 200-10] -- Generating RTL for module 'tee3_quant_to_conv_br' 
INFO: [HLS 200-10] ----------------------------------------------------------------
INFO: [RTGEN 206-100] Finished creating RTL model for 'tee3_quant_to_conv_br'.
INFO: [HLS 200-111] Finished Creating RTL model: CPU user time: 1.01 seconds. CPU system time: 0.01 seconds. Elapsed time: 1.02 seconds; current allocated memory: 3.108 GB.
INFO: [HLS 200-10] ----------------------------------------------------------------
INFO: [HLS 200-10] -- Generating RTL for module 'p_hls_fptosi_float_i32' 
INFO: [HLS 200-10] ----------------------------------------------------------------
INFO: [RTGEN 206-100] Generating core module 'lshr_79ns_32ns_79_4_0': 1 instance(s).
INFO: [RTGEN 206-100] Generating core module 'shl_79ns_32ns_79_4_0': 1 instance(s).
INFO: [RTGEN 206-100] Finished creating RTL model for 'p_hls_fptosi_float_i32'.
INFO: [HLS 200-111] Finished Creating RTL model: CPU user time: 0.28 seconds. CPU system time: 0.01 seconds. Elapsed time: 0.28 seconds; current allocated memory: 3.109 GB.
INFO: [HLS 200-10] ----------------------------------------------------------------
INFO: [HLS 200-10] -- Generating RTL for module 'clamp_int_int_s' 
INFO: [HLS 200-10] ----------------------------------------------------------------
INFO: [RTGEN 206-100] Finished creating RTL model for 'clamp_int_int_s'.
INFO: [HLS 200-111] Finished Creating RTL model: CPU user time: 0.24 seconds. CPU system time: 0 seconds. Elapsed time: 0.25 seconds; current allocated memory: 3.109 GB.
INFO: [HLS 200-10] ----------------------------------------------------------------
INFO: [HLS 200-10] -- Generating RTL for module 'do_conv_br_2_Pipeline_2' 
INFO: [HLS 200-10] ----------------------------------------------------------------
INFO: [HLS 200-1030] Apply Unified Pipeline Control on module 'do_conv_br_2_Pipeline_2' pipeline 'Loop 1' pipeline type 'loop pipeline'
INFO: [RTGEN 206-104] Estimated max fanout for 'do_conv_br_2_Pipeline_2' is 64759 from HDL expression: (1'b0 == ap_block_pp0_stage0_11001)
INFO: [RTGEN 206-100] Generating core module 'ama_submuladd_9s_9s_4ns_14s_15_4_1': 15 instance(s).
INFO: [RTGEN 206-100] Generating core module 'ama_submuladd_9s_9s_5ns_13s_15_4_1': 15 instance(s).
INFO: [RTGEN 206-100] Generating core module 'ama_submuladd_9s_9s_6ns_16s_16_4_1': 15 instance(s).
INFO: [RTGEN 206-100] Generating core module 'fadd_32ns_32ns_32_12_no_dsp_0': 390 instance(s).
INFO: [RTGEN 206-100] Generating core module 'fcmp_32ns_32ns_1_4_no_dsp_0': 195 instance(s).
INFO: [RTGEN 206-100] Generating core module 'fmul_32ns_32ns_32_8_max_dsp_1': 195 instance(s).
INFO: [RTGEN 206-100] Generating core module 'mac_muladd_9s_4ns_13s_14_4_1': 15 instance(s).
INFO: [RTGEN 206-100] Generating core module 'mac_muladd_9s_4ns_14s_14_4_1': 30 instance(s).
INFO: [RTGEN 206-100] Generating core module 'mac_muladd_9s_5ns_11s_13_4_1': 15 instance(s).
INFO: [RTGEN 206-100] Generating core module 'mac_muladd_9s_5ns_12s_14_4_1': 15 instance(s).
INFO: [RTGEN 206-100] Generating core module 'mac_muladd_9s_5ns_13s_14_4_1': 15 instance(s).
INFO: [RTGEN 206-100] Generating core module 'mac_muladd_9s_5ns_14s_15_4_1': 60 instance(s).
INFO: [RTGEN 206-100] Generating core module 'mac_muladd_9s_5ns_15s_15_4_1': 60 instance(s).
INFO: [RTGEN 206-100] Generating core module 'mac_muladd_9s_5ns_15s_16_4_1': 30 instance(s).
INFO: [RTGEN 206-100] Generating core module 'mac_muladd_9s_5ns_8s_13_4_1': 15 instance(s).
INFO: [RTGEN 206-100] Generating core module 'mac_muladd_9s_5ns_9s_13_4_1': 15 instance(s).
INFO: [RTGEN 206-100] Generating core module 'mac_muladd_9s_5s_13s_14_4_1': 15 instance(s).
INFO: [RTGEN 206-100] Generating core module 'mac_muladd_9s_5s_14s_15_4_1': 15 instance(s).
INFO: [RTGEN 206-100] Generating core module 'mac_muladd_9s_5s_15s_15_4_1': 15 instance(s).
INFO: [RTGEN 206-100] Generating core module 'mac_muladd_9s_5s_16s_16_4_1': 15 instance(s).
INFO: [RTGEN 206-100] Generating core module 'mac_muladd_9s_6ns_11s_14_4_1': 15 instance(s).
INFO: [RTGEN 206-100] Generating core module 'mac_muladd_9s_6ns_14s_15_4_1': 30 instance(s).
INFO: [RTGEN 206-100] Generating core module 'mac_muladd_9s_6ns_15s_15_4_1': 45 instance(s).
INFO: [RTGEN 206-100] Generating core module 'mac_muladd_9s_6ns_15s_16_4_1': 30 instance(s).
INFO: [RTGEN 206-100] Generating core module 'mac_muladd_9s_6ns_16s_16_4_1': 30 instance(s).
INFO: [RTGEN 206-100] Generating core module 'mac_muladd_9s_6ns_16s_17_4_1': 30 instance(s).
INFO: [RTGEN 206-100] Generating core module 'mac_muladd_9s_6s_13s_14_4_1': 15 instance(s).
INFO: [RTGEN 206-100] Generating core module 'mac_muladd_9s_6s_14s_15_4_1': 30 instance(s).
INFO: [RTGEN 206-100] Generating core module 'mac_muladd_9s_6s_15s_15_4_1': 30 instance(s).
INFO: [RTGEN 206-100] Generating core module 'mac_muladd_9s_6s_15s_16_4_1': 15 instance(s).
INFO: [RTGEN 206-100] Generating core module 'mac_muladd_9s_6s_6s_13_4_1': 15 instance(s).
INFO: [RTGEN 206-100] Generating core module 'mac_muladd_9s_6s_9s_13_4_1': 15 instance(s).
INFO: [RTGEN 206-100] Generating core module 'mac_muladd_9s_7ns_15s_16_4_1': 30 instance(s).
INFO: [RTGEN 206-100] Generating core module 'mac_muladd_9s_7ns_17s_18_4_1': 15 instance(s).
INFO: [RTGEN 206-100] Generating core module 'mac_muladd_9s_7s_12s_14_4_1': 15 instance(s).
INFO: [RTGEN 206-100] Generating core module 'mac_muladd_9s_7s_12s_15_4_1': 15 instance(s).
INFO: [RTGEN 206-100] Generating core module 'mac_muladd_9s_7s_15s_16_4_1': 45 instance(s).
INFO: [RTGEN 206-100] Generating core module 'mac_muladd_9s_7s_16s_17_4_1': 15 instance(s).
INFO: [RTGEN 206-100] Generating core module 'mac_muladd_9s_8s_10s_15_4_1': 15 instance(s).
INFO: [RTGEN 206-100] Generating core module 'mul_9s_5s_14_4_1': 15 instance(s).
INFO: [RTGEN 206-100] Generating core module 'mul_9s_6ns_13_4_1': 15 instance(s).
INFO: [RTGEN 206-100] Generating core module 'mul_9s_6ns_15_4_1': 15 instance(s).
INFO: [RTGEN 206-100] Generating core module 'mul_9s_6s_13_4_1': 45 instance(s).
INFO: [RTGEN 206-100] Generating core module 'mul_9s_7ns_14_4_1': 15 instance(s).
INFO: [RTGEN 206-100] Generating core module 'mul_9s_7s_14_4_1': 45 instance(s).
INFO: [RTGEN 206-100] Generating core module 'mul_9s_7s_15_4_1': 15 instance(s).
INFO: [RTGEN 206-100] Generating core module 'mul_9s_8s_15_4_1': 90 instance(s).
INFO: [RTGEN 206-100] Generating core module 'mul_9s_8s_17_4_1': 15 instance(s).
INFO: [RTGEN 206-100] Generating core module 'sitofp_32s_32_7_no_dsp_1': 195 instance(s).
INFO: [RTGEN 206-100] Finished creating RTL model for 'do_conv_br_2_Pipeline_2'.
INFO: [HLS 200-111] Finished Creating RTL model: CPU user time: 10.37 seconds. CPU system time: 0.29 seconds. Elapsed time: 10.64 seconds; current allocated memory: 3.312 GB.
INFO: [HLS 200-10] ----------------------------------------------------------------
INFO: [HLS 200-10] -- Generating RTL for module 'do_conv_br_2' 
INFO: [HLS 200-10] ----------------------------------------------------------------
INFO: [RTGEN 206-100] Finished creating RTL model for 'do_conv_br_2'.
INFO: [HLS 200-111] Finished Creating RTL model: CPU user time: 84.69 seconds. CPU system time: 0.79 seconds. Elapsed time: 85.48 seconds; current allocated memory: 3.578 GB.
INFO: [HLS 200-10] ----------------------------------------------------------------
INFO: [HLS 200-10] -- Generating RTL for module 'do_conv_br_1_Pipeline_2' 
INFO: [HLS 200-10] ----------------------------------------------------------------
INFO: [HLS 200-1030] Apply Unified Pipeline Control on module 'do_conv_br_1_Pipeline_2' pipeline 'Loop 1' pipeline type 'loop pipeline'
INFO: [RTGEN 206-104] Estimated max fanout for 'do_conv_br_1_Pipeline_2' is 97061 from HDL expression: (1'b0 == ap_block_pp0_stage0_11001)
INFO: [RTGEN 206-100] Generating core module 'am_addmul_9s_9s_6s_14_4_1': 15 instance(s).
INFO: [RTGEN 206-100] Generating core module 'ama_addmuladd_10s_9s_6s_15s_15_4_1': 15 instance(s).
INFO: [RTGEN 206-100] Generating core module 'ama_addmuladd_9s_9s_5ns_16s_17_4_1': 15 instance(s).
INFO: [RTGEN 206-100] Generating core module 'ama_addmuladd_9s_9s_5s_15s_16_4_1': 15 instance(s).
INFO: [RTGEN 206-100] Generating core module 'ama_addmuladd_9s_9s_6s_15s_15_4_1': 15 instance(s).
INFO: [RTGEN 206-100] Generating core module 'ama_addmuladd_9s_9s_7s_17s_18_4_1': 15 instance(s).
INFO: [RTGEN 206-100] Generating core module 'ama_addmuladd_9s_9s_8s_13s_16_4_1': 15 instance(s).
INFO: [RTGEN 206-100] Generating core module 'ama_submuladd_10s_9s_5ns_17s_18_4_1': 15 instance(s).
INFO: [RTGEN 206-100] Generating core module 'ama_submuladd_9s_9s_4ns_11s_13_4_1': 15 instance(s).
INFO: [RTGEN 206-100] Generating core module 'ama_submuladd_9s_9s_4ns_13s_14_4_1': 15 instance(s).
INFO: [RTGEN 206-100] Generating core module 'ama_submuladd_9s_9s_4ns_14s_15_4_1': 15 instance(s).
INFO: [RTGEN 206-100] Generating core module 'ama_submuladd_9s_9s_5ns_13s_15_4_1': 15 instance(s).
INFO: [RTGEN 206-100] Generating core module 'ama_submuladd_9s_9s_5ns_14s_15_4_1': 15 instance(s).
INFO: [RTGEN 206-100] Generating core module 'ama_submuladd_9s_9s_5ns_15s_16_4_1': 15 instance(s).
INFO: [RTGEN 206-100] Generating core module 'ama_submuladd_9s_9s_5ns_16s_16_4_1': 15 instance(s).
INFO: [RTGEN 206-100] Generating core module 'ama_submuladd_9s_9s_6ns_15s_16_4_1': 45 instance(s).
INFO: [RTGEN 206-100] Generating core module 'ama_submuladd_9s_9s_6ns_17s_18_4_1': 30 instance(s).
INFO: [RTGEN 206-100] Generating core module 'fadd_32ns_32ns_32_12_no_dsp_0': 390 instance(s).
INFO: [RTGEN 206-100] Generating core module 'fcmp_32ns_32ns_1_4_no_dsp_0': 195 instance(s).
INFO: [RTGEN 206-100] Generating core module 'fmul_32ns_32ns_32_8_max_dsp_1': 195 instance(s).
INFO: [RTGEN 206-100] Generating core module 'mac_muladd_10s_5s_15s_15_4_1': 15 instance(s).
INFO: [RTGEN 206-100] Generating core module 'mac_muladd_9s_4ns_12s_13_4_1': 15 instance(s).
INFO: [RTGEN 206-100] Generating core module 'mac_muladd_9s_4ns_13s_14_4_1': 30 instance(s).
INFO: [RTGEN 206-100] Generating core module 'mac_muladd_9s_4ns_14s_14_4_1': 15 instance(s).
INFO: [RTGEN 206-100] Generating core module 'mac_muladd_9s_5ns_11s_13_4_1': 15 instance(s).
INFO: [RTGEN 206-100] Generating core module 'mac_muladd_9s_5ns_13s_14_4_1': 30 instance(s).
INFO: [RTGEN 206-100] Generating core module 'mac_muladd_9s_5ns_14s_14_4_1': 15 instance(s).
INFO: [RTGEN 206-100] Generating core module 'mac_muladd_9s_5ns_15s_16_4_1': 30 instance(s).
INFO: [RTGEN 206-100] Generating core module 'mac_muladd_9s_5ns_16s_16_4_1': 15 instance(s).
INFO: [RTGEN 206-100] Generating core module 'mac_muladd_9s_5s_13s_14_4_1': 15 instance(s).
INFO: [RTGEN 206-100] Generating core module 'mac_muladd_9s_5s_14s_15_4_1': 30 instance(s).
INFO: [RTGEN 206-100] Generating core module 'mac_muladd_9s_5s_15s_15_4_1': 15 instance(s).
INFO: [RTGEN 206-100] Generating core module 'mac_muladd_9s_6ns_14s_15_4_1': 60 instance(s).
INFO: [RTGEN 206-100] Generating core module 'mac_muladd_9s_6ns_15s_15_4_1': 45 instance(s).
INFO: [RTGEN 206-100] Generating core module 'mac_muladd_9s_6ns_15s_16_4_1': 30 instance(s).
INFO: [RTGEN 206-100] Generating core module 'mac_muladd_9s_6ns_16s_16_4_1': 45 instance(s).
INFO: [RTGEN 206-100] Generating core module 'mac_muladd_9s_6ns_16s_17_4_1': 15 instance(s).
INFO: [RTGEN 206-100] Generating core module 'mac_muladd_9s_6ns_17s_17_4_1': 30 instance(s).
INFO: [RTGEN 206-100] Generating core module 'mac_muladd_9s_6ns_17s_18_4_1': 15 instance(s).
INFO: [RTGEN 206-100] Generating core module 'mac_muladd_9s_6ns_7ns_14_4_1': 15 instance(s).
INFO: [RTGEN 206-100] Generating core module 'mac_muladd_9s_6ns_7s_14_4_1': 15 instance(s).
INFO: [RTGEN 206-100] Generating core module 'mac_muladd_9s_6s_14s_15_4_1': 60 instance(s).
INFO: [RTGEN 206-100] Generating core module 'mac_muladd_9s_6s_15s_15_4_1': 90 instance(s).
INFO: [RTGEN 206-100] Generating core module 'mac_muladd_9s_6s_15s_16_4_1': 30 instance(s).
INFO: [RTGEN 206-100] Generating core module 'mac_muladd_9s_7ns_10s_15_4_1': 15 instance(s).
INFO: [RTGEN 206-100] Generating core module 'mac_muladd_9s_7ns_16s_16_4_1': 30 instance(s).
INFO: [RTGEN 206-100] Generating core module 'mac_muladd_9s_7ns_17s_17_4_1': 30 instance(s).
INFO: [RTGEN 206-100] Generating core module 'mac_muladd_9s_7s_11s_14_4_1': 15 instance(s).
INFO: [RTGEN 206-100] Generating core module 'mac_muladd_9s_7s_12s_14_4_1': 15 instance(s).
INFO: [RTGEN 206-100] Generating core module 'mac_muladd_9s_7s_13s_14_4_1': 15 instance(s).
INFO: [RTGEN 206-100] Generating core module 'mac_muladd_9s_7s_15s_16_4_1': 30 instance(s).
INFO: [RTGEN 206-100] Generating core module 'mac_muladd_9s_7s_16s_16_4_1': 45 instance(s).
INFO: [RTGEN 206-100] Generating core module 'mac_muladd_9s_7s_16s_17_4_1': 30 instance(s).
INFO: [RTGEN 206-100] Generating core module 'mac_muladd_9s_7s_17s_18_4_1': 15 instance(s).
INFO: [RTGEN 206-100] Generating core module 'mac_muladd_9s_8s_16s_17_4_1': 30 instance(s).
INFO: [RTGEN 206-100] Generating core module 'mac_muladd_9s_8s_17s_17_4_1': 15 instance(s).
INFO: [RTGEN 206-100] Generating core module 'mac_muladd_9s_8s_17s_18_4_1': 15 instance(s).
INFO: [RTGEN 206-100] Generating core module 'mac_muladd_9s_8s_18s_19_4_1': 15 instance(s).
INFO: [RTGEN 206-100] Generating core module 'mul_9s_5s_12_4_1': 15 instance(s).
INFO: [RTGEN 206-100] Generating core module 'mul_9s_6ns_13_4_1': 60 instance(s).
INFO: [RTGEN 206-100] Generating core module 'mul_9s_6ns_14_4_1': 15 instance(s).
INFO: [RTGEN 206-100] Generating core module 'mul_9s_6ns_15_4_1': 45 instance(s).
INFO: [RTGEN 206-100] Generating core module 'mul_9s_6s_13_4_1': 105 instance(s).
INFO: [RTGEN 206-100] Generating core module 'mul_9s_6s_15_4_1': 60 instance(s).
INFO: [RTGEN 206-100] Generating core module 'mul_9s_7ns_14_4_1': 30 instance(s).
INFO: [RTGEN 206-100] Generating core module 'mul_9s_7ns_15_4_1': 30 instance(s).
INFO: [RTGEN 206-100] Generating core module 'mul_9s_7ns_16_4_1': 15 instance(s).
INFO: [RTGEN 206-100] Generating core module 'mul_9s_7s_14_4_1': 120 instance(s).
INFO: [RTGEN 206-100] Generating core module 'mul_9s_7s_15_4_1': 15 instance(s).
INFO: [RTGEN 206-100] Generating core module 'mul_9s_7s_16_4_1': 15 instance(s).
INFO: [RTGEN 206-100] Generating core module 'mul_9s_8s_15_4_1': 30 instance(s).
INFO: [RTGEN 206-100] Generating core module 'sitofp_32s_32_7_no_dsp_1': 195 instance(s).
INFO: [RTGEN 206-100] Finished creating RTL model for 'do_conv_br_1_Pipeline_2'.
INFO: [HLS 200-111] Finished Creating RTL model: CPU user time: 40.07 seconds. CPU system time: 0.44 seconds. Elapsed time: 40.52 seconds; current allocated memory: 3.908 GB.
INFO: [HLS 200-10] ----------------------------------------------------------------
INFO: [HLS 200-10] -- Generating RTL for module 'do_conv_br_1' 
INFO: [HLS 200-10] ----------------------------------------------------------------
INFO: [RTGEN 206-100] Finished creating RTL model for 'do_conv_br_1'.
INFO: [HLS 200-111] Finished Creating RTL model: CPU user time: 147.47 seconds. CPU system time: 1.36 seconds. Elapsed time: 149.8 seconds; current allocated memory: 4.347 GB.
INFO: [HLS 200-10] ----------------------------------------------------------------
INFO: [HLS 200-10] -- Generating RTL for module 'do_conv_br' 
INFO: [HLS 200-10] ----------------------------------------------------------------
INFO: [HLS 200-1030] Apply Unified Pipeline Control on module 'do_conv_br' pipeline 'Loop 1' pipeline type 'loop pipeline'
INFO: [RTGEN 206-104] Estimated max fanout for 'do_conv_br' is 186772 from HDL expression: (1'b0 == ap_block_pp0_stage0_11001)
INFO: [RTGEN 206-100] Generating core module 'am_addmul_9s_9s_5s_13_4_1': 15 instance(s).
INFO: [RTGEN 206-100] Generating core module 'am_addmul_9s_9s_6s_14_4_1': 15 instance(s).
INFO: [RTGEN 206-100] Generating core module 'am_addmul_9s_9s_6s_15_4_1': 15 instance(s).
INFO: [RTGEN 206-100] Generating core module 'am_addmul_9s_9s_7s_15_4_1': 15 instance(s).
INFO: [RTGEN 206-100] Generating core module 'ama_addmuladd_10s_9s_4ns_15s_16_4_1': 15 instance(s).
INFO: [RTGEN 206-100] Generating core module 'ama_addmuladd_10s_9s_5ns_17s_17_4_1': 15 instance(s).
INFO: [RTGEN 206-100] Generating core module 'ama_addmuladd_10s_9s_5ns_18s_18_4_1': 15 instance(s).
INFO: [RTGEN 206-100] Generating core module 'ama_addmuladd_10s_9s_5ns_18s_19_4_1': 15 instance(s).
INFO: [RTGEN 206-100] Generating core module 'ama_addmuladd_10s_9s_5s_15s_15_4_1': 15 instance(s).
INFO: [RTGEN 206-100] Generating core module 'ama_addmuladd_10s_9s_5s_15s_16_4_1': 15 instance(s).
INFO: [RTGEN 206-100] Generating core module 'ama_addmuladd_10s_9s_6ns_11s_16_4_1': 15 instance(s).
INFO: [RTGEN 206-100] Generating core module 'ama_addmuladd_10s_9s_6ns_15s_16_4_1': 15 instance(s).
INFO: [RTGEN 206-100] Generating core module 'ama_addmuladd_10s_9s_6ns_18s_19_4_1': 15 instance(s).
INFO: [RTGEN 206-100] Generating core module 'ama_addmuladd_10s_9s_6ns_19s_19_4_1': 15 instance(s).
INFO: [RTGEN 206-100] Generating core module 'ama_addmuladd_10s_9s_6s_15s_15_4_1': 15 instance(s).
INFO: [RTGEN 206-100] Generating core module 'ama_addmuladd_9s_9s_4ns_15s_15_4_1': 15 instance(s).
INFO: [RTGEN 206-100] Generating core module 'ama_addmuladd_9s_9s_5ns_14s_15_4_1': 15 instance(s).
INFO: [RTGEN 206-100] Generating core module 'ama_addmuladd_9s_9s_5ns_15s_15_4_1': 30 instance(s).
INFO: [RTGEN 206-100] Generating core module 'ama_addmuladd_9s_9s_5ns_16s_16_4_1': 45 instance(s).
INFO: [RTGEN 206-100] Generating core module 'ama_addmuladd_9s_9s_6ns_16s_16_4_1': 15 instance(s).
INFO: [RTGEN 206-100] Generating core module 'ama_addmuladd_9s_9s_6ns_17s_18_4_1': 15 instance(s).
INFO: [RTGEN 206-100] Generating core module 'ama_addmuladd_9s_9s_7s_17s_18_4_1': 15 instance(s).
INFO: [RTGEN 206-100] Generating core module 'ama_submuladd_10s_9s_4ns_14s_15_4_1': 15 instance(s).
INFO: [RTGEN 206-100] Generating core module 'ama_submuladd_10s_9s_4ns_16s_16_4_1': 15 instance(s).
INFO: [RTGEN 206-100] Generating core module 'ama_submuladd_10s_9s_5ns_10s_15_4_1': 15 instance(s).
INFO: [RTGEN 206-100] Generating core module 'ama_submuladd_10s_9s_5ns_14s_15_4_1': 15 instance(s).
INFO: [RTGEN 206-100] Generating core module 'ama_submuladd_9s_10s_5ns_16s_16_4_1': 30 instance(s).
INFO: [RTGEN 206-100] Generating core module 'ama_submuladd_9s_10s_5ns_16s_17_4_1': 30 instance(s).
INFO: [RTGEN 206-100] Generating core module 'ama_submuladd_9s_10s_5ns_18s_18_4_1': 15 instance(s).
INFO: [RTGEN 206-100] Generating core module 'ama_submuladd_9s_10s_6ns_16s_16_4_1': 15 instance(s).
INFO: [RTGEN 206-100] Generating core module 'ama_submuladd_9s_9s_4ns_14s_15_4_1': 15 instance(s).
INFO: [RTGEN 206-100] Generating core module 'ama_submuladd_9s_9s_5ns_12s_14_4_1': 30 instance(s).
INFO: [RTGEN 206-100] Generating core module 'ama_submuladd_9s_9s_5ns_14s_15_4_1': 60 instance(s).
INFO: [RTGEN 206-100] Generating core module 'ama_submuladd_9s_9s_5ns_15s_15_4_1': 135 instance(s).
INFO: [RTGEN 206-100] Generating core module 'ama_submuladd_9s_9s_5ns_15s_16_4_1': 30 instance(s).
INFO: [RTGEN 206-100] Generating core module 'ama_submuladd_9s_9s_5ns_16s_16_4_1': 15 instance(s).
INFO: [RTGEN 206-100] Generating core module 'ama_submuladd_9s_9s_5ns_16s_17_4_1': 15 instance(s).
INFO: [RTGEN 206-100] Generating core module 'ama_submuladd_9s_9s_6ns_14s_15_4_1': 30 instance(s).
INFO: [RTGEN 206-100] Generating core module 'ama_submuladd_9s_9s_6ns_14s_16_4_1': 15 instance(s).
INFO: [RTGEN 206-100] Generating core module 'ama_submuladd_9s_9s_6ns_15s_16_4_1': 30 instance(s).
INFO: [RTGEN 206-100] Generating core module 'ama_submuladd_9s_9s_6ns_16s_16_4_1': 15 instance(s).
INFO: [RTGEN 206-100] Generating core module 'fadd_32ns_32ns_32_12_no_dsp_0': 420 instance(s).
INFO: [RTGEN 206-100] Generating core module 'fcmp_32ns_32ns_1_4_no_dsp_0': 210 instance(s).
INFO: [RTGEN 206-100] Generating core module 'fmul_32ns_32ns_32_8_max_dsp_1': 210 instance(s).
INFO: [RTGEN 206-100] Generating core module 'mac_muladd_9s_4ns_12s_13_4_1': 15 instance(s).
INFO: [RTGEN 206-100] Generating core module 'mac_muladd_9s_4ns_13s_14_4_1': 15 instance(s).
INFO: [RTGEN 206-100] Generating core module 'mac_muladd_9s_4ns_14s_14_4_1': 30 instance(s).
INFO: [RTGEN 206-100] Generating core module 'mac_muladd_9s_4ns_14s_15_4_1': 15 instance(s).
INFO: [RTGEN 206-100] Generating core module 'mac_muladd_9s_4ns_15s_15_4_1': 15 instance(s).
INFO: [RTGEN 206-100] Generating core module 'mac_muladd_9s_5ns_12s_14_4_1': 15 instance(s).
INFO: [RTGEN 206-100] Generating core module 'mac_muladd_9s_5ns_13s_14_4_1': 45 instance(s).
INFO: [RTGEN 206-100] Generating core module 'mac_muladd_9s_5ns_14s_14_4_1': 15 instance(s).
INFO: [RTGEN 206-100] Generating core module 'mac_muladd_9s_5ns_14s_15_4_1': 15 instance(s).
INFO: [RTGEN 206-100] Generating core module 'mac_muladd_9s_5ns_15ns_15_4_1': 15 instance(s).
INFO: [RTGEN 206-100] Generating core module 'mac_muladd_9s_5ns_15s_15_4_1': 30 instance(s).
INFO: [RTGEN 206-100] Generating core module 'mac_muladd_9s_5ns_15s_16_4_1': 15 instance(s).
INFO: [RTGEN 206-100] Generating core module 'mac_muladd_9s_5ns_5s_13_4_1': 15 instance(s).
INFO: [RTGEN 206-100] Generating core module 'mac_muladd_9s_5s_14s_15_4_1': 60 instance(s).
INFO: [RTGEN 206-100] Generating core module 'mac_muladd_9s_5s_15s_15_4_1': 15 instance(s).
INFO: [RTGEN 206-100] Generating core module 'mac_muladd_9s_6ns_10ns_15_4_1': 15 instance(s).
INFO: [RTGEN 206-100] Generating core module 'mac_muladd_9s_6ns_12s_15_4_1': 15 instance(s).
INFO: [RTGEN 206-100] Generating core module 'mac_muladd_9s_6ns_13s_14_4_1': 15 instance(s).
INFO: [RTGEN 206-100] Generating core module 'mac_muladd_9s_6ns_13s_15_4_1': 15 instance(s).
INFO: [RTGEN 206-100] Generating core module 'mac_muladd_9s_6ns_14s_14_4_1': 15 instance(s).
INFO: [RTGEN 206-100] Generating core module 'mac_muladd_9s_6ns_14s_15_4_1': 105 instance(s).
INFO: [RTGEN 206-100] Generating core module 'mac_muladd_9s_6ns_15s_15_4_1': 30 instance(s).
INFO: [RTGEN 206-100] Generating core module 'mac_muladd_9s_6ns_15s_16_4_1': 45 instance(s).
INFO: [RTGEN 206-100] Generating core module 'mac_muladd_9s_6ns_16ns_16_4_1': 15 instance(s).
INFO: [RTGEN 206-100] Generating core module 'mac_muladd_9s_6ns_16s_16_4_1': 45 instance(s).
INFO: [RTGEN 206-100] Generating core module 'mac_muladd_9s_6ns_16s_17_4_1': 30 instance(s).
INFO: [RTGEN 206-100] Generating core module 'mac_muladd_9s_6ns_17s_18_4_1': 45 instance(s).
INFO: [RTGEN 206-100] Generating core module 'mac_muladd_9s_6ns_8ns_14_4_1': 15 instance(s).
INFO: [RTGEN 206-100] Generating core module 'mac_muladd_9s_6s_10s_13_4_1': 15 instance(s).
INFO: [RTGEN 206-100] Generating core module 'mac_muladd_9s_6s_11s_14_4_1': 15 instance(s).
INFO: [RTGEN 206-100] Generating core module 'mac_muladd_9s_6s_12s_13_4_1': 15 instance(s).
INFO: [RTGEN 206-100] Generating core module 'mac_muladd_9s_6s_13s_15_4_1': 15 instance(s).
INFO: [RTGEN 206-100] Generating core module 'mac_muladd_9s_6s_14s_15_4_1': 15 instance(s).
INFO: [RTGEN 206-100] Generating core module 'mac_muladd_9s_6s_15s_15_4_1': 60 instance(s).
INFO: [RTGEN 206-100] Generating core module 'mac_muladd_9s_6s_15s_16_4_1': 60 instance(s).
INFO: [RTGEN 206-100] Generating core module 'mac_muladd_9s_6s_18s_18_4_1': 15 instance(s).
INFO: [RTGEN 206-100] Generating core module 'mac_muladd_9s_7ns_16s_16_4_1': 15 instance(s).
INFO: [RTGEN 206-100] Generating core module 'mac_muladd_9s_7ns_19s_19_4_1': 15 instance(s).
INFO: [RTGEN 206-100] Generating core module 'mac_muladd_9s_7s_10s_14_4_1': 15 instance(s).
INFO: [RTGEN 206-100] Generating core module 'mac_muladd_9s_7s_11s_14_4_1': 15 instance(s).
INFO: [RTGEN 206-100] Generating core module 'mac_muladd_9s_7s_15s_16_4_1': 60 instance(s).
INFO: [RTGEN 206-100] Generating core module 'mac_muladd_9s_7s_16s_16_4_1': 30 instance(s).
INFO: [RTGEN 206-100] Generating core module 'mac_muladd_9s_7s_16s_17_4_1': 45 instance(s).
INFO: [RTGEN 206-100] Generating core module 'mac_muladd_9s_7s_18s_18_4_1': 15 instance(s).
INFO: [RTGEN 206-100] Generating core module 'mac_muladd_9s_8s_19s_19_4_1': 15 instance(s).
INFO: [RTGEN 206-100] Generating core module 'mac_muladd_9s_8s_9s_15_4_1': 15 instance(s).
INFO: [RTGEN 206-100] Generating core module 'mul_10s_5ns_15_4_1': 15 instance(s).
INFO: [RTGEN 206-100] Generating core module 'mul_10s_6ns_16_4_1': 15 instance(s).
INFO: [RTGEN 206-100] Generating core module 'mul_10s_6s_15_4_1': 15 instance(s).
INFO: [RTGEN 206-100] Generating core module 'mul_9s_5s_12_4_1': 30 instance(s).
INFO: [RTGEN 206-100] Generating core module 'mul_9s_5s_14_4_1': 30 instance(s).
INFO: [RTGEN 206-100] Generating core module 'mul_9s_6ns_15_4_1': 120 instance(s).
INFO: [RTGEN 206-100] Generating core module 'mul_9s_6s_13_4_1': 150 instance(s).
INFO: [RTGEN 206-100] Generating core module 'mul_9s_6s_15_4_1': 120 instance(s).
INFO: [RTGEN 206-100] Generating core module 'mul_9s_7ns_14_4_1': 75 instance(s).
INFO: [RTGEN 206-100] Generating core module 'mul_9s_7ns_15_4_1': 45 instance(s).
INFO: [RTGEN 206-100] Generating core module 'mul_9s_7ns_16_4_1': 75 instance(s).
INFO: [RTGEN 206-100] Generating core module 'mul_9s_7s_14_4_1': 240 instance(s).
INFO: [RTGEN 206-100] Generating core module 'mul_9s_7s_15_4_1': 15 instance(s).
INFO: [RTGEN 206-100] Generating core module 'mul_9s_7s_16_4_1': 30 instance(s).
INFO: [RTGEN 206-100] Generating core module 'mul_9s_8ns_15_4_1': 15 instance(s).
INFO: [RTGEN 206-100] Generating core module 'mul_9s_8s_15_4_1': 15 instance(s).
INFO: [RTGEN 206-100] Generating core module 'sitofp_32s_32_7_no_dsp_1': 210 instance(s).
INFO: [RTGEN 206-100] Finished creating RTL model for 'do_conv_br'.
INFO: [HLS 200-111] Finished Creating RTL model: CPU user time: 65.27 seconds. CPU system time: 0.85 seconds. Elapsed time: 66.12 seconds; current allocated memory: 4.884 GB.
INFO: [HLS 200-10] ----------------------------------------------------------------
INFO: [HLS 200-10] -- Generating RTL for module 'requant_to_concat_domain' 
INFO: [HLS 200-10] ----------------------------------------------------------------
INFO: [RTGEN 206-100] Generating core module 'fadd_32ns_32ns_32_12_no_dsp_0': 1 instance(s).
INFO: [RTGEN 206-100] Generating core module 'fcmp_32ns_32ns_1_4_no_dsp_0': 4 instance(s).
INFO: [RTGEN 206-100] Generating core module 'fdiv_32ns_32ns_32_30_no_dsp_0': 1 instance(s).
INFO: [RTGEN 206-100] Generating core module 'fmul_32ns_32ns_32_8_max_dsp_1': 1 instance(s).
INFO: [RTGEN 206-100] Generating core module 'fsub_32ns_32ns_32_12_no_dsp_0': 2 instance(s).
INFO: [RTGEN 206-100] Generating core module 'lshr_79ns_32ns_79_4_0': 1 instance(s).
INFO: [RTGEN 206-100] Generating core module 'shl_79ns_32ns_79_4_0': 1 instance(s).
INFO: [RTGEN 206-100] Generating core module 'sitofp_32ns_32_7_no_dsp_0': 2 instance(s).
INFO: [RTGEN 206-100] Generating core module 'sitofp_32s_32_7_no_dsp_1': 1 instance(s).
INFO: [RTGEN 206-100] Finished creating RTL model for 'requant_to_concat_domain'.
INFO: [HLS 200-111] Finished Creating RTL model: CPU user time: 343.71 seconds. CPU system time: 2.85 seconds. Elapsed time: 346.61 seconds; current allocated memory: 5.688 GB.
INFO: [HLS 200-10] ----------------------------------------------------------------
INFO: [HLS 200-10] -- Generating RTL for module 'do_concat_Pipeline_1' 
INFO: [HLS 200-10] ----------------------------------------------------------------
INFO: [HLS 200-1030] Apply Unified Pipeline Control on module 'do_concat_Pipeline_1' pipeline 'Loop 1' pipeline type 'loop pipeline'
INFO: [RTGEN 206-104] Estimated max fanout for 'do_concat_Pipeline_1' is 10200 from HDL expression: ((1'b0 == ap_block_pp0_stage0) & (ap_enable_reg_pp0_iter91 == 1'b1))
INFO: [RTGEN 206-100] Finished creating RTL model for 'do_concat_Pipeline_1'.
INFO: [HLS 200-111] Finished Creating RTL model: CPU user time: 9.23 seconds. CPU system time: 0.28 seconds. Elapsed time: 9.51 seconds; current allocated memory: 5.944 GB.
INFO: [HLS 200-10] ----------------------------------------------------------------
INFO: [HLS 200-10] -- Generating RTL for module 'do_concat_Pipeline_2' 
INFO: [HLS 200-10] ----------------------------------------------------------------
INFO: [RTGEN 206-100] Generating core module 'mux_134_8_1_1': 1 instance(s).
INFO: [RTGEN 206-100] Generating core module 'mux_154_8_1_1': 13 instance(s).
INFO: [RTGEN 206-100] Generating core module 'shl_3280ns_12ns_3280_2_1': 2 instance(s).
INFO: [RTGEN 206-100] Finished creating RTL model for 'do_concat_Pipeline_2'.
INFO: [HLS 200-111] Finished Creating RTL model: CPU user time: 65.12 seconds. CPU system time: 0.59 seconds. Elapsed time: 65.71 seconds; current allocated memory: 6.015 GB.
INFO: [HLS 200-10] ----------------------------------------------------------------
INFO: [HLS 200-10] -- Generating RTL for module 'do_concat_Pipeline_3' 
INFO: [HLS 200-10] ----------------------------------------------------------------
INFO: [RTGEN 206-100] Generating core module 'mux_134_8_1_1': 1 instance(s).
INFO: [RTGEN 206-100] Generating core module 'mux_154_8_1_1': 13 instance(s).
INFO: [RTGEN 206-100] Generating core module 'shl_3280ns_12ns_3280_2_1': 2 instance(s).
INFO: [RTGEN 206-100] Finished creating RTL model for 'do_concat_Pipeline_3'.
INFO: [HLS 200-111] Finished Creating RTL model: CPU user time: 1.67 seconds. CPU system time: 0.23 seconds. Elapsed time: 1.91 seconds; current allocated memory: 6.075 GB.
INFO: [HLS 200-10] ----------------------------------------------------------------
INFO: [HLS 200-10] -- Generating RTL for module 'do_concat_Pipeline_4' 
INFO: [HLS 200-10] ----------------------------------------------------------------
INFO: [RTGEN 206-100] Generating core module 'mux_144_8_1_1': 1 instance(s).
INFO: [RTGEN 206-100] Generating core module 'mux_154_8_1_1': 14 instance(s).
INFO: [RTGEN 206-100] Generating core module 'shl_3280ns_12ns_3280_2_1': 2 instance(s).
INFO: [RTGEN 206-100] Finished creating RTL model for 'do_concat_Pipeline_4'.
INFO: [HLS 200-111] Finished Creating RTL model: CPU user time: 1.64 seconds. CPU system time: 0.16 seconds. Elapsed time: 1.79 seconds; current allocated memory: 6.312 GB.
INFO: [HLS 200-10] ----------------------------------------------------------------
INFO: [HLS 200-10] -- Generating RTL for module 'do_concat' 
INFO: [HLS 200-10] ----------------------------------------------------------------
INFO: [RTGEN 206-100] Finished creating RTL model for 'do_concat'.
INFO: [HLS 200-111] Finished Creating RTL model: CPU user time: 1.62 seconds. CPU system time: 0.08 seconds. Elapsed time: 1.7 seconds; current allocated memory: 6.328 GB.
INFO: [HLS 200-10] ----------------------------------------------------------------
INFO: [HLS 200-10] -- Generating RTL for module 'do_conv_spatial_Pipeline_1' 
INFO: [HLS 200-10] ----------------------------------------------------------------
INFO: [RTGEN 206-104] Estimated max fanout for 'do_conv_spatial_Pipeline_1' is 10800 from HDL expression: (1'b1 == ap_CS_iter7_fsm_state8)
INFO: [RTGEN 206-100] Generating core module 'lshr_3280ns_12ns_3280_7_1': 1 instance(s).
INFO: [RTGEN 206-100] Finished creating RTL model for 'do_conv_spatial_Pipeline_1'.
INFO: [HLS 200-111] Finished Creating RTL model: CPU user time: 61.67 seconds. CPU system time: 0.27 seconds. Elapsed time: 61.96 seconds; current allocated memory: 6.372 GB.
INFO: [HLS 200-10] ----------------------------------------------------------------
INFO: [HLS 200-10] -- Generating RTL for module 'do_conv_spatial_Pipeline_2' 
INFO: [HLS 200-10] ----------------------------------------------------------------
INFO: [RTGEN 206-104] Estimated max fanout for 'do_conv_spatial_Pipeline_2' is 12286 from HDL expression: (1'b1 == ap_CS_iter0_fsm_state2)
INFO: [RTGEN 206-100] Generating core module 'fadd_32ns_32ns_32_12_no_dsp_0': 1 instance(s).
INFO: [RTGEN 206-100] Generating core module 'fcmp_32ns_32ns_1_4_no_dsp_0': 4 instance(s).
INFO: [RTGEN 206-100] Generating core module 'fmul_32ns_32ns_32_8_max_dsp_1': 1 instance(s).
INFO: [RTGEN 206-100] Generating core module 'fsub_32ns_32ns_32_12_no_dsp_0': 2 instance(s).
INFO: [RTGEN 206-100] Generating core module 'lshr_79ns_32ns_79_4_0': 1 instance(s).
INFO: [RTGEN 206-100] Generating core module 'mac_muladd_9s_6s_14s_15_4_1': 1 instance(s).
INFO: [RTGEN 206-100] Generating core module 'mac_muladd_9s_6s_15s_15_4_1': 55 instance(s).
INFO: [RTGEN 206-100] Generating core module 'mac_muladd_9s_6s_15s_16_4_1': 10 instance(s).
INFO: [RTGEN 206-100] Generating core module 'mac_muladd_9s_6s_16s_16_4_1': 2 instance(s).
INFO: [RTGEN 206-100] Generating core module 'mac_muladd_9s_7s_15s_15_4_1': 5 instance(s).
INFO: [RTGEN 206-100] Generating core module 'mac_muladd_9s_7s_15s_16_4_1': 2 instance(s).
INFO: [RTGEN 206-100] Generating core module 'mac_muladd_9s_7s_15s_18_4_1': 1 instance(s).
INFO: [RTGEN 206-100] Generating core module 'mac_muladd_9s_7s_15s_19_4_1': 1 instance(s).
INFO: [RTGEN 206-100] Generating core module 'mac_muladd_9s_7s_16ns_16_4_1': 20 instance(s).
INFO: [RTGEN 206-100] Generating core module 'mac_muladd_9s_7s_16s_16_4_1': 201 instance(s).
INFO: [RTGEN 206-100] Generating core module 'mac_muladd_9s_7s_16s_17_4_1': 12 instance(s).
INFO: [RTGEN 206-100] Generating core module 'mac_muladd_9s_7s_16s_21_4_1': 1 instance(s).
INFO: [RTGEN 206-100] Generating core module 'mac_muladd_9s_8s_16s_16_4_1': 2 instance(s).
INFO: [RTGEN 206-100] Generating core module 'mac_muladd_9s_8s_16s_17_4_1': 2 instance(s).
INFO: [RTGEN 206-100] Generating core module 'mac_muladd_9s_8s_17ns_17_4_1': 1 instance(s).
INFO: [RTGEN 206-100] Generating core module 'mac_muladd_9s_8s_17s_17_4_1': 6 instance(s).
INFO: [RTGEN 206-100] Generating core module 'mac_muladd_9s_8s_23s_24_4_1': 1 instance(s).
INFO: [RTGEN 206-100] Generating core module 'mul_9s_6s_15_4_1': 52 instance(s).
INFO: [RTGEN 206-100] Generating core module 'mul_9s_7s_14_4_1': 1 instance(s).
INFO: [RTGEN 206-100] Generating core module 'mul_9s_7s_15_4_1': 9 instance(s).
INFO: [RTGEN 206-100] Generating core module 'mul_9s_7s_16_4_1': 202 instance(s).
INFO: [RTGEN 206-100] Generating core module 'mul_9s_8s_15_4_1': 2 instance(s).
INFO: [RTGEN 206-100] Generating core module 'mul_9s_8s_16_4_1': 5 instance(s).
INFO: [RTGEN 206-100] Generating core module 'mul_9s_8s_17_4_1': 6 instance(s).
INFO: [RTGEN 206-100] Generating core module 'shl_3280ns_12ns_3280_2_1': 2 instance(s).
INFO: [RTGEN 206-100] Generating core module 'shl_79ns_32ns_79_4_0': 1 instance(s).
INFO: [RTGEN 206-100] Generating core module 'sitofp_32ns_32_7_no_dsp_0': 2 instance(s).
INFO: [RTGEN 206-100] Generating core module 'sitofp_32s_32_7_no_dsp_1': 1 instance(s).
INFO: [RTGEN 206-100] Finished creating RTL model for 'do_conv_spatial_Pipeline_2'.
INFO: [HLS 200-111] Finished Creating RTL model: CPU user time: 26.94 seconds. CPU system time: 0.17 seconds. Elapsed time: 27.12 seconds; current allocated memory: 6.403 GB.
INFO: [HLS 200-10] ----------------------------------------------------------------
INFO: [HLS 200-10] -- Generating RTL for module 'do_conv_spatial' 
INFO: [HLS 200-10] ----------------------------------------------------------------
INFO: [RTGEN 206-100] Finished creating RTL model for 'do_conv_spatial'.
INFO: [HLS 200-111] Finished Creating RTL model: CPU user time: 16.54 seconds. CPU system time: 0.39 seconds. Elapsed time: 16.95 seconds; current allocated memory: 6.450 GB.
INFO: [HLS 200-10] ----------------------------------------------------------------
INFO: [HLS 200-10] -- Generating RTL for module 'do_lut_func' 
INFO: [HLS 200-10] ----------------------------------------------------------------
INFO: [RTGEN 206-100] Finished creating RTL model for 'do_lut_func'.
INFO: [HLS 200-111] Finished Creating RTL model: CPU user time: 6.1 seconds. CPU system time: 0.2 seconds. Elapsed time: 6.31 seconds; current allocated memory: 6.688 GB.
INFO: [HLS 200-10] ----------------------------------------------------------------
INFO: [HLS 200-10] -- Generating RTL for module 'do_pool_func' 
INFO: [HLS 200-10] ----------------------------------------------------------------
INFO: [RTGEN 206-100] Generating core module 'mul_mul_14ns_15ns_29_4_1': 19 instance(s).
INFO: [RTGEN 206-100] Generating core module 'urem_14ns_7ns_6_18_1': 19 instance(s).
INFO: [RTGEN 206-100] Finished creating RTL model for 'do_pool_func'.
INFO: [HLS 200-111] Finished Creating RTL model: CPU user time: 2.66 seconds. CPU system time: 0.11 seconds. Elapsed time: 2.77 seconds; current allocated memory: 6.724 GB.
INFO: [HLS 200-10] ----------------------------------------------------------------
INFO: [HLS 200-10] -- Generating RTL for module 'do_lut_func_1' 
INFO: [HLS 200-10] ----------------------------------------------------------------
INFO: [RTGEN 206-100] Finished creating RTL model for 'do_lut_func_1'.
INFO: [HLS 200-111] Finished Creating RTL model: CPU user time: 8.74 seconds. CPU system time: 0.14 seconds. Elapsed time: 8.88 seconds; current allocated memory: 6.762 GB.
INFO: [HLS 200-10] ----------------------------------------------------------------
INFO: [HLS 200-10] -- Generating RTL for module 'do_split_func' 
INFO: [HLS 200-10] ----------------------------------------------------------------
INFO: [RTGEN 206-100] Finished creating RTL model for 'do_split_func'.
INFO: [HLS 200-111] Finished Creating RTL model: CPU user time: 0.98 seconds. CPU system time: 0.08 seconds. Elapsed time: 1.07 seconds; current allocated memory: 6.830 GB.
INFO: [HLS 200-10] ----------------------------------------------------------------
INFO: [HLS 200-10] -- Generating RTL for module 'do_linear_func_1_Pipeline_channels_loop' 
INFO: [HLS 200-10] ----------------------------------------------------------------
INFO: [RTGEN 206-100] Generating core module 'mac_muladd_9s_7s_16s_16_4_1': 1 instance(s).
INFO: [RTGEN 206-100] Generating core module 'mac_muladd_9s_8s_16s_17_4_1': 3 instance(s).
INFO: [RTGEN 206-100] Generating core module 'mac_muladd_9s_8s_17s_17_4_1': 2 instance(s).
INFO: [RTGEN 206-100] Generating core module 'mul_9s_8s_15_4_1': 8 instance(s).
INFO: [RTGEN 206-100] Generating core module 'mul_9s_8s_16_4_1': 3 instance(s).
INFO: [RTGEN 206-100] Generating core module 'mul_9s_8s_17_4_1': 2 instance(s).
INFO: [RTGEN 206-100] Finished creating RTL model for 'do_linear_func_1_Pipeline_channels_loop'.
INFO: [HLS 200-111] Finished Creating RTL model: CPU user time: 2.55 seconds. CPU system time: 0.04 seconds. Elapsed time: 2.59 seconds; current allocated memory: 6.832 GB.
INFO: [HLS 200-10] ----------------------------------------------------------------
INFO: [HLS 200-10] -- Generating RTL for module 'do_linear_func_1' 
INFO: [HLS 200-10] ----------------------------------------------------------------
INFO: [RTGEN 206-100] Generating core module 'fadd_32ns_32ns_32_12_no_dsp_0': 1 instance(s).
INFO: [RTGEN 206-100] Generating core module 'fcmp_32ns_32ns_1_4_no_dsp_0': 1 instance(s).
INFO: [RTGEN 206-100] Generating core module 'fdiv_32ns_32ns_32_30_no_dsp_0': 1 instance(s).
INFO: [RTGEN 206-100] Generating core module 'fmul_32ns_32ns_32_8_max_dsp_1': 1 instance(s).
INFO: [RTGEN 206-100] Generating core module 'lshr_79ns_32ns_79_4_0': 1 instance(s).
INFO: [RTGEN 206-100] Generating core module 'shl_56ns_6ns_56_2_1': 2 instance(s).
INFO: [RTGEN 206-100] Generating core module 'shl_79ns_32ns_79_4_0': 1 instance(s).
INFO: [RTGEN 206-100] Generating core module 'sitofp_32s_32_7_no_dsp_1': 1 instance(s).
INFO: [RTGEN 206-100] Finished creating RTL model for 'do_linear_func_1'.
INFO: [HLS 200-111] Finished Creating RTL model: CPU user time: 1.87 seconds. CPU system time: 0.05 seconds. Elapsed time: 1.92 seconds; current allocated memory: 6.837 GB.
INFO: [HLS 200-10] ----------------------------------------------------------------
INFO: [HLS 200-10] -- Generating RTL for module 'do_linear_func_Pipeline_channels_loop' 
INFO: [HLS 200-10] ----------------------------------------------------------------
INFO: [RTGEN 206-100] Generating core module 'mac_muladd_9s_7s_16ns_16_4_1': 1 instance(s).
INFO: [RTGEN 206-100] Generating core module 'mac_muladd_9s_7s_16s_16_4_1': 2 instance(s).
INFO: [RTGEN 206-100] Generating core module 'mac_muladd_9s_8s_16s_17_4_1': 2 instance(s).
INFO: [RTGEN 206-100] Generating core module 'mac_muladd_9s_8s_17s_17_4_1': 1 instance(s).
INFO: [RTGEN 206-100] Generating core module 'mul_9s_7s_16_4_1': 3 instance(s).
INFO: [RTGEN 206-100] Generating core module 'mul_9s_8s_15_4_1': 8 instance(s).
INFO: [RTGEN 206-100] Generating core module 'mul_9s_8s_16_4_1': 1 instance(s).
INFO: [RTGEN 206-100] Generating core module 'mul_9s_8s_17_4_1': 1 instance(s).
INFO: [RTGEN 206-100] Finished creating RTL model for 'do_linear_func_Pipeline_channels_loop'.
INFO: [HLS 200-111] Finished Creating RTL model: CPU user time: 3.08 seconds. CPU system time: 0.04 seconds. Elapsed time: 3.13 seconds; current allocated memory: 6.844 GB.
INFO: [HLS 200-10] ----------------------------------------------------------------
INFO: [HLS 200-10] -- Generating RTL for module 'do_linear_func' 
INFO: [HLS 200-10] ----------------------------------------------------------------
INFO: [RTGEN 206-100] Generating core module 'fadd_32ns_32ns_32_12_no_dsp_0': 1 instance(s).
INFO: [RTGEN 206-100] Generating core module 'fdiv_32ns_32ns_32_30_no_dsp_0': 1 instance(s).
INFO: [RTGEN 206-100] Generating core module 'fmul_32ns_32ns_32_8_max_dsp_1': 1 instance(s).
INFO: [RTGEN 206-100] Generating core module 'lshr_32ns_32s_32_4_1': 1 instance(s).
INFO: [RTGEN 206-100] Generating core module 'shl_16ns_4ns_16_2_1': 2 instance(s).
INFO: [RTGEN 206-100] Generating core module 'shl_8ns_7ns_8_2_1': 1 instance(s).
INFO: [RTGEN 206-100] Generating core module 'sitofp_32s_32_7_no_dsp_1': 1 instance(s).
INFO: [RTGEN 206-100] Finished creating RTL model for 'do_linear_func'.
INFO: [HLS 200-111] Finished Creating RTL model: CPU user time: 1.83 seconds. CPU system time: 0.04 seconds. Elapsed time: 1.86 seconds; current allocated memory: 6.850 GB.
INFO: [HLS 200-10] ----------------------------------------------------------------
INFO: [HLS 200-10] -- Generating RTL for module 'top' 
INFO: [HLS 200-10] ----------------------------------------------------------------
WARNING: [RTGEN 206-101] Design contains AXI ports. Reset is fixed to synchronous and active low.
INFO: [RTGEN 206-500] Setting interface mode on port 'top/i_stream' to 'axis' (register, both mode).
INFO: [RTGEN 206-500] Setting interface mode on port 'top/cls_stream' to 'axis' (register, both mode).
INFO: [RTGEN 206-500] Setting interface mode on port 'top/hue_stream' to 'axis' (register, both mode).
INFO: [RTGEN 206-500] Setting interface mode on function 'top' to 'ap_ctrl_chain'.
INFO: [RTGEN 206-100] Finished creating RTL model for 'top'.
INFO: [HLS 200-111] Finished Creating RTL model: CPU user time: 1.61 seconds. CPU system time: 0.05 seconds. Elapsed time: 1.67 seconds; current allocated memory: 6.857 GB.
INFO: [RTMG 210-286] Generating pipelined shifter : 'top_lshr_79ns_32ns_79_4_0'
INFO: [RTMG 210-286] Generating pipelined shifter : 'top_shl_79ns_32ns_79_4_0'
INFO: [RTMG 210-279] Implementing memory 'top_do_conv_br_2_Pipeline_2_gelu_lut0_V_ROM_AUTO_2R' using auto ROMs.
INFO: [RTMG 210-279] Implementing memory 'top_do_conv_br_1_Pipeline_2_gelu_lut1_V_ROM_AUTO_2R' using auto ROMs.
INFO: [RTMG 210-279] Implementing memory 'top_do_conv_br_gelu_lut2_V_ROM_AUTO_2R' using auto ROMs.
INFO: [RTMG 210-286] Generating pipelined shifter : 'top_shl_3280ns_12ns_3280_2_1'
INFO: [RTMG 210-278] Implementing memory 'top_do_concat_buf0_V_RAM_2P_BRAM_2R1W_ram (RAM_2P_BRAM)' using block RAMs.
INFO: [RTMG 210-286] Generating pipelined shifter : 'top_lshr_3280ns_12ns_3280_7_1'
INFO: [RTMG 210-279] Implementing memory 'top_do_conv_spatial_Pipeline_2_CONV_SPATIAL_BIAS_ROM_AUTO_1R' using auto ROMs.
INFO: [RTMG 210-279] Implementing memory 'top_do_conv_spatial_Pipeline_2_CONV_SPATIAL_WEIGHT_0_0_0_ROM_AUTO_1R' using auto ROMs.
INFO: [RTMG 210-279] Implementing memory 'top_do_conv_spatial_Pipeline_2_CONV_SPATIAL_WEIGHT_0_1_0_ROM_AUTO_1R' using auto ROMs.
INFO: [RTMG 210-279] Implementing memory 'top_do_conv_spatial_Pipeline_2_CONV_SPATIAL_WEIGHT_0_2_0_ROM_AUTO_1R' using auto ROMs.
INFO: [RTMG 210-279] Implementing memory 'top_do_conv_spatial_Pipeline_2_CONV_SPATIAL_WEIGHT_0_3_0_ROM_AUTO_1R' using auto ROMs.
INFO: [RTMG 210-279] Implementing memory 'top_do_conv_spatial_Pipeline_2_CONV_SPATIAL_WEIGHT_0_4_0_ROM_AUTO_1R' using auto ROMs.
INFO: [RTMG 210-279] Implementing memory 'top_do_conv_spatial_Pipeline_2_CONV_SPATIAL_WEIGHT_0_5_0_ROM_AUTO_1R' using auto ROMs.
INFO: [RTMG 210-279] Implementing memory 'top_do_conv_spatial_Pipeline_2_CONV_SPATIAL_WEIGHT_0_6_0_ROM_AUTO_1R' using auto ROMs.
INFO: [RTMG 210-279] Implementing memory 'top_do_conv_spatial_Pipeline_2_CONV_SPATIAL_WEIGHT_0_7_0_ROM_AUTO_1R' using auto ROMs.
INFO: [RTMG 210-279] Implementing memory 'top_do_conv_spatial_Pipeline_2_CONV_SPATIAL_WEIGHT_0_8_0_ROM_AUTO_1R' using auto ROMs.
INFO: [RTMG 210-279] Implementing memory 'top_do_conv_spatial_Pipeline_2_CONV_SPATIAL_WEIGHT_0_9_0_ROM_AUTO_1R' using auto ROMs.
INFO: [RTMG 210-279] Implementing memory 'top_do_conv_spatial_Pipeline_2_CONV_SPATIAL_WEIGHT_0_10_0_ROM_AUTO_1R' using auto ROMs.
INFO: [RTMG 210-279] Implementing memory 'top_do_conv_spatial_Pipeline_2_CONV_SPATIAL_WEIGHT_0_11_0_ROM_AUTO_1R' using auto ROMs.
INFO: [RTMG 210-279] Implementing memory 'top_do_conv_spatial_Pipeline_2_CONV_SPATIAL_WEIGHT_0_12_0_ROM_AUTO_1R' using auto ROMs.
INFO: [RTMG 210-279] Implementing memory 'top_do_conv_spatial_Pipeline_2_CONV_SPATIAL_WEIGHT_0_13_0_ROM_AUTO_1R' using auto ROMs.
INFO: [RTMG 210-279] Implementing memory 'top_do_conv_spatial_Pipeline_2_CONV_SPATIAL_WEIGHT_0_14_0_ROM_AUTO_1R' using auto ROMs.
INFO: [RTMG 210-279] Implementing memory 'top_do_conv_spatial_Pipeline_2_CONV_SPATIAL_WEIGHT_1_0_0_ROM_AUTO_1R' using auto ROMs.
INFO: [RTMG 210-279] Implementing memory 'top_do_conv_spatial_Pipeline_2_CONV_SPATIAL_WEIGHT_1_1_0_ROM_AUTO_1R' using auto ROMs.
INFO: [RTMG 210-279] Implementing memory 'top_do_conv_spatial_Pipeline_2_CONV_SPATIAL_WEIGHT_1_2_0_ROM_AUTO_1R' using auto ROMs.
INFO: [RTMG 210-279] Implementing memory 'top_do_conv_spatial_Pipeline_2_CONV_SPATIAL_WEIGHT_1_3_0_ROM_AUTO_1R' using auto ROMs.
INFO: [RTMG 210-279] Implementing memory 'top_do_conv_spatial_Pipeline_2_CONV_SPATIAL_WEIGHT_1_4_0_ROM_AUTO_1R' using auto ROMs.
INFO: [RTMG 210-279] Implementing memory 'top_do_conv_spatial_Pipeline_2_CONV_SPATIAL_WEIGHT_1_5_0_ROM_AUTO_1R' using auto ROMs.
INFO: [RTMG 210-279] Implementing memory 'top_do_conv_spatial_Pipeline_2_CONV_SPATIAL_WEIGHT_1_6_0_ROM_AUTO_1R' using auto ROMs.
INFO: [RTMG 210-279] Implementing memory 'top_do_conv_spatial_Pipeline_2_CONV_SPATIAL_WEIGHT_1_7_0_ROM_AUTO_1R' using auto ROMs.
INFO: [RTMG 210-279] Implementing memory 'top_do_conv_spatial_Pipeline_2_CONV_SPATIAL_WEIGHT_1_8_0_ROM_AUTO_1R' using auto ROMs.
INFO: [RTMG 210-279] Implementing memory 'top_do_conv_spatial_Pipeline_2_CONV_SPATIAL_WEIGHT_1_9_0_ROM_AUTO_1R' using auto ROMs.
INFO: [RTMG 210-279] Implementing memory 'top_do_conv_spatial_Pipeline_2_CONV_SPATIAL_WEIGHT_1_10_0_ROM_AUTO_1R' using auto ROMs.
INFO: [RTMG 210-279] Implementing memory 'top_do_conv_spatial_Pipeline_2_CONV_SPATIAL_WEIGHT_1_11_0_ROM_AUTO_1R' using auto ROMs.
INFO: [RTMG 210-279] Implementing memory 'top_do_conv_spatial_Pipeline_2_CONV_SPATIAL_WEIGHT_1_12_0_ROM_AUTO_1R' using auto ROMs.
INFO: [RTMG 210-279] Implementing memory 'top_do_conv_spatial_Pipeline_2_CONV_SPATIAL_WEIGHT_1_13_0_ROM_AUTO_1R' using auto ROMs.
INFO: [RTMG 210-279] Implementing memory 'top_do_conv_spatial_Pipeline_2_CONV_SPATIAL_WEIGHT_1_14_0_ROM_AUTO_1R' using auto ROMs.
INFO: [RTMG 210-279] Implementing memory 'top_do_conv_spatial_Pipeline_2_CONV_SPATIAL_WEIGHT_2_0_0_ROM_AUTO_1R' using auto ROMs.
INFO: [RTMG 210-279] Implementing memory 'top_do_conv_spatial_Pipeline_2_CONV_SPATIAL_WEIGHT_2_1_0_ROM_AUTO_1R' using auto ROMs.
INFO: [RTMG 210-279] Implementing memory 'top_do_conv_spatial_Pipeline_2_CONV_SPATIAL_WEIGHT_2_2_0_ROM_AUTO_1R' using auto ROMs.
INFO: [RTMG 210-279] Implementing memory 'top_do_conv_spatial_Pipeline_2_CONV_SPATIAL_WEIGHT_2_3_0_ROM_AUTO_1R' using auto ROMs.
INFO: [RTMG 210-279] Implementing memory 'top_do_conv_spatial_Pipeline_2_CONV_SPATIAL_WEIGHT_2_4_0_ROM_AUTO_1R' using auto ROMs.
INFO: [RTMG 210-279] Implementing memory 'top_do_conv_spatial_Pipeline_2_CONV_SPATIAL_WEIGHT_2_5_0_ROM_AUTO_1R' using auto ROMs.
INFO: [RTMG 210-279] Implementing memory 'top_do_conv_spatial_Pipeline_2_CONV_SPATIAL_WEIGHT_2_6_0_ROM_AUTO_1R' using auto ROMs.
INFO: [RTMG 210-279] Implementing memory 'top_do_conv_spatial_Pipeline_2_CONV_SPATIAL_WEIGHT_2_7_0_ROM_AUTO_1R' using auto ROMs.
INFO: [RTMG 210-279] Implementing memory 'top_do_conv_spatial_Pipeline_2_CONV_SPATIAL_WEIGHT_2_8_0_ROM_AUTO_1R' using auto ROMs.
INFO: [RTMG 210-279] Implementing memory 'top_do_conv_spatial_Pipeline_2_CONV_SPATIAL_WEIGHT_2_9_0_ROM_AUTO_1R' using auto ROMs.
INFO: [RTMG 210-279] Implementing memory 'top_do_conv_spatial_Pipeline_2_CONV_SPATIAL_WEIGHT_2_10_0_ROM_AUTO_1R' using auto ROMs.
INFO: [RTMG 210-279] Implementing memory 'top_do_conv_spatial_Pipeline_2_CONV_SPATIAL_WEIGHT_2_11_0_ROM_AUTO_1R' using auto ROMs.
INFO: [RTMG 210-279] Implementing memory 'top_do_conv_spatial_Pipeline_2_CONV_SPATIAL_WEIGHT_2_12_0_ROM_AUTO_1R' using auto ROMs.
INFO: [RTMG 210-279] Implementing memory 'top_do_conv_spatial_Pipeline_2_CONV_SPATIAL_WEIGHT_2_13_0_ROM_AUTO_1R' using auto ROMs.
INFO: [RTMG 210-279] Implementing memory 'top_do_conv_spatial_Pipeline_2_CONV_SPATIAL_WEIGHT_2_14_0_ROM_AUTO_1R' using auto ROMs.
INFO: [RTMG 210-279] Implementing memory 'top_do_conv_spatial_Pipeline_2_CONV_SPATIAL_WEIGHT_3_0_0_ROM_AUTO_1R' using auto ROMs.
INFO: [RTMG 210-279] Implementing memory 'top_do_conv_spatial_Pipeline_2_CONV_SPATIAL_WEIGHT_3_1_0_ROM_AUTO_1R' using auto ROMs.
INFO: [RTMG 210-279] Implementing memory 'top_do_conv_spatial_Pipeline_2_CONV_SPATIAL_WEIGHT_3_2_0_ROM_AUTO_1R' using auto ROMs.
INFO: [RTMG 210-279] Implementing memory 'top_do_conv_spatial_Pipeline_2_CONV_SPATIAL_WEIGHT_3_3_0_ROM_AUTO_1R' using auto ROMs.
INFO: [RTMG 210-279] Implementing memory 'top_do_conv_spatial_Pipeline_2_CONV_SPATIAL_WEIGHT_3_4_0_ROM_AUTO_1R' using auto ROMs.
INFO: [RTMG 210-279] Implementing memory 'top_do_conv_spatial_Pipeline_2_CONV_SPATIAL_WEIGHT_3_5_0_ROM_AUTO_1R' using auto ROMs.
INFO: [RTMG 210-279] Implementing memory 'top_do_conv_spatial_Pipeline_2_CONV_SPATIAL_WEIGHT_3_6_0_ROM_AUTO_1R' using auto ROMs.
INFO: [RTMG 210-279] Implementing memory 'top_do_conv_spatial_Pipeline_2_CONV_SPATIAL_WEIGHT_3_7_0_ROM_AUTO_1R' using auto ROMs.
INFO: [RTMG 210-279] Implementing memory 'top_do_conv_spatial_Pipeline_2_CONV_SPATIAL_WEIGHT_3_8_0_ROM_AUTO_1R' using auto ROMs.
INFO: [RTMG 210-279] Implementing memory 'top_do_conv_spatial_Pipeline_2_CONV_SPATIAL_WEIGHT_3_9_0_ROM_AUTO_1R' using auto ROMs.
INFO: [RTMG 210-279] Implementing memory 'top_do_conv_spatial_Pipeline_2_CONV_SPATIAL_WEIGHT_3_10_0_ROM_AUTO_1R' using auto ROMs.
INFO: [RTMG 210-279] Implementing memory 'top_do_conv_spatial_Pipeline_2_CONV_SPATIAL_WEIGHT_3_11_0_ROM_AUTO_1R' using auto ROMs.
INFO: [RTMG 210-279] Implementing memory 'top_do_conv_spatial_Pipeline_2_CONV_SPATIAL_WEIGHT_3_12_0_ROM_AUTO_1R' using auto ROMs.
INFO: [RTMG 210-279] Implementing memory 'top_do_conv_spatial_Pipeline_2_CONV_SPATIAL_WEIGHT_3_13_0_ROM_AUTO_1R' using auto ROMs.
INFO: [RTMG 210-279] Implementing memory 'top_do_conv_spatial_Pipeline_2_CONV_SPATIAL_WEIGHT_3_14_0_ROM_AUTO_1R' using auto ROMs.
INFO: [RTMG 210-279] Implementing memory 'top_do_conv_spatial_Pipeline_2_CONV_SPATIAL_WEIGHT_4_0_0_ROM_AUTO_1R' using auto ROMs.
INFO: [RTMG 210-279] Implementing memory 'top_do_conv_spatial_Pipeline_2_CONV_SPATIAL_WEIGHT_4_1_0_ROM_AUTO_1R' using auto ROMs.
INFO: [RTMG 210-279] Implementing memory 'top_do_conv_spatial_Pipeline_2_CONV_SPATIAL_WEIGHT_4_2_0_ROM_AUTO_1R' using auto ROMs.
INFO: [RTMG 210-279] Implementing memory 'top_do_conv_spatial_Pipeline_2_CONV_SPATIAL_WEIGHT_4_3_0_ROM_AUTO_1R' using auto ROMs.
INFO: [RTMG 210-279] Implementing memory 'top_do_conv_spatial_Pipeline_2_CONV_SPATIAL_WEIGHT_4_4_0_ROM_AUTO_1R' using auto ROMs.
INFO: [RTMG 210-279] Implementing memory 'top_do_conv_spatial_Pipeline_2_CONV_SPATIAL_WEIGHT_4_5_0_ROM_AUTO_1R' using auto ROMs.
INFO: [RTMG 210-279] Implementing memory 'top_do_conv_spatial_Pipeline_2_CONV_SPATIAL_WEIGHT_4_6_0_ROM_AUTO_1R' using auto ROMs.
INFO: [RTMG 210-279] Implementing memory 'top_do_conv_spatial_Pipeline_2_CONV_SPATIAL_WEIGHT_4_7_0_ROM_AUTO_1R' using auto ROMs.
INFO: [RTMG 210-279] Implementing memory 'top_do_conv_spatial_Pipeline_2_CONV_SPATIAL_WEIGHT_4_8_0_ROM_AUTO_1R' using auto ROMs.
INFO: [RTMG 210-279] Implementing memory 'top_do_conv_spatial_Pipeline_2_CONV_SPATIAL_WEIGHT_4_9_0_ROM_AUTO_1R' using auto ROMs.
INFO: [RTMG 210-279] Implementing memory 'top_do_conv_spatial_Pipeline_2_CONV_SPATIAL_WEIGHT_4_10_0_ROM_AUTO_1R' using auto ROMs.
INFO: [RTMG 210-279] Implementing memory 'top_do_conv_spatial_Pipeline_2_CONV_SPATIAL_WEIGHT_4_11_0_ROM_AUTO_1R' using auto ROMs.
INFO: [RTMG 210-279] Implementing memory 'top_do_conv_spatial_Pipeline_2_CONV_SPATIAL_WEIGHT_4_12_0_ROM_AUTO_1R' using auto ROMs.
INFO: [RTMG 210-279] Implementing memory 'top_do_conv_spatial_Pipeline_2_CONV_SPATIAL_WEIGHT_4_13_0_ROM_AUTO_1R' using auto ROMs.
INFO: [RTMG 210-279] Implementing memory 'top_do_conv_spatial_Pipeline_2_CONV_SPATIAL_WEIGHT_4_14_0_ROM_AUTO_1R' using auto ROMs.
INFO: [RTMG 210-279] Implementing memory 'top_do_conv_spatial_Pipeline_2_CONV_SPATIAL_WEIGHT_5_0_0_ROM_AUTO_1R' using auto ROMs.
INFO: [RTMG 210-279] Implementing memory 'top_do_conv_spatial_Pipeline_2_CONV_SPATIAL_WEIGHT_5_1_0_ROM_AUTO_1R' using auto ROMs.
INFO: [RTMG 210-279] Implementing memory 'top_do_conv_spatial_Pipeline_2_CONV_SPATIAL_WEIGHT_5_2_0_ROM_AUTO_1R' using auto ROMs.
INFO: [RTMG 210-279] Implementing memory 'top_do_conv_spatial_Pipeline_2_CONV_SPATIAL_WEIGHT_5_3_0_ROM_AUTO_1R' using auto ROMs.
INFO: [RTMG 210-279] Implementing memory 'top_do_conv_spatial_Pipeline_2_CONV_SPATIAL_WEIGHT_5_4_0_ROM_AUTO_1R' using auto ROMs.
INFO: [RTMG 210-279] Implementing memory 'top_do_conv_spatial_Pipeline_2_CONV_SPATIAL_WEIGHT_5_5_0_ROM_AUTO_1R' using auto ROMs.
INFO: [RTMG 210-279] Implementing memory 'top_do_conv_spatial_Pipeline_2_CONV_SPATIAL_WEIGHT_5_6_0_ROM_AUTO_1R' using auto ROMs.
INFO: [RTMG 210-279] Implementing memory 'top_do_conv_spatial_Pipeline_2_CONV_SPATIAL_WEIGHT_5_7_0_ROM_AUTO_1R' using auto ROMs.
INFO: [RTMG 210-279] Implementing memory 'top_do_conv_spatial_Pipeline_2_CONV_SPATIAL_WEIGHT_5_8_0_ROM_AUTO_1R' using auto ROMs.
INFO: [RTMG 210-279] Implementing memory 'top_do_conv_spatial_Pipeline_2_CONV_SPATIAL_WEIGHT_5_9_0_ROM_AUTO_1R' using auto ROMs.
INFO: [RTMG 210-279] Implementing memory 'top_do_conv_spatial_Pipeline_2_CONV_SPATIAL_WEIGHT_5_10_0_ROM_AUTO_1R' using auto ROMs.
INFO: [RTMG 210-279] Implementing memory 'top_do_conv_spatial_Pipeline_2_CONV_SPATIAL_WEIGHT_5_11_0_ROM_AUTO_1R' using auto ROMs.
INFO: [RTMG 210-279] Implementing memory 'top_do_conv_spatial_Pipeline_2_CONV_SPATIAL_WEIGHT_5_12_0_ROM_AUTO_1R' using auto ROMs.
INFO: [RTMG 210-279] Implementing memory 'top_do_conv_spatial_Pipeline_2_CONV_SPATIAL_WEIGHT_5_13_0_ROM_AUTO_1R' using auto ROMs.
INFO: [RTMG 210-279] Implementing memory 'top_do_conv_spatial_Pipeline_2_CONV_SPATIAL_WEIGHT_5_14_0_ROM_AUTO_1R' using auto ROMs.
INFO: [RTMG 210-279] Implementing memory 'top_do_conv_spatial_Pipeline_2_CONV_SPATIAL_WEIGHT_6_0_0_ROM_AUTO_1R' using auto ROMs.
INFO: [RTMG 210-279] Implementing memory 'top_do_conv_spatial_Pipeline_2_CONV_SPATIAL_WEIGHT_6_1_0_ROM_AUTO_1R' using auto ROMs.
INFO: [RTMG 210-279] Implementing memory 'top_do_conv_spatial_Pipeline_2_CONV_SPATIAL_WEIGHT_6_2_0_ROM_AUTO_1R' using auto ROMs.
INFO: [RTMG 210-279] Implementing memory 'top_do_conv_spatial_Pipeline_2_CONV_SPATIAL_WEIGHT_6_3_0_ROM_AUTO_1R' using auto ROMs.
INFO: [RTMG 210-279] Implementing memory 'top_do_conv_spatial_Pipeline_2_CONV_SPATIAL_WEIGHT_6_4_0_ROM_AUTO_1R' using auto ROMs.
INFO: [RTMG 210-279] Implementing memory 'top_do_conv_spatial_Pipeline_2_CONV_SPATIAL_WEIGHT_6_5_0_ROM_AUTO_1R' using auto ROMs.
INFO: [RTMG 210-279] Implementing memory 'top_do_conv_spatial_Pipeline_2_CONV_SPATIAL_WEIGHT_6_6_0_ROM_AUTO_1R' using auto ROMs.
INFO: [RTMG 210-279] Implementing memory 'top_do_conv_spatial_Pipeline_2_CONV_SPATIAL_WEIGHT_6_7_0_ROM_AUTO_1R' using auto ROMs.
INFO: [RTMG 210-279] Implementing memory 'top_do_conv_spatial_Pipeline_2_CONV_SPATIAL_WEIGHT_6_8_0_ROM_AUTO_1R' using auto ROMs.
INFO: [RTMG 210-279] Implementing memory 'top_do_conv_spatial_Pipeline_2_CONV_SPATIAL_WEIGHT_6_9_0_ROM_AUTO_1R' using auto ROMs.
INFO: [RTMG 210-279] Implementing memory 'top_do_conv_spatial_Pipeline_2_CONV_SPATIAL_WEIGHT_6_10_0_ROM_AUTO_1R' using auto ROMs.
INFO: [RTMG 210-279] Implementing memory 'top_do_conv_spatial_Pipeline_2_CONV_SPATIAL_WEIGHT_6_11_0_ROM_AUTO_1R' using auto ROMs.
INFO: [RTMG 210-279] Implementing memory 'top_do_conv_spatial_Pipeline_2_CONV_SPATIAL_WEIGHT_6_12_0_ROM_AUTO_1R' using auto ROMs.
INFO: [RTMG 210-279] Implementing memory 'top_do_conv_spatial_Pipeline_2_CONV_SPATIAL_WEIGHT_6_13_0_ROM_AUTO_1R' using auto ROMs.
INFO: [RTMG 210-279] Implementing memory 'top_do_conv_spatial_Pipeline_2_CONV_SPATIAL_WEIGHT_6_14_0_ROM_AUTO_1R' using auto ROMs.
INFO: [RTMG 210-279] Implementing memory 'top_do_conv_spatial_Pipeline_2_CONV_SPATIAL_WEIGHT_7_0_0_ROM_AUTO_1R' using auto ROMs.
INFO: [RTMG 210-279] Implementing memory 'top_do_conv_spatial_Pipeline_2_CONV_SPATIAL_WEIGHT_7_1_0_ROM_AUTO_1R' using auto ROMs.
INFO: [RTMG 210-279] Implementing memory 'top_do_conv_spatial_Pipeline_2_CONV_SPATIAL_WEIGHT_7_2_0_ROM_AUTO_1R' using auto ROMs.
INFO: [RTMG 210-279] Implementing memory 'top_do_conv_spatial_Pipeline_2_CONV_SPATIAL_WEIGHT_7_3_0_ROM_AUTO_1R' using auto ROMs.
INFO: [RTMG 210-279] Implementing memory 'top_do_conv_spatial_Pipeline_2_CONV_SPATIAL_WEIGHT_7_4_0_ROM_AUTO_1R' using auto ROMs.
INFO: [RTMG 210-279] Implementing memory 'top_do_conv_spatial_Pipeline_2_CONV_SPATIAL_WEIGHT_7_5_0_ROM_AUTO_1R' using auto ROMs.
INFO: [RTMG 210-279] Implementing memory 'top_do_conv_spatial_Pipeline_2_CONV_SPATIAL_WEIGHT_7_6_0_ROM_AUTO_1R' using auto ROMs.
INFO: [RTMG 210-279] Implementing memory 'top_do_conv_spatial_Pipeline_2_CONV_SPATIAL_WEIGHT_7_7_0_ROM_AUTO_1R' using auto ROMs.
INFO: [RTMG 210-279] Implementing memory 'top_do_conv_spatial_Pipeline_2_CONV_SPATIAL_WEIGHT_7_8_0_ROM_AUTO_1R' using auto ROMs.
INFO: [RTMG 210-279] Implementing memory 'top_do_conv_spatial_Pipeline_2_CONV_SPATIAL_WEIGHT_7_9_0_ROM_AUTO_1R' using auto ROMs.
INFO: [RTMG 210-279] Implementing memory 'top_do_conv_spatial_Pipeline_2_CONV_SPATIAL_WEIGHT_7_10_0_ROM_AUTO_1R' using auto ROMs.
INFO: [RTMG 210-279] Implementing memory 'top_do_conv_spatial_Pipeline_2_CONV_SPATIAL_WEIGHT_7_11_0_ROM_AUTO_1R' using auto ROMs.
INFO: [RTMG 210-279] Implementing memory 'top_do_conv_spatial_Pipeline_2_CONV_SPATIAL_WEIGHT_7_12_0_ROM_AUTO_1R' using auto ROMs.
INFO: [RTMG 210-279] Implementing memory 'top_do_conv_spatial_Pipeline_2_CONV_SPATIAL_WEIGHT_7_13_0_ROM_AUTO_1R' using auto ROMs.
INFO: [RTMG 210-279] Implementing memory 'top_do_conv_spatial_Pipeline_2_CONV_SPATIAL_WEIGHT_7_14_0_ROM_AUTO_1R' using auto ROMs.
INFO: [RTMG 210-279] Implementing memory 'top_do_conv_spatial_Pipeline_2_CONV_SPATIAL_WEIGHT_8_0_0_ROM_AUTO_1R' using auto ROMs.
INFO: [RTMG 210-279] Implementing memory 'top_do_conv_spatial_Pipeline_2_CONV_SPATIAL_WEIGHT_8_1_0_ROM_AUTO_1R' using auto ROMs.
INFO: [RTMG 210-279] Implementing memory 'top_do_conv_spatial_Pipeline_2_CONV_SPATIAL_WEIGHT_8_2_0_ROM_AUTO_1R' using auto ROMs.
INFO: [RTMG 210-279] Implementing memory 'top_do_conv_spatial_Pipeline_2_CONV_SPATIAL_WEIGHT_8_3_0_ROM_AUTO_1R' using auto ROMs.
INFO: [RTMG 210-279] Implementing memory 'top_do_conv_spatial_Pipeline_2_CONV_SPATIAL_WEIGHT_8_4_0_ROM_AUTO_1R' using auto ROMs.
INFO: [RTMG 210-279] Implementing memory 'top_do_conv_spatial_Pipeline_2_CONV_SPATIAL_WEIGHT_8_5_0_ROM_AUTO_1R' using auto ROMs.
INFO: [RTMG 210-279] Implementing memory 'top_do_conv_spatial_Pipeline_2_CONV_SPATIAL_WEIGHT_8_6_0_ROM_AUTO_1R' using auto ROMs.
INFO: [RTMG 210-279] Implementing memory 'top_do_conv_spatial_Pipeline_2_CONV_SPATIAL_WEIGHT_8_7_0_ROM_AUTO_1R' using auto ROMs.
INFO: [RTMG 210-279] Implementing memory 'top_do_conv_spatial_Pipeline_2_CONV_SPATIAL_WEIGHT_8_8_0_ROM_AUTO_1R' using auto ROMs.
INFO: [RTMG 210-279] Implementing memory 'top_do_conv_spatial_Pipeline_2_CONV_SPATIAL_WEIGHT_8_9_0_ROM_AUTO_1R' using auto ROMs.
INFO: [RTMG 210-279] Implementing memory 'top_do_conv_spatial_Pipeline_2_CONV_SPATIAL_WEIGHT_8_10_0_ROM_AUTO_1R' using auto ROMs.
INFO: [RTMG 210-279] Implementing memory 'top_do_conv_spatial_Pipeline_2_CONV_SPATIAL_WEIGHT_8_11_0_ROM_AUTO_1R' using auto ROMs.
INFO: [RTMG 210-279] Implementing memory 'top_do_conv_spatial_Pipeline_2_CONV_SPATIAL_WEIGHT_8_12_0_ROM_AUTO_1R' using auto ROMs.
INFO: [RTMG 210-279] Implementing memory 'top_do_conv_spatial_Pipeline_2_CONV_SPATIAL_WEIGHT_8_13_0_ROM_AUTO_1R' using auto ROMs.
INFO: [RTMG 210-279] Implementing memory 'top_do_conv_spatial_Pipeline_2_CONV_SPATIAL_WEIGHT_8_14_0_ROM_AUTO_1R' using auto ROMs.
INFO: [RTMG 210-279] Implementing memory 'top_do_conv_spatial_Pipeline_2_CONV_SPATIAL_WEIGHT_9_0_0_ROM_AUTO_1R' using auto ROMs.
INFO: [RTMG 210-279] Implementing memory 'top_do_conv_spatial_Pipeline_2_CONV_SPATIAL_WEIGHT_9_1_0_ROM_AUTO_1R' using auto ROMs.
INFO: [RTMG 210-279] Implementing memory 'top_do_conv_spatial_Pipeline_2_CONV_SPATIAL_WEIGHT_9_2_0_ROM_AUTO_1R' using auto ROMs.
INFO: [RTMG 210-279] Implementing memory 'top_do_conv_spatial_Pipeline_2_CONV_SPATIAL_WEIGHT_9_3_0_ROM_AUTO_1R' using auto ROMs.
INFO: [RTMG 210-279] Implementing memory 'top_do_conv_spatial_Pipeline_2_CONV_SPATIAL_WEIGHT_9_4_0_ROM_AUTO_1R' using auto ROMs.
INFO: [RTMG 210-279] Implementing memory 'top_do_conv_spatial_Pipeline_2_CONV_SPATIAL_WEIGHT_9_5_0_ROM_AUTO_1R' using auto ROMs.
INFO: [RTMG 210-279] Implementing memory 'top_do_conv_spatial_Pipeline_2_CONV_SPATIAL_WEIGHT_9_6_0_ROM_AUTO_1R' using auto ROMs.
INFO: [RTMG 210-279] Implementing memory 'top_do_conv_spatial_Pipeline_2_CONV_SPATIAL_WEIGHT_9_7_0_ROM_AUTO_1R' using auto ROMs.
INFO: [RTMG 210-279] Implementing memory 'top_do_conv_spatial_Pipeline_2_CONV_SPATIAL_WEIGHT_9_8_0_ROM_AUTO_1R' using auto ROMs.
INFO: [RTMG 210-279] Implementing memory 'top_do_conv_spatial_Pipeline_2_CONV_SPATIAL_WEIGHT_9_9_0_ROM_AUTO_1R' using auto ROMs.
INFO: [RTMG 210-279] Implementing memory 'top_do_conv_spatial_Pipeline_2_CONV_SPATIAL_WEIGHT_9_10_0_ROM_AUTO_1R' using auto ROMs.
INFO: [RTMG 210-279] Implementing memory 'top_do_conv_spatial_Pipeline_2_CONV_SPATIAL_WEIGHT_9_11_0_ROM_AUTO_1R' using auto ROMs.
INFO: [RTMG 210-279] Implementing memory 'top_do_conv_spatial_Pipeline_2_CONV_SPATIAL_WEIGHT_9_12_0_ROM_AUTO_1R' using auto ROMs.
INFO: [RTMG 210-279] Implementing memory 'top_do_conv_spatial_Pipeline_2_CONV_SPATIAL_WEIGHT_9_13_0_ROM_AUTO_1R' using auto ROMs.
INFO: [RTMG 210-279] Implementing memory 'top_do_conv_spatial_Pipeline_2_CONV_SPATIAL_WEIGHT_9_14_0_ROM_AUTO_1R' using auto ROMs.
INFO: [RTMG 210-279] Implementing memory 'top_do_conv_spatial_Pipeline_2_CONV_SPATIAL_WEIGHT_10_0_0_ROM_AUTO_1R' using auto ROMs.
INFO: [RTMG 210-279] Implementing memory 'top_do_conv_spatial_Pipeline_2_CONV_SPATIAL_WEIGHT_10_1_0_ROM_AUTO_1R' using auto ROMs.
INFO: [RTMG 210-279] Implementing memory 'top_do_conv_spatial_Pipeline_2_CONV_SPATIAL_WEIGHT_10_2_0_ROM_AUTO_1R' using auto ROMs.
INFO: [RTMG 210-279] Implementing memory 'top_do_conv_spatial_Pipeline_2_CONV_SPATIAL_WEIGHT_10_3_0_ROM_AUTO_1R' using auto ROMs.
INFO: [RTMG 210-279] Implementing memory 'top_do_conv_spatial_Pipeline_2_CONV_SPATIAL_WEIGHT_10_4_0_ROM_AUTO_1R' using auto ROMs.
INFO: [RTMG 210-279] Implementing memory 'top_do_conv_spatial_Pipeline_2_CONV_SPATIAL_WEIGHT_10_5_0_ROM_AUTO_1R' using auto ROMs.
INFO: [RTMG 210-279] Implementing memory 'top_do_conv_spatial_Pipeline_2_CONV_SPATIAL_WEIGHT_10_6_0_ROM_AUTO_1R' using auto ROMs.
INFO: [RTMG 210-279] Implementing memory 'top_do_conv_spatial_Pipeline_2_CONV_SPATIAL_WEIGHT_10_7_0_ROM_AUTO_1R' using auto ROMs.
INFO: [RTMG 210-279] Implementing memory 'top_do_conv_spatial_Pipeline_2_CONV_SPATIAL_WEIGHT_10_8_0_ROM_AUTO_1R' using auto ROMs.
INFO: [RTMG 210-279] Implementing memory 'top_do_conv_spatial_Pipeline_2_CONV_SPATIAL_WEIGHT_10_9_0_ROM_AUTO_1R' using auto ROMs.
INFO: [RTMG 210-279] Implementing memory 'top_do_conv_spatial_Pipeline_2_CONV_SPATIAL_WEIGHT_10_10_0_ROM_AUTO_1R' using auto ROMs.
INFO: [RTMG 210-279] Implementing memory 'top_do_conv_spatial_Pipeline_2_CONV_SPATIAL_WEIGHT_10_11_0_ROM_AUTO_1R' using auto ROMs.
INFO: [RTMG 210-279] Implementing memory 'top_do_conv_spatial_Pipeline_2_CONV_SPATIAL_WEIGHT_10_12_0_ROM_AUTO_1R' using auto ROMs.
INFO: [RTMG 210-279] Implementing memory 'top_do_conv_spatial_Pipeline_2_CONV_SPATIAL_WEIGHT_10_13_0_ROM_AUTO_1R' using auto ROMs.
INFO: [RTMG 210-279] Implementing memory 'top_do_conv_spatial_Pipeline_2_CONV_SPATIAL_WEIGHT_10_14_0_ROM_AUTO_1R' using auto ROMs.
INFO: [RTMG 210-279] Implementing memory 'top_do_conv_spatial_Pipeline_2_CONV_SPATIAL_WEIGHT_11_0_0_ROM_AUTO_1R' using auto ROMs.
INFO: [RTMG 210-279] Implementing memory 'top_do_conv_spatial_Pipeline_2_CONV_SPATIAL_WEIGHT_11_1_0_ROM_AUTO_1R' using auto ROMs.
INFO: [RTMG 210-279] Implementing memory 'top_do_conv_spatial_Pipeline_2_CONV_SPATIAL_WEIGHT_11_2_0_ROM_AUTO_1R' using auto ROMs.
INFO: [RTMG 210-279] Implementing memory 'top_do_conv_spatial_Pipeline_2_CONV_SPATIAL_WEIGHT_11_3_0_ROM_AUTO_1R' using auto ROMs.
INFO: [RTMG 210-279] Implementing memory 'top_do_conv_spatial_Pipeline_2_CONV_SPATIAL_WEIGHT_11_4_0_ROM_AUTO_1R' using auto ROMs.
INFO: [RTMG 210-279] Implementing memory 'top_do_conv_spatial_Pipeline_2_CONV_SPATIAL_WEIGHT_11_5_0_ROM_AUTO_1R' using auto ROMs.
INFO: [RTMG 210-279] Implementing memory 'top_do_conv_spatial_Pipeline_2_CONV_SPATIAL_WEIGHT_11_6_0_ROM_AUTO_1R' using auto ROMs.
INFO: [RTMG 210-279] Implementing memory 'top_do_conv_spatial_Pipeline_2_CONV_SPATIAL_WEIGHT_11_7_0_ROM_AUTO_1R' using auto ROMs.
INFO: [RTMG 210-279] Implementing memory 'top_do_conv_spatial_Pipeline_2_CONV_SPATIAL_WEIGHT_11_8_0_ROM_AUTO_1R' using auto ROMs.
INFO: [RTMG 210-279] Implementing memory 'top_do_conv_spatial_Pipeline_2_CONV_SPATIAL_WEIGHT_11_9_0_ROM_AUTO_1R' using auto ROMs.
INFO: [RTMG 210-279] Implementing memory 'top_do_conv_spatial_Pipeline_2_CONV_SPATIAL_WEIGHT_11_10_0_ROM_AUTO_1R' using auto ROMs.
INFO: [RTMG 210-279] Implementing memory 'top_do_conv_spatial_Pipeline_2_CONV_SPATIAL_WEIGHT_11_11_0_ROM_AUTO_1R' using auto ROMs.
INFO: [RTMG 210-279] Implementing memory 'top_do_conv_spatial_Pipeline_2_CONV_SPATIAL_WEIGHT_11_12_0_ROM_AUTO_1R' using auto ROMs.
INFO: [RTMG 210-279] Implementing memory 'top_do_conv_spatial_Pipeline_2_CONV_SPATIAL_WEIGHT_11_13_0_ROM_AUTO_1R' using auto ROMs.
INFO: [RTMG 210-279] Implementing memory 'top_do_conv_spatial_Pipeline_2_CONV_SPATIAL_WEIGHT_11_14_0_ROM_AUTO_1R' using auto ROMs.
INFO: [RTMG 210-279] Implementing memory 'top_do_conv_spatial_Pipeline_2_CONV_SPATIAL_WEIGHT_12_0_0_ROM_AUTO_1R' using auto ROMs.
INFO: [RTMG 210-279] Implementing memory 'top_do_conv_spatial_Pipeline_2_CONV_SPATIAL_WEIGHT_12_1_0_ROM_AUTO_1R' using auto ROMs.
INFO: [RTMG 210-279] Implementing memory 'top_do_conv_spatial_Pipeline_2_CONV_SPATIAL_WEIGHT_12_2_0_ROM_AUTO_1R' using auto ROMs.
INFO: [RTMG 210-279] Implementing memory 'top_do_conv_spatial_Pipeline_2_CONV_SPATIAL_WEIGHT_12_3_0_ROM_AUTO_1R' using auto ROMs.
INFO: [RTMG 210-279] Implementing memory 'top_do_conv_spatial_Pipeline_2_CONV_SPATIAL_WEIGHT_12_4_0_ROM_AUTO_1R' using auto ROMs.
INFO: [RTMG 210-279] Implementing memory 'top_do_conv_spatial_Pipeline_2_CONV_SPATIAL_WEIGHT_12_5_0_ROM_AUTO_1R' using auto ROMs.
INFO: [RTMG 210-279] Implementing memory 'top_do_conv_spatial_Pipeline_2_CONV_SPATIAL_WEIGHT_12_6_0_ROM_AUTO_1R' using auto ROMs.
INFO: [RTMG 210-279] Implementing memory 'top_do_conv_spatial_Pipeline_2_CONV_SPATIAL_WEIGHT_12_7_0_ROM_AUTO_1R' using auto ROMs.
INFO: [RTMG 210-279] Implementing memory 'top_do_conv_spatial_Pipeline_2_CONV_SPATIAL_WEIGHT_12_8_0_ROM_AUTO_1R' using auto ROMs.
INFO: [RTMG 210-279] Implementing memory 'top_do_conv_spatial_Pipeline_2_CONV_SPATIAL_WEIGHT_12_9_0_ROM_AUTO_1R' using auto ROMs.
INFO: [RTMG 210-279] Implementing memory 'top_do_conv_spatial_Pipeline_2_CONV_SPATIAL_WEIGHT_12_10_0_ROM_AUTO_1R' using auto ROMs.
INFO: [RTMG 210-279] Implementing memory 'top_do_conv_spatial_Pipeline_2_CONV_SPATIAL_WEIGHT_12_11_0_ROM_AUTO_1R' using auto ROMs.
INFO: [RTMG 210-279] Implementing memory 'top_do_conv_spatial_Pipeline_2_CONV_SPATIAL_WEIGHT_12_12_0_ROM_AUTO_1R' using auto ROMs.
INFO: [RTMG 210-279] Implementing memory 'top_do_conv_spatial_Pipeline_2_CONV_SPATIAL_WEIGHT_12_13_0_ROM_AUTO_1R' using auto ROMs.
INFO: [RTMG 210-279] Implementing memory 'top_do_conv_spatial_Pipeline_2_CONV_SPATIAL_WEIGHT_12_14_0_ROM_AUTO_1R' using auto ROMs.
INFO: [RTMG 210-279] Implementing memory 'top_do_conv_spatial_Pipeline_2_CONV_SPATIAL_WEIGHT_13_0_0_ROM_AUTO_1R' using auto ROMs.
INFO: [RTMG 210-279] Implementing memory 'top_do_conv_spatial_Pipeline_2_CONV_SPATIAL_WEIGHT_13_1_0_ROM_AUTO_1R' using auto ROMs.
INFO: [RTMG 210-279] Implementing memory 'top_do_conv_spatial_Pipeline_2_CONV_SPATIAL_WEIGHT_13_2_0_ROM_AUTO_1R' using auto ROMs.
INFO: [RTMG 210-279] Implementing memory 'top_do_conv_spatial_Pipeline_2_CONV_SPATIAL_WEIGHT_13_3_0_ROM_AUTO_1R' using auto ROMs.
INFO: [RTMG 210-279] Implementing memory 'top_do_conv_spatial_Pipeline_2_CONV_SPATIAL_WEIGHT_13_4_0_ROM_AUTO_1R' using auto ROMs.
INFO: [RTMG 210-279] Implementing memory 'top_do_conv_spatial_Pipeline_2_CONV_SPATIAL_WEIGHT_13_5_0_ROM_AUTO_1R' using auto ROMs.
INFO: [RTMG 210-279] Implementing memory 'top_do_conv_spatial_Pipeline_2_CONV_SPATIAL_WEIGHT_13_6_0_ROM_AUTO_1R' using auto ROMs.
INFO: [RTMG 210-279] Implementing memory 'top_do_conv_spatial_Pipeline_2_CONV_SPATIAL_WEIGHT_13_7_0_ROM_AUTO_1R' using auto ROMs.
INFO: [RTMG 210-279] Implementing memory 'top_do_conv_spatial_Pipeline_2_CONV_SPATIAL_WEIGHT_13_8_0_ROM_AUTO_1R' using auto ROMs.
INFO: [RTMG 210-279] Implementing memory 'top_do_conv_spatial_Pipeline_2_CONV_SPATIAL_WEIGHT_13_9_0_ROM_AUTO_1R' using auto ROMs.
INFO: [RTMG 210-279] Implementing memory 'top_do_conv_spatial_Pipeline_2_CONV_SPATIAL_WEIGHT_13_10_0_ROM_AUTO_1R' using auto ROMs.
INFO: [RTMG 210-279] Implementing memory 'top_do_conv_spatial_Pipeline_2_CONV_SPATIAL_WEIGHT_13_11_0_ROM_AUTO_1R' using auto ROMs.
INFO: [RTMG 210-279] Implementing memory 'top_do_conv_spatial_Pipeline_2_CONV_SPATIAL_WEIGHT_13_12_0_ROM_AUTO_1R' using auto ROMs.
INFO: [RTMG 210-279] Implementing memory 'top_do_conv_spatial_Pipeline_2_CONV_SPATIAL_WEIGHT_13_13_0_ROM_AUTO_1R' using auto ROMs.
INFO: [RTMG 210-279] Implementing memory 'top_do_conv_spatial_Pipeline_2_CONV_SPATIAL_WEIGHT_13_14_0_ROM_AUTO_1R' using auto ROMs.
INFO: [RTMG 210-279] Implementing memory 'top_do_conv_spatial_Pipeline_2_CONV_SPATIAL_WEIGHT_14_0_0_ROM_AUTO_1R' using auto ROMs.
INFO: [RTMG 210-279] Implementing memory 'top_do_conv_spatial_Pipeline_2_CONV_SPATIAL_WEIGHT_14_1_0_ROM_AUTO_1R' using auto ROMs.
INFO: [RTMG 210-279] Implementing memory 'top_do_conv_spatial_Pipeline_2_CONV_SPATIAL_WEIGHT_14_2_0_ROM_AUTO_1R' using auto ROMs.
INFO: [RTMG 210-279] Implementing memory 'top_do_conv_spatial_Pipeline_2_CONV_SPATIAL_WEIGHT_14_3_0_ROM_AUTO_1R' using auto ROMs.
INFO: [RTMG 210-279] Implementing memory 'top_do_conv_spatial_Pipeline_2_CONV_SPATIAL_WEIGHT_14_4_0_ROM_AUTO_1R' using auto ROMs.
INFO: [RTMG 210-279] Implementing memory 'top_do_conv_spatial_Pipeline_2_CONV_SPATIAL_WEIGHT_14_5_0_ROM_AUTO_1R' using auto ROMs.
INFO: [RTMG 210-279] Implementing memory 'top_do_conv_spatial_Pipeline_2_CONV_SPATIAL_WEIGHT_14_6_0_ROM_AUTO_1R' using auto ROMs.
INFO: [RTMG 210-279] Implementing memory 'top_do_conv_spatial_Pipeline_2_CONV_SPATIAL_WEIGHT_14_7_0_ROM_AUTO_1R' using auto ROMs.
INFO: [RTMG 210-279] Implementing memory 'top_do_conv_spatial_Pipeline_2_CONV_SPATIAL_WEIGHT_14_8_0_ROM_AUTO_1R' using auto ROMs.
INFO: [RTMG 210-279] Implementing memory 'top_do_conv_spatial_Pipeline_2_CONV_SPATIAL_WEIGHT_14_9_0_ROM_AUTO_1R' using auto ROMs.
INFO: [RTMG 210-279] Implementing memory 'top_do_conv_spatial_Pipeline_2_CONV_SPATIAL_WEIGHT_14_10_0_ROM_AUTO_1R' using auto ROMs.
INFO: [RTMG 210-279] Implementing memory 'top_do_conv_spatial_Pipeline_2_CONV_SPATIAL_WEIGHT_14_11_0_ROM_AUTO_1R' using auto ROMs.
INFO: [RTMG 210-279] Implementing memory 'top_do_conv_spatial_Pipeline_2_CONV_SPATIAL_WEIGHT_14_12_0_ROM_AUTO_1R' using auto ROMs.
INFO: [RTMG 210-279] Implementing memory 'top_do_conv_spatial_Pipeline_2_CONV_SPATIAL_WEIGHT_14_13_0_ROM_AUTO_1R' using auto ROMs.
INFO: [RTMG 210-279] Implementing memory 'top_do_conv_spatial_Pipeline_2_CONV_SPATIAL_WEIGHT_14_14_0_ROM_AUTO_1R' using auto ROMs.
INFO: [RTMG 210-279] Implementing memory 'top_do_conv_spatial_Pipeline_2_CONV_SPATIAL_WEIGHT_15_0_0_ROM_AUTO_1R' using auto ROMs.
INFO: [RTMG 210-279] Implementing memory 'top_do_conv_spatial_Pipeline_2_CONV_SPATIAL_WEIGHT_15_1_0_ROM_AUTO_1R' using auto ROMs.
INFO: [RTMG 210-279] Implementing memory 'top_do_conv_spatial_Pipeline_2_CONV_SPATIAL_WEIGHT_15_2_0_ROM_AUTO_1R' using auto ROMs.
INFO: [RTMG 210-279] Implementing memory 'top_do_conv_spatial_Pipeline_2_CONV_SPATIAL_WEIGHT_15_3_0_ROM_AUTO_1R' using auto ROMs.
INFO: [RTMG 210-279] Implementing memory 'top_do_conv_spatial_Pipeline_2_CONV_SPATIAL_WEIGHT_15_4_0_ROM_AUTO_1R' using auto ROMs.
INFO: [RTMG 210-279] Implementing memory 'top_do_conv_spatial_Pipeline_2_CONV_SPATIAL_WEIGHT_15_5_0_ROM_AUTO_1R' using auto ROMs.
INFO: [RTMG 210-279] Implementing memory 'top_do_conv_spatial_Pipeline_2_CONV_SPATIAL_WEIGHT_15_6_0_ROM_AUTO_1R' using auto ROMs.
INFO: [RTMG 210-279] Implementing memory 'top_do_conv_spatial_Pipeline_2_CONV_SPATIAL_WEIGHT_15_7_0_ROM_AUTO_1R' using auto ROMs.
INFO: [RTMG 210-279] Implementing memory 'top_do_conv_spatial_Pipeline_2_CONV_SPATIAL_WEIGHT_15_8_0_ROM_AUTO_1R' using auto ROMs.
INFO: [RTMG 210-279] Implementing memory 'top_do_conv_spatial_Pipeline_2_CONV_SPATIAL_WEIGHT_15_9_0_ROM_AUTO_1R' using auto ROMs.
INFO: [RTMG 210-279] Implementing memory 'top_do_conv_spatial_Pipeline_2_CONV_SPATIAL_WEIGHT_15_10_0_ROM_AUTO_1R' using auto ROMs.
INFO: [RTMG 210-279] Implementing memory 'top_do_conv_spatial_Pipeline_2_CONV_SPATIAL_WEIGHT_15_11_0_ROM_AUTO_1R' using auto ROMs.
INFO: [RTMG 210-279] Implementing memory 'top_do_conv_spatial_Pipeline_2_CONV_SPATIAL_WEIGHT_15_12_0_ROM_AUTO_1R' using auto ROMs.
INFO: [RTMG 210-279] Implementing memory 'top_do_conv_spatial_Pipeline_2_CONV_SPATIAL_WEIGHT_15_13_0_ROM_AUTO_1R' using auto ROMs.
INFO: [RTMG 210-279] Implementing memory 'top_do_conv_spatial_Pipeline_2_CONV_SPATIAL_WEIGHT_15_14_0_ROM_AUTO_1R' using auto ROMs.
INFO: [RTMG 210-279] Implementing memory 'top_do_conv_spatial_Pipeline_2_CONV_SPATIAL_WEIGHT_16_0_0_ROM_AUTO_1R' using auto ROMs.
INFO: [RTMG 210-279] Implementing memory 'top_do_conv_spatial_Pipeline_2_CONV_SPATIAL_WEIGHT_16_1_0_ROM_AUTO_1R' using auto ROMs.
INFO: [RTMG 210-279] Implementing memory 'top_do_conv_spatial_Pipeline_2_CONV_SPATIAL_WEIGHT_16_2_0_ROM_AUTO_1R' using auto ROMs.
INFO: [RTMG 210-279] Implementing memory 'top_do_conv_spatial_Pipeline_2_CONV_SPATIAL_WEIGHT_16_3_0_ROM_AUTO_1R' using auto ROMs.
INFO: [RTMG 210-279] Implementing memory 'top_do_conv_spatial_Pipeline_2_CONV_SPATIAL_WEIGHT_16_4_0_ROM_AUTO_1R' using auto ROMs.
INFO: [RTMG 210-279] Implementing memory 'top_do_conv_spatial_Pipeline_2_CONV_SPATIAL_WEIGHT_16_5_0_ROM_AUTO_1R' using auto ROMs.
INFO: [RTMG 210-279] Implementing memory 'top_do_conv_spatial_Pipeline_2_CONV_SPATIAL_WEIGHT_16_6_0_ROM_AUTO_1R' using auto ROMs.
INFO: [RTMG 210-279] Implementing memory 'top_do_conv_spatial_Pipeline_2_CONV_SPATIAL_WEIGHT_16_7_0_ROM_AUTO_1R' using auto ROMs.
INFO: [RTMG 210-279] Implementing memory 'top_do_conv_spatial_Pipeline_2_CONV_SPATIAL_WEIGHT_16_8_0_ROM_AUTO_1R' using auto ROMs.
INFO: [RTMG 210-279] Implementing memory 'top_do_conv_spatial_Pipeline_2_CONV_SPATIAL_WEIGHT_16_9_0_ROM_AUTO_1R' using auto ROMs.
INFO: [RTMG 210-279] Implementing memory 'top_do_conv_spatial_Pipeline_2_CONV_SPATIAL_WEIGHT_16_10_0_ROM_AUTO_1R' using auto ROMs.
INFO: [RTMG 210-279] Implementing memory 'top_do_conv_spatial_Pipeline_2_CONV_SPATIAL_WEIGHT_16_11_0_ROM_AUTO_1R' using auto ROMs.
INFO: [RTMG 210-279] Implementing memory 'top_do_conv_spatial_Pipeline_2_CONV_SPATIAL_WEIGHT_16_12_0_ROM_AUTO_1R' using auto ROMs.
INFO: [RTMG 210-279] Implementing memory 'top_do_conv_spatial_Pipeline_2_CONV_SPATIAL_WEIGHT_16_13_0_ROM_AUTO_1R' using auto ROMs.
INFO: [RTMG 210-279] Implementing memory 'top_do_conv_spatial_Pipeline_2_CONV_SPATIAL_WEIGHT_16_14_0_ROM_AUTO_1R' using auto ROMs.
INFO: [RTMG 210-279] Implementing memory 'top_do_conv_spatial_Pipeline_2_CONV_SPATIAL_WEIGHT_17_0_0_ROM_AUTO_1R' using auto ROMs.
INFO: [RTMG 210-279] Implementing memory 'top_do_conv_spatial_Pipeline_2_CONV_SPATIAL_WEIGHT_17_1_0_ROM_AUTO_1R' using auto ROMs.
INFO: [RTMG 210-279] Implementing memory 'top_do_conv_spatial_Pipeline_2_CONV_SPATIAL_WEIGHT_17_2_0_ROM_AUTO_1R' using auto ROMs.
INFO: [RTMG 210-279] Implementing memory 'top_do_conv_spatial_Pipeline_2_CONV_SPATIAL_WEIGHT_17_3_0_ROM_AUTO_1R' using auto ROMs.
INFO: [RTMG 210-279] Implementing memory 'top_do_conv_spatial_Pipeline_2_CONV_SPATIAL_WEIGHT_17_4_0_ROM_AUTO_1R' using auto ROMs.
INFO: [RTMG 210-279] Implementing memory 'top_do_conv_spatial_Pipeline_2_CONV_SPATIAL_WEIGHT_17_5_0_ROM_AUTO_1R' using auto ROMs.
INFO: [RTMG 210-279] Implementing memory 'top_do_conv_spatial_Pipeline_2_CONV_SPATIAL_WEIGHT_17_6_0_ROM_AUTO_1R' using auto ROMs.
INFO: [RTMG 210-279] Implementing memory 'top_do_conv_spatial_Pipeline_2_CONV_SPATIAL_WEIGHT_17_7_0_ROM_AUTO_1R' using auto ROMs.
INFO: [RTMG 210-279] Implementing memory 'top_do_conv_spatial_Pipeline_2_CONV_SPATIAL_WEIGHT_17_8_0_ROM_AUTO_1R' using auto ROMs.
INFO: [RTMG 210-279] Implementing memory 'top_do_conv_spatial_Pipeline_2_CONV_SPATIAL_WEIGHT_17_9_0_ROM_AUTO_1R' using auto ROMs.
INFO: [RTMG 210-279] Implementing memory 'top_do_conv_spatial_Pipeline_2_CONV_SPATIAL_WEIGHT_17_10_0_ROM_AUTO_1R' using auto ROMs.
INFO: [RTMG 210-279] Implementing memory 'top_do_conv_spatial_Pipeline_2_CONV_SPATIAL_WEIGHT_17_11_0_ROM_AUTO_1R' using auto ROMs.
INFO: [RTMG 210-279] Implementing memory 'top_do_conv_spatial_Pipeline_2_CONV_SPATIAL_WEIGHT_17_12_0_ROM_AUTO_1R' using auto ROMs.
INFO: [RTMG 210-279] Implementing memory 'top_do_conv_spatial_Pipeline_2_CONV_SPATIAL_WEIGHT_17_13_0_ROM_AUTO_1R' using auto ROMs.
INFO: [RTMG 210-279] Implementing memory 'top_do_conv_spatial_Pipeline_2_CONV_SPATIAL_WEIGHT_17_14_0_ROM_AUTO_1R' using auto ROMs.
INFO: [RTMG 210-279] Implementing memory 'top_do_conv_spatial_Pipeline_2_CONV_SPATIAL_WEIGHT_18_0_0_ROM_AUTO_1R' using auto ROMs.
INFO: [RTMG 210-279] Implementing memory 'top_do_conv_spatial_Pipeline_2_CONV_SPATIAL_WEIGHT_18_1_0_ROM_AUTO_1R' using auto ROMs.
INFO: [RTMG 210-279] Implementing memory 'top_do_conv_spatial_Pipeline_2_CONV_SPATIAL_WEIGHT_18_2_0_ROM_AUTO_1R' using auto ROMs.
INFO: [RTMG 210-279] Implementing memory 'top_do_conv_spatial_Pipeline_2_CONV_SPATIAL_WEIGHT_18_3_0_ROM_AUTO_1R' using auto ROMs.
INFO: [RTMG 210-279] Implementing memory 'top_do_conv_spatial_Pipeline_2_CONV_SPATIAL_WEIGHT_18_4_0_ROM_AUTO_1R' using auto ROMs.
INFO: [RTMG 210-279] Implementing memory 'top_do_conv_spatial_Pipeline_2_CONV_SPATIAL_WEIGHT_18_5_0_ROM_AUTO_1R' using auto ROMs.
INFO: [RTMG 210-279] Implementing memory 'top_do_conv_spatial_Pipeline_2_CONV_SPATIAL_WEIGHT_18_6_0_ROM_AUTO_1R' using auto ROMs.
INFO: [RTMG 210-279] Implementing memory 'top_do_conv_spatial_Pipeline_2_CONV_SPATIAL_WEIGHT_18_7_0_ROM_AUTO_1R' using auto ROMs.
INFO: [RTMG 210-279] Implementing memory 'top_do_conv_spatial_Pipeline_2_CONV_SPATIAL_WEIGHT_18_8_0_ROM_AUTO_1R' using auto ROMs.
INFO: [RTMG 210-279] Implementing memory 'top_do_conv_spatial_Pipeline_2_CONV_SPATIAL_WEIGHT_18_9_0_ROM_AUTO_1R' using auto ROMs.
INFO: [RTMG 210-279] Implementing memory 'top_do_conv_spatial_Pipeline_2_CONV_SPATIAL_WEIGHT_18_10_0_ROM_AUTO_1R' using auto ROMs.
INFO: [RTMG 210-279] Implementing memory 'top_do_conv_spatial_Pipeline_2_CONV_SPATIAL_WEIGHT_18_11_0_ROM_AUTO_1R' using auto ROMs.
INFO: [RTMG 210-279] Implementing memory 'top_do_conv_spatial_Pipeline_2_CONV_SPATIAL_WEIGHT_18_12_0_ROM_AUTO_1R' using auto ROMs.
INFO: [RTMG 210-279] Implementing memory 'top_do_conv_spatial_Pipeline_2_CONV_SPATIAL_WEIGHT_18_13_0_ROM_AUTO_1R' using auto ROMs.
INFO: [RTMG 210-279] Implementing memory 'top_do_conv_spatial_Pipeline_2_CONV_SPATIAL_WEIGHT_18_14_0_ROM_AUTO_1R' using auto ROMs.
INFO: [RTMG 210-279] Implementing memory 'top_do_conv_spatial_Pipeline_2_CONV_SPATIAL_WEIGHT_19_0_0_ROM_AUTO_1R' using auto ROMs.
INFO: [RTMG 210-279] Implementing memory 'top_do_conv_spatial_Pipeline_2_CONV_SPATIAL_WEIGHT_19_1_0_ROM_AUTO_1R' using auto ROMs.
INFO: [RTMG 210-279] Implementing memory 'top_do_conv_spatial_Pipeline_2_CONV_SPATIAL_WEIGHT_19_2_0_ROM_AUTO_1R' using auto ROMs.
INFO: [RTMG 210-279] Implementing memory 'top_do_conv_spatial_Pipeline_2_CONV_SPATIAL_WEIGHT_19_3_0_ROM_AUTO_1R' using auto ROMs.
INFO: [RTMG 210-279] Implementing memory 'top_do_conv_spatial_Pipeline_2_CONV_SPATIAL_WEIGHT_19_4_0_ROM_AUTO_1R' using auto ROMs.
INFO: [RTMG 210-279] Implementing memory 'top_do_conv_spatial_Pipeline_2_CONV_SPATIAL_WEIGHT_19_5_0_ROM_AUTO_1R' using auto ROMs.
INFO: [RTMG 210-279] Implementing memory 'top_do_conv_spatial_Pipeline_2_CONV_SPATIAL_WEIGHT_19_6_0_ROM_AUTO_1R' using auto ROMs.
INFO: [RTMG 210-279] Implementing memory 'top_do_conv_spatial_Pipeline_2_CONV_SPATIAL_WEIGHT_19_7_0_ROM_AUTO_1R' using auto ROMs.
INFO: [RTMG 210-279] Implementing memory 'top_do_conv_spatial_Pipeline_2_CONV_SPATIAL_WEIGHT_19_8_0_ROM_AUTO_1R' using auto ROMs.
INFO: [RTMG 210-279] Implementing memory 'top_do_conv_spatial_Pipeline_2_CONV_SPATIAL_WEIGHT_19_9_0_ROM_AUTO_1R' using auto ROMs.
INFO: [RTMG 210-279] Implementing memory 'top_do_conv_spatial_Pipeline_2_CONV_SPATIAL_WEIGHT_19_10_0_ROM_AUTO_1R' using auto ROMs.
INFO: [RTMG 210-279] Implementing memory 'top_do_conv_spatial_Pipeline_2_CONV_SPATIAL_WEIGHT_19_11_0_ROM_AUTO_1R' using auto ROMs.
INFO: [RTMG 210-279] Implementing memory 'top_do_conv_spatial_Pipeline_2_CONV_SPATIAL_WEIGHT_19_12_0_ROM_AUTO_1R' using auto ROMs.
INFO: [RTMG 210-279] Implementing memory 'top_do_conv_spatial_Pipeline_2_CONV_SPATIAL_WEIGHT_19_13_0_ROM_AUTO_1R' using auto ROMs.
INFO: [RTMG 210-279] Implementing memory 'top_do_conv_spatial_Pipeline_2_CONV_SPATIAL_WEIGHT_19_14_0_ROM_AUTO_1R' using auto ROMs.
INFO: [RTMG 210-279] Implementing memory 'top_do_conv_spatial_Pipeline_2_CONV_SPATIAL_WEIGHT_20_0_0_ROM_AUTO_1R' using auto ROMs.
INFO: [RTMG 210-279] Implementing memory 'top_do_conv_spatial_Pipeline_2_CONV_SPATIAL_WEIGHT_20_1_0_ROM_AUTO_1R' using auto ROMs.
INFO: [RTMG 210-279] Implementing memory 'top_do_conv_spatial_Pipeline_2_CONV_SPATIAL_WEIGHT_20_2_0_ROM_AUTO_1R' using auto ROMs.
INFO: [RTMG 210-279] Implementing memory 'top_do_conv_spatial_Pipeline_2_CONV_SPATIAL_WEIGHT_20_3_0_ROM_AUTO_1R' using auto ROMs.
INFO: [RTMG 210-279] Implementing memory 'top_do_conv_spatial_Pipeline_2_CONV_SPATIAL_WEIGHT_20_4_0_ROM_AUTO_1R' using auto ROMs.
INFO: [RTMG 210-279] Implementing memory 'top_do_conv_spatial_Pipeline_2_CONV_SPATIAL_WEIGHT_20_5_0_ROM_AUTO_1R' using auto ROMs.
INFO: [RTMG 210-279] Implementing memory 'top_do_conv_spatial_Pipeline_2_CONV_SPATIAL_WEIGHT_20_6_0_ROM_AUTO_1R' using auto ROMs.
INFO: [RTMG 210-279] Implementing memory 'top_do_conv_spatial_Pipeline_2_CONV_SPATIAL_WEIGHT_20_7_0_ROM_AUTO_1R' using auto ROMs.
INFO: [RTMG 210-279] Implementing memory 'top_do_conv_spatial_Pipeline_2_CONV_SPATIAL_WEIGHT_20_8_0_ROM_AUTO_1R' using auto ROMs.
INFO: [RTMG 210-279] Implementing memory 'top_do_conv_spatial_Pipeline_2_CONV_SPATIAL_WEIGHT_20_9_0_ROM_AUTO_1R' using auto ROMs.
INFO: [RTMG 210-279] Implementing memory 'top_do_conv_spatial_Pipeline_2_CONV_SPATIAL_WEIGHT_20_10_0_ROM_AUTO_1R' using auto ROMs.
INFO: [RTMG 210-279] Implementing memory 'top_do_conv_spatial_Pipeline_2_CONV_SPATIAL_WEIGHT_20_11_0_ROM_AUTO_1R' using auto ROMs.
INFO: [RTMG 210-279] Implementing memory 'top_do_conv_spatial_Pipeline_2_CONV_SPATIAL_WEIGHT_20_12_0_ROM_AUTO_1R' using auto ROMs.
INFO: [RTMG 210-279] Implementing memory 'top_do_conv_spatial_Pipeline_2_CONV_SPATIAL_WEIGHT_20_13_0_ROM_AUTO_1R' using auto ROMs.
INFO: [RTMG 210-279] Implementing memory 'top_do_conv_spatial_Pipeline_2_CONV_SPATIAL_WEIGHT_20_14_0_ROM_AUTO_1R' using auto ROMs.
INFO: [RTMG 210-279] Implementing memory 'top_do_conv_spatial_Pipeline_2_CONV_SPATIAL_WEIGHT_21_0_0_ROM_AUTO_1R' using auto ROMs.
INFO: [RTMG 210-279] Implementing memory 'top_do_conv_spatial_Pipeline_2_CONV_SPATIAL_WEIGHT_21_1_0_ROM_AUTO_1R' using auto ROMs.
INFO: [RTMG 210-279] Implementing memory 'top_do_conv_spatial_Pipeline_2_CONV_SPATIAL_WEIGHT_21_2_0_ROM_AUTO_1R' using auto ROMs.
INFO: [RTMG 210-279] Implementing memory 'top_do_conv_spatial_Pipeline_2_CONV_SPATIAL_WEIGHT_21_3_0_ROM_AUTO_1R' using auto ROMs.
INFO: [RTMG 210-279] Implementing memory 'top_do_conv_spatial_Pipeline_2_CONV_SPATIAL_WEIGHT_21_4_0_ROM_AUTO_1R' using auto ROMs.
INFO: [RTMG 210-279] Implementing memory 'top_do_conv_spatial_Pipeline_2_CONV_SPATIAL_WEIGHT_21_5_0_ROM_AUTO_1R' using auto ROMs.
INFO: [RTMG 210-279] Implementing memory 'top_do_conv_spatial_Pipeline_2_CONV_SPATIAL_WEIGHT_21_6_0_ROM_AUTO_1R' using auto ROMs.
INFO: [RTMG 210-279] Implementing memory 'top_do_conv_spatial_Pipeline_2_CONV_SPATIAL_WEIGHT_21_7_0_ROM_AUTO_1R' using auto ROMs.
INFO: [RTMG 210-279] Implementing memory 'top_do_conv_spatial_Pipeline_2_CONV_SPATIAL_WEIGHT_21_8_0_ROM_AUTO_1R' using auto ROMs.
INFO: [RTMG 210-279] Implementing memory 'top_do_conv_spatial_Pipeline_2_CONV_SPATIAL_WEIGHT_21_9_0_ROM_AUTO_1R' using auto ROMs.
INFO: [RTMG 210-279] Implementing memory 'top_do_conv_spatial_Pipeline_2_CONV_SPATIAL_WEIGHT_21_10_0_ROM_AUTO_1R' using auto ROMs.
INFO: [RTMG 210-279] Implementing memory 'top_do_conv_spatial_Pipeline_2_CONV_SPATIAL_WEIGHT_21_11_0_ROM_AUTO_1R' using auto ROMs.
INFO: [RTMG 210-279] Implementing memory 'top_do_conv_spatial_Pipeline_2_CONV_SPATIAL_WEIGHT_21_12_0_ROM_AUTO_1R' using auto ROMs.
INFO: [RTMG 210-279] Implementing memory 'top_do_conv_spatial_Pipeline_2_CONV_SPATIAL_WEIGHT_21_13_0_ROM_AUTO_1R' using auto ROMs.
INFO: [RTMG 210-279] Implementing memory 'top_do_conv_spatial_Pipeline_2_CONV_SPATIAL_WEIGHT_21_14_0_ROM_AUTO_1R' using auto ROMs.
INFO: [RTMG 210-279] Implementing memory 'top_do_conv_spatial_Pipeline_2_CONV_SPATIAL_WEIGHT_22_0_0_ROM_AUTO_1R' using auto ROMs.
INFO: [RTMG 210-279] Implementing memory 'top_do_conv_spatial_Pipeline_2_CONV_SPATIAL_WEIGHT_22_1_0_ROM_AUTO_1R' using auto ROMs.
INFO: [RTMG 210-279] Implementing memory 'top_do_conv_spatial_Pipeline_2_CONV_SPATIAL_WEIGHT_22_2_0_ROM_AUTO_1R' using auto ROMs.
INFO: [RTMG 210-279] Implementing memory 'top_do_conv_spatial_Pipeline_2_CONV_SPATIAL_WEIGHT_22_3_0_ROM_AUTO_1R' using auto ROMs.
INFO: [RTMG 210-279] Implementing memory 'top_do_conv_spatial_Pipeline_2_CONV_SPATIAL_WEIGHT_22_4_0_ROM_AUTO_1R' using auto ROMs.
INFO: [RTMG 210-279] Implementing memory 'top_do_conv_spatial_Pipeline_2_CONV_SPATIAL_WEIGHT_22_5_0_ROM_AUTO_1R' using auto ROMs.
INFO: [RTMG 210-279] Implementing memory 'top_do_conv_spatial_Pipeline_2_CONV_SPATIAL_WEIGHT_22_6_0_ROM_AUTO_1R' using auto ROMs.
INFO: [RTMG 210-279] Implementing memory 'top_do_conv_spatial_Pipeline_2_CONV_SPATIAL_WEIGHT_22_7_0_ROM_AUTO_1R' using auto ROMs.
INFO: [RTMG 210-279] Implementing memory 'top_do_conv_spatial_Pipeline_2_CONV_SPATIAL_WEIGHT_22_8_0_ROM_AUTO_1R' using auto ROMs.
INFO: [RTMG 210-279] Implementing memory 'top_do_conv_spatial_Pipeline_2_CONV_SPATIAL_WEIGHT_22_9_0_ROM_AUTO_1R' using auto ROMs.
INFO: [RTMG 210-279] Implementing memory 'top_do_conv_spatial_Pipeline_2_CONV_SPATIAL_WEIGHT_22_10_0_ROM_AUTO_1R' using auto ROMs.
INFO: [RTMG 210-279] Implementing memory 'top_do_conv_spatial_Pipeline_2_CONV_SPATIAL_WEIGHT_22_11_0_ROM_AUTO_1R' using auto ROMs.
INFO: [RTMG 210-279] Implementing memory 'top_do_conv_spatial_Pipeline_2_CONV_SPATIAL_WEIGHT_22_12_0_ROM_AUTO_1R' using auto ROMs.
INFO: [RTMG 210-279] Implementing memory 'top_do_conv_spatial_Pipeline_2_CONV_SPATIAL_WEIGHT_22_13_0_ROM_AUTO_1R' using auto ROMs.
INFO: [RTMG 210-279] Implementing memory 'top_do_conv_spatial_Pipeline_2_CONV_SPATIAL_WEIGHT_22_14_0_ROM_AUTO_1R' using auto ROMs.
INFO: [RTMG 210-279] Implementing memory 'top_do_conv_spatial_Pipeline_2_CONV_SPATIAL_WEIGHT_23_0_0_ROM_AUTO_1R' using auto ROMs.
INFO: [RTMG 210-279] Implementing memory 'top_do_conv_spatial_Pipeline_2_CONV_SPATIAL_WEIGHT_23_1_0_ROM_AUTO_1R' using auto ROMs.
INFO: [RTMG 210-279] Implementing memory 'top_do_conv_spatial_Pipeline_2_CONV_SPATIAL_WEIGHT_23_2_0_ROM_AUTO_1R' using auto ROMs.
INFO: [RTMG 210-279] Implementing memory 'top_do_conv_spatial_Pipeline_2_CONV_SPATIAL_WEIGHT_23_3_0_ROM_AUTO_1R' using auto ROMs.
INFO: [RTMG 210-279] Implementing memory 'top_do_conv_spatial_Pipeline_2_CONV_SPATIAL_WEIGHT_23_4_0_ROM_AUTO_1R' using auto ROMs.
INFO: [RTMG 210-279] Implementing memory 'top_do_conv_spatial_Pipeline_2_CONV_SPATIAL_WEIGHT_23_5_0_ROM_AUTO_1R' using auto ROMs.
INFO: [RTMG 210-279] Implementing memory 'top_do_conv_spatial_Pipeline_2_CONV_SPATIAL_WEIGHT_23_6_0_ROM_AUTO_1R' using auto ROMs.
INFO: [RTMG 210-279] Implementing memory 'top_do_conv_spatial_Pipeline_2_CONV_SPATIAL_WEIGHT_23_7_0_ROM_AUTO_1R' using auto ROMs.
INFO: [RTMG 210-279] Implementing memory 'top_do_conv_spatial_Pipeline_2_CONV_SPATIAL_WEIGHT_23_8_0_ROM_AUTO_1R' using auto ROMs.
INFO: [RTMG 210-279] Implementing memory 'top_do_conv_spatial_Pipeline_2_CONV_SPATIAL_WEIGHT_23_9_0_ROM_AUTO_1R' using auto ROMs.
INFO: [RTMG 210-279] Implementing memory 'top_do_conv_spatial_Pipeline_2_CONV_SPATIAL_WEIGHT_23_10_0_ROM_AUTO_1R' using auto ROMs.
INFO: [RTMG 210-279] Implementing memory 'top_do_conv_spatial_Pipeline_2_CONV_SPATIAL_WEIGHT_23_11_0_ROM_AUTO_1R' using auto ROMs.
INFO: [RTMG 210-279] Implementing memory 'top_do_conv_spatial_Pipeline_2_CONV_SPATIAL_WEIGHT_23_12_0_ROM_AUTO_1R' using auto ROMs.
INFO: [RTMG 210-279] Implementing memory 'top_do_conv_spatial_Pipeline_2_CONV_SPATIAL_WEIGHT_23_13_0_ROM_AUTO_1R' using auto ROMs.
INFO: [RTMG 210-279] Implementing memory 'top_do_conv_spatial_Pipeline_2_CONV_SPATIAL_WEIGHT_23_14_0_ROM_AUTO_1R' using auto ROMs.
INFO: [RTMG 210-279] Implementing memory 'top_do_conv_spatial_Pipeline_2_CONV_SPATIAL_WEIGHT_24_0_0_ROM_AUTO_1R' using auto ROMs.
INFO: [RTMG 210-279] Implementing memory 'top_do_conv_spatial_Pipeline_2_CONV_SPATIAL_WEIGHT_24_1_0_ROM_AUTO_1R' using auto ROMs.
INFO: [RTMG 210-279] Implementing memory 'top_do_conv_spatial_Pipeline_2_CONV_SPATIAL_WEIGHT_24_2_0_ROM_AUTO_1R' using auto ROMs.
INFO: [RTMG 210-279] Implementing memory 'top_do_conv_spatial_Pipeline_2_CONV_SPATIAL_WEIGHT_24_3_0_ROM_AUTO_1R' using auto ROMs.
INFO: [RTMG 210-279] Implementing memory 'top_do_conv_spatial_Pipeline_2_CONV_SPATIAL_WEIGHT_24_4_0_ROM_AUTO_1R' using auto ROMs.
INFO: [RTMG 210-279] Implementing memory 'top_do_conv_spatial_Pipeline_2_CONV_SPATIAL_WEIGHT_24_5_0_ROM_AUTO_1R' using auto ROMs.
INFO: [RTMG 210-279] Implementing memory 'top_do_conv_spatial_Pipeline_2_CONV_SPATIAL_WEIGHT_24_6_0_ROM_AUTO_1R' using auto ROMs.
INFO: [RTMG 210-279] Implementing memory 'top_do_conv_spatial_Pipeline_2_CONV_SPATIAL_WEIGHT_24_7_0_ROM_AUTO_1R' using auto ROMs.
INFO: [RTMG 210-279] Implementing memory 'top_do_conv_spatial_Pipeline_2_CONV_SPATIAL_WEIGHT_24_8_0_ROM_AUTO_1R' using auto ROMs.
INFO: [RTMG 210-279] Implementing memory 'top_do_conv_spatial_Pipeline_2_CONV_SPATIAL_WEIGHT_24_9_0_ROM_AUTO_1R' using auto ROMs.
INFO: [RTMG 210-279] Implementing memory 'top_do_conv_spatial_Pipeline_2_CONV_SPATIAL_WEIGHT_24_10_0_ROM_AUTO_1R' using auto ROMs.
INFO: [RTMG 210-279] Implementing memory 'top_do_conv_spatial_Pipeline_2_CONV_SPATIAL_WEIGHT_24_11_0_ROM_AUTO_1R' using auto ROMs.
INFO: [RTMG 210-279] Implementing memory 'top_do_conv_spatial_Pipeline_2_CONV_SPATIAL_WEIGHT_24_12_0_ROM_AUTO_1R' using auto ROMs.
INFO: [RTMG 210-279] Implementing memory 'top_do_conv_spatial_Pipeline_2_CONV_SPATIAL_WEIGHT_24_13_0_ROM_AUTO_1R' using auto ROMs.
INFO: [RTMG 210-279] Implementing memory 'top_do_conv_spatial_Pipeline_2_CONV_SPATIAL_WEIGHT_24_14_0_ROM_AUTO_1R' using auto ROMs.
INFO: [RTMG 210-279] Implementing memory 'top_do_conv_spatial_Pipeline_2_CONV_SPATIAL_WEIGHT_25_0_0_ROM_AUTO_1R' using auto ROMs.
INFO: [RTMG 210-279] Implementing memory 'top_do_conv_spatial_Pipeline_2_CONV_SPATIAL_WEIGHT_25_1_0_ROM_AUTO_1R' using auto ROMs.
INFO: [RTMG 210-279] Implementing memory 'top_do_conv_spatial_Pipeline_2_CONV_SPATIAL_WEIGHT_25_2_0_ROM_AUTO_1R' using auto ROMs.
INFO: [RTMG 210-279] Implementing memory 'top_do_conv_spatial_Pipeline_2_CONV_SPATIAL_WEIGHT_25_3_0_ROM_AUTO_1R' using auto ROMs.
INFO: [RTMG 210-279] Implementing memory 'top_do_conv_spatial_Pipeline_2_CONV_SPATIAL_WEIGHT_25_4_0_ROM_AUTO_1R' using auto ROMs.
INFO: [RTMG 210-279] Implementing memory 'top_do_conv_spatial_Pipeline_2_CONV_SPATIAL_WEIGHT_25_5_0_ROM_AUTO_1R' using auto ROMs.
INFO: [RTMG 210-279] Implementing memory 'top_do_conv_spatial_Pipeline_2_CONV_SPATIAL_WEIGHT_25_6_0_ROM_AUTO_1R' using auto ROMs.
INFO: [RTMG 210-279] Implementing memory 'top_do_conv_spatial_Pipeline_2_CONV_SPATIAL_WEIGHT_25_7_0_ROM_AUTO_1R' using auto ROMs.
INFO: [RTMG 210-279] Implementing memory 'top_do_conv_spatial_Pipeline_2_CONV_SPATIAL_WEIGHT_25_8_0_ROM_AUTO_1R' using auto ROMs.
INFO: [RTMG 210-279] Implementing memory 'top_do_conv_spatial_Pipeline_2_CONV_SPATIAL_WEIGHT_25_9_0_ROM_AUTO_1R' using auto ROMs.
INFO: [RTMG 210-279] Implementing memory 'top_do_conv_spatial_Pipeline_2_CONV_SPATIAL_WEIGHT_25_10_0_ROM_AUTO_1R' using auto ROMs.
INFO: [RTMG 210-279] Implementing memory 'top_do_conv_spatial_Pipeline_2_CONV_SPATIAL_WEIGHT_25_11_0_ROM_AUTO_1R' using auto ROMs.
INFO: [RTMG 210-279] Implementing memory 'top_do_conv_spatial_Pipeline_2_CONV_SPATIAL_WEIGHT_25_12_0_ROM_AUTO_1R' using auto ROMs.
INFO: [RTMG 210-279] Implementing memory 'top_do_conv_spatial_Pipeline_2_CONV_SPATIAL_WEIGHT_25_13_0_ROM_AUTO_1R' using auto ROMs.
INFO: [RTMG 210-279] Implementing memory 'top_do_conv_spatial_Pipeline_2_CONV_SPATIAL_WEIGHT_25_14_0_ROM_AUTO_1R' using auto ROMs.
INFO: [RTMG 210-279] Implementing memory 'top_do_conv_spatial_Pipeline_2_CONV_SPATIAL_WEIGHT_26_0_0_ROM_AUTO_1R' using auto ROMs.
INFO: [RTMG 210-279] Implementing memory 'top_do_conv_spatial_Pipeline_2_CONV_SPATIAL_WEIGHT_26_1_0_ROM_AUTO_1R' using auto ROMs.
INFO: [RTMG 210-279] Implementing memory 'top_do_conv_spatial_Pipeline_2_CONV_SPATIAL_WEIGHT_26_2_0_ROM_AUTO_1R' using auto ROMs.
INFO: [RTMG 210-279] Implementing memory 'top_do_conv_spatial_Pipeline_2_CONV_SPATIAL_WEIGHT_26_3_0_ROM_AUTO_1R' using auto ROMs.
INFO: [RTMG 210-279] Implementing memory 'top_do_conv_spatial_Pipeline_2_CONV_SPATIAL_WEIGHT_26_4_0_ROM_AUTO_1R' using auto ROMs.
INFO: [RTMG 210-279] Implementing memory 'top_do_conv_spatial_Pipeline_2_CONV_SPATIAL_WEIGHT_26_5_0_ROM_AUTO_1R' using auto ROMs.
INFO: [RTMG 210-279] Implementing memory 'top_do_conv_spatial_Pipeline_2_CONV_SPATIAL_WEIGHT_26_6_0_ROM_AUTO_1R' using auto ROMs.
INFO: [RTMG 210-279] Implementing memory 'top_do_conv_spatial_Pipeline_2_CONV_SPATIAL_WEIGHT_26_7_0_ROM_AUTO_1R' using auto ROMs.
INFO: [RTMG 210-279] Implementing memory 'top_do_conv_spatial_Pipeline_2_CONV_SPATIAL_WEIGHT_26_8_0_ROM_AUTO_1R' using auto ROMs.
INFO: [RTMG 210-279] Implementing memory 'top_do_conv_spatial_Pipeline_2_CONV_SPATIAL_WEIGHT_26_9_0_ROM_AUTO_1R' using auto ROMs.
INFO: [RTMG 210-279] Implementing memory 'top_do_conv_spatial_Pipeline_2_CONV_SPATIAL_WEIGHT_26_10_0_ROM_AUTO_1R' using auto ROMs.
INFO: [RTMG 210-279] Implementing memory 'top_do_conv_spatial_Pipeline_2_CONV_SPATIAL_WEIGHT_26_11_0_ROM_AUTO_1R' using auto ROMs.
INFO: [RTMG 210-279] Implementing memory 'top_do_conv_spatial_Pipeline_2_CONV_SPATIAL_WEIGHT_26_12_0_ROM_AUTO_1R' using auto ROMs.
INFO: [RTMG 210-279] Implementing memory 'top_do_conv_spatial_Pipeline_2_CONV_SPATIAL_WEIGHT_26_13_0_ROM_AUTO_1R' using auto ROMs.
INFO: [RTMG 210-279] Implementing memory 'top_do_conv_spatial_Pipeline_2_CONV_SPATIAL_WEIGHT_26_14_0_ROM_AUTO_1R' using auto ROMs.
INFO: [RTMG 210-279] Implementing memory 'top_do_conv_spatial_Pipeline_2_CONV_SPATIAL_WEIGHT_27_0_0_ROM_AUTO_1R' using auto ROMs.
INFO: [RTMG 210-279] Implementing memory 'top_do_conv_spatial_Pipeline_2_CONV_SPATIAL_WEIGHT_27_1_0_ROM_AUTO_1R' using auto ROMs.
INFO: [RTMG 210-279] Implementing memory 'top_do_conv_spatial_Pipeline_2_CONV_SPATIAL_WEIGHT_27_2_0_ROM_AUTO_1R' using auto ROMs.
INFO: [RTMG 210-279] Implementing memory 'top_do_conv_spatial_Pipeline_2_CONV_SPATIAL_WEIGHT_27_3_0_ROM_AUTO_1R' using auto ROMs.
INFO: [RTMG 210-279] Implementing memory 'top_do_conv_spatial_Pipeline_2_CONV_SPATIAL_WEIGHT_27_4_0_ROM_AUTO_1R' using auto ROMs.
INFO: [RTMG 210-279] Implementing memory 'top_do_conv_spatial_Pipeline_2_CONV_SPATIAL_WEIGHT_27_5_0_ROM_AUTO_1R' using auto ROMs.
INFO: [RTMG 210-279] Implementing memory 'top_do_conv_spatial_Pipeline_2_CONV_SPATIAL_WEIGHT_27_6_0_ROM_AUTO_1R' using auto ROMs.
INFO: [RTMG 210-279] Implementing memory 'top_do_conv_spatial_Pipeline_2_CONV_SPATIAL_WEIGHT_27_7_0_ROM_AUTO_1R' using auto ROMs.
INFO: [RTMG 210-279] Implementing memory 'top_do_conv_spatial_Pipeline_2_CONV_SPATIAL_WEIGHT_27_8_0_ROM_AUTO_1R' using auto ROMs.
INFO: [RTMG 210-279] Implementing memory 'top_do_conv_spatial_Pipeline_2_CONV_SPATIAL_WEIGHT_27_9_0_ROM_AUTO_1R' using auto ROMs.
INFO: [RTMG 210-279] Implementing memory 'top_do_conv_spatial_Pipeline_2_CONV_SPATIAL_WEIGHT_27_10_0_ROM_AUTO_1R' using auto ROMs.
INFO: [RTMG 210-279] Implementing memory 'top_do_conv_spatial_Pipeline_2_CONV_SPATIAL_WEIGHT_27_11_0_ROM_AUTO_1R' using auto ROMs.
INFO: [RTMG 210-279] Implementing memory 'top_do_conv_spatial_Pipeline_2_CONV_SPATIAL_WEIGHT_27_12_0_ROM_AUTO_1R' using auto ROMs.
INFO: [RTMG 210-279] Implementing memory 'top_do_conv_spatial_Pipeline_2_CONV_SPATIAL_WEIGHT_27_13_0_ROM_AUTO_1R' using auto ROMs.
INFO: [RTMG 210-279] Implementing memory 'top_do_conv_spatial_Pipeline_2_CONV_SPATIAL_WEIGHT_27_14_0_ROM_AUTO_1R' using auto ROMs.
INFO: [RTMG 210-279] Implementing memory 'top_do_conv_spatial_Pipeline_2_CONV_SPATIAL_WEIGHT_28_0_0_ROM_AUTO_1R' using auto ROMs.
INFO: [RTMG 210-279] Implementing memory 'top_do_conv_spatial_Pipeline_2_CONV_SPATIAL_WEIGHT_28_1_0_ROM_AUTO_1R' using auto ROMs.
INFO: [RTMG 210-279] Implementing memory 'top_do_conv_spatial_Pipeline_2_CONV_SPATIAL_WEIGHT_28_2_0_ROM_AUTO_1R' using auto ROMs.
INFO: [RTMG 210-279] Implementing memory 'top_do_conv_spatial_Pipeline_2_CONV_SPATIAL_WEIGHT_28_3_0_ROM_AUTO_1R' using auto ROMs.
INFO: [RTMG 210-279] Implementing memory 'top_do_conv_spatial_Pipeline_2_CONV_SPATIAL_WEIGHT_28_4_0_ROM_AUTO_1R' using auto ROMs.
INFO: [RTMG 210-279] Implementing memory 'top_do_conv_spatial_Pipeline_2_CONV_SPATIAL_WEIGHT_28_5_0_ROM_AUTO_1R' using auto ROMs.
INFO: [RTMG 210-279] Implementing memory 'top_do_conv_spatial_Pipeline_2_CONV_SPATIAL_WEIGHT_28_6_0_ROM_AUTO_1R' using auto ROMs.
INFO: [RTMG 210-279] Implementing memory 'top_do_conv_spatial_Pipeline_2_CONV_SPATIAL_WEIGHT_28_7_0_ROM_AUTO_1R' using auto ROMs.
INFO: [RTMG 210-279] Implementing memory 'top_do_conv_spatial_Pipeline_2_CONV_SPATIAL_WEIGHT_28_8_0_ROM_AUTO_1R' using auto ROMs.
INFO: [RTMG 210-279] Implementing memory 'top_do_conv_spatial_Pipeline_2_CONV_SPATIAL_WEIGHT_28_9_0_ROM_AUTO_1R' using auto ROMs.
INFO: [RTMG 210-279] Implementing memory 'top_do_conv_spatial_Pipeline_2_CONV_SPATIAL_WEIGHT_28_10_0_ROM_AUTO_1R' using auto ROMs.
INFO: [RTMG 210-279] Implementing memory 'top_do_conv_spatial_Pipeline_2_CONV_SPATIAL_WEIGHT_28_11_0_ROM_AUTO_1R' using auto ROMs.
INFO: [RTMG 210-279] Implementing memory 'top_do_conv_spatial_Pipeline_2_CONV_SPATIAL_WEIGHT_28_12_0_ROM_AUTO_1R' using auto ROMs.
INFO: [RTMG 210-279] Implementing memory 'top_do_conv_spatial_Pipeline_2_CONV_SPATIAL_WEIGHT_28_13_0_ROM_AUTO_1R' using auto ROMs.
INFO: [RTMG 210-279] Implementing memory 'top_do_conv_spatial_Pipeline_2_CONV_SPATIAL_WEIGHT_28_14_0_ROM_AUTO_1R' using auto ROMs.
INFO: [RTMG 210-279] Implementing memory 'top_do_conv_spatial_Pipeline_2_CONV_SPATIAL_WEIGHT_29_0_0_ROM_AUTO_1R' using auto ROMs.
INFO: [RTMG 210-279] Implementing memory 'top_do_conv_spatial_Pipeline_2_CONV_SPATIAL_WEIGHT_29_1_0_ROM_AUTO_1R' using auto ROMs.
INFO: [RTMG 210-279] Implementing memory 'top_do_conv_spatial_Pipeline_2_CONV_SPATIAL_WEIGHT_29_2_0_ROM_AUTO_1R' using auto ROMs.
INFO: [RTMG 210-279] Implementing memory 'top_do_conv_spatial_Pipeline_2_CONV_SPATIAL_WEIGHT_29_3_0_ROM_AUTO_1R' using auto ROMs.
INFO: [RTMG 210-279] Implementing memory 'top_do_conv_spatial_Pipeline_2_CONV_SPATIAL_WEIGHT_29_4_0_ROM_AUTO_1R' using auto ROMs.
INFO: [RTMG 210-279] Implementing memory 'top_do_conv_spatial_Pipeline_2_CONV_SPATIAL_WEIGHT_29_5_0_ROM_AUTO_1R' using auto ROMs.
INFO: [RTMG 210-279] Implementing memory 'top_do_conv_spatial_Pipeline_2_CONV_SPATIAL_WEIGHT_29_6_0_ROM_AUTO_1R' using auto ROMs.
INFO: [RTMG 210-279] Implementing memory 'top_do_conv_spatial_Pipeline_2_CONV_SPATIAL_WEIGHT_29_7_0_ROM_AUTO_1R' using auto ROMs.
INFO: [RTMG 210-279] Implementing memory 'top_do_conv_spatial_Pipeline_2_CONV_SPATIAL_WEIGHT_29_8_0_ROM_AUTO_1R' using auto ROMs.
INFO: [RTMG 210-279] Implementing memory 'top_do_conv_spatial_Pipeline_2_CONV_SPATIAL_WEIGHT_29_9_0_ROM_AUTO_1R' using auto ROMs.
INFO: [RTMG 210-279] Implementing memory 'top_do_conv_spatial_Pipeline_2_CONV_SPATIAL_WEIGHT_29_10_0_ROM_AUTO_1R' using auto ROMs.
INFO: [RTMG 210-279] Implementing memory 'top_do_conv_spatial_Pipeline_2_CONV_SPATIAL_WEIGHT_29_11_0_ROM_AUTO_1R' using auto ROMs.
INFO: [RTMG 210-279] Implementing memory 'top_do_conv_spatial_Pipeline_2_CONV_SPATIAL_WEIGHT_29_12_0_ROM_AUTO_1R' using auto ROMs.
INFO: [RTMG 210-279] Implementing memory 'top_do_conv_spatial_Pipeline_2_CONV_SPATIAL_WEIGHT_29_13_0_ROM_AUTO_1R' using auto ROMs.
INFO: [RTMG 210-279] Implementing memory 'top_do_conv_spatial_Pipeline_2_CONV_SPATIAL_WEIGHT_29_14_0_ROM_AUTO_1R' using auto ROMs.
INFO: [RTMG 210-279] Implementing memory 'top_do_conv_spatial_Pipeline_2_CONV_SPATIAL_WEIGHT_30_0_0_ROM_AUTO_1R' using auto ROMs.
INFO: [RTMG 210-279] Implementing memory 'top_do_conv_spatial_Pipeline_2_CONV_SPATIAL_WEIGHT_30_1_0_ROM_AUTO_1R' using auto ROMs.
INFO: [RTMG 210-279] Implementing memory 'top_do_conv_spatial_Pipeline_2_CONV_SPATIAL_WEIGHT_30_2_0_ROM_AUTO_1R' using auto ROMs.
INFO: [RTMG 210-279] Implementing memory 'top_do_conv_spatial_Pipeline_2_CONV_SPATIAL_WEIGHT_30_3_0_ROM_AUTO_1R' using auto ROMs.
INFO: [RTMG 210-279] Implementing memory 'top_do_conv_spatial_Pipeline_2_CONV_SPATIAL_WEIGHT_30_4_0_ROM_AUTO_1R' using auto ROMs.
INFO: [RTMG 210-279] Implementing memory 'top_do_conv_spatial_Pipeline_2_CONV_SPATIAL_WEIGHT_30_5_0_ROM_AUTO_1R' using auto ROMs.
INFO: [RTMG 210-279] Implementing memory 'top_do_conv_spatial_Pipeline_2_CONV_SPATIAL_WEIGHT_30_6_0_ROM_AUTO_1R' using auto ROMs.
INFO: [RTMG 210-279] Implementing memory 'top_do_conv_spatial_Pipeline_2_CONV_SPATIAL_WEIGHT_30_7_0_ROM_AUTO_1R' using auto ROMs.
INFO: [RTMG 210-279] Implementing memory 'top_do_conv_spatial_Pipeline_2_CONV_SPATIAL_WEIGHT_30_8_0_ROM_AUTO_1R' using auto ROMs.
INFO: [RTMG 210-279] Implementing memory 'top_do_conv_spatial_Pipeline_2_CONV_SPATIAL_WEIGHT_30_9_0_ROM_AUTO_1R' using auto ROMs.
INFO: [RTMG 210-279] Implementing memory 'top_do_conv_spatial_Pipeline_2_CONV_SPATIAL_WEIGHT_30_10_0_ROM_AUTO_1R' using auto ROMs.
INFO: [RTMG 210-279] Implementing memory 'top_do_conv_spatial_Pipeline_2_CONV_SPATIAL_WEIGHT_30_11_0_ROM_AUTO_1R' using auto ROMs.
INFO: [RTMG 210-279] Implementing memory 'top_do_conv_spatial_Pipeline_2_CONV_SPATIAL_WEIGHT_30_12_0_ROM_AUTO_1R' using auto ROMs.
INFO: [RTMG 210-279] Implementing memory 'top_do_conv_spatial_Pipeline_2_CONV_SPATIAL_WEIGHT_30_13_0_ROM_AUTO_1R' using auto ROMs.
INFO: [RTMG 210-279] Implementing memory 'top_do_conv_spatial_Pipeline_2_CONV_SPATIAL_WEIGHT_30_14_0_ROM_AUTO_1R' using auto ROMs.
INFO: [RTMG 210-279] Implementing memory 'top_do_conv_spatial_Pipeline_2_CONV_SPATIAL_WEIGHT_31_0_0_ROM_AUTO_1R' using auto ROMs.
INFO: [RTMG 210-279] Implementing memory 'top_do_conv_spatial_Pipeline_2_CONV_SPATIAL_WEIGHT_31_1_0_ROM_AUTO_1R' using auto ROMs.
INFO: [RTMG 210-279] Implementing memory 'top_do_conv_spatial_Pipeline_2_CONV_SPATIAL_WEIGHT_31_2_0_ROM_AUTO_1R' using auto ROMs.
INFO: [RTMG 210-279] Implementing memory 'top_do_conv_spatial_Pipeline_2_CONV_SPATIAL_WEIGHT_31_3_0_ROM_AUTO_1R' using auto ROMs.
INFO: [RTMG 210-279] Implementing memory 'top_do_conv_spatial_Pipeline_2_CONV_SPATIAL_WEIGHT_31_4_0_ROM_AUTO_1R' using auto ROMs.
INFO: [RTMG 210-279] Implementing memory 'top_do_conv_spatial_Pipeline_2_CONV_SPATIAL_WEIGHT_31_5_0_ROM_AUTO_1R' using auto ROMs.
INFO: [RTMG 210-279] Implementing memory 'top_do_conv_spatial_Pipeline_2_CONV_SPATIAL_WEIGHT_31_6_0_ROM_AUTO_1R' using auto ROMs.
INFO: [RTMG 210-279] Implementing memory 'top_do_conv_spatial_Pipeline_2_CONV_SPATIAL_WEIGHT_31_7_0_ROM_AUTO_1R' using auto ROMs.
INFO: [RTMG 210-279] Implementing memory 'top_do_conv_spatial_Pipeline_2_CONV_SPATIAL_WEIGHT_31_8_0_ROM_AUTO_1R' using auto ROMs.
INFO: [RTMG 210-279] Implementing memory 'top_do_conv_spatial_Pipeline_2_CONV_SPATIAL_WEIGHT_31_9_0_ROM_AUTO_1R' using auto ROMs.
INFO: [RTMG 210-279] Implementing memory 'top_do_conv_spatial_Pipeline_2_CONV_SPATIAL_WEIGHT_31_10_0_ROM_AUTO_1R' using auto ROMs.
INFO: [RTMG 210-279] Implementing memory 'top_do_conv_spatial_Pipeline_2_CONV_SPATIAL_WEIGHT_31_11_0_ROM_AUTO_1R' using auto ROMs.
INFO: [RTMG 210-279] Implementing memory 'top_do_conv_spatial_Pipeline_2_CONV_SPATIAL_WEIGHT_31_12_0_ROM_AUTO_1R' using auto ROMs.
INFO: [RTMG 210-279] Implementing memory 'top_do_conv_spatial_Pipeline_2_CONV_SPATIAL_WEIGHT_31_13_0_ROM_AUTO_1R' using auto ROMs.
INFO: [RTMG 210-279] Implementing memory 'top_do_conv_spatial_Pipeline_2_CONV_SPATIAL_WEIGHT_31_14_0_ROM_AUTO_1R' using auto ROMs.
INFO: [RTMG 210-279] Implementing memory 'top_do_conv_spatial_Pipeline_2_CONV_SPATIAL_WEIGHT_32_0_0_ROM_AUTO_1R' using auto ROMs.
INFO: [RTMG 210-279] Implementing memory 'top_do_conv_spatial_Pipeline_2_CONV_SPATIAL_WEIGHT_32_1_0_ROM_AUTO_1R' using auto ROMs.
INFO: [RTMG 210-279] Implementing memory 'top_do_conv_spatial_Pipeline_2_CONV_SPATIAL_WEIGHT_32_2_0_ROM_AUTO_1R' using auto ROMs.
INFO: [RTMG 210-279] Implementing memory 'top_do_conv_spatial_Pipeline_2_CONV_SPATIAL_WEIGHT_32_3_0_ROM_AUTO_1R' using auto ROMs.
INFO: [RTMG 210-279] Implementing memory 'top_do_conv_spatial_Pipeline_2_CONV_SPATIAL_WEIGHT_32_4_0_ROM_AUTO_1R' using auto ROMs.
INFO: [RTMG 210-279] Implementing memory 'top_do_conv_spatial_Pipeline_2_CONV_SPATIAL_WEIGHT_32_5_0_ROM_AUTO_1R' using auto ROMs.
INFO: [RTMG 210-279] Implementing memory 'top_do_conv_spatial_Pipeline_2_CONV_SPATIAL_WEIGHT_32_6_0_ROM_AUTO_1R' using auto ROMs.
INFO: [RTMG 210-279] Implementing memory 'top_do_conv_spatial_Pipeline_2_CONV_SPATIAL_WEIGHT_32_7_0_ROM_AUTO_1R' using auto ROMs.
INFO: [RTMG 210-279] Implementing memory 'top_do_conv_spatial_Pipeline_2_CONV_SPATIAL_WEIGHT_32_8_0_ROM_AUTO_1R' using auto ROMs.
INFO: [RTMG 210-279] Implementing memory 'top_do_conv_spatial_Pipeline_2_CONV_SPATIAL_WEIGHT_32_9_0_ROM_AUTO_1R' using auto ROMs.
INFO: [RTMG 210-279] Implementing memory 'top_do_conv_spatial_Pipeline_2_CONV_SPATIAL_WEIGHT_32_10_0_ROM_AUTO_1R' using auto ROMs.
INFO: [RTMG 210-279] Implementing memory 'top_do_conv_spatial_Pipeline_2_CONV_SPATIAL_WEIGHT_32_11_0_ROM_AUTO_1R' using auto ROMs.
INFO: [RTMG 210-279] Implementing memory 'top_do_conv_spatial_Pipeline_2_CONV_SPATIAL_WEIGHT_32_12_0_ROM_AUTO_1R' using auto ROMs.
INFO: [RTMG 210-279] Implementing memory 'top_do_conv_spatial_Pipeline_2_CONV_SPATIAL_WEIGHT_32_13_0_ROM_AUTO_1R' using auto ROMs.
INFO: [RTMG 210-279] Implementing memory 'top_do_conv_spatial_Pipeline_2_CONV_SPATIAL_WEIGHT_32_14_0_ROM_AUTO_1R' using auto ROMs.
INFO: [RTMG 210-279] Implementing memory 'top_do_conv_spatial_Pipeline_2_CONV_SPATIAL_WEIGHT_33_0_0_ROM_AUTO_1R' using auto ROMs.
INFO: [RTMG 210-279] Implementing memory 'top_do_conv_spatial_Pipeline_2_CONV_SPATIAL_WEIGHT_33_1_0_ROM_AUTO_1R' using auto ROMs.
INFO: [RTMG 210-279] Implementing memory 'top_do_conv_spatial_Pipeline_2_CONV_SPATIAL_WEIGHT_33_2_0_ROM_AUTO_1R' using auto ROMs.
INFO: [RTMG 210-279] Implementing memory 'top_do_conv_spatial_Pipeline_2_CONV_SPATIAL_WEIGHT_33_3_0_ROM_AUTO_1R' using auto ROMs.
INFO: [RTMG 210-279] Implementing memory 'top_do_conv_spatial_Pipeline_2_CONV_SPATIAL_WEIGHT_33_4_0_ROM_AUTO_1R' using auto ROMs.
INFO: [RTMG 210-279] Implementing memory 'top_do_conv_spatial_Pipeline_2_CONV_SPATIAL_WEIGHT_33_5_0_ROM_AUTO_1R' using auto ROMs.
INFO: [RTMG 210-279] Implementing memory 'top_do_conv_spatial_Pipeline_2_CONV_SPATIAL_WEIGHT_33_6_0_ROM_AUTO_1R' using auto ROMs.
INFO: [RTMG 210-279] Implementing memory 'top_do_conv_spatial_Pipeline_2_CONV_SPATIAL_WEIGHT_33_7_0_ROM_AUTO_1R' using auto ROMs.
INFO: [RTMG 210-279] Implementing memory 'top_do_conv_spatial_Pipeline_2_CONV_SPATIAL_WEIGHT_33_8_0_ROM_AUTO_1R' using auto ROMs.
INFO: [RTMG 210-279] Implementing memory 'top_do_conv_spatial_Pipeline_2_CONV_SPATIAL_WEIGHT_33_9_0_ROM_AUTO_1R' using auto ROMs.
INFO: [RTMG 210-279] Implementing memory 'top_do_conv_spatial_Pipeline_2_CONV_SPATIAL_WEIGHT_33_10_0_ROM_AUTO_1R' using auto ROMs.
INFO: [RTMG 210-279] Implementing memory 'top_do_conv_spatial_Pipeline_2_CONV_SPATIAL_WEIGHT_33_11_0_ROM_AUTO_1R' using auto ROMs.
INFO: [RTMG 210-279] Implementing memory 'top_do_conv_spatial_Pipeline_2_CONV_SPATIAL_WEIGHT_33_12_0_ROM_AUTO_1R' using auto ROMs.
INFO: [RTMG 210-279] Implementing memory 'top_do_conv_spatial_Pipeline_2_CONV_SPATIAL_WEIGHT_33_13_0_ROM_AUTO_1R' using auto ROMs.
INFO: [RTMG 210-279] Implementing memory 'top_do_conv_spatial_Pipeline_2_CONV_SPATIAL_WEIGHT_33_14_0_ROM_AUTO_1R' using auto ROMs.
INFO: [RTMG 210-279] Implementing memory 'top_do_conv_spatial_Pipeline_2_CONV_SPATIAL_WEIGHT_34_0_0_ROM_AUTO_1R' using auto ROMs.
INFO: [RTMG 210-279] Implementing memory 'top_do_conv_spatial_Pipeline_2_CONV_SPATIAL_WEIGHT_34_1_0_ROM_AUTO_1R' using auto ROMs.
INFO: [RTMG 210-279] Implementing memory 'top_do_conv_spatial_Pipeline_2_CONV_SPATIAL_WEIGHT_34_2_0_ROM_AUTO_1R' using auto ROMs.
INFO: [RTMG 210-279] Implementing memory 'top_do_conv_spatial_Pipeline_2_CONV_SPATIAL_WEIGHT_34_3_0_ROM_AUTO_1R' using auto ROMs.
INFO: [RTMG 210-279] Implementing memory 'top_do_conv_spatial_Pipeline_2_CONV_SPATIAL_WEIGHT_34_4_0_ROM_AUTO_1R' using auto ROMs.
INFO: [RTMG 210-279] Implementing memory 'top_do_conv_spatial_Pipeline_2_CONV_SPATIAL_WEIGHT_34_5_0_ROM_AUTO_1R' using auto ROMs.
INFO: [RTMG 210-279] Implementing memory 'top_do_conv_spatial_Pipeline_2_CONV_SPATIAL_WEIGHT_34_6_0_ROM_AUTO_1R' using auto ROMs.
INFO: [RTMG 210-279] Implementing memory 'top_do_conv_spatial_Pipeline_2_CONV_SPATIAL_WEIGHT_34_7_0_ROM_AUTO_1R' using auto ROMs.
INFO: [RTMG 210-279] Implementing memory 'top_do_conv_spatial_Pipeline_2_CONV_SPATIAL_WEIGHT_34_8_0_ROM_AUTO_1R' using auto ROMs.
INFO: [RTMG 210-279] Implementing memory 'top_do_conv_spatial_Pipeline_2_CONV_SPATIAL_WEIGHT_34_9_0_ROM_AUTO_1R' using auto ROMs.
INFO: [RTMG 210-279] Implementing memory 'top_do_conv_spatial_Pipeline_2_CONV_SPATIAL_WEIGHT_34_10_0_ROM_AUTO_1R' using auto ROMs.
INFO: [RTMG 210-279] Implementing memory 'top_do_conv_spatial_Pipeline_2_CONV_SPATIAL_WEIGHT_34_11_0_ROM_AUTO_1R' using auto ROMs.
INFO: [RTMG 210-279] Implementing memory 'top_do_conv_spatial_Pipeline_2_CONV_SPATIAL_WEIGHT_34_12_0_ROM_AUTO_1R' using auto ROMs.
INFO: [RTMG 210-279] Implementing memory 'top_do_conv_spatial_Pipeline_2_CONV_SPATIAL_WEIGHT_34_13_0_ROM_AUTO_1R' using auto ROMs.
INFO: [RTMG 210-279] Implementing memory 'top_do_conv_spatial_Pipeline_2_CONV_SPATIAL_WEIGHT_34_14_0_ROM_AUTO_1R' using auto ROMs.
INFO: [RTMG 210-279] Implementing memory 'top_do_conv_spatial_Pipeline_2_CONV_SPATIAL_WEIGHT_35_0_0_ROM_AUTO_1R' using auto ROMs.
INFO: [RTMG 210-279] Implementing memory 'top_do_conv_spatial_Pipeline_2_CONV_SPATIAL_WEIGHT_35_1_0_ROM_AUTO_1R' using auto ROMs.
INFO: [RTMG 210-279] Implementing memory 'top_do_conv_spatial_Pipeline_2_CONV_SPATIAL_WEIGHT_35_2_0_ROM_AUTO_1R' using auto ROMs.
INFO: [RTMG 210-279] Implementing memory 'top_do_conv_spatial_Pipeline_2_CONV_SPATIAL_WEIGHT_35_3_0_ROM_AUTO_1R' using auto ROMs.
INFO: [RTMG 210-279] Implementing memory 'top_do_conv_spatial_Pipeline_2_CONV_SPATIAL_WEIGHT_35_4_0_ROM_AUTO_1R' using auto ROMs.
INFO: [RTMG 210-279] Implementing memory 'top_do_conv_spatial_Pipeline_2_CONV_SPATIAL_WEIGHT_35_5_0_ROM_AUTO_1R' using auto ROMs.
INFO: [RTMG 210-279] Implementing memory 'top_do_conv_spatial_Pipeline_2_CONV_SPATIAL_WEIGHT_35_6_0_ROM_AUTO_1R' using auto ROMs.
INFO: [RTMG 210-279] Implementing memory 'top_do_conv_spatial_Pipeline_2_CONV_SPATIAL_WEIGHT_35_7_0_ROM_AUTO_1R' using auto ROMs.
INFO: [RTMG 210-279] Implementing memory 'top_do_conv_spatial_Pipeline_2_CONV_SPATIAL_WEIGHT_35_8_0_ROM_AUTO_1R' using auto ROMs.
INFO: [RTMG 210-279] Implementing memory 'top_do_conv_spatial_Pipeline_2_CONV_SPATIAL_WEIGHT_35_9_0_ROM_AUTO_1R' using auto ROMs.
INFO: [RTMG 210-279] Implementing memory 'top_do_conv_spatial_Pipeline_2_CONV_SPATIAL_WEIGHT_35_10_0_ROM_AUTO_1R' using auto ROMs.
INFO: [RTMG 210-279] Implementing memory 'top_do_conv_spatial_Pipeline_2_CONV_SPATIAL_WEIGHT_35_11_0_ROM_AUTO_1R' using auto ROMs.
INFO: [RTMG 210-279] Implementing memory 'top_do_conv_spatial_Pipeline_2_CONV_SPATIAL_WEIGHT_35_12_0_ROM_AUTO_1R' using auto ROMs.
INFO: [RTMG 210-279] Implementing memory 'top_do_conv_spatial_Pipeline_2_CONV_SPATIAL_WEIGHT_35_13_0_ROM_AUTO_1R' using auto ROMs.
INFO: [RTMG 210-279] Implementing memory 'top_do_conv_spatial_Pipeline_2_CONV_SPATIAL_WEIGHT_35_14_0_ROM_AUTO_1R' using auto ROMs.
INFO: [RTMG 210-279] Implementing memory 'top_do_conv_spatial_Pipeline_2_CONV_SPATIAL_WEIGHT_36_0_0_ROM_AUTO_1R' using auto ROMs.
INFO: [RTMG 210-279] Implementing memory 'top_do_conv_spatial_Pipeline_2_CONV_SPATIAL_WEIGHT_36_1_0_ROM_AUTO_1R' using auto ROMs.
INFO: [RTMG 210-279] Implementing memory 'top_do_conv_spatial_Pipeline_2_CONV_SPATIAL_WEIGHT_36_2_0_ROM_AUTO_1R' using auto ROMs.
INFO: [RTMG 210-279] Implementing memory 'top_do_conv_spatial_Pipeline_2_CONV_SPATIAL_WEIGHT_36_3_0_ROM_AUTO_1R' using auto ROMs.
INFO: [RTMG 210-279] Implementing memory 'top_do_conv_spatial_Pipeline_2_CONV_SPATIAL_WEIGHT_36_4_0_ROM_AUTO_1R' using auto ROMs.
INFO: [RTMG 210-279] Implementing memory 'top_do_conv_spatial_Pipeline_2_CONV_SPATIAL_WEIGHT_36_5_0_ROM_AUTO_1R' using auto ROMs.
INFO: [RTMG 210-279] Implementing memory 'top_do_conv_spatial_Pipeline_2_CONV_SPATIAL_WEIGHT_36_6_0_ROM_AUTO_1R' using auto ROMs.
INFO: [RTMG 210-279] Implementing memory 'top_do_conv_spatial_Pipeline_2_CONV_SPATIAL_WEIGHT_36_7_0_ROM_AUTO_1R' using auto ROMs.
INFO: [RTMG 210-279] Implementing memory 'top_do_conv_spatial_Pipeline_2_CONV_SPATIAL_WEIGHT_36_8_0_ROM_AUTO_1R' using auto ROMs.
INFO: [RTMG 210-279] Implementing memory 'top_do_conv_spatial_Pipeline_2_CONV_SPATIAL_WEIGHT_36_9_0_ROM_AUTO_1R' using auto ROMs.
INFO: [RTMG 210-279] Implementing memory 'top_do_conv_spatial_Pipeline_2_CONV_SPATIAL_WEIGHT_36_10_0_ROM_AUTO_1R' using auto ROMs.
INFO: [RTMG 210-279] Implementing memory 'top_do_conv_spatial_Pipeline_2_CONV_SPATIAL_WEIGHT_36_11_0_ROM_AUTO_1R' using auto ROMs.
INFO: [RTMG 210-279] Implementing memory 'top_do_conv_spatial_Pipeline_2_CONV_SPATIAL_WEIGHT_36_12_0_ROM_AUTO_1R' using auto ROMs.
INFO: [RTMG 210-279] Implementing memory 'top_do_conv_spatial_Pipeline_2_CONV_SPATIAL_WEIGHT_36_13_0_ROM_AUTO_1R' using auto ROMs.
INFO: [RTMG 210-279] Implementing memory 'top_do_conv_spatial_Pipeline_2_CONV_SPATIAL_WEIGHT_36_14_0_ROM_AUTO_1R' using auto ROMs.
INFO: [RTMG 210-279] Implementing memory 'top_do_conv_spatial_Pipeline_2_CONV_SPATIAL_WEIGHT_37_0_0_ROM_AUTO_1R' using auto ROMs.
INFO: [RTMG 210-279] Implementing memory 'top_do_conv_spatial_Pipeline_2_CONV_SPATIAL_WEIGHT_37_1_0_ROM_AUTO_1R' using auto ROMs.
INFO: [RTMG 210-279] Implementing memory 'top_do_conv_spatial_Pipeline_2_CONV_SPATIAL_WEIGHT_37_2_0_ROM_AUTO_1R' using auto ROMs.
INFO: [RTMG 210-279] Implementing memory 'top_do_conv_spatial_Pipeline_2_CONV_SPATIAL_WEIGHT_37_3_0_ROM_AUTO_1R' using auto ROMs.
INFO: [RTMG 210-279] Implementing memory 'top_do_conv_spatial_Pipeline_2_CONV_SPATIAL_WEIGHT_37_4_0_ROM_AUTO_1R' using auto ROMs.
INFO: [RTMG 210-279] Implementing memory 'top_do_conv_spatial_Pipeline_2_CONV_SPATIAL_WEIGHT_37_5_0_ROM_AUTO_1R' using auto ROMs.
INFO: [RTMG 210-279] Implementing memory 'top_do_conv_spatial_Pipeline_2_CONV_SPATIAL_WEIGHT_37_6_0_ROM_AUTO_1R' using auto ROMs.
INFO: [RTMG 210-279] Implementing memory 'top_do_conv_spatial_Pipeline_2_CONV_SPATIAL_WEIGHT_37_7_0_ROM_AUTO_1R' using auto ROMs.
INFO: [RTMG 210-279] Implementing memory 'top_do_conv_spatial_Pipeline_2_CONV_SPATIAL_WEIGHT_37_8_0_ROM_AUTO_1R' using auto ROMs.
INFO: [RTMG 210-279] Implementing memory 'top_do_conv_spatial_Pipeline_2_CONV_SPATIAL_WEIGHT_37_9_0_ROM_AUTO_1R' using auto ROMs.
INFO: [RTMG 210-279] Implementing memory 'top_do_conv_spatial_Pipeline_2_CONV_SPATIAL_WEIGHT_37_10_0_ROM_AUTO_1R' using auto ROMs.
INFO: [RTMG 210-279] Implementing memory 'top_do_conv_spatial_Pipeline_2_CONV_SPATIAL_WEIGHT_37_11_0_ROM_AUTO_1R' using auto ROMs.
INFO: [RTMG 210-279] Implementing memory 'top_do_conv_spatial_Pipeline_2_CONV_SPATIAL_WEIGHT_37_12_0_ROM_AUTO_1R' using auto ROMs.
INFO: [RTMG 210-279] Implementing memory 'top_do_conv_spatial_Pipeline_2_CONV_SPATIAL_WEIGHT_37_13_0_ROM_AUTO_1R' using auto ROMs.
INFO: [RTMG 210-279] Implementing memory 'top_do_conv_spatial_Pipeline_2_CONV_SPATIAL_WEIGHT_37_14_0_ROM_AUTO_1R' using auto ROMs.
INFO: [RTMG 210-279] Implementing memory 'top_do_conv_spatial_Pipeline_2_CONV_SPATIAL_WEIGHT_38_0_0_ROM_AUTO_1R' using auto ROMs.
INFO: [RTMG 210-279] Implementing memory 'top_do_conv_spatial_Pipeline_2_CONV_SPATIAL_WEIGHT_38_1_0_ROM_AUTO_1R' using auto ROMs.
INFO: [RTMG 210-279] Implementing memory 'top_do_conv_spatial_Pipeline_2_CONV_SPATIAL_WEIGHT_38_2_0_ROM_AUTO_1R' using auto ROMs.
INFO: [RTMG 210-279] Implementing memory 'top_do_conv_spatial_Pipeline_2_CONV_SPATIAL_WEIGHT_38_3_0_ROM_AUTO_1R' using auto ROMs.
INFO: [RTMG 210-279] Implementing memory 'top_do_conv_spatial_Pipeline_2_CONV_SPATIAL_WEIGHT_38_4_0_ROM_AUTO_1R' using auto ROMs.
INFO: [RTMG 210-279] Implementing memory 'top_do_conv_spatial_Pipeline_2_CONV_SPATIAL_WEIGHT_38_5_0_ROM_AUTO_1R' using auto ROMs.
INFO: [RTMG 210-279] Implementing memory 'top_do_conv_spatial_Pipeline_2_CONV_SPATIAL_WEIGHT_38_6_0_ROM_AUTO_1R' using auto ROMs.
INFO: [RTMG 210-279] Implementing memory 'top_do_conv_spatial_Pipeline_2_CONV_SPATIAL_WEIGHT_38_7_0_ROM_AUTO_1R' using auto ROMs.
INFO: [RTMG 210-279] Implementing memory 'top_do_conv_spatial_Pipeline_2_CONV_SPATIAL_WEIGHT_38_8_0_ROM_AUTO_1R' using auto ROMs.
INFO: [RTMG 210-279] Implementing memory 'top_do_conv_spatial_Pipeline_2_CONV_SPATIAL_WEIGHT_38_9_0_ROM_AUTO_1R' using auto ROMs.
INFO: [RTMG 210-279] Implementing memory 'top_do_conv_spatial_Pipeline_2_CONV_SPATIAL_WEIGHT_38_10_0_ROM_AUTO_1R' using auto ROMs.
INFO: [RTMG 210-279] Implementing memory 'top_do_conv_spatial_Pipeline_2_CONV_SPATIAL_WEIGHT_38_11_0_ROM_AUTO_1R' using auto ROMs.
INFO: [RTMG 210-279] Implementing memory 'top_do_conv_spatial_Pipeline_2_CONV_SPATIAL_WEIGHT_38_12_0_ROM_AUTO_1R' using auto ROMs.
INFO: [RTMG 210-279] Implementing memory 'top_do_conv_spatial_Pipeline_2_CONV_SPATIAL_WEIGHT_38_13_0_ROM_AUTO_1R' using auto ROMs.
INFO: [RTMG 210-279] Implementing memory 'top_do_conv_spatial_Pipeline_2_CONV_SPATIAL_WEIGHT_38_14_0_ROM_AUTO_1R' using auto ROMs.
INFO: [RTMG 210-279] Implementing memory 'top_do_conv_spatial_Pipeline_2_CONV_SPATIAL_WEIGHT_39_0_0_ROM_AUTO_1R' using auto ROMs.
INFO: [RTMG 210-279] Implementing memory 'top_do_conv_spatial_Pipeline_2_CONV_SPATIAL_WEIGHT_39_1_0_ROM_AUTO_1R' using auto ROMs.
INFO: [RTMG 210-279] Implementing memory 'top_do_conv_spatial_Pipeline_2_CONV_SPATIAL_WEIGHT_39_2_0_ROM_AUTO_1R' using auto ROMs.
INFO: [RTMG 210-279] Implementing memory 'top_do_conv_spatial_Pipeline_2_CONV_SPATIAL_WEIGHT_39_3_0_ROM_AUTO_1R' using auto ROMs.
INFO: [RTMG 210-279] Implementing memory 'top_do_conv_spatial_Pipeline_2_CONV_SPATIAL_WEIGHT_39_4_0_ROM_AUTO_1R' using auto ROMs.
INFO: [RTMG 210-279] Implementing memory 'top_do_conv_spatial_Pipeline_2_CONV_SPATIAL_WEIGHT_39_5_0_ROM_AUTO_1R' using auto ROMs.
INFO: [RTMG 210-279] Implementing memory 'top_do_conv_spatial_Pipeline_2_CONV_SPATIAL_WEIGHT_39_6_0_ROM_AUTO_1R' using auto ROMs.
INFO: [RTMG 210-279] Implementing memory 'top_do_conv_spatial_Pipeline_2_CONV_SPATIAL_WEIGHT_39_7_0_ROM_AUTO_1R' using auto ROMs.
INFO: [RTMG 210-279] Implementing memory 'top_do_conv_spatial_Pipeline_2_CONV_SPATIAL_WEIGHT_39_8_0_ROM_AUTO_1R' using auto ROMs.
INFO: [RTMG 210-279] Implementing memory 'top_do_conv_spatial_Pipeline_2_CONV_SPATIAL_WEIGHT_39_9_0_ROM_AUTO_1R' using auto ROMs.
INFO: [RTMG 210-279] Implementing memory 'top_do_conv_spatial_Pipeline_2_CONV_SPATIAL_WEIGHT_39_10_0_ROM_AUTO_1R' using auto ROMs.
INFO: [RTMG 210-279] Implementing memory 'top_do_conv_spatial_Pipeline_2_CONV_SPATIAL_WEIGHT_39_11_0_ROM_AUTO_1R' using auto ROMs.
INFO: [RTMG 210-279] Implementing memory 'top_do_conv_spatial_Pipeline_2_CONV_SPATIAL_WEIGHT_39_12_0_ROM_AUTO_1R' using auto ROMs.
INFO: [RTMG 210-279] Implementing memory 'top_do_conv_spatial_Pipeline_2_CONV_SPATIAL_WEIGHT_39_13_0_ROM_AUTO_1R' using auto ROMs.
INFO: [RTMG 210-279] Implementing memory 'top_do_conv_spatial_Pipeline_2_CONV_SPATIAL_WEIGHT_39_14_0_ROM_AUTO_1R' using auto ROMs.
INFO: [RTMG 210-279] Implementing memory 'top_do_lut_func_square_lut_V_ROM_AUTO_2R' using auto ROMs.
INFO: [RTMG 210-279] Implementing memory 'top_do_lut_func_1_log_lut_V_ROM_AUTO_2R' using auto ROMs.
INFO: [RTMG 210-279] Implementing memory 'top_do_linear_func_1_Pipeline_channels_loop_p_ZL10CLS_WEIGHT_0_ROM_AUTO_2R' using auto ROMs.
INFO: [RTMG 210-279] Implementing memory 'top_do_linear_func_1_Pipeline_channels_loop_p_ZL10CLS_WEIGHT_1_ROM_AUTO_2R' using auto ROMs.
INFO: [RTMG 210-279] Implementing memory 'top_do_linear_func_1_Pipeline_channels_loop_p_ZL10CLS_WEIGHT_2_ROM_AUTO_2R' using auto ROMs.
INFO: [RTMG 210-279] Implementing memory 'top_do_linear_func_1_Pipeline_channels_loop_p_ZL10CLS_WEIGHT_3_ROM_AUTO_2R' using auto ROMs.
INFO: [RTMG 210-279] Implementing memory 'top_do_linear_func_1_Pipeline_channels_loop_p_ZL10CLS_WEIGHT_4_ROM_AUTO_2R' using auto ROMs.
INFO: [RTMG 210-279] Implementing memory 'top_do_linear_func_1_Pipeline_channels_loop_p_ZL10CLS_WEIGHT_5_ROM_AUTO_2R' using auto ROMs.
INFO: [RTMG 210-279] Implementing memory 'top_do_linear_func_1_Pipeline_channels_loop_p_ZL10CLS_WEIGHT_6_ROM_AUTO_2R' using auto ROMs.
INFO: [RTMG 210-279] Implementing memory 'top_do_linear_func_1_Pipeline_channels_loop_p_ZL10CLS_WEIGHT_7_ROM_AUTO_2R' using auto ROMs.
INFO: [RTMG 210-279] Implementing memory 'top_do_linear_func_1_Pipeline_channels_loop_p_ZL10CLS_WEIGHT_8_ROM_AUTO_2R' using auto ROMs.
INFO: [RTMG 210-279] Implementing memory 'top_do_linear_func_1_Pipeline_channels_loop_p_ZL10CLS_WEIGHT_9_ROM_AUTO_2R' using auto ROMs.
INFO: [RTMG 210-279] Implementing memory 'top_do_linear_func_1_Pipeline_channels_loop_p_ZL10CLS_WEIGHT_10_ROM_AUTO_2R' using auto ROMs.
INFO: [RTMG 210-279] Implementing memory 'top_do_linear_func_1_Pipeline_channels_loop_p_ZL10CLS_WEIGHT_11_ROM_AUTO_2R' using auto ROMs.
INFO: [RTMG 210-279] Implementing memory 'top_do_linear_func_1_Pipeline_channels_loop_p_ZL10CLS_WEIGHT_12_ROM_AUTO_2R' using auto ROMs.
INFO: [RTMG 210-279] Implementing memory 'top_do_linear_func_1_Pipeline_channels_loop_p_ZL10CLS_WEIGHT_13_ROM_AUTO_2R' using auto ROMs.
INFO: [RTMG 210-279] Implementing memory 'top_do_linear_func_1_Pipeline_channels_loop_p_ZL10CLS_WEIGHT_14_ROM_AUTO_2R' using auto ROMs.
INFO: [RTMG 210-279] Implementing memory 'top_do_linear_func_1_Pipeline_channels_loop_p_ZL10CLS_WEIGHT_15_ROM_AUTO_2R' using auto ROMs.
INFO: [RTMG 210-279] Implementing memory 'top_do_linear_func_1_Pipeline_channels_loop_p_ZL10CLS_WEIGHT_16_ROM_AUTO_2R' using auto ROMs.
INFO: [RTMG 210-279] Implementing memory 'top_do_linear_func_1_Pipeline_channels_loop_p_ZL10CLS_WEIGHT_17_ROM_AUTO_2R' using auto ROMs.
INFO: [RTMG 210-279] Implementing memory 'top_do_linear_func_1_Pipeline_channels_loop_p_ZL10CLS_WEIGHT_18_ROM_AUTO_2R' using auto ROMs.
INFO: [RTMG 210-278] Implementing memory 'top_do_linear_func_1_Pipeline_channels_loop_in_0_RAM_AUTO_2R1W_ram (RAM)' using auto RAMs.
INFO: [RTMG 210-286] Generating pipelined shifter : 'top_shl_56ns_6ns_56_2_1'
INFO: [RTMG 210-279] Implementing memory 'top_do_linear_func_1_CLS_BIAS_ROM_AUTO_1R' using auto ROMs.
INFO: [RTMG 210-279] Implementing memory 'top_do_linear_func_Pipeline_channels_loop_p_ZL10HUE_WEIGHT_0_ROM_AUTO_1R' using auto ROMs.
INFO: [RTMG 210-279] Implementing memory 'top_do_linear_func_Pipeline_channels_loop_p_ZL10HUE_WEIGHT_1_ROM_AUTO_1R' using auto ROMs.
INFO: [RTMG 210-279] Implementing memory 'top_do_linear_func_Pipeline_channels_loop_p_ZL10HUE_WEIGHT_2_ROM_AUTO_1R' using auto ROMs.
INFO: [RTMG 210-279] Implementing memory 'top_do_linear_func_Pipeline_channels_loop_p_ZL10HUE_WEIGHT_3_ROM_AUTO_1R' using auto ROMs.
INFO: [RTMG 210-279] Implementing memory 'top_do_linear_func_Pipeline_channels_loop_p_ZL10HUE_WEIGHT_4_ROM_AUTO_1R' using auto ROMs.
INFO: [RTMG 210-279] Implementing memory 'top_do_linear_func_Pipeline_channels_loop_p_ZL10HUE_WEIGHT_5_ROM_AUTO_1R' using auto ROMs.
INFO: [RTMG 210-279] Implementing memory 'top_do_linear_func_Pipeline_channels_loop_p_ZL10HUE_WEIGHT_6_ROM_AUTO_1R' using auto ROMs.
INFO: [RTMG 210-279] Implementing memory 'top_do_linear_func_Pipeline_channels_loop_p_ZL10HUE_WEIGHT_7_ROM_AUTO_1R' using auto ROMs.
INFO: [RTMG 210-279] Implementing memory 'top_do_linear_func_Pipeline_channels_loop_p_ZL10HUE_WEIGHT_8_ROM_AUTO_1R' using auto ROMs.
INFO: [RTMG 210-279] Implementing memory 'top_do_linear_func_Pipeline_channels_loop_p_ZL10HUE_WEIGHT_9_ROM_AUTO_1R' using auto ROMs.
INFO: [RTMG 210-279] Implementing memory 'top_do_linear_func_Pipeline_channels_loop_p_ZL10HUE_WEIGHT_10_ROM_AUTO_1R' using auto ROMs.
INFO: [RTMG 210-279] Implementing memory 'top_do_linear_func_Pipeline_channels_loop_p_ZL10HUE_WEIGHT_11_ROM_AUTO_1R' using auto ROMs.
INFO: [RTMG 210-279] Implementing memory 'top_do_linear_func_Pipeline_channels_loop_p_ZL10HUE_WEIGHT_12_ROM_AUTO_1R' using auto ROMs.
INFO: [RTMG 210-279] Implementing memory 'top_do_linear_func_Pipeline_channels_loop_p_ZL10HUE_WEIGHT_13_ROM_AUTO_1R' using auto ROMs.
INFO: [RTMG 210-279] Implementing memory 'top_do_linear_func_Pipeline_channels_loop_p_ZL10HUE_WEIGHT_14_ROM_AUTO_1R' using auto ROMs.
INFO: [RTMG 210-279] Implementing memory 'top_do_linear_func_Pipeline_channels_loop_p_ZL10HUE_WEIGHT_15_ROM_AUTO_1R' using auto ROMs.
INFO: [RTMG 210-279] Implementing memory 'top_do_linear_func_Pipeline_channels_loop_p_ZL10HUE_WEIGHT_16_ROM_AUTO_1R' using auto ROMs.
INFO: [RTMG 210-279] Implementing memory 'top_do_linear_func_Pipeline_channels_loop_p_ZL10HUE_WEIGHT_17_ROM_AUTO_1R' using auto ROMs.
INFO: [RTMG 210-279] Implementing memory 'top_do_linear_func_Pipeline_channels_loop_p_ZL10HUE_WEIGHT_18_ROM_AUTO_1R' using auto ROMs.
INFO: [RTMG 210-286] Generating pipelined shifter : 'top_lshr_32ns_32s_32_4_1'
INFO: [RTMG 210-286] Generating pipelined shifter : 'top_shl_8ns_7ns_8_2_1'
INFO: [RTMG 210-286] Generating pipelined shifter : 'top_shl_16ns_4ns_16_2_1'
INFO: [RTMG 210-279] Implementing memory 'top_do_linear_func_HUE_BIAS_ROM_AUTO_1R' using auto ROMs.
INFO: [RTMG 210-285] Implementing FIFO 'quant_out_U(top_fifo_w120_d2_S)' using Shift Registers.
INFO: [RTMG 210-285] Implementing FIFO 'conv_br_i0_U(top_fifo_w120_d2_S)' using Shift Registers.
INFO: [RTMG 210-285] Implementing FIFO 'conv_br_i1_U(top_fifo_w120_d2_S)' using Shift Registers.
INFO: [RTMG 210-285] Implementing FIFO 'conv_br_i2_U(top_fifo_w120_d2_S)' using Shift Registers.
INFO: [RTMG 210-285] Implementing FIFO 'concat_i0_U(top_fifo_w1560_d2_S)' using Shift Registers.
INFO: [RTMG 210-285] Implementing FIFO 'concat_i1_U(top_fifo_w1560_d2_S)' using Shift Registers.
INFO: [RTMG 210-285] Implementing FIFO 'concat_i2_U(top_fifo_w1680_d2_S)' using Shift Registers.
INFO: [RTMG 210-285] Implementing FIFO 'conv_spatial_i_U(top_fifo_w3280_d2_S)' using Shift Registers.
INFO: [RTMG 210-285] Implementing FIFO 'conv_spatial_o_U(top_fifo_w3280_d2_S)' using Shift Registers.
INFO: [RTMG 210-285] Implementing FIFO 'square_o_U(top_fifo_w3280_d2_S)' using Shift Registers.
INFO: [RTMG 210-285] Implementing FIFO 'pool_o_U(top_fifo_w152_d2_S)' using Shift Registers.
INFO: [RTMG 210-285] Implementing FIFO 'log_o_U(top_fifo_w152_d2_S)' using Shift Registers.
INFO: [RTMG 210-285] Implementing FIFO 'linear_cls_i_U(top_fifo_w152_d2_S)' using Shift Registers.
INFO: [RTMG 210-285] Implementing FIFO 'linear_hue_i_U(top_fifo_w152_d2_S)' using Shift Registers.
INFO: [RTMG 210-285] Implementing FIFO 'start_for_tee3_quant_to_conv_br_U0_U(top_start_for_tee3_quant_to_conv_br_U0)' using Shift Registers.
INFO: [RTMG 210-285] Implementing FIFO 'start_for_do_conv_br_2_U0_U(top_start_for_do_conv_br_2_U0)' using Shift Registers.
INFO: [RTMG 210-285] Implementing FIFO 'start_for_do_conv_br_1_U0_U(top_start_for_do_conv_br_1_U0)' using Shift Registers.
INFO: [RTMG 210-285] Implementing FIFO 'start_for_do_conv_br_U0_U(top_start_for_do_conv_br_U0)' using Shift Registers.
INFO: [RTMG 210-285] Implementing FIFO 'start_for_do_concat_U0_U(top_start_for_do_concat_U0)' using Shift Registers.
INFO: [RTMG 210-285] Implementing FIFO 'start_for_do_conv_spatial_U0_U(top_start_for_do_conv_spatial_U0)' using Shift Registers.
INFO: [RTMG 210-285] Implementing FIFO 'start_for_do_lut_func_U0_U(top_start_for_do_lut_func_U0)' using Shift Registers.
INFO: [RTMG 210-285] Implementing FIFO 'start_for_do_pool_func_U0_U(top_start_for_do_pool_func_U0)' using Shift Registers.
INFO: [RTMG 210-285] Implementing FIFO 'start_for_do_lut_func_1_U0_U(top_start_for_do_lut_func_1_U0)' using Shift Registers.
INFO: [RTMG 210-285] Implementing FIFO 'start_for_do_split_func_U0_U(top_start_for_do_split_func_U0)' using Shift Registers.
INFO: [RTMG 210-285] Implementing FIFO 'start_for_do_linear_func_1_U0_U(top_start_for_do_linear_func_1_U0)' using Shift Registers.
INFO: [RTMG 210-285] Implementing FIFO 'start_for_do_linear_func_U0_U(top_start_for_do_linear_func_U0)' using Shift Registers.
INFO: [HLS 200-111] Finished Generating all RTL models: CPU user time: 389.62 seconds. CPU system time: 4.36 seconds. Elapsed time: 397.7 seconds; current allocated memory: 6.861 GB.
INFO: [HLS 200-111] Finished Updating report files: CPU user time: 40.55 seconds. CPU system time: 0.41 seconds. Elapsed time: 40.97 seconds; current allocated memory: 7.169 GB.
INFO: [VHDL 208-304] Generating VHDL RTL for top.
INFO: [VLOG 209-307] Generating Verilog RTL for top.
INFO: [HLS 200-790] **** Loop Constraint Status: All loop constraints were NOT satisfied.
INFO: [HLS 200-789] **** Estimated Fmax: 308.74 MHz
INFO: [HLS 200-111] Finished Command csynth_design CPU user time: 5575.23 seconds. CPU system time: 29.31 seconds. Elapsed time: 5608.73 seconds; current allocated memory: 5.710 GB.
INFO: [HLS 200-1510] Running: export_design -description CNN_top_DESC -display_name CNN_top_DISP -flow syn -library HLS -vendor PKU -version 1.0 -taxonomy IP Core -output export_ip/CNN_top -ipname CNN_top 
INFO: [IMPL 213-8] Exporting RTL as a Vivado IP.

****** Vivado v2022.1 (64-bit)
  **** SW Build 3526262 on Mon Apr 18 15:47:01 MDT 2022
  **** IP Build 3524634 on Mon Apr 18 20:55:01 MDT 2022
    ** Copyright 1986-2022 Xilinx, Inc. All Rights Reserved.

source run_ippack.tcl -notrace
INFO: [IP_Flow 19-234] Refreshing IP repositories
INFO: [IP_Flow 19-1704] No user IP repositories specified
INFO: [IP_Flow 19-2313] Loaded Vivado IP repository '/data/home/songqiangxu/Xilinx/2022.1/Vivado/2022.1/data/ip'.
WARNING: [IP_Flow 19-4832] The IP name 'top_fadd_32ns_32ns_32_12_no_dsp_0_ip' you have specified is long. The Windows operating system has path length limitations. It is recommended you use shorter names to reduce the likelihood of issues.
INFO: [IP_Flow 19-1686] Generating 'Synthesis' target for IP 'top_fadd_32ns_32ns_32_12_no_dsp_0_ip'...
INFO: [IP_Flow 19-1686] Generating 'Simulation' target for IP 'top_fadd_32ns_32ns_32_12_no_dsp_0_ip'...
WARNING: [IP_Flow 19-4832] The IP name 'top_fcmp_32ns_32ns_1_4_no_dsp_0_ip' you have specified is long. The Windows operating system has path length limitations. It is recommended you use shorter names to reduce the likelihood of issues.
INFO: [IP_Flow 19-1686] Generating 'Synthesis' target for IP 'top_fcmp_32ns_32ns_1_4_no_dsp_0_ip'...
INFO: [IP_Flow 19-1686] Generating 'Simulation' target for IP 'top_fcmp_32ns_32ns_1_4_no_dsp_0_ip'...
WARNING: [IP_Flow 19-4832] The IP name 'top_fdiv_32ns_32ns_32_30_no_dsp_0_ip' you have specified is long. The Windows operating system has path length limitations. It is recommended you use shorter names to reduce the likelihood of issues.
INFO: [IP_Flow 19-1686] Generating 'Synthesis' target for IP 'top_fdiv_32ns_32ns_32_30_no_dsp_0_ip'...
INFO: [IP_Flow 19-1686] Generating 'Simulation' target for IP 'top_fdiv_32ns_32ns_32_30_no_dsp_0_ip'...
WARNING: [IP_Flow 19-4832] The IP name 'top_fmul_32ns_32ns_32_8_max_dsp_1_ip' you have specified is long. The Windows operating system has path length limitations. It is recommended you use shorter names to reduce the likelihood of issues.
INFO: [IP_Flow 19-1686] Generating 'Synthesis' target for IP 'top_fmul_32ns_32ns_32_8_max_dsp_1_ip'...
INFO: [IP_Flow 19-1686] Generating 'Simulation' target for IP 'top_fmul_32ns_32ns_32_8_max_dsp_1_ip'...
WARNING: [IP_Flow 19-4832] The IP name 'top_fsub_32ns_32ns_32_12_no_dsp_0_ip' you have specified is long. The Windows operating system has path length limitations. It is recommended you use shorter names to reduce the likelihood of issues.
INFO: [IP_Flow 19-1686] Generating 'Synthesis' target for IP 'top_fsub_32ns_32ns_32_12_no_dsp_0_ip'...
INFO: [IP_Flow 19-1686] Generating 'Simulation' target for IP 'top_fsub_32ns_32ns_32_12_no_dsp_0_ip'...
WARNING: [IP_Flow 19-4832] The IP name 'top_sitofp_32ns_32_7_no_dsp_0_ip' you have specified is long. The Windows operating system has path length limitations. It is recommended you use shorter names to reduce the likelihood of issues.
INFO: [IP_Flow 19-1686] Generating 'Synthesis' target for IP 'top_sitofp_32ns_32_7_no_dsp_0_ip'...
INFO: [IP_Flow 19-1686] Generating 'Simulation' target for IP 'top_sitofp_32ns_32_7_no_dsp_0_ip'...
WARNING: [IP_Flow 19-4832] The IP name 'top_sitofp_32s_32_7_no_dsp_1_ip' you have specified is long. The Windows operating system has path length limitations. It is recommended you use shorter names to reduce the likelihood of issues.
INFO: [IP_Flow 19-1686] Generating 'Synthesis' target for IP 'top_sitofp_32s_32_7_no_dsp_1_ip'...
INFO: [IP_Flow 19-1686] Generating 'Simulation' target for IP 'top_sitofp_32s_32_7_no_dsp_1_ip'...
INFO: [IP_Flow 19-234] Refreshing IP repositories
INFO: [IP_Flow 19-1704] No user IP repositories specified
INFO: [IP_Flow 19-2313] Loaded Vivado IP repository '/data/home/songqiangxu/Xilinx/2022.1/Vivado/2022.1/data/ip'.
INFO: [Common 17-206] Exiting Vivado at Tue May  5 19:23:55 2026...
INFO: [IMPL 213-8] Starting RTL evaluation using Vivado ...

****** Vivado v2022.1 (64-bit)
  **** SW Build 3526262 on Mon Apr 18 15:47:01 MDT 2022
  **** IP Build 3524634 on Mon Apr 18 20:55:01 MDT 2022
    ** Copyright 1986-2022 Xilinx, Inc. All Rights Reserved.

source run_vivadosyn.tcl
# source ./settings.tcl
## set top_module top
## set language verilog
## set family kintex7
## set device xc7k325t
## set package -ffg900
## set speed -2
## set clock ap_clk
## set fsm_ext "off"
## set add_io_buffers false ;
# source -notrace ./extraction.tcl
# set vivado_proj_name project
# set vivado_proj_dir .
# set target_device "${device}${package}${speed}"
# set target_clk_period_ns "2.5"
# set target_clk_freq_hz [expr {floor(1000 / $target_clk_period_ns) * 1000000}]
# set ip_vlnv PKU:HLS:CNN_top:1.0
# set ip_repo_path ../ip
# set bd_design_name bd_0
# set bd_inst_name hls_inst
# set bd_props {}
# set has_synth true
# set synth_design_args {-directive sdx_optimization_effort_high}
# set synth_dcp ""
# set synth_props {}
# set has_impl false
# set impl_props {}
# set report_options [dict create]
# dict set report_options report_level 2
# dict set report_options report_max_paths 10
# dict set report_options stdout_hls_reports 1
# dict set report_options stdout_vivado_reports 0
# dict set report_options hls_project work
# dict set report_options hls_solution solution
# dict set report_options has_synth $has_synth
# dict set report_options has_impl $has_impl
# dict set report_options vivado_reportbasename $top_module
# dict set report_options vivado_reportdir ./report
# dict set report_options hls_impl_dir ..
# dict set report_options hls_reportdir ../report/$language
# dict set report_options target_clk_period $target_clk_period_ns
# dict set report_options target_device $target_device
# dict set report_options language $language
# dict set report_options clock_name $clock
# dict set report_options error_if_impl_timing_fails false
# dict set report_options bindmodules {top_fadd_32ns_32ns_32_12_no_dsp_0 top_fdiv_32ns_32ns_32_30_no_dsp_0 top_fcmp_32ns_32ns_1_4_no_dsp_0 top_lshr_79ns_32ns_79_4_0 top_shl_79ns_32ns_79_4_0 top_regslice_both top_flow_control_loop_pipe top_fmul_32ns_32ns_32_8_max_dsp_1 top_sitofp_32s_32_7_no_dsp_1 top_mul_9s_6s_13_4_1 top_mul_9s_6ns_13_4_1 top_mul_9s_5s_14_4_1 top_mul_9s_6ns_15_4_1 top_mul_9s_7s_14_4_1 top_mul_9s_7ns_14_4_1 top_mul_9s_8s_15_4_1 top_mul_9s_7s_15_4_1 top_mul_9s_8s_17_4_1 top_mac_muladd_9s_5ns_9s_13_4_1 top_mac_muladd_9s_5ns_8s_13_4_1 top_mac_muladd_9s_6ns_11s_14_4_1 top_mac_muladd_9s_6s_6s_13_4_1 top_mac_muladd_9s_5ns_12s_14_4_1 top_mac_muladd_9s_6s_9s_13_4_1 top_mac_muladd_9s_6s_15s_15_4_1 top_mac_muladd_9s_5ns_14s_15_4_1 top_mac_muladd_9s_7s_12s_14_4_1 top_mac_muladd_9s_7s_12s_15_4_1 top_mac_muladd_9s_5s_14s_15_4_1 top_mac_muladd_9s_6s_13s_14_4_1 top_mac_muladd_9s_6ns_14s_15_4_1 top_ama_submuladd_9s_9s_4ns_14s_15_4_1 top_mac_muladd_9s_5ns_15s_15_4_1 top_mac_muladd_9s_7s_15s_16_4_1 top_mac_muladd_9s_8s_10s_15_4_1 top_mac_muladd_9s_6s_14s_15_4_1 top_mac_muladd_9s_5s_13s_14_4_1 top_mac_muladd_9s_7ns_15s_16_4_1 top_mac_muladd_9s_4ns_13s_14_4_1 top_mac_muladd_9s_5s_15s_15_4_1 top_mac_muladd_9s_6ns_15s_15_4_1 top_mac_muladd_9s_5ns_15s_16_4_1 top_mac_muladd_9s_5ns_13s_14_4_1 top_mac_muladd_9s_6ns_15s_16_4_1 top_mac_muladd_9s_6ns_16s_17_4_1 top_mac_muladd_9s_6ns_16s_16_4_1 top_mac_muladd_9s_7s_16s_17_4_1 top_mac_muladd_9s_6s_15s_16_4_1 top_mac_muladd_9s_5s_16s_16_4_1 top_mac_muladd_9s_4ns_14s_14_4_1 top_ama_submuladd_9s_9s_6ns_16s_16_4_1 top_mac_muladd_9s_7ns_17s_18_4_1 top_mac_muladd_9s_5ns_11s_13_4_1 top_ama_submuladd_9s_9s_5ns_13s_15_4_1 top_do_conv_br_2_Pipeline_2_gelu_lut0_V_ROM_AUTO_2R top_flow_control_loop_pipe_sequential_init top_mul_9s_5s_12_4_1 top_mul_9s_7ns_15_4_1 top_mul_9s_6s_15_4_1 top_mul_9s_6ns_14_4_1 top_mul_9s_7s_16_4_1 top_mul_9s_7ns_16_4_1 top_mac_muladd_9s_6ns_7ns_14_4_1 top_mac_muladd_9s_7ns_10s_15_4_1 top_mac_muladd_9s_6ns_7s_14_4_1 top_mac_muladd_9s_7s_13s_14_4_1 top_mac_muladd_9s_8s_16s_17_4_1 top_ama_submuladd_9s_9s_4ns_11s_13_4_1 top_mac_muladd_9s_7s_16s_16_4_1 top_ama_submuladd_9s_9s_4ns_13s_14_4_1 top_ama_submuladd_9s_9s_6ns_15s_16_4_1 top_mac_muladd_9s_7ns_17s_17_4_1 top_ama_addmuladd_10s_9s_6s_15s_15_4_1 top_ama_submuladd_9s_9s_5ns_14s_15_4_1 top_mac_muladd_9s_5ns_16s_16_4_1 top_am_addmul_9s_9s_6s_14_4_1 top_mac_muladd_10s_5s_15s_15_4_1 top_mac_muladd_9s_4ns_12s_13_4_1 top_ama_addmuladd_9s_9s_8s_13s_16_4_1 top_mac_muladd_9s_5ns_14s_14_4_1 top_mac_muladd_9s_6ns_17s_17_4_1 top_ama_addmuladd_9s_9s_6s_15s_15_4_1 top_ama_submuladd_9s_9s_5ns_16s_16_4_1 top_ama_submuladd_9s_9s_5ns_15s_16_4_1 top_mac_muladd_9s_8s_17s_17_4_1 top_mac_muladd_9s_8s_17s_18_4_1 top_ama_addmuladd_9s_9s_5ns_16s_17_4_1 top_mac_muladd_9s_7s_17s_18_4_1 top_ama_addmuladd_9s_9s_5s_15s_16_4_1 top_ama_submuladd_9s_9s_6ns_17s_18_4_1 top_mac_muladd_9s_7ns_16s_16_4_1 top_ama_submuladd_10s_9s_5ns_17s_18_4_1 top_mac_muladd_9s_7s_11s_14_4_1 top_ama_addmuladd_9s_9s_7s_17s_18_4_1 top_mac_muladd_9s_6ns_17s_18_4_1 top_mac_muladd_9s_8s_18s_19_4_1 top_do_conv_br_1_Pipeline_2_gelu_lut1_V_ROM_AUTO_2R top_mul_10s_6s_15_4_1 top_mul_10s_5ns_15_4_1 top_mul_10s_6ns_16_4_1 top_mul_9s_8ns_15_4_1 top_mac_muladd_9s_7s_10s_14_4_1 top_mac_muladd_9s_5ns_5s_13_4_1 top_mac_muladd_9s_6ns_10ns_15_4_1 top_mac_muladd_9s_6s_11s_14_4_1 top_mac_muladd_9s_6s_12s_13_4_1 top_mac_muladd_9s_8s_9s_15_4_1 top_mac_muladd_9s_6ns_12s_15_4_1 top_mac_muladd_9s_6ns_8ns_14_4_1 top_mac_muladd_9s_5ns_15ns_15_4_1 top_mac_muladd_9s_6ns_13s_15_4_1 top_mac_muladd_9s_6s_13s_15_4_1 top_ama_addmuladd_9s_9s_5ns_14s_15_4_1 top_ama_submuladd_9s_9s_5ns_15s_15_4_1 top_mac_muladd_9s_6ns_14s_14_4_1 top_mac_muladd_9s_6ns_13s_14_4_1 top_mac_muladd_9s_4ns_14s_15_4_1 top_ama_submuladd_9s_9s_5ns_12s_14_4_1 top_ama_addmuladd_10s_9s_5s_15s_16_4_1 top_ama_submuladd_9s_9s_6ns_14s_15_4_1 top_ama_submuladd_9s_10s_5ns_16s_16_4_1 top_ama_submuladd_9s_10s_5ns_16s_17_4_1 top_ama_addmuladd_9s_9s_4ns_15s_15_4_1 top_am_addmul_9s_9s_7s_15_4_1 top_ama_addmuladd_10s_9s_6ns_11s_16_4_1 top_ama_addmuladd_9s_9s_5ns_16s_16_4_1 top_ama_submuladd_10s_9s_4ns_16s_16_4_1 top_mac_muladd_9s_6s_10s_13_4_1 top_ama_addmuladd_9s_9s_6ns_17s_18_4_1 top_mac_muladd_9s_4ns_15s_15_4_1 top_ama_addmuladd_9s_9s_6ns_16s_16_4_1 top_ama_addmuladd_9s_9s_5ns_15s_15_4_1 top_ama_submuladd_9s_9s_6ns_14s_16_4_1 top_ama_addmuladd_10s_9s_4ns_15s_16_4_1 top_am_addmul_9s_9s_6s_15_4_1 top_am_addmul_9s_9s_5s_13_4_1 top_ama_submuladd_9s_9s_5ns_16s_17_4_1 top_ama_submuladd_9s_10s_5ns_18s_18_4_1 top_ama_addmuladd_10s_9s_5s_15s_15_4_1 top_ama_addmuladd_10s_9s_5ns_18s_18_4_1 top_ama_submuladd_9s_10s_6ns_16s_16_4_1 top_ama_submuladd_10s_9s_5ns_10s_15_4_1 top_ama_submuladd_10s_9s_4ns_14s_15_4_1 top_ama_submuladd_10s_9s_5ns_14s_15_4_1 top_ama_addmuladd_10s_9s_6ns_15s_16_4_1 top_mac_muladd_9s_6s_18s_18_4_1 top_mac_muladd_9s_8s_19s_19_4_1 top_ama_addmuladd_10s_9s_5ns_17s_17_4_1 top_mac_muladd_9s_6ns_16ns_16_4_1 top_mac_muladd_9s_7s_18s_18_4_1 top_ama_addmuladd_10s_9s_6ns_18s_19_4_1 top_ama_addmuladd_10s_9s_5ns_18s_19_4_1 top_mac_muladd_9s_7ns_19s_19_4_1 top_ama_addmuladd_10s_9s_6ns_19s_19_4_1 top_do_conv_br_gelu_lut2_V_ROM_AUTO_2R top_fsub_32ns_32ns_32_12_no_dsp_0 top_sitofp_32ns_32_7_no_dsp_0 top_mux_154_8_1_1 top_mux_134_8_1_1 top_shl_3280ns_12ns_3280_2_1 top_mux_144_8_1_1 top_do_concat_buf0_V_RAM_2P_BRAM_2R1W top_lshr_3280ns_12ns_3280_7_1 top_mul_9s_8s_16_4_1 top_mac_muladd_9s_6s_16s_16_4_1 top_mac_muladd_9s_7s_15s_15_4_1 top_mac_muladd_9s_8s_16s_16_4_1 top_mac_muladd_9s_7s_15s_18_4_1 top_mac_muladd_9s_7s_15s_19_4_1 top_mac_muladd_9s_7s_16s_21_4_1 top_mac_muladd_9s_7s_16ns_16_4_1 top_mac_muladd_9s_8s_17ns_17_4_1 top_mac_muladd_9s_8s_23s_24_4_1 top_do_conv_spatial_Pipeline_2_CONV_SPATIAL_BIAS_ROM_AUTO_1R top_do_conv_spatial_Pipeline_2_CONV_SPATIAL_WEIGHT_0_0_0_ROM_AUTO_1R top_do_conv_spatial_Pipeline_2_CONV_SPATIAL_WEIGHT_0_1_0_ROM_AUTO_1R top_do_conv_spatial_Pipeline_2_CONV_SPATIAL_WEIGHT_0_2_0_ROM_AUTO_1R top_do_conv_spatial_Pipeline_2_CONV_SPATIAL_WEIGHT_0_3_0_ROM_AUTO_1R top_do_conv_spatial_Pipeline_2_CONV_SPATIAL_WEIGHT_0_4_0_ROM_AUTO_1R top_do_conv_spatial_Pipeline_2_CONV_SPATIAL_WEIGHT_0_5_0_ROM_AUTO_1R top_do_conv_spatial_Pipeline_2_CONV_SPATIAL_WEIGHT_0_6_0_ROM_AUTO_1R top_do_conv_spatial_Pipeline_2_CONV_SPATIAL_WEIGHT_0_7_0_ROM_AUTO_1R top_do_conv_spatial_Pipeline_2_CONV_SPATIAL_WEIGHT_0_8_0_ROM_AUTO_1R top_do_conv_spatial_Pipeline_2_CONV_SPATIAL_WEIGHT_0_9_0_ROM_AUTO_1R top_do_conv_spatial_Pipeline_2_CONV_SPATIAL_WEIGHT_0_10_0_ROM_AUTO_1R top_do_conv_spatial_Pipeline_2_CONV_SPATIAL_WEIGHT_0_11_0_ROM_AUTO_1R top_do_conv_spatial_Pipeline_2_CONV_SPATIAL_WEIGHT_0_12_0_ROM_AUTO_1R top_do_conv_spatial_Pipeline_2_CONV_SPATIAL_WEIGHT_0_13_0_ROM_AUTO_1R top_do_conv_spatial_Pipeline_2_CONV_SPATIAL_WEIGHT_0_14_0_ROM_AUTO_1R top_do_conv_spatial_Pipeline_2_CONV_SPATIAL_WEIGHT_1_0_0_ROM_AUTO_1R top_do_conv_spatial_Pipeline_2_CONV_SPATIAL_WEIGHT_1_1_0_ROM_AUTO_1R top_do_conv_spatial_Pipeline_2_CONV_SPATIAL_WEIGHT_1_2_0_ROM_AUTO_1R top_do_conv_spatial_Pipeline_2_CONV_SPATIAL_WEIGHT_1_3_0_ROM_AUTO_1R top_do_conv_spatial_Pipeline_2_CONV_SPATIAL_WEIGHT_1_4_0_ROM_AUTO_1R top_do_conv_spatial_Pipeline_2_CONV_SPATIAL_WEIGHT_1_5_0_ROM_AUTO_1R top_do_conv_spatial_Pipeline_2_CONV_SPATIAL_WEIGHT_1_6_0_ROM_AUTO_1R top_do_conv_spatial_Pipeline_2_CONV_SPATIAL_WEIGHT_1_7_0_ROM_AUTO_1R top_do_conv_spatial_Pipeline_2_CONV_SPATIAL_WEIGHT_1_8_0_ROM_AUTO_1R top_do_conv_spatial_Pipeline_2_CONV_SPATIAL_WEIGHT_1_9_0_ROM_AUTO_1R top_do_conv_spatial_Pipeline_2_CONV_SPATIAL_WEIGHT_1_10_0_ROM_AUTO_1R top_do_conv_spatial_Pipeline_2_CONV_SPATIAL_WEIGHT_1_11_0_ROM_AUTO_1R top_do_conv_spatial_Pipeline_2_CONV_SPATIAL_WEIGHT_1_12_0_ROM_AUTO_1R top_do_conv_spatial_Pipeline_2_CONV_SPATIAL_WEIGHT_1_13_0_ROM_AUTO_1R top_do_conv_spatial_Pipeline_2_CONV_SPATIAL_WEIGHT_1_14_0_ROM_AUTO_1R top_do_conv_spatial_Pipeline_2_CONV_SPATIAL_WEIGHT_2_0_0_ROM_AUTO_1R top_do_conv_spatial_Pipeline_2_CONV_SPATIAL_WEIGHT_2_1_0_ROM_AUTO_1R top_do_conv_spatial_Pipeline_2_CONV_SPATIAL_WEIGHT_2_2_0_ROM_AUTO_1R top_do_conv_spatial_Pipeline_2_CONV_SPATIAL_WEIGHT_2_3_0_ROM_AUTO_1R top_do_conv_spatial_Pipeline_2_CONV_SPATIAL_WEIGHT_2_4_0_ROM_AUTO_1R top_do_conv_spatial_Pipeline_2_CONV_SPATIAL_WEIGHT_2_5_0_ROM_AUTO_1R top_do_conv_spatial_Pipeline_2_CONV_SPATIAL_WEIGHT_2_6_0_ROM_AUTO_1R top_do_conv_spatial_Pipeline_2_CONV_SPATIAL_WEIGHT_2_7_0_ROM_AUTO_1R top_do_conv_spatial_Pipeline_2_CONV_SPATIAL_WEIGHT_2_8_0_ROM_AUTO_1R top_do_conv_spatial_Pipeline_2_CONV_SPATIAL_WEIGHT_2_9_0_ROM_AUTO_1R top_do_conv_spatial_Pipeline_2_CONV_SPATIAL_WEIGHT_2_10_0_ROM_AUTO_1R top_do_conv_spatial_Pipeline_2_CONV_SPATIAL_WEIGHT_2_11_0_ROM_AUTO_1R top_do_conv_spatial_Pipeline_2_CONV_SPATIAL_WEIGHT_2_12_0_ROM_AUTO_1R top_do_conv_spatial_Pipeline_2_CONV_SPATIAL_WEIGHT_2_13_0_ROM_AUTO_1R top_do_conv_spatial_Pipeline_2_CONV_SPATIAL_WEIGHT_2_14_0_ROM_AUTO_1R top_do_conv_spatial_Pipeline_2_CONV_SPATIAL_WEIGHT_3_0_0_ROM_AUTO_1R top_do_conv_spatial_Pipeline_2_CONV_SPATIAL_WEIGHT_3_1_0_ROM_AUTO_1R top_do_conv_spatial_Pipeline_2_CONV_SPATIAL_WEIGHT_3_2_0_ROM_AUTO_1R top_do_conv_spatial_Pipeline_2_CONV_SPATIAL_WEIGHT_3_3_0_ROM_AUTO_1R top_do_conv_spatial_Pipeline_2_CONV_SPATIAL_WEIGHT_3_4_0_ROM_AUTO_1R top_do_conv_spatial_Pipeline_2_CONV_SPATIAL_WEIGHT_3_5_0_ROM_AUTO_1R top_do_conv_spatial_Pipeline_2_CONV_SPATIAL_WEIGHT_3_6_0_ROM_AUTO_1R top_do_conv_spatial_Pipeline_2_CONV_SPATIAL_WEIGHT_3_7_0_ROM_AUTO_1R top_do_conv_spatial_Pipeline_2_CONV_SPATIAL_WEIGHT_3_8_0_ROM_AUTO_1R top_do_conv_spatial_Pipeline_2_CONV_SPATIAL_WEIGHT_3_9_0_ROM_AUTO_1R top_do_conv_spatial_Pipeline_2_CONV_SPATIAL_WEIGHT_3_10_0_ROM_AUTO_1R top_do_conv_spatial_Pipeline_2_CONV_SPATIAL_WEIGHT_3_11_0_ROM_AUTO_1R top_do_conv_spatial_Pipeline_2_CONV_SPATIAL_WEIGHT_3_12_0_ROM_AUTO_1R top_do_conv_spatial_Pipeline_2_CONV_SPATIAL_WEIGHT_3_13_0_ROM_AUTO_1R top_do_conv_spatial_Pipeline_2_CONV_SPATIAL_WEIGHT_3_14_0_ROM_AUTO_1R top_do_conv_spatial_Pipeline_2_CONV_SPATIAL_WEIGHT_4_0_0_ROM_AUTO_1R top_do_conv_spatial_Pipeline_2_CONV_SPATIAL_WEIGHT_4_1_0_ROM_AUTO_1R top_do_conv_spatial_Pipeline_2_CONV_SPATIAL_WEIGHT_4_2_0_ROM_AUTO_1R top_do_conv_spatial_Pipeline_2_CONV_SPATIAL_WEIGHT_4_3_0_ROM_AUTO_1R top_do_conv_spatial_Pipeline_2_CONV_SPATIAL_WEIGHT_4_4_0_ROM_AUTO_1R top_do_conv_spatial_Pipeline_2_CONV_SPATIAL_WEIGHT_4_5_0_ROM_AUTO_1R top_do_conv_spatial_Pipeline_2_CONV_SPATIAL_WEIGHT_4_6_0_ROM_AUTO_1R top_do_conv_spatial_Pipeline_2_CONV_SPATIAL_WEIGHT_4_7_0_ROM_AUTO_1R top_do_conv_spatial_Pipeline_2_CONV_SPATIAL_WEIGHT_4_8_0_ROM_AUTO_1R top_do_conv_spatial_Pipeline_2_CONV_SPATIAL_WEIGHT_4_9_0_ROM_AUTO_1R top_do_conv_spatial_Pipeline_2_CONV_SPATIAL_WEIGHT_4_10_0_ROM_AUTO_1R top_do_conv_spatial_Pipeline_2_CONV_SPATIAL_WEIGHT_4_11_0_ROM_AUTO_1R top_do_conv_spatial_Pipeline_2_CONV_SPATIAL_WEIGHT_4_12_0_ROM_AUTO_1R top_do_conv_spatial_Pipeline_2_CONV_SPATIAL_WEIGHT_4_13_0_ROM_AUTO_1R top_do_conv_spatial_Pipeline_2_CONV_SPATIAL_WEIGHT_4_14_0_ROM_AUTO_1R top_do_conv_spatial_Pipeline_2_CONV_SPATIAL_WEIGHT_5_0_0_ROM_AUTO_1R top_do_conv_spatial_Pipeline_2_CONV_SPATIAL_WEIGHT_5_1_0_ROM_AUTO_1R top_do_conv_spatial_Pipeline_2_CONV_SPATIAL_WEIGHT_5_2_0_ROM_AUTO_1R top_do_conv_spatial_Pipeline_2_CONV_SPATIAL_WEIGHT_5_3_0_ROM_AUTO_1R top_do_conv_spatial_Pipeline_2_CONV_SPATIAL_WEIGHT_5_4_0_ROM_AUTO_1R top_do_conv_spatial_Pipeline_2_CONV_SPATIAL_WEIGHT_5_5_0_ROM_AUTO_1R top_do_conv_spatial_Pipeline_2_CONV_SPATIAL_WEIGHT_5_6_0_ROM_AUTO_1R top_do_conv_spatial_Pipeline_2_CONV_SPATIAL_WEIGHT_5_7_0_ROM_AUTO_1R top_do_conv_spatial_Pipeline_2_CONV_SPATIAL_WEIGHT_5_8_0_ROM_AUTO_1R top_do_conv_spatial_Pipeline_2_CONV_SPATIAL_WEIGHT_5_9_0_ROM_AUTO_1R top_do_conv_spatial_Pipeline_2_CONV_SPATIAL_WEIGHT_5_10_0_ROM_AUTO_1R top_do_conv_spatial_Pipeline_2_CONV_SPATIAL_WEIGHT_5_11_0_ROM_AUTO_1R top_do_conv_spatial_Pipeline_2_CONV_SPATIAL_WEIGHT_5_12_0_ROM_AUTO_1R top_do_conv_spatial_Pipeline_2_CONV_SPATIAL_WEIGHT_5_13_0_ROM_AUTO_1R top_do_conv_spatial_Pipeline_2_CONV_SPATIAL_WEIGHT_5_14_0_ROM_AUTO_1R top_do_conv_spatial_Pipeline_2_CONV_SPATIAL_WEIGHT_6_0_0_ROM_AUTO_1R top_do_conv_spatial_Pipeline_2_CONV_SPATIAL_WEIGHT_6_1_0_ROM_AUTO_1R top_do_conv_spatial_Pipeline_2_CONV_SPATIAL_WEIGHT_6_2_0_ROM_AUTO_1R top_do_conv_spatial_Pipeline_2_CONV_SPATIAL_WEIGHT_6_3_0_ROM_AUTO_1R top_do_conv_spatial_Pipeline_2_CONV_SPATIAL_WEIGHT_6_4_0_ROM_AUTO_1R top_do_conv_spatial_Pipeline_2_CONV_SPATIAL_WEIGHT_6_5_0_ROM_AUTO_1R top_do_conv_spatial_Pipeline_2_CONV_SPATIAL_WEIGHT_6_6_0_ROM_AUTO_1R top_do_conv_spatial_Pipeline_2_CONV_SPATIAL_WEIGHT_6_7_0_ROM_AUTO_1R top_do_conv_spatial_Pipeline_2_CONV_SPATIAL_WEIGHT_6_8_0_ROM_AUTO_1R top_do_conv_spatial_Pipeline_2_CONV_SPATIAL_WEIGHT_6_9_0_ROM_AUTO_1R top_do_conv_spatial_Pipeline_2_CONV_SPATIAL_WEIGHT_6_10_0_ROM_AUTO_1R top_do_conv_spatial_Pipeline_2_CONV_SPATIAL_WEIGHT_6_11_0_ROM_AUTO_1R top_do_conv_spatial_Pipeline_2_CONV_SPATIAL_WEIGHT_6_12_0_ROM_AUTO_1R top_do_conv_spatial_Pipeline_2_CONV_SPATIAL_WEIGHT_6_13_0_ROM_AUTO_1R top_do_conv_spatial_Pipeline_2_CONV_SPATIAL_WEIGHT_6_14_0_ROM_AUTO_1R top_do_conv_spatial_Pipeline_2_CONV_SPATIAL_WEIGHT_7_0_0_ROM_AUTO_1R top_do_conv_spatial_Pipeline_2_CONV_SPATIAL_WEIGHT_7_1_0_ROM_AUTO_1R top_do_conv_spatial_Pipeline_2_CONV_SPATIAL_WEIGHT_7_2_0_ROM_AUTO_1R top_do_conv_spatial_Pipeline_2_CONV_SPATIAL_WEIGHT_7_3_0_ROM_AUTO_1R top_do_conv_spatial_Pipeline_2_CONV_SPATIAL_WEIGHT_7_4_0_ROM_AUTO_1R top_do_conv_spatial_Pipeline_2_CONV_SPATIAL_WEIGHT_7_5_0_ROM_AUTO_1R top_do_conv_spatial_Pipeline_2_CONV_SPATIAL_WEIGHT_7_6_0_ROM_AUTO_1R top_do_conv_spatial_Pipeline_2_CONV_SPATIAL_WEIGHT_7_7_0_ROM_AUTO_1R top_do_conv_spatial_Pipeline_2_CONV_SPATIAL_WEIGHT_7_8_0_ROM_AUTO_1R top_do_conv_spatial_Pipeline_2_CONV_SPATIAL_WEIGHT_7_9_0_ROM_AUTO_1R top_do_conv_spatial_Pipeline_2_CONV_SPATIAL_WEIGHT_7_10_0_ROM_AUTO_1R top_do_conv_spatial_Pipeline_2_CONV_SPATIAL_WEIGHT_7_11_0_ROM_AUTO_1R top_do_conv_spatial_Pipeline_2_CONV_SPATIAL_WEIGHT_7_12_0_ROM_AUTO_1R top_do_conv_spatial_Pipeline_2_CONV_SPATIAL_WEIGHT_7_13_0_ROM_AUTO_1R top_do_conv_spatial_Pipeline_2_CONV_SPATIAL_WEIGHT_7_14_0_ROM_AUTO_1R top_do_conv_spatial_Pipeline_2_CONV_SPATIAL_WEIGHT_8_0_0_ROM_AUTO_1R top_do_conv_spatial_Pipeline_2_CONV_SPATIAL_WEIGHT_8_1_0_ROM_AUTO_1R top_do_conv_spatial_Pipeline_2_CONV_SPATIAL_WEIGHT_8_2_0_ROM_AUTO_1R top_do_conv_spatial_Pipeline_2_CONV_SPATIAL_WEIGHT_8_3_0_ROM_AUTO_1R top_do_conv_spatial_Pipeline_2_CONV_SPATIAL_WEIGHT_8_4_0_ROM_AUTO_1R top_do_conv_spatial_Pipeline_2_CONV_SPATIAL_WEIGHT_8_5_0_ROM_AUTO_1R top_do_conv_spatial_Pipeline_2_CONV_SPATIAL_WEIGHT_8_6_0_ROM_AUTO_1R top_do_conv_spatial_Pipeline_2_CONV_SPATIAL_WEIGHT_8_7_0_ROM_AUTO_1R top_do_conv_spatial_Pipeline_2_CONV_SPATIAL_WEIGHT_8_8_0_ROM_AUTO_1R top_do_conv_spatial_Pipeline_2_CONV_SPATIAL_WEIGHT_8_9_0_ROM_AUTO_1R top_do_conv_spatial_Pipeline_2_CONV_SPATIAL_WEIGHT_8_10_0_ROM_AUTO_1R top_do_conv_spatial_Pipeline_2_CONV_SPATIAL_WEIGHT_8_11_0_ROM_AUTO_1R top_do_conv_spatial_Pipeline_2_CONV_SPATIAL_WEIGHT_8_12_0_ROM_AUTO_1R top_do_conv_spatial_Pipeline_2_CONV_SPATIAL_WEIGHT_8_13_0_ROM_AUTO_1R top_do_conv_spatial_Pipeline_2_CONV_SPATIAL_WEIGHT_8_14_0_ROM_AUTO_1R top_do_conv_spatial_Pipeline_2_CONV_SPATIAL_WEIGHT_9_0_0_ROM_AUTO_1R top_do_conv_spatial_Pipeline_2_CONV_SPATIAL_WEIGHT_9_1_0_ROM_AUTO_1R top_do_conv_spatial_Pipeline_2_CONV_SPATIAL_WEIGHT_9_2_0_ROM_AUTO_1R top_do_conv_spatial_Pipeline_2_CONV_SPATIAL_WEIGHT_9_3_0_ROM_AUTO_1R top_do_conv_spatial_Pipeline_2_CONV_SPATIAL_WEIGHT_9_4_0_ROM_AUTO_1R top_do_conv_spatial_Pipeline_2_CONV_SPATIAL_WEIGHT_9_5_0_ROM_AUTO_1R top_do_conv_spatial_Pipeline_2_CONV_SPATIAL_WEIGHT_9_6_0_ROM_AUTO_1R top_do_conv_spatial_Pipeline_2_CONV_SPATIAL_WEIGHT_9_7_0_ROM_AUTO_1R top_do_conv_spatial_Pipeline_2_CONV_SPATIAL_WEIGHT_9_8_0_ROM_AUTO_1R top_do_conv_spatial_Pipeline_2_CONV_SPATIAL_WEIGHT_9_9_0_ROM_AUTO_1R top_do_conv_spatial_Pipeline_2_CONV_SPATIAL_WEIGHT_9_10_0_ROM_AUTO_1R top_do_conv_spatial_Pipeline_2_CONV_SPATIAL_WEIGHT_9_11_0_ROM_AUTO_1R top_do_conv_spatial_Pipeline_2_CONV_SPATIAL_WEIGHT_9_12_0_ROM_AUTO_1R top_do_conv_spatial_Pipeline_2_CONV_SPATIAL_WEIGHT_9_13_0_ROM_AUTO_1R top_do_conv_spatial_Pipeline_2_CONV_SPATIAL_WEIGHT_9_14_0_ROM_AUTO_1R top_do_conv_spatial_Pipeline_2_CONV_SPATIAL_WEIGHT_10_0_0_ROM_AUTO_1R top_do_conv_spatial_Pipeline_2_CONV_SPATIAL_WEIGHT_10_1_0_ROM_AUTO_1R top_do_conv_spatial_Pipeline_2_CONV_SPATIAL_WEIGHT_10_2_0_ROM_AUTO_1R top_do_conv_spatial_Pipeline_2_CONV_SPATIAL_WEIGHT_10_3_0_ROM_AUTO_1R top_do_conv_spatial_Pipeline_2_CONV_SPATIAL_WEIGHT_10_4_0_ROM_AUTO_1R top_do_conv_spatial_Pipeline_2_CONV_SPATIAL_WEIGHT_10_5_0_ROM_AUTO_1R top_do_conv_spatial_Pipeline_2_CONV_SPATIAL_WEIGHT_10_6_0_ROM_AUTO_1R top_do_conv_spatial_Pipeline_2_CONV_SPATIAL_WEIGHT_10_7_0_ROM_AUTO_1R top_do_conv_spatial_Pipeline_2_CONV_SPATIAL_WEIGHT_10_8_0_ROM_AUTO_1R top_do_conv_spatial_Pipeline_2_CONV_SPATIAL_WEIGHT_10_9_0_ROM_AUTO_1R top_do_conv_spatial_Pipeline_2_CONV_SPATIAL_WEIGHT_10_10_0_ROM_AUTO_1R top_do_conv_spatial_Pipeline_2_CONV_SPATIAL_WEIGHT_10_11_0_ROM_AUTO_1R top_do_conv_spatial_Pipeline_2_CONV_SPATIAL_WEIGHT_10_12_0_ROM_AUTO_1R top_do_conv_spatial_Pipeline_2_CONV_SPATIAL_WEIGHT_10_13_0_ROM_AUTO_1R top_do_conv_spatial_Pipeline_2_CONV_SPATIAL_WEIGHT_10_14_0_ROM_AUTO_1R top_do_conv_spatial_Pipeline_2_CONV_SPATIAL_WEIGHT_11_0_0_ROM_AUTO_1R top_do_conv_spatial_Pipeline_2_CONV_SPATIAL_WEIGHT_11_1_0_ROM_AUTO_1R top_do_conv_spatial_Pipeline_2_CONV_SPATIAL_WEIGHT_11_2_0_ROM_AUTO_1R top_do_conv_spatial_Pipeline_2_CONV_SPATIAL_WEIGHT_11_3_0_ROM_AUTO_1R top_do_conv_spatial_Pipeline_2_CONV_SPATIAL_WEIGHT_11_4_0_ROM_AUTO_1R top_do_conv_spatial_Pipeline_2_CONV_SPATIAL_WEIGHT_11_5_0_ROM_AUTO_1R top_do_conv_spatial_Pipeline_2_CONV_SPATIAL_WEIGHT_11_6_0_ROM_AUTO_1R top_do_conv_spatial_Pipeline_2_CONV_SPATIAL_WEIGHT_11_7_0_ROM_AUTO_1R top_do_conv_spatial_Pipeline_2_CONV_SPATIAL_WEIGHT_11_8_0_ROM_AUTO_1R top_do_conv_spatial_Pipeline_2_CONV_SPATIAL_WEIGHT_11_9_0_ROM_AUTO_1R top_do_conv_spatial_Pipeline_2_CONV_SPATIAL_WEIGHT_11_10_0_ROM_AUTO_1R top_do_conv_spatial_Pipeline_2_CONV_SPATIAL_WEIGHT_11_11_0_ROM_AUTO_1R top_do_conv_spatial_Pipeline_2_CONV_SPATIAL_WEIGHT_11_12_0_ROM_AUTO_1R top_do_conv_spatial_Pipeline_2_CONV_SPATIAL_WEIGHT_11_13_0_ROM_AUTO_1R top_do_conv_spatial_Pipeline_2_CONV_SPATIAL_WEIGHT_11_14_0_ROM_AUTO_1R top_do_conv_spatial_Pipeline_2_CONV_SPATIAL_WEIGHT_12_0_0_ROM_AUTO_1R top_do_conv_spatial_Pipeline_2_CONV_SPATIAL_WEIGHT_12_1_0_ROM_AUTO_1R top_do_conv_spatial_Pipeline_2_CONV_SPATIAL_WEIGHT_12_2_0_ROM_AUTO_1R top_do_conv_spatial_Pipeline_2_CONV_SPATIAL_WEIGHT_12_3_0_ROM_AUTO_1R top_do_conv_spatial_Pipeline_2_CONV_SPATIAL_WEIGHT_12_4_0_ROM_AUTO_1R top_do_conv_spatial_Pipeline_2_CONV_SPATIAL_WEIGHT_12_5_0_ROM_AUTO_1R top_do_conv_spatial_Pipeline_2_CONV_SPATIAL_WEIGHT_12_6_0_ROM_AUTO_1R top_do_conv_spatial_Pipeline_2_CONV_SPATIAL_WEIGHT_12_7_0_ROM_AUTO_1R top_do_conv_spatial_Pipeline_2_CONV_SPATIAL_WEIGHT_12_8_0_ROM_AUTO_1R top_do_conv_spatial_Pipeline_2_CONV_SPATIAL_WEIGHT_12_9_0_ROM_AUTO_1R top_do_conv_spatial_Pipeline_2_CONV_SPATIAL_WEIGHT_12_10_0_ROM_AUTO_1R top_do_conv_spatial_Pipeline_2_CONV_SPATIAL_WEIGHT_12_11_0_ROM_AUTO_1R top_do_conv_spatial_Pipeline_2_CONV_SPATIAL_WEIGHT_12_12_0_ROM_AUTO_1R top_do_conv_spatial_Pipeline_2_CONV_SPATIAL_WEIGHT_12_13_0_ROM_AUTO_1R top_do_conv_spatial_Pipeline_2_CONV_SPATIAL_WEIGHT_12_14_0_ROM_AUTO_1R top_do_conv_spatial_Pipeline_2_CONV_SPATIAL_WEIGHT_13_0_0_ROM_AUTO_1R top_do_conv_spatial_Pipeline_2_CONV_SPATIAL_WEIGHT_13_1_0_ROM_AUTO_1R top_do_conv_spatial_Pipeline_2_CONV_SPATIAL_WEIGHT_13_2_0_ROM_AUTO_1R top_do_conv_spatial_Pipeline_2_CONV_SPATIAL_WEIGHT_13_3_0_ROM_AUTO_1R top_do_conv_spatial_Pipeline_2_CONV_SPATIAL_WEIGHT_13_4_0_ROM_AUTO_1R top_do_conv_spatial_Pipeline_2_CONV_SPATIAL_WEIGHT_13_5_0_ROM_AUTO_1R top_do_conv_spatial_Pipeline_2_CONV_SPATIAL_WEIGHT_13_6_0_ROM_AUTO_1R top_do_conv_spatial_Pipeline_2_CONV_SPATIAL_WEIGHT_13_7_0_ROM_AUTO_1R top_do_conv_spatial_Pipeline_2_CONV_SPATIAL_WEIGHT_13_8_0_ROM_AUTO_1R top_do_conv_spatial_Pipeline_2_CONV_SPATIAL_WEIGHT_13_9_0_ROM_AUTO_1R top_do_conv_spatial_Pipeline_2_CONV_SPATIAL_WEIGHT_13_10_0_ROM_AUTO_1R top_do_conv_spatial_Pipeline_2_CONV_SPATIAL_WEIGHT_13_11_0_ROM_AUTO_1R top_do_conv_spatial_Pipeline_2_CONV_SPATIAL_WEIGHT_13_12_0_ROM_AUTO_1R top_do_conv_spatial_Pipeline_2_CONV_SPATIAL_WEIGHT_13_13_0_ROM_AUTO_1R top_do_conv_spatial_Pipeline_2_CONV_SPATIAL_WEIGHT_13_14_0_ROM_AUTO_1R top_do_conv_spatial_Pipeline_2_CONV_SPATIAL_WEIGHT_14_0_0_ROM_AUTO_1R top_do_conv_spatial_Pipeline_2_CONV_SPATIAL_WEIGHT_14_1_0_ROM_AUTO_1R top_do_conv_spatial_Pipeline_2_CONV_SPATIAL_WEIGHT_14_2_0_ROM_AUTO_1R top_do_conv_spatial_Pipeline_2_CONV_SPATIAL_WEIGHT_14_3_0_ROM_AUTO_1R top_do_conv_spatial_Pipeline_2_CONV_SPATIAL_WEIGHT_14_4_0_ROM_AUTO_1R top_do_conv_spatial_Pipeline_2_CONV_SPATIAL_WEIGHT_14_5_0_ROM_AUTO_1R top_do_conv_spatial_Pipeline_2_CONV_SPATIAL_WEIGHT_14_6_0_ROM_AUTO_1R top_do_conv_spatial_Pipeline_2_CONV_SPATIAL_WEIGHT_14_7_0_ROM_AUTO_1R top_do_conv_spatial_Pipeline_2_CONV_SPATIAL_WEIGHT_14_8_0_ROM_AUTO_1R top_do_conv_spatial_Pipeline_2_CONV_SPATIAL_WEIGHT_14_9_0_ROM_AUTO_1R top_do_conv_spatial_Pipeline_2_CONV_SPATIAL_WEIGHT_14_10_0_ROM_AUTO_1R top_do_conv_spatial_Pipeline_2_CONV_SPATIAL_WEIGHT_14_11_0_ROM_AUTO_1R top_do_conv_spatial_Pipeline_2_CONV_SPATIAL_WEIGHT_14_12_0_ROM_AUTO_1R top_do_conv_spatial_Pipeline_2_CONV_SPATIAL_WEIGHT_14_13_0_ROM_AUTO_1R top_do_conv_spatial_Pipeline_2_CONV_SPATIAL_WEIGHT_14_14_0_ROM_AUTO_1R top_do_conv_spatial_Pipeline_2_CONV_SPATIAL_WEIGHT_15_0_0_ROM_AUTO_1R top_do_conv_spatial_Pipeline_2_CONV_SPATIAL_WEIGHT_15_1_0_ROM_AUTO_1R top_do_conv_spatial_Pipeline_2_CONV_SPATIAL_WEIGHT_15_2_0_ROM_AUTO_1R top_do_conv_spatial_Pipeline_2_CONV_SPATIAL_WEIGHT_15_3_0_ROM_AUTO_1R top_do_conv_spatial_Pipeline_2_CONV_SPATIAL_WEIGHT_15_4_0_ROM_AUTO_1R top_do_conv_spatial_Pipeline_2_CONV_SPATIAL_WEIGHT_15_5_0_ROM_AUTO_1R top_do_conv_spatial_Pipeline_2_CONV_SPATIAL_WEIGHT_15_6_0_ROM_AUTO_1R top_do_conv_spatial_Pipeline_2_CONV_SPATIAL_WEIGHT_15_7_0_ROM_AUTO_1R top_do_conv_spatial_Pipeline_2_CONV_SPATIAL_WEIGHT_15_8_0_ROM_AUTO_1R top_do_conv_spatial_Pipeline_2_CONV_SPATIAL_WEIGHT_15_9_0_ROM_AUTO_1R top_do_conv_spatial_Pipeline_2_CONV_SPATIAL_WEIGHT_15_10_0_ROM_AUTO_1R top_do_conv_spatial_Pipeline_2_CONV_SPATIAL_WEIGHT_15_11_0_ROM_AUTO_1R top_do_conv_spatial_Pipeline_2_CONV_SPATIAL_WEIGHT_15_12_0_ROM_AUTO_1R top_do_conv_spatial_Pipeline_2_CONV_SPATIAL_WEIGHT_15_13_0_ROM_AUTO_1R top_do_conv_spatial_Pipeline_2_CONV_SPATIAL_WEIGHT_15_14_0_ROM_AUTO_1R top_do_conv_spatial_Pipeline_2_CONV_SPATIAL_WEIGHT_16_0_0_ROM_AUTO_1R top_do_conv_spatial_Pipeline_2_CONV_SPATIAL_WEIGHT_16_1_0_ROM_AUTO_1R top_do_conv_spatial_Pipeline_2_CONV_SPATIAL_WEIGHT_16_2_0_ROM_AUTO_1R top_do_conv_spatial_Pipeline_2_CONV_SPATIAL_WEIGHT_16_3_0_ROM_AUTO_1R top_do_conv_spatial_Pipeline_2_CONV_SPATIAL_WEIGHT_16_4_0_ROM_AUTO_1R top_do_conv_spatial_Pipeline_2_CONV_SPATIAL_WEIGHT_16_5_0_ROM_AUTO_1R top_do_conv_spatial_Pipeline_2_CONV_SPATIAL_WEIGHT_16_6_0_ROM_AUTO_1R top_do_conv_spatial_Pipeline_2_CONV_SPATIAL_WEIGHT_16_7_0_ROM_AUTO_1R top_do_conv_spatial_Pipeline_2_CONV_SPATIAL_WEIGHT_16_8_0_ROM_AUTO_1R top_do_conv_spatial_Pipeline_2_CONV_SPATIAL_WEIGHT_16_9_0_ROM_AUTO_1R top_do_conv_spatial_Pipeline_2_CONV_SPATIAL_WEIGHT_16_10_0_ROM_AUTO_1R top_do_conv_spatial_Pipeline_2_CONV_SPATIAL_WEIGHT_16_11_0_ROM_AUTO_1R top_do_conv_spatial_Pipeline_2_CONV_SPATIAL_WEIGHT_16_12_0_ROM_AUTO_1R top_do_conv_spatial_Pipeline_2_CONV_SPATIAL_WEIGHT_16_13_0_ROM_AUTO_1R top_do_conv_spatial_Pipeline_2_CONV_SPATIAL_WEIGHT_16_14_0_ROM_AUTO_1R top_do_conv_spatial_Pipeline_2_CONV_SPATIAL_WEIGHT_17_0_0_ROM_AUTO_1R top_do_conv_spatial_Pipeline_2_CONV_SPATIAL_WEIGHT_17_1_0_ROM_AUTO_1R top_do_conv_spatial_Pipeline_2_CONV_SPATIAL_WEIGHT_17_2_0_ROM_AUTO_1R top_do_conv_spatial_Pipeline_2_CONV_SPATIAL_WEIGHT_17_3_0_ROM_AUTO_1R top_do_conv_spatial_Pipeline_2_CONV_SPATIAL_WEIGHT_17_4_0_ROM_AUTO_1R top_do_conv_spatial_Pipeline_2_CONV_SPATIAL_WEIGHT_17_5_0_ROM_AUTO_1R top_do_conv_spatial_Pipeline_2_CONV_SPATIAL_WEIGHT_17_6_0_ROM_AUTO_1R top_do_conv_spatial_Pipeline_2_CONV_SPATIAL_WEIGHT_17_7_0_ROM_AUTO_1R top_do_conv_spatial_Pipeline_2_CONV_SPATIAL_WEIGHT_17_8_0_ROM_AUTO_1R top_do_conv_spatial_Pipeline_2_CONV_SPATIAL_WEIGHT_17_9_0_ROM_AUTO_1R top_do_conv_spatial_Pipeline_2_CONV_SPATIAL_WEIGHT_17_10_0_ROM_AUTO_1R top_do_conv_spatial_Pipeline_2_CONV_SPATIAL_WEIGHT_17_11_0_ROM_AUTO_1R top_do_conv_spatial_Pipeline_2_CONV_SPATIAL_WEIGHT_17_12_0_ROM_AUTO_1R top_do_conv_spatial_Pipeline_2_CONV_SPATIAL_WEIGHT_17_13_0_ROM_AUTO_1R top_do_conv_spatial_Pipeline_2_CONV_SPATIAL_WEIGHT_17_14_0_ROM_AUTO_1R top_do_conv_spatial_Pipeline_2_CONV_SPATIAL_WEIGHT_18_0_0_ROM_AUTO_1R top_do_conv_spatial_Pipeline_2_CONV_SPATIAL_WEIGHT_18_1_0_ROM_AUTO_1R top_do_conv_spatial_Pipeline_2_CONV_SPATIAL_WEIGHT_18_2_0_ROM_AUTO_1R top_do_conv_spatial_Pipeline_2_CONV_SPATIAL_WEIGHT_18_3_0_ROM_AUTO_1R top_do_conv_spatial_Pipeline_2_CONV_SPATIAL_WEIGHT_18_4_0_ROM_AUTO_1R top_do_conv_spatial_Pipeline_2_CONV_SPATIAL_WEIGHT_18_5_0_ROM_AUTO_1R top_do_conv_spatial_Pipeline_2_CONV_SPATIAL_WEIGHT_18_6_0_ROM_AUTO_1R top_do_conv_spatial_Pipeline_2_CONV_SPATIAL_WEIGHT_18_7_0_ROM_AUTO_1R top_do_conv_spatial_Pipeline_2_CONV_SPATIAL_WEIGHT_18_8_0_ROM_AUTO_1R top_do_conv_spatial_Pipeline_2_CONV_SPATIAL_WEIGHT_18_9_0_ROM_AUTO_1R top_do_conv_spatial_Pipeline_2_CONV_SPATIAL_WEIGHT_18_10_0_ROM_AUTO_1R top_do_conv_spatial_Pipeline_2_CONV_SPATIAL_WEIGHT_18_11_0_ROM_AUTO_1R top_do_conv_spatial_Pipeline_2_CONV_SPATIAL_WEIGHT_18_12_0_ROM_AUTO_1R top_do_conv_spatial_Pipeline_2_CONV_SPATIAL_WEIGHT_18_13_0_ROM_AUTO_1R top_do_conv_spatial_Pipeline_2_CONV_SPATIAL_WEIGHT_18_14_0_ROM_AUTO_1R top_do_conv_spatial_Pipeline_2_CONV_SPATIAL_WEIGHT_19_0_0_ROM_AUTO_1R top_do_conv_spatial_Pipeline_2_CONV_SPATIAL_WEIGHT_19_1_0_ROM_AUTO_1R top_do_conv_spatial_Pipeline_2_CONV_SPATIAL_WEIGHT_19_2_0_ROM_AUTO_1R top_do_conv_spatial_Pipeline_2_CONV_SPATIAL_WEIGHT_19_3_0_ROM_AUTO_1R top_do_conv_spatial_Pipeline_2_CONV_SPATIAL_WEIGHT_19_4_0_ROM_AUTO_1R top_do_conv_spatial_Pipeline_2_CONV_SPATIAL_WEIGHT_19_5_0_ROM_AUTO_1R top_do_conv_spatial_Pipeline_2_CONV_SPATIAL_WEIGHT_19_6_0_ROM_AUTO_1R top_do_conv_spatial_Pipeline_2_CONV_SPATIAL_WEIGHT_19_7_0_ROM_AUTO_1R top_do_conv_spatial_Pipeline_2_CONV_SPATIAL_WEIGHT_19_8_0_ROM_AUTO_1R top_do_conv_spatial_Pipeline_2_CONV_SPATIAL_WEIGHT_19_9_0_ROM_AUTO_1R top_do_conv_spatial_Pipeline_2_CONV_SPATIAL_WEIGHT_19_10_0_ROM_AUTO_1R top_do_conv_spatial_Pipeline_2_CONV_SPATIAL_WEIGHT_19_11_0_ROM_AUTO_1R top_do_conv_spatial_Pipeline_2_CONV_SPATIAL_WEIGHT_19_12_0_ROM_AUTO_1R top_do_conv_spatial_Pipeline_2_CONV_SPATIAL_WEIGHT_19_13_0_ROM_AUTO_1R top_do_conv_spatial_Pipeline_2_CONV_SPATIAL_WEIGHT_19_14_0_ROM_AUTO_1R top_do_conv_spatial_Pipeline_2_CONV_SPATIAL_WEIGHT_20_0_0_ROM_AUTO_1R top_do_conv_spatial_Pipeline_2_CONV_SPATIAL_WEIGHT_20_1_0_ROM_AUTO_1R top_do_conv_spatial_Pipeline_2_CONV_SPATIAL_WEIGHT_20_2_0_ROM_AUTO_1R top_do_conv_spatial_Pipeline_2_CONV_SPATIAL_WEIGHT_20_3_0_ROM_AUTO_1R top_do_conv_spatial_Pipeline_2_CONV_SPATIAL_WEIGHT_20_4_0_ROM_AUTO_1R top_do_conv_spatial_Pipeline_2_CONV_SPATIAL_WEIGHT_20_5_0_ROM_AUTO_1R top_do_conv_spatial_Pipeline_2_CONV_SPATIAL_WEIGHT_20_6_0_ROM_AUTO_1R top_do_conv_spatial_Pipeline_2_CONV_SPATIAL_WEIGHT_20_7_0_ROM_AUTO_1R top_do_conv_spatial_Pipeline_2_CONV_SPATIAL_WEIGHT_20_8_0_ROM_AUTO_1R top_do_conv_spatial_Pipeline_2_CONV_SPATIAL_WEIGHT_20_9_0_ROM_AUTO_1R top_do_conv_spatial_Pipeline_2_CONV_SPATIAL_WEIGHT_20_10_0_ROM_AUTO_1R top_do_conv_spatial_Pipeline_2_CONV_SPATIAL_WEIGHT_20_11_0_ROM_AUTO_1R top_do_conv_spatial_Pipeline_2_CONV_SPATIAL_WEIGHT_20_12_0_ROM_AUTO_1R top_do_conv_spatial_Pipeline_2_CONV_SPATIAL_WEIGHT_20_13_0_ROM_AUTO_1R top_do_conv_spatial_Pipeline_2_CONV_SPATIAL_WEIGHT_20_14_0_ROM_AUTO_1R top_do_conv_spatial_Pipeline_2_CONV_SPATIAL_WEIGHT_21_0_0_ROM_AUTO_1R top_do_conv_spatial_Pipeline_2_CONV_SPATIAL_WEIGHT_21_1_0_ROM_AUTO_1R top_do_conv_spatial_Pipeline_2_CONV_SPATIAL_WEIGHT_21_2_0_ROM_AUTO_1R top_do_conv_spatial_Pipeline_2_CONV_SPATIAL_WEIGHT_21_3_0_ROM_AUTO_1R top_do_conv_spatial_Pipeline_2_CONV_SPATIAL_WEIGHT_21_4_0_ROM_AUTO_1R top_do_conv_spatial_Pipeline_2_CONV_SPATIAL_WEIGHT_21_5_0_ROM_AUTO_1R top_do_conv_spatial_Pipeline_2_CONV_SPATIAL_WEIGHT_21_6_0_ROM_AUTO_1R top_do_conv_spatial_Pipeline_2_CONV_SPATIAL_WEIGHT_21_7_0_ROM_AUTO_1R top_do_conv_spatial_Pipeline_2_CONV_SPATIAL_WEIGHT_21_8_0_ROM_AUTO_1R top_do_conv_spatial_Pipeline_2_CONV_SPATIAL_WEIGHT_21_9_0_ROM_AUTO_1R top_do_conv_spatial_Pipeline_2_CONV_SPATIAL_WEIGHT_21_10_0_ROM_AUTO_1R top_do_conv_spatial_Pipeline_2_CONV_SPATIAL_WEIGHT_21_11_0_ROM_AUTO_1R top_do_conv_spatial_Pipeline_2_CONV_SPATIAL_WEIGHT_21_12_0_ROM_AUTO_1R top_do_conv_spatial_Pipeline_2_CONV_SPATIAL_WEIGHT_21_13_0_ROM_AUTO_1R top_do_conv_spatial_Pipeline_2_CONV_SPATIAL_WEIGHT_21_14_0_ROM_AUTO_1R top_do_conv_spatial_Pipeline_2_CONV_SPATIAL_WEIGHT_22_0_0_ROM_AUTO_1R top_do_conv_spatial_Pipeline_2_CONV_SPATIAL_WEIGHT_22_1_0_ROM_AUTO_1R top_do_conv_spatial_Pipeline_2_CONV_SPATIAL_WEIGHT_22_2_0_ROM_AUTO_1R top_do_conv_spatial_Pipeline_2_CONV_SPATIAL_WEIGHT_22_3_0_ROM_AUTO_1R top_do_conv_spatial_Pipeline_2_CONV_SPATIAL_WEIGHT_22_4_0_ROM_AUTO_1R top_do_conv_spatial_Pipeline_2_CONV_SPATIAL_WEIGHT_22_5_0_ROM_AUTO_1R top_do_conv_spatial_Pipeline_2_CONV_SPATIAL_WEIGHT_22_6_0_ROM_AUTO_1R top_do_conv_spatial_Pipeline_2_CONV_SPATIAL_WEIGHT_22_7_0_ROM_AUTO_1R top_do_conv_spatial_Pipeline_2_CONV_SPATIAL_WEIGHT_22_8_0_ROM_AUTO_1R top_do_conv_spatial_Pipeline_2_CONV_SPATIAL_WEIGHT_22_9_0_ROM_AUTO_1R top_do_conv_spatial_Pipeline_2_CONV_SPATIAL_WEIGHT_22_10_0_ROM_AUTO_1R top_do_conv_spatial_Pipeline_2_CONV_SPATIAL_WEIGHT_22_11_0_ROM_AUTO_1R top_do_conv_spatial_Pipeline_2_CONV_SPATIAL_WEIGHT_22_12_0_ROM_AUTO_1R top_do_conv_spatial_Pipeline_2_CONV_SPATIAL_WEIGHT_22_13_0_ROM_AUTO_1R top_do_conv_spatial_Pipeline_2_CONV_SPATIAL_WEIGHT_22_14_0_ROM_AUTO_1R top_do_conv_spatial_Pipeline_2_CONV_SPATIAL_WEIGHT_23_0_0_ROM_AUTO_1R top_do_conv_spatial_Pipeline_2_CONV_SPATIAL_WEIGHT_23_1_0_ROM_AUTO_1R top_do_conv_spatial_Pipeline_2_CONV_SPATIAL_WEIGHT_23_2_0_ROM_AUTO_1R top_do_conv_spatial_Pipeline_2_CONV_SPATIAL_WEIGHT_23_3_0_ROM_AUTO_1R top_do_conv_spatial_Pipeline_2_CONV_SPATIAL_WEIGHT_23_4_0_ROM_AUTO_1R top_do_conv_spatial_Pipeline_2_CONV_SPATIAL_WEIGHT_23_5_0_ROM_AUTO_1R top_do_conv_spatial_Pipeline_2_CONV_SPATIAL_WEIGHT_23_6_0_ROM_AUTO_1R top_do_conv_spatial_Pipeline_2_CONV_SPATIAL_WEIGHT_23_7_0_ROM_AUTO_1R top_do_conv_spatial_Pipeline_2_CONV_SPATIAL_WEIGHT_23_8_0_ROM_AUTO_1R top_do_conv_spatial_Pipeline_2_CONV_SPATIAL_WEIGHT_23_9_0_ROM_AUTO_1R top_do_conv_spatial_Pipeline_2_CONV_SPATIAL_WEIGHT_23_10_0_ROM_AUTO_1R top_do_conv_spatial_Pipeline_2_CONV_SPATIAL_WEIGHT_23_11_0_ROM_AUTO_1R top_do_conv_spatial_Pipeline_2_CONV_SPATIAL_WEIGHT_23_12_0_ROM_AUTO_1R top_do_conv_spatial_Pipeline_2_CONV_SPATIAL_WEIGHT_23_13_0_ROM_AUTO_1R top_do_conv_spatial_Pipeline_2_CONV_SPATIAL_WEIGHT_23_14_0_ROM_AUTO_1R top_do_conv_spatial_Pipeline_2_CONV_SPATIAL_WEIGHT_24_0_0_ROM_AUTO_1R top_do_conv_spatial_Pipeline_2_CONV_SPATIAL_WEIGHT_24_1_0_ROM_AUTO_1R top_do_conv_spatial_Pipeline_2_CONV_SPATIAL_WEIGHT_24_2_0_ROM_AUTO_1R top_do_conv_spatial_Pipeline_2_CONV_SPATIAL_WEIGHT_24_3_0_ROM_AUTO_1R top_do_conv_spatial_Pipeline_2_CONV_SPATIAL_WEIGHT_24_4_0_ROM_AUTO_1R top_do_conv_spatial_Pipeline_2_CONV_SPATIAL_WEIGHT_24_5_0_ROM_AUTO_1R top_do_conv_spatial_Pipeline_2_CONV_SPATIAL_WEIGHT_24_6_0_ROM_AUTO_1R top_do_conv_spatial_Pipeline_2_CONV_SPATIAL_WEIGHT_24_7_0_ROM_AUTO_1R top_do_conv_spatial_Pipeline_2_CONV_SPATIAL_WEIGHT_24_8_0_ROM_AUTO_1R top_do_conv_spatial_Pipeline_2_CONV_SPATIAL_WEIGHT_24_9_0_ROM_AUTO_1R top_do_conv_spatial_Pipeline_2_CONV_SPATIAL_WEIGHT_24_10_0_ROM_AUTO_1R top_do_conv_spatial_Pipeline_2_CONV_SPATIAL_WEIGHT_24_11_0_ROM_AUTO_1R top_do_conv_spatial_Pipeline_2_CONV_SPATIAL_WEIGHT_24_12_0_ROM_AUTO_1R top_do_conv_spatial_Pipeline_2_CONV_SPATIAL_WEIGHT_24_13_0_ROM_AUTO_1R top_do_conv_spatial_Pipeline_2_CONV_SPATIAL_WEIGHT_24_14_0_ROM_AUTO_1R top_do_conv_spatial_Pipeline_2_CONV_SPATIAL_WEIGHT_25_0_0_ROM_AUTO_1R top_do_conv_spatial_Pipeline_2_CONV_SPATIAL_WEIGHT_25_1_0_ROM_AUTO_1R top_do_conv_spatial_Pipeline_2_CONV_SPATIAL_WEIGHT_25_2_0_ROM_AUTO_1R top_do_conv_spatial_Pipeline_2_CONV_SPATIAL_WEIGHT_25_3_0_ROM_AUTO_1R top_do_conv_spatial_Pipeline_2_CONV_SPATIAL_WEIGHT_25_4_0_ROM_AUTO_1R top_do_conv_spatial_Pipeline_2_CONV_SPATIAL_WEIGHT_25_5_0_ROM_AUTO_1R top_do_conv_spatial_Pipeline_2_CONV_SPATIAL_WEIGHT_25_6_0_ROM_AUTO_1R top_do_conv_spatial_Pipeline_2_CONV_SPATIAL_WEIGHT_25_7_0_ROM_AUTO_1R top_do_conv_spatial_Pipeline_2_CONV_SPATIAL_WEIGHT_25_8_0_ROM_AUTO_1R top_do_conv_spatial_Pipeline_2_CONV_SPATIAL_WEIGHT_25_9_0_ROM_AUTO_1R top_do_conv_spatial_Pipeline_2_CONV_SPATIAL_WEIGHT_25_10_0_ROM_AUTO_1R top_do_conv_spatial_Pipeline_2_CONV_SPATIAL_WEIGHT_25_11_0_ROM_AUTO_1R top_do_conv_spatial_Pipeline_2_CONV_SPATIAL_WEIGHT_25_12_0_ROM_AUTO_1R top_do_conv_spatial_Pipeline_2_CONV_SPATIAL_WEIGHT_25_13_0_ROM_AUTO_1R top_do_conv_spatial_Pipeline_2_CONV_SPATIAL_WEIGHT_25_14_0_ROM_AUTO_1R top_do_conv_spatial_Pipeline_2_CONV_SPATIAL_WEIGHT_26_0_0_ROM_AUTO_1R top_do_conv_spatial_Pipeline_2_CONV_SPATIAL_WEIGHT_26_1_0_ROM_AUTO_1R top_do_conv_spatial_Pipeline_2_CONV_SPATIAL_WEIGHT_26_2_0_ROM_AUTO_1R top_do_conv_spatial_Pipeline_2_CONV_SPATIAL_WEIGHT_26_3_0_ROM_AUTO_1R top_do_conv_spatial_Pipeline_2_CONV_SPATIAL_WEIGHT_26_4_0_ROM_AUTO_1R top_do_conv_spatial_Pipeline_2_CONV_SPATIAL_WEIGHT_26_5_0_ROM_AUTO_1R top_do_conv_spatial_Pipeline_2_CONV_SPATIAL_WEIGHT_26_6_0_ROM_AUTO_1R top_do_conv_spatial_Pipeline_2_CONV_SPATIAL_WEIGHT_26_7_0_ROM_AUTO_1R top_do_conv_spatial_Pipeline_2_CONV_SPATIAL_WEIGHT_26_8_0_ROM_AUTO_1R top_do_conv_spatial_Pipeline_2_CONV_SPATIAL_WEIGHT_26_9_0_ROM_AUTO_1R top_do_conv_spatial_Pipeline_2_CONV_SPATIAL_WEIGHT_26_10_0_ROM_AUTO_1R top_do_conv_spatial_Pipeline_2_CONV_SPATIAL_WEIGHT_26_11_0_ROM_AUTO_1R top_do_conv_spatial_Pipeline_2_CONV_SPATIAL_WEIGHT_26_12_0_ROM_AUTO_1R top_do_conv_spatial_Pipeline_2_CONV_SPATIAL_WEIGHT_26_13_0_ROM_AUTO_1R top_do_conv_spatial_Pipeline_2_CONV_SPATIAL_WEIGHT_26_14_0_ROM_AUTO_1R top_do_conv_spatial_Pipeline_2_CONV_SPATIAL_WEIGHT_27_0_0_ROM_AUTO_1R top_do_conv_spatial_Pipeline_2_CONV_SPATIAL_WEIGHT_27_1_0_ROM_AUTO_1R top_do_conv_spatial_Pipeline_2_CONV_SPATIAL_WEIGHT_27_2_0_ROM_AUTO_1R top_do_conv_spatial_Pipeline_2_CONV_SPATIAL_WEIGHT_27_3_0_ROM_AUTO_1R top_do_conv_spatial_Pipeline_2_CONV_SPATIAL_WEIGHT_27_4_0_ROM_AUTO_1R top_do_conv_spatial_Pipeline_2_CONV_SPATIAL_WEIGHT_27_5_0_ROM_AUTO_1R top_do_conv_spatial_Pipeline_2_CONV_SPATIAL_WEIGHT_27_6_0_ROM_AUTO_1R top_do_conv_spatial_Pipeline_2_CONV_SPATIAL_WEIGHT_27_7_0_ROM_AUTO_1R top_do_conv_spatial_Pipeline_2_CONV_SPATIAL_WEIGHT_27_8_0_ROM_AUTO_1R top_do_conv_spatial_Pipeline_2_CONV_SPATIAL_WEIGHT_27_9_0_ROM_AUTO_1R top_do_conv_spatial_Pipeline_2_CONV_SPATIAL_WEIGHT_27_10_0_ROM_AUTO_1R top_do_conv_spatial_Pipeline_2_CONV_SPATIAL_WEIGHT_27_11_0_ROM_AUTO_1R top_do_conv_spatial_Pipeline_2_CONV_SPATIAL_WEIGHT_27_12_0_ROM_AUTO_1R top_do_conv_spatial_Pipeline_2_CONV_SPATIAL_WEIGHT_27_13_0_ROM_AUTO_1R top_do_conv_spatial_Pipeline_2_CONV_SPATIAL_WEIGHT_27_14_0_ROM_AUTO_1R top_do_conv_spatial_Pipeline_2_CONV_SPATIAL_WEIGHT_28_0_0_ROM_AUTO_1R top_do_conv_spatial_Pipeline_2_CONV_SPATIAL_WEIGHT_28_1_0_ROM_AUTO_1R top_do_conv_spatial_Pipeline_2_CONV_SPATIAL_WEIGHT_28_2_0_ROM_AUTO_1R top_do_conv_spatial_Pipeline_2_CONV_SPATIAL_WEIGHT_28_3_0_ROM_AUTO_1R top_do_conv_spatial_Pipeline_2_CONV_SPATIAL_WEIGHT_28_4_0_ROM_AUTO_1R top_do_conv_spatial_Pipeline_2_CONV_SPATIAL_WEIGHT_28_5_0_ROM_AUTO_1R top_do_conv_spatial_Pipeline_2_CONV_SPATIAL_WEIGHT_28_6_0_ROM_AUTO_1R top_do_conv_spatial_Pipeline_2_CONV_SPATIAL_WEIGHT_28_7_0_ROM_AUTO_1R top_do_conv_spatial_Pipeline_2_CONV_SPATIAL_WEIGHT_28_8_0_ROM_AUTO_1R top_do_conv_spatial_Pipeline_2_CONV_SPATIAL_WEIGHT_28_9_0_ROM_AUTO_1R top_do_conv_spatial_Pipeline_2_CONV_SPATIAL_WEIGHT_28_10_0_ROM_AUTO_1R top_do_conv_spatial_Pipeline_2_CONV_SPATIAL_WEIGHT_28_11_0_ROM_AUTO_1R top_do_conv_spatial_Pipeline_2_CONV_SPATIAL_WEIGHT_28_12_0_ROM_AUTO_1R top_do_conv_spatial_Pipeline_2_CONV_SPATIAL_WEIGHT_28_13_0_ROM_AUTO_1R top_do_conv_spatial_Pipeline_2_CONV_SPATIAL_WEIGHT_28_14_0_ROM_AUTO_1R top_do_conv_spatial_Pipeline_2_CONV_SPATIAL_WEIGHT_29_0_0_ROM_AUTO_1R top_do_conv_spatial_Pipeline_2_CONV_SPATIAL_WEIGHT_29_1_0_ROM_AUTO_1R top_do_conv_spatial_Pipeline_2_CONV_SPATIAL_WEIGHT_29_2_0_ROM_AUTO_1R top_do_conv_spatial_Pipeline_2_CONV_SPATIAL_WEIGHT_29_3_0_ROM_AUTO_1R top_do_conv_spatial_Pipeline_2_CONV_SPATIAL_WEIGHT_29_4_0_ROM_AUTO_1R top_do_conv_spatial_Pipeline_2_CONV_SPATIAL_WEIGHT_29_5_0_ROM_AUTO_1R top_do_conv_spatial_Pipeline_2_CONV_SPATIAL_WEIGHT_29_6_0_ROM_AUTO_1R top_do_conv_spatial_Pipeline_2_CONV_SPATIAL_WEIGHT_29_7_0_ROM_AUTO_1R top_do_conv_spatial_Pipeline_2_CONV_SPATIAL_WEIGHT_29_8_0_ROM_AUTO_1R top_do_conv_spatial_Pipeline_2_CONV_SPATIAL_WEIGHT_29_9_0_ROM_AUTO_1R top_do_conv_spatial_Pipeline_2_CONV_SPATIAL_WEIGHT_29_10_0_ROM_AUTO_1R top_do_conv_spatial_Pipeline_2_CONV_SPATIAL_WEIGHT_29_11_0_ROM_AUTO_1R top_do_conv_spatial_Pipeline_2_CONV_SPATIAL_WEIGHT_29_12_0_ROM_AUTO_1R top_do_conv_spatial_Pipeline_2_CONV_SPATIAL_WEIGHT_29_13_0_ROM_AUTO_1R top_do_conv_spatial_Pipeline_2_CONV_SPATIAL_WEIGHT_29_14_0_ROM_AUTO_1R top_do_conv_spatial_Pipeline_2_CONV_SPATIAL_WEIGHT_30_0_0_ROM_AUTO_1R top_do_conv_spatial_Pipeline_2_CONV_SPATIAL_WEIGHT_30_1_0_ROM_AUTO_1R top_do_conv_spatial_Pipeline_2_CONV_SPATIAL_WEIGHT_30_2_0_ROM_AUTO_1R top_do_conv_spatial_Pipeline_2_CONV_SPATIAL_WEIGHT_30_3_0_ROM_AUTO_1R top_do_conv_spatial_Pipeline_2_CONV_SPATIAL_WEIGHT_30_4_0_ROM_AUTO_1R top_do_conv_spatial_Pipeline_2_CONV_SPATIAL_WEIGHT_30_5_0_ROM_AUTO_1R top_do_conv_spatial_Pipeline_2_CONV_SPATIAL_WEIGHT_30_6_0_ROM_AUTO_1R top_do_conv_spatial_Pipeline_2_CONV_SPATIAL_WEIGHT_30_7_0_ROM_AUTO_1R top_do_conv_spatial_Pipeline_2_CONV_SPATIAL_WEIGHT_30_8_0_ROM_AUTO_1R top_do_conv_spatial_Pipeline_2_CONV_SPATIAL_WEIGHT_30_9_0_ROM_AUTO_1R top_do_conv_spatial_Pipeline_2_CONV_SPATIAL_WEIGHT_30_10_0_ROM_AUTO_1R top_do_conv_spatial_Pipeline_2_CONV_SPATIAL_WEIGHT_30_11_0_ROM_AUTO_1R top_do_conv_spatial_Pipeline_2_CONV_SPATIAL_WEIGHT_30_12_0_ROM_AUTO_1R top_do_conv_spatial_Pipeline_2_CONV_SPATIAL_WEIGHT_30_13_0_ROM_AUTO_1R top_do_conv_spatial_Pipeline_2_CONV_SPATIAL_WEIGHT_30_14_0_ROM_AUTO_1R top_do_conv_spatial_Pipeline_2_CONV_SPATIAL_WEIGHT_31_0_0_ROM_AUTO_1R top_do_conv_spatial_Pipeline_2_CONV_SPATIAL_WEIGHT_31_1_0_ROM_AUTO_1R top_do_conv_spatial_Pipeline_2_CONV_SPATIAL_WEIGHT_31_2_0_ROM_AUTO_1R top_do_conv_spatial_Pipeline_2_CONV_SPATIAL_WEIGHT_31_3_0_ROM_AUTO_1R top_do_conv_spatial_Pipeline_2_CONV_SPATIAL_WEIGHT_31_4_0_ROM_AUTO_1R top_do_conv_spatial_Pipeline_2_CONV_SPATIAL_WEIGHT_31_5_0_ROM_AUTO_1R top_do_conv_spatial_Pipeline_2_CONV_SPATIAL_WEIGHT_31_6_0_ROM_AUTO_1R top_do_conv_spatial_Pipeline_2_CONV_SPATIAL_WEIGHT_31_7_0_ROM_AUTO_1R top_do_conv_spatial_Pipeline_2_CONV_SPATIAL_WEIGHT_31_8_0_ROM_AUTO_1R top_do_conv_spatial_Pipeline_2_CONV_SPATIAL_WEIGHT_31_9_0_ROM_AUTO_1R top_do_conv_spatial_Pipeline_2_CONV_SPATIAL_WEIGHT_31_10_0_ROM_AUTO_1R top_do_conv_spatial_Pipeline_2_CONV_SPATIAL_WEIGHT_31_11_0_ROM_AUTO_1R top_do_conv_spatial_Pipeline_2_CONV_SPATIAL_WEIGHT_31_12_0_ROM_AUTO_1R top_do_conv_spatial_Pipeline_2_CONV_SPATIAL_WEIGHT_31_13_0_ROM_AUTO_1R top_do_conv_spatial_Pipeline_2_CONV_SPATIAL_WEIGHT_31_14_0_ROM_AUTO_1R top_do_conv_spatial_Pipeline_2_CONV_SPATIAL_WEIGHT_32_0_0_ROM_AUTO_1R top_do_conv_spatial_Pipeline_2_CONV_SPATIAL_WEIGHT_32_1_0_ROM_AUTO_1R top_do_conv_spatial_Pipeline_2_CONV_SPATIAL_WEIGHT_32_2_0_ROM_AUTO_1R top_do_conv_spatial_Pipeline_2_CONV_SPATIAL_WEIGHT_32_3_0_ROM_AUTO_1R top_do_conv_spatial_Pipeline_2_CONV_SPATIAL_WEIGHT_32_4_0_ROM_AUTO_1R top_do_conv_spatial_Pipeline_2_CONV_SPATIAL_WEIGHT_32_5_0_ROM_AUTO_1R top_do_conv_spatial_Pipeline_2_CONV_SPATIAL_WEIGHT_32_6_0_ROM_AUTO_1R top_do_conv_spatial_Pipeline_2_CONV_SPATIAL_WEIGHT_32_7_0_ROM_AUTO_1R top_do_conv_spatial_Pipeline_2_CONV_SPATIAL_WEIGHT_32_8_0_ROM_AUTO_1R top_do_conv_spatial_Pipeline_2_CONV_SPATIAL_WEIGHT_32_9_0_ROM_AUTO_1R top_do_conv_spatial_Pipeline_2_CONV_SPATIAL_WEIGHT_32_10_0_ROM_AUTO_1R top_do_conv_spatial_Pipeline_2_CONV_SPATIAL_WEIGHT_32_11_0_ROM_AUTO_1R top_do_conv_spatial_Pipeline_2_CONV_SPATIAL_WEIGHT_32_12_0_ROM_AUTO_1R top_do_conv_spatial_Pipeline_2_CONV_SPATIAL_WEIGHT_32_13_0_ROM_AUTO_1R top_do_conv_spatial_Pipeline_2_CONV_SPATIAL_WEIGHT_32_14_0_ROM_AUTO_1R top_do_conv_spatial_Pipeline_2_CONV_SPATIAL_WEIGHT_33_0_0_ROM_AUTO_1R top_do_conv_spatial_Pipeline_2_CONV_SPATIAL_WEIGHT_33_1_0_ROM_AUTO_1R top_do_conv_spatial_Pipeline_2_CONV_SPATIAL_WEIGHT_33_2_0_ROM_AUTO_1R top_do_conv_spatial_Pipeline_2_CONV_SPATIAL_WEIGHT_33_3_0_ROM_AUTO_1R top_do_conv_spatial_Pipeline_2_CONV_SPATIAL_WEIGHT_33_4_0_ROM_AUTO_1R top_do_conv_spatial_Pipeline_2_CONV_SPATIAL_WEIGHT_33_5_0_ROM_AUTO_1R top_do_conv_spatial_Pipeline_2_CONV_SPATIAL_WEIGHT_33_6_0_ROM_AUTO_1R top_do_conv_spatial_Pipeline_2_CONV_SPATIAL_WEIGHT_33_7_0_ROM_AUTO_1R top_do_conv_spatial_Pipeline_2_CONV_SPATIAL_WEIGHT_33_8_0_ROM_AUTO_1R top_do_conv_spatial_Pipeline_2_CONV_SPATIAL_WEIGHT_33_9_0_ROM_AUTO_1R top_do_conv_spatial_Pipeline_2_CONV_SPATIAL_WEIGHT_33_10_0_ROM_AUTO_1R top_do_conv_spatial_Pipeline_2_CONV_SPATIAL_WEIGHT_33_11_0_ROM_AUTO_1R top_do_conv_spatial_Pipeline_2_CONV_SPATIAL_WEIGHT_33_12_0_ROM_AUTO_1R top_do_conv_spatial_Pipeline_2_CONV_SPATIAL_WEIGHT_33_13_0_ROM_AUTO_1R top_do_conv_spatial_Pipeline_2_CONV_SPATIAL_WEIGHT_33_14_0_ROM_AUTO_1R top_do_conv_spatial_Pipeline_2_CONV_SPATIAL_WEIGHT_34_0_0_ROM_AUTO_1R top_do_conv_spatial_Pipeline_2_CONV_SPATIAL_WEIGHT_34_1_0_ROM_AUTO_1R top_do_conv_spatial_Pipeline_2_CONV_SPATIAL_WEIGHT_34_2_0_ROM_AUTO_1R top_do_conv_spatial_Pipeline_2_CONV_SPATIAL_WEIGHT_34_3_0_ROM_AUTO_1R top_do_conv_spatial_Pipeline_2_CONV_SPATIAL_WEIGHT_34_4_0_ROM_AUTO_1R top_do_conv_spatial_Pipeline_2_CONV_SPATIAL_WEIGHT_34_5_0_ROM_AUTO_1R top_do_conv_spatial_Pipeline_2_CONV_SPATIAL_WEIGHT_34_6_0_ROM_AUTO_1R top_do_conv_spatial_Pipeline_2_CONV_SPATIAL_WEIGHT_34_7_0_ROM_AUTO_1R top_do_conv_spatial_Pipeline_2_CONV_SPATIAL_WEIGHT_34_8_0_ROM_AUTO_1R top_do_conv_spatial_Pipeline_2_CONV_SPATIAL_WEIGHT_34_9_0_ROM_AUTO_1R top_do_conv_spatial_Pipeline_2_CONV_SPATIAL_WEIGHT_34_10_0_ROM_AUTO_1R top_do_conv_spatial_Pipeline_2_CONV_SPATIAL_WEIGHT_34_11_0_ROM_AUTO_1R top_do_conv_spatial_Pipeline_2_CONV_SPATIAL_WEIGHT_34_12_0_ROM_AUTO_1R top_do_conv_spatial_Pipeline_2_CONV_SPATIAL_WEIGHT_34_13_0_ROM_AUTO_1R top_do_conv_spatial_Pipeline_2_CONV_SPATIAL_WEIGHT_34_14_0_ROM_AUTO_1R top_do_conv_spatial_Pipeline_2_CONV_SPATIAL_WEIGHT_35_0_0_ROM_AUTO_1R top_do_conv_spatial_Pipeline_2_CONV_SPATIAL_WEIGHT_35_1_0_ROM_AUTO_1R top_do_conv_spatial_Pipeline_2_CONV_SPATIAL_WEIGHT_35_2_0_ROM_AUTO_1R top_do_conv_spatial_Pipeline_2_CONV_SPATIAL_WEIGHT_35_3_0_ROM_AUTO_1R top_do_conv_spatial_Pipeline_2_CONV_SPATIAL_WEIGHT_35_4_0_ROM_AUTO_1R top_do_conv_spatial_Pipeline_2_CONV_SPATIAL_WEIGHT_35_5_0_ROM_AUTO_1R top_do_conv_spatial_Pipeline_2_CONV_SPATIAL_WEIGHT_35_6_0_ROM_AUTO_1R top_do_conv_spatial_Pipeline_2_CONV_SPATIAL_WEIGHT_35_7_0_ROM_AUTO_1R top_do_conv_spatial_Pipeline_2_CONV_SPATIAL_WEIGHT_35_8_0_ROM_AUTO_1R top_do_conv_spatial_Pipeline_2_CONV_SPATIAL_WEIGHT_35_9_0_ROM_AUTO_1R top_do_conv_spatial_Pipeline_2_CONV_SPATIAL_WEIGHT_35_10_0_ROM_AUTO_1R top_do_conv_spatial_Pipeline_2_CONV_SPATIAL_WEIGHT_35_11_0_ROM_AUTO_1R top_do_conv_spatial_Pipeline_2_CONV_SPATIAL_WEIGHT_35_12_0_ROM_AUTO_1R top_do_conv_spatial_Pipeline_2_CONV_SPATIAL_WEIGHT_35_13_0_ROM_AUTO_1R top_do_conv_spatial_Pipeline_2_CONV_SPATIAL_WEIGHT_35_14_0_ROM_AUTO_1R top_do_conv_spatial_Pipeline_2_CONV_SPATIAL_WEIGHT_36_0_0_ROM_AUTO_1R top_do_conv_spatial_Pipeline_2_CONV_SPATIAL_WEIGHT_36_1_0_ROM_AUTO_1R top_do_conv_spatial_Pipeline_2_CONV_SPATIAL_WEIGHT_36_2_0_ROM_AUTO_1R top_do_conv_spatial_Pipeline_2_CONV_SPATIAL_WEIGHT_36_3_0_ROM_AUTO_1R top_do_conv_spatial_Pipeline_2_CONV_SPATIAL_WEIGHT_36_4_0_ROM_AUTO_1R top_do_conv_spatial_Pipeline_2_CONV_SPATIAL_WEIGHT_36_5_0_ROM_AUTO_1R top_do_conv_spatial_Pipeline_2_CONV_SPATIAL_WEIGHT_36_6_0_ROM_AUTO_1R top_do_conv_spatial_Pipeline_2_CONV_SPATIAL_WEIGHT_36_7_0_ROM_AUTO_1R top_do_conv_spatial_Pipeline_2_CONV_SPATIAL_WEIGHT_36_8_0_ROM_AUTO_1R top_do_conv_spatial_Pipeline_2_CONV_SPATIAL_WEIGHT_36_9_0_ROM_AUTO_1R top_do_conv_spatial_Pipeline_2_CONV_SPATIAL_WEIGHT_36_10_0_ROM_AUTO_1R top_do_conv_spatial_Pipeline_2_CONV_SPATIAL_WEIGHT_36_11_0_ROM_AUTO_1R top_do_conv_spatial_Pipeline_2_CONV_SPATIAL_WEIGHT_36_12_0_ROM_AUTO_1R top_do_conv_spatial_Pipeline_2_CONV_SPATIAL_WEIGHT_36_13_0_ROM_AUTO_1R top_do_conv_spatial_Pipeline_2_CONV_SPATIAL_WEIGHT_36_14_0_ROM_AUTO_1R top_do_conv_spatial_Pipeline_2_CONV_SPATIAL_WEIGHT_37_0_0_ROM_AUTO_1R top_do_conv_spatial_Pipeline_2_CONV_SPATIAL_WEIGHT_37_1_0_ROM_AUTO_1R top_do_conv_spatial_Pipeline_2_CONV_SPATIAL_WEIGHT_37_2_0_ROM_AUTO_1R top_do_conv_spatial_Pipeline_2_CONV_SPATIAL_WEIGHT_37_3_0_ROM_AUTO_1R top_do_conv_spatial_Pipeline_2_CONV_SPATIAL_WEIGHT_37_4_0_ROM_AUTO_1R top_do_conv_spatial_Pipeline_2_CONV_SPATIAL_WEIGHT_37_5_0_ROM_AUTO_1R top_do_conv_spatial_Pipeline_2_CONV_SPATIAL_WEIGHT_37_6_0_ROM_AUTO_1R top_do_conv_spatial_Pipeline_2_CONV_SPATIAL_WEIGHT_37_7_0_ROM_AUTO_1R top_do_conv_spatial_Pipeline_2_CONV_SPATIAL_WEIGHT_37_8_0_ROM_AUTO_1R top_do_conv_spatial_Pipeline_2_CONV_SPATIAL_WEIGHT_37_9_0_ROM_AUTO_1R top_do_conv_spatial_Pipeline_2_CONV_SPATIAL_WEIGHT_37_10_0_ROM_AUTO_1R top_do_conv_spatial_Pipeline_2_CONV_SPATIAL_WEIGHT_37_11_0_ROM_AUTO_1R top_do_conv_spatial_Pipeline_2_CONV_SPATIAL_WEIGHT_37_12_0_ROM_AUTO_1R top_do_conv_spatial_Pipeline_2_CONV_SPATIAL_WEIGHT_37_13_0_ROM_AUTO_1R top_do_conv_spatial_Pipeline_2_CONV_SPATIAL_WEIGHT_37_14_0_ROM_AUTO_1R top_do_conv_spatial_Pipeline_2_CONV_SPATIAL_WEIGHT_38_0_0_ROM_AUTO_1R top_do_conv_spatial_Pipeline_2_CONV_SPATIAL_WEIGHT_38_1_0_ROM_AUTO_1R top_do_conv_spatial_Pipeline_2_CONV_SPATIAL_WEIGHT_38_2_0_ROM_AUTO_1R top_do_conv_spatial_Pipeline_2_CONV_SPATIAL_WEIGHT_38_3_0_ROM_AUTO_1R top_do_conv_spatial_Pipeline_2_CONV_SPATIAL_WEIGHT_38_4_0_ROM_AUTO_1R top_do_conv_spatial_Pipeline_2_CONV_SPATIAL_WEIGHT_38_5_0_ROM_AUTO_1R top_do_conv_spatial_Pipeline_2_CONV_SPATIAL_WEIGHT_38_6_0_ROM_AUTO_1R top_do_conv_spatial_Pipeline_2_CONV_SPATIAL_WEIGHT_38_7_0_ROM_AUTO_1R top_do_conv_spatial_Pipeline_2_CONV_SPATIAL_WEIGHT_38_8_0_ROM_AUTO_1R top_do_conv_spatial_Pipeline_2_CONV_SPATIAL_WEIGHT_38_9_0_ROM_AUTO_1R top_do_conv_spatial_Pipeline_2_CONV_SPATIAL_WEIGHT_38_10_0_ROM_AUTO_1R top_do_conv_spatial_Pipeline_2_CONV_SPATIAL_WEIGHT_38_11_0_ROM_AUTO_1R top_do_conv_spatial_Pipeline_2_CONV_SPATIAL_WEIGHT_38_12_0_ROM_AUTO_1R top_do_conv_spatial_Pipeline_2_CONV_SPATIAL_WEIGHT_38_13_0_ROM_AUTO_1R top_do_conv_spatial_Pipeline_2_CONV_SPATIAL_WEIGHT_38_14_0_ROM_AUTO_1R top_do_conv_spatial_Pipeline_2_CONV_SPATIAL_WEIGHT_39_0_0_ROM_AUTO_1R top_do_conv_spatial_Pipeline_2_CONV_SPATIAL_WEIGHT_39_1_0_ROM_AUTO_1R top_do_conv_spatial_Pipeline_2_CONV_SPATIAL_WEIGHT_39_2_0_ROM_AUTO_1R top_do_conv_spatial_Pipeline_2_CONV_SPATIAL_WEIGHT_39_3_0_ROM_AUTO_1R top_do_conv_spatial_Pipeline_2_CONV_SPATIAL_WEIGHT_39_4_0_ROM_AUTO_1R top_do_conv_spatial_Pipeline_2_CONV_SPATIAL_WEIGHT_39_5_0_ROM_AUTO_1R top_do_conv_spatial_Pipeline_2_CONV_SPATIAL_WEIGHT_39_6_0_ROM_AUTO_1R top_do_conv_spatial_Pipeline_2_CONV_SPATIAL_WEIGHT_39_7_0_ROM_AUTO_1R top_do_conv_spatial_Pipeline_2_CONV_SPATIAL_WEIGHT_39_8_0_ROM_AUTO_1R top_do_conv_spatial_Pipeline_2_CONV_SPATIAL_WEIGHT_39_9_0_ROM_AUTO_1R top_do_conv_spatial_Pipeline_2_CONV_SPATIAL_WEIGHT_39_10_0_ROM_AUTO_1R top_do_conv_spatial_Pipeline_2_CONV_SPATIAL_WEIGHT_39_11_0_ROM_AUTO_1R top_do_conv_spatial_Pipeline_2_CONV_SPATIAL_WEIGHT_39_12_0_ROM_AUTO_1R top_do_conv_spatial_Pipeline_2_CONV_SPATIAL_WEIGHT_39_13_0_ROM_AUTO_1R top_do_conv_spatial_Pipeline_2_CONV_SPATIAL_WEIGHT_39_14_0_ROM_AUTO_1R top_do_lut_func_square_lut_V_ROM_AUTO_2R top_urem_14ns_7ns_6_18_1 top_mul_mul_14ns_15ns_29_4_1 top_do_lut_func_1_log_lut_V_ROM_AUTO_2R top_do_linear_func_1_Pipeline_channels_loop_p_ZL10CLS_WEIGHT_0_ROM_AUTO_2R top_do_linear_func_1_Pipeline_channels_loop_p_ZL10CLS_WEIGHT_1_ROM_AUTO_2R top_do_linear_func_1_Pipeline_channels_loop_p_ZL10CLS_WEIGHT_2_ROM_AUTO_2R top_do_linear_func_1_Pipeline_channels_loop_p_ZL10CLS_WEIGHT_3_ROM_AUTO_2R top_do_linear_func_1_Pipeline_channels_loop_p_ZL10CLS_WEIGHT_4_ROM_AUTO_2R top_do_linear_func_1_Pipeline_channels_loop_p_ZL10CLS_WEIGHT_5_ROM_AUTO_2R top_do_linear_func_1_Pipeline_channels_loop_p_ZL10CLS_WEIGHT_6_ROM_AUTO_2R top_do_linear_func_1_Pipeline_channels_loop_p_ZL10CLS_WEIGHT_7_ROM_AUTO_2R top_do_linear_func_1_Pipeline_channels_loop_p_ZL10CLS_WEIGHT_8_ROM_AUTO_2R top_do_linear_func_1_Pipeline_channels_loop_p_ZL10CLS_WEIGHT_9_ROM_AUTO_2R top_do_linear_func_1_Pipeline_channels_loop_p_ZL10CLS_WEIGHT_10_ROM_AUTO_2R top_do_linear_func_1_Pipeline_channels_loop_p_ZL10CLS_WEIGHT_11_ROM_AUTO_2R top_do_linear_func_1_Pipeline_channels_loop_p_ZL10CLS_WEIGHT_12_ROM_AUTO_2R top_do_linear_func_1_Pipeline_channels_loop_p_ZL10CLS_WEIGHT_13_ROM_AUTO_2R top_do_linear_func_1_Pipeline_channels_loop_p_ZL10CLS_WEIGHT_14_ROM_AUTO_2R top_do_linear_func_1_Pipeline_channels_loop_p_ZL10CLS_WEIGHT_15_ROM_AUTO_2R top_do_linear_func_1_Pipeline_channels_loop_p_ZL10CLS_WEIGHT_16_ROM_AUTO_2R top_do_linear_func_1_Pipeline_channels_loop_p_ZL10CLS_WEIGHT_17_ROM_AUTO_2R top_do_linear_func_1_Pipeline_channels_loop_p_ZL10CLS_WEIGHT_18_ROM_AUTO_2R top_do_linear_func_1_Pipeline_channels_loop_in_0_RAM_AUTO_2R1W top_shl_56ns_6ns_56_2_1 top_do_linear_func_1_CLS_BIAS_ROM_AUTO_1R top_do_linear_func_Pipeline_channels_loop_p_ZL10HUE_WEIGHT_0_ROM_AUTO_1R top_do_linear_func_Pipeline_channels_loop_p_ZL10HUE_WEIGHT_1_ROM_AUTO_1R top_do_linear_func_Pipeline_channels_loop_p_ZL10HUE_WEIGHT_2_ROM_AUTO_1R top_do_linear_func_Pipeline_channels_loop_p_ZL10HUE_WEIGHT_3_ROM_AUTO_1R top_do_linear_func_Pipeline_channels_loop_p_ZL10HUE_WEIGHT_4_ROM_AUTO_1R top_do_linear_func_Pipeline_channels_loop_p_ZL10HUE_WEIGHT_5_ROM_AUTO_1R top_do_linear_func_Pipeline_channels_loop_p_ZL10HUE_WEIGHT_6_ROM_AUTO_1R top_do_linear_func_Pipeline_channels_loop_p_ZL10HUE_WEIGHT_7_ROM_AUTO_1R top_do_linear_func_Pipeline_channels_loop_p_ZL10HUE_WEIGHT_8_ROM_AUTO_1R top_do_linear_func_Pipeline_channels_loop_p_ZL10HUE_WEIGHT_9_ROM_AUTO_1R top_do_linear_func_Pipeline_channels_loop_p_ZL10HUE_WEIGHT_10_ROM_AUTO_1R top_do_linear_func_Pipeline_channels_loop_p_ZL10HUE_WEIGHT_11_ROM_AUTO_1R top_do_linear_func_Pipeline_channels_loop_p_ZL10HUE_WEIGHT_12_ROM_AUTO_1R top_do_linear_func_Pipeline_channels_loop_p_ZL10HUE_WEIGHT_13_ROM_AUTO_1R top_do_linear_func_Pipeline_channels_loop_p_ZL10HUE_WEIGHT_14_ROM_AUTO_1R top_do_linear_func_Pipeline_channels_loop_p_ZL10HUE_WEIGHT_15_ROM_AUTO_1R top_do_linear_func_Pipeline_channels_loop_p_ZL10HUE_WEIGHT_16_ROM_AUTO_1R top_do_linear_func_Pipeline_channels_loop_p_ZL10HUE_WEIGHT_17_ROM_AUTO_1R top_do_linear_func_Pipeline_channels_loop_p_ZL10HUE_WEIGHT_18_ROM_AUTO_1R top_lshr_32ns_32s_32_4_1 top_shl_8ns_7ns_8_2_1 top_shl_16ns_4ns_16_2_1 top_do_linear_func_HUE_BIAS_ROM_AUTO_1R top_fifo_w120_d2_S top_fifo_w1560_d2_S top_fifo_w1680_d2_S top_fifo_w3280_d2_S top_fifo_w152_d2_S top_start_for_tee3_quant_to_conv_br_U0 top_start_for_do_conv_br_2_U0 top_start_for_do_conv_br_1_U0 top_start_for_do_conv_br_U0 top_start_for_do_concat_U0 top_start_for_do_conv_spatial_U0 top_start_for_do_lut_func_U0 top_start_for_do_pool_func_U0 top_start_for_do_lut_func_1_U0 top_start_for_do_split_func_U0 top_start_for_do_linear_func_1_U0 top_start_for_do_linear_func_U0}
# dict set report_options max_module_depth 8
# create_project $vivado_proj_name $vivado_proj_dir -part $target_device -force
# set_property target_language $language [current_project]
# if { ![file exists $ip_repo_path] } {
#   error "Cannot find packaged HLS IP"
# }
# set_property ip_repo_paths [file normalize $ip_repo_path] [current_project]
# update_ip_catalog
INFO: [IP_Flow 19-234] Refreshing IP repositories
INFO: [IP_Flow 19-1700] Loaded user IP repository '/data/home/songqiangxu/project/CNN/instances_tp8_syn_kv260/proj_CNN_top/work/solution/impl/ip'.
INFO: [IP_Flow 19-2313] Loaded Vivado IP repository '/data/home/songqiangxu/Xilinx/2022.1/Vivado/2022.1/data/ip'.
# create_bd_design $bd_design_name
Wrote  : </data/home/songqiangxu/project/CNN/instances_tp8_syn_kv260/proj_CNN_top/work/solution/impl/verilog/project.srcs/sources_1/bd/bd_0/bd_0.bd> 
# set cell_inst [create_bd_cell -type ip -vlnv $ip_vlnv $bd_inst_name]
# if { [llength $bd_props] } { 
#   set_property -dict $bd_props $cell_inst 
# }
# make_bd_pins_external $cell_inst
# make_bd_intf_pins_external $cell_inst
# set bd_clk_ports [get_bd_ports -filter {TYPE==clk}]
# if { [llength $bd_clk_ports] && $target_clk_freq_hz ne "" } { 
#   set_property CONFIG.FREQ_HZ $target_clk_freq_hz $bd_clk_ports 
# }
# foreach bd_port [get_bd_intf_ports] {
#   set_property name [regsub {_0$} [get_property name $bd_port] {}] $bd_port
# }
# foreach bd_port [get_bd_ports -filter {INTF!=TRUE}] {
#   set_property name [regsub {_0$} [get_property name $bd_port] {}] $bd_port
# }
# set s_axi_addr_width_min 32
WARNING: [BD 5-233] No interface ports matched 'get_bd_intf_ports -filter {MODE == "Slave" && VLNV =~ "xilinx.com:interface:aximm_rtl:*"}'
# foreach bd_port [get_bd_intf_ports -filter {MODE == "Slave" && VLNV =~ "xilinx.com:interface:aximm_rtl:*"}] {
#   set bd_port_addr_width [get_property CONFIG.ADDR_WIDTH $bd_port]
#   if { $bd_port_addr_width < $s_axi_addr_width_min } {
#     puts "INFO: Updating $bd_port CONFIG.ADDR_WIDTH to $s_axi_addr_width_min"
#     set_property CONFIG.ADDR_WIDTH $s_axi_addr_width_min $bd_port
#   }
# }
# set_msg_config -id {[BD 41-1265]} -severity {CRITICAL WARNING} -new_severity {INFO}
# assign_bd_address
Wrote  : </data/home/songqiangxu/project/CNN/instances_tp8_syn_kv260/proj_CNN_top/work/solution/impl/verilog/project.srcs/sources_1/bd/bd_0/bd_0.bd> 
Verilog Output written to : /data/home/songqiangxu/project/CNN/instances_tp8_syn_kv260/proj_CNN_top/work/solution/impl/verilog/project.gen/sources_1/bd/bd_0/synth/bd_0.v
Verilog Output written to : /data/home/songqiangxu/project/CNN/instances_tp8_syn_kv260/proj_CNN_top/work/solution/impl/verilog/project.gen/sources_1/bd/bd_0/sim/bd_0.v
Verilog Output written to : /data/home/songqiangxu/project/CNN/instances_tp8_syn_kv260/proj_CNN_top/work/solution/impl/verilog/project.gen/sources_1/bd/bd_0/hdl/bd_0_wrapper.v
# set toprtl [make_wrapper -files [get_files ${bd_design_name}.bd] -top]
# add_files -norecurse $toprtl
# set top_inst_name [file root [file tail $toprtl]]
# puts "Using BD top: $top_inst_name"
Using BD top: bd_0_wrapper
# set xdc_files [glob -nocomplain ./*.xdc]
# if { [llength $xdc_files] } {
#     add_files -fileset constrs_1 -norecurse $xdc_files
# }
# launch_runs synth_1 -scripts_only
INFO: [BD 41-1662] The design 'bd_0.bd' is already validated. Therefore parameter propagation will not be re-run.
Verilog Output written to : /data/home/songqiangxu/project/CNN/instances_tp8_syn_kv260/proj_CNN_top/work/solution/impl/verilog/project.gen/sources_1/bd/bd_0/synth/bd_0.v
Verilog Output written to : /data/home/songqiangxu/project/CNN/instances_tp8_syn_kv260/proj_CNN_top/work/solution/impl/verilog/project.gen/sources_1/bd/bd_0/sim/bd_0.v
Verilog Output written to : /data/home/songqiangxu/project/CNN/instances_tp8_syn_kv260/proj_CNN_top/work/solution/impl/verilog/project.gen/sources_1/bd/bd_0/hdl/bd_0_wrapper.v
INFO: [BD 41-1029] Generation completed for the IP Integrator block hls_inst .
Exporting to file /data/home/songqiangxu/project/CNN/instances_tp8_syn_kv260/proj_CNN_top/work/solution/impl/verilog/project.gen/sources_1/bd/bd_0/hw_handoff/bd_0.hwh
Generated Hardware Definition File /data/home/songqiangxu/project/CNN/instances_tp8_syn_kv260/proj_CNN_top/work/solution/impl/verilog/project.gen/sources_1/bd/bd_0/synth/bd_0.hwdef
WARNING: [Vivado 12-7122] Auto Incremental Compile:: No reference checkpoint was found in run synth_1. Auto-incremental flow will not be run, the standard flow will be run instead.
launch_runs: Time (s): cpu = 00:00:09 ; elapsed = 00:00:11 . Memory (MB): peak = 3040.707 ; gain = 72.035 ; free physical = 27854 ; free virtual = 96134
# foreach run [get_runs -filter {IS_SYNTHESIS == 1}] {
#   reset_run [get_runs $run]
# }
# set_property XPM_LIBRARIES {XPM_MEMORY XPM_FIFO} [current_project]
# hls_vivado_reports_setup $report_options
TIMESTAMP: HLS-REPORT: initialize report directories: 2026-05-05 19:24:25 CST
# if { $has_synth || $has_impl } {
#   # synth properties setting
#   set_property -name {STEPS.SYNTH_DESIGN.ARGS.MORE OPTIONS} -value {-mode out_of_context} -objects [get_runs synth_1]
#   set ip_inst [get_ips -quiet ${bd_design_name}*${bd_inst_name}*]
#   if { ![llength $ip_inst] } {
#       error "Cannot find HLS IP instance: ${bd_design_name}*${bd_inst_name}*"
#   }
#   set synth_run [get_runs -filter {IS_SYNTHESIS == 1} ${ip_inst}*]
#   if { ![llength $synth_run] } {
#       error "Cannot find synth run for HLS IP: ${ip_inst}*"
#   }
# 
#   if { [llength $synth_design_args] } {
#       set_property -name {STEPS.SYNTH_DESIGN.ARGS.MORE OPTIONS} -value $synth_design_args -objects $synth_run
#   }
# 
#   if { [llength $synth_props] } {
#     set_property -dict $synth_props $synth_run
#   }
# 
#   # launch run synth
#   launch_runs synth_1
#   wait_on_run synth_1
#   # synth reports
#   hls_vivado_reports_synth synth_1 $report_options
#   if { $synth_dcp ne "" } {
#     file mkdir [file dirname $synth_dcp]
#     set run_dcp [glob -nocomplain [get_property DIRECTORY $synth_run]/*.dcp]
#     if { [llength $run_dcp] != 1 } { error "Cannot find single dcp file for run $synth_run" }
#     file copy -force $run_dcp $synth_dcp
#   }
# }
WARNING: [Vivado 12-7122] Auto Incremental Compile:: No reference checkpoint was found in run synth_1. Auto-incremental flow will not be run, the standard flow will be run instead.
[Tue May  5 19:24:29 2026] Launched bd_0_hls_inst_0_synth_1...
Run output will be captured here: /data/home/songqiangxu/project/CNN/instances_tp8_syn_kv260/proj_CNN_top/work/solution/impl/verilog/project.runs/bd_0_hls_inst_0_synth_1/runme.log
[Tue May  5 19:24:29 2026] Launched synth_1...
Run output will be captured here: /data/home/songqiangxu/project/CNN/instances_tp8_syn_kv260/proj_CNN_top/work/solution/impl/verilog/project.runs/synth_1/runme.log
[Tue May  5 19:24:29 2026] Waiting for synth_1 to finish...
[Tue May  5 19:29:27 2026] synth_1 finished
WARNING: [Vivado 12-8222] Failed run(s) : 'bd_0_hls_inst_0_synth_1'
wait_on_runs: Time (s): cpu = 00:04:28 ; elapsed = 00:04:57 . Memory (MB): peak = 3040.707 ; gain = 0.000 ; free physical = 27957 ; free virtual = 90565
TIMESTAMP: HLS-REPORT: synthesis open_run: 2026-05-05 19:29:27 CST
INFO: HLS-REPORT: Opening synthesis design database: open_run synth_1
ERROR: [Common 17-69] Command failed: Run 'synth_1' has not been launched. Unable to open
INFO: [Common 17-206] Exiting Vivado at Tue May  5 19:29:27 2026...
INFO: [HLS 200-111] Finished Command export_design CPU user time: 4566.74 seconds. CPU system time: 35.73 seconds. Elapsed time: 4621.24 seconds; current allocated memory: 78.641 MB.
command 'ap_source' returned error code
    while executing
"source run.tcl"
    ("uplevel" body line 1)
    invoked from within
"uplevel \#0 [list source $arg] "

INFO: [HLS 200-112] Total CPU user time: 10149.9 seconds. Total CPU system time: 67.08 seconds. Total elapsed time: 10238.3 seconds; peak allocated memory: 7.219 GB.
INFO: [Common 17-206] Exiting vitis_hls at Tue May  5 19:29:36 2026...
